stock_weight,bond_weight,t_bill_weight,terminal_worst_1pct_mean,terminal_worst_2pct_mean,terminal_worst_4pct_mean,terminal_worst_10pct_mean,terminal_median,terminal_mean,simplex_x,simplex_y,is_selected
0.0,0.0,1.0,-0.2689608638503771,-0.2510198199050928,-0.22725715022764248,-0.1830023113124998,0.172261958808341,0.1908404355463514,1.0,0.0,False
0.0,0.02,0.98,-0.26760112701767313,-0.24952325797655397,-0.225591914362027,-0.18117055258512227,0.1756083308988347,0.19543819402495316,0.98,0.0,False
0.0,0.04,0.96,-0.2662661311414104,-0.2480408980748763,-0.2239424399314872,-0.17935789406350228,0.17907042097267858,0.20007973471325408,0.96,0.0,False
0.0,0.06,0.94,-0.26494977799941133,-0.24658473448415708,-0.2223053802272644,-0.17756548621752902,0.18221124492984936,0.20476546363111578,0.94,0.0,False
0.0,0.08,0.92,-0.2636500877141549,-0.2451421472126266,-0.22069055942757995,-0.1757912514704498,0.1845860778909795,0.2094957904671172,0.92,0.0,False
0.0,0.1,0.9,-0.2623677553124337,-0.24372695598094515,-0.21908994280534466,-0.17403792341195498,0.18772672188713257,0.21427112860822659,0.9,0.0,False
0.0,0.12,0.88,-0.2610969204597616,-0.24233229752657365,-0.2175030991681192,-0.17229445330384607,0.1912688760898817,0.21909189516968555,0.88,0.0,False
0.0,0.14,0.86,-0.2598403558396257,-0.2409517483516649,-0.2159474517280376,-0.17056126242134528,0.19510288009552565,0.2239585110250733,0.86,0.0,False
0.0,0.16,0.84,-0.25859370289464306,-0.23958042598511745,-0.21441801238022198,-0.16884350236489598,0.19787648925886517,0.2288714008365891,0.84,0.0,False
0.0,0.18,0.82,-0.25735208619294997,-0.2382259289671458,-0.2129187296529513,-0.1671351091458346,0.2014617514692632,0.2338309930855014,0.82,0.0,False
0.0,0.2,0.8,-0.25612825046093657,-0.23688197437529332,-0.21144739328546724,-0.16543480889468423,0.20334382762316994,0.23883772010283583,0.8,0.0,False
0.0,0.22,0.78,-0.2549458550752396,-0.2355498679015786,-0.20999944713486463,-0.1637537927587163,0.206044989247636,0.24389201810023997,0.78,0.0,False
0.0,0.24,0.76,-0.2537798243535424,-0.23424027242824938,-0.2085613809229846,-0.16208785120387156,0.20874954501370557,0.24899432720103568,0.76,0.0,False
0.0,0.26,0.74,-0.25261731754512445,-0.23294578198705398,-0.20713554704861437,-0.1604430645235932,0.21096206526596456,0.2541450914715015,0.74,0.0,False
0.0,0.28,0.72,-0.2514688923169525,-0.23166405395041256,-0.20572657921107815,-0.15880913881841863,0.21349978918693657,0.2593447589523384,0.72,0.0,False
0.0,0.3,0.7,-0.25032443109898195,-0.2304078229304873,-0.20433589962157106,-0.15718643967814702,0.21648730040749714,0.2645937816903326,0.7,0.0,False
0.0,0.32,0.68,-0.2491889128574751,-0.22917488767988065,-0.20296350053134626,-0.15558576267956636,0.21834360812538922,0.2698926157702488,0.68,0.0,False
0.0,0.34,0.66,-0.24808267302818504,-0.22795552683313858,-0.20161397569977751,-0.15400577246183175,0.2203689179728668,0.2752417213468799,0.66,0.0,False
0.0,0.36,0.64,-0.24703491241168762,-0.22677140908193025,-0.20028470246805813,-0.15245505273761514,0.223040082128546,0.28064156267734636,0.64,0.0,False
0.0,0.38,0.62,-0.24602118054375882,-0.2256166528867728,-0.19898817822177858,-0.15092433856197796,0.22659379539190588,0.28609260815356413,0.62,0.0,False
0.0,0.4,0.6,-0.24507097121599103,-0.22448656855396526,-0.19773009615837586,-0.1494134059478979,0.23073786660608223,0.2915953303349338,0.6,0.0,False
0.0,0.42,0.58,-0.2441799713100478,-0.22338877474753538,-0.19649792259553153,-0.14792644883502803,0.23316821050579084,0.2971502059812425,0.58,0.0,False
0.0,0.44,0.56,-0.24333830455571223,-0.22232233891781308,-0.19531292672860773,-0.14646993653889415,0.23707577165564492,0.302757716085741,0.56,0.0,False
0.0,0.46,0.54,-0.242551620164007,-0.22131293415465272,-0.19416601898661978,-0.14503796234744554,0.24115986416423726,0.30841834590845324,0.54,0.0,False
0.0,0.48,0.52,-0.24176862677692842,-0.22036548896282657,-0.19306891230711268,-0.1436288875915389,0.24565285995049638,0.3141325850096819,0.52,0.0,False
0.0,0.5,0.5,-0.2410192573634335,-0.21945936157284218,-0.19203166852940146,-0.14225424399600095,0.24891122996413603,0.3199009272837219,0.5,0.0,False
0.0,0.52,0.48,-0.24033235600149636,-0.2186118224831063,-0.19101968474220649,-0.14091798978182316,0.25296066702732845,0.32572387099276645,0.48,0.0,False
0.0,0.54,0.46,-0.23970713911699396,-0.21781392703366848,-0.19003930723794502,-0.13961330952548195,0.2574383480504281,0.3316019188010541,0.46,0.0,False
0.0,0.56,0.44,-0.23912098409833493,-0.2170336527094422,-0.18909606743505208,-0.1383444627822295,0.261853785132069,0.3375355778091802,0.44,0.0,False
0.0,0.58,0.42,-0.2385723889043944,-0.21634327673041467,-0.18818375843133722,-0.13712744063898155,0.2656693448284249,0.3435253595886356,0.42,0.0,False
0.0,0.6,0.4,-0.2380852403934078,-0.2157089146172925,-0.1873009918011013,-0.13594495456796066,0.26888797949437626,0.3495717802165758,0.4,0.0,False
0.0,0.62,0.38,-0.23762526644597975,-0.2151094096969444,-0.18643853551320771,-0.13480265063260555,0.2730240192554036,0.3556753603107575,0.38,0.0,False
0.0,0.64,0.36,-0.23723902463595445,-0.21456582288924295,-0.185631854257286,-0.13372808832132882,0.27720958556129793,0.36183662506469194,0.36,0.0,False
0.0,0.66,0.34,-0.2369304833749278,-0.21404689869800123,-0.1848996698569962,-0.1327126444838081,0.2820989339776668,0.36805610428304736,0.34,0.0,False
0.0,0.68,0.32,-0.23667183307473294,-0.2135551663078408,-0.18420335493857481,-0.1317526852402654,0.28585719217894007,0.3743343324171981,0.32,0.0,False
0.0,0.7,0.3,-0.2364880004661593,-0.2131375426879235,-0.18355513434072843,-0.13085423656873513,0.28899007446690345,0.38067184860103287,0.3,0.0,False
0.0,0.72,0.28,-0.2363361516534672,-0.2128065577796347,-0.18296118374060846,-0.13001247607841668,0.2936747656921328,0.3870691966869535,0.28,0.0,False
0.0,0.74,0.26,-0.23623942301897732,-0.21250052293087374,-0.18241251943833753,-0.12922365797153432,0.2980137633770159,0.3935269252820668,0.26,0.0,False
0.0,0.76,0.24,-0.23623651491202552,-0.21221803068310535,-0.18189853502563758,-0.12847430531454254,0.3012258061235984,0.4000455877846248,0.24,0.0,False
0.0,0.78,0.22,-0.23635507837733344,-0.2120140042684193,-0.18146182278962208,-0.127768410774276,0.3044490832395109,0.4066257424206332,0.22,0.0,False
0.0,0.8,0.2,-0.2365233561952877,-0.21186804680555174,-0.1811079922071712,-0.12712362073207414,0.3081053963742041,0.4132679522806948,0.2,0.0,False
0.0,0.82,0.18,-0.23677335494643628,-0.2117929762220609,-0.18080301392714204,-0.1265398608943056,0.3120834860086865,0.4199727853570656,0.18,0.0,False
0.0,0.84,0.16,-0.23707815723757492,-0.21182028400535774,-0.1805519641792583,-0.1260302466948852,0.31512882553584154,0.4267408145809121,0.16,0.0,False
0.0,0.86,0.14,-0.23744368203073005,-0.21191332640188673,-0.18038180987751545,-0.12557335114435295,0.3198233950174393,0.43357261785975626,0.14,0.0,False
0.0,0.88,0.12,-0.23791184598636392,-0.21207237470447776,-0.1802619922280249,-0.12518608662734215,0.3236790113991749,0.4404687781151965,0.12,0.0,False
0.0,0.9,0.1,-0.2384872758370398,-0.212297884933975,-0.18021594433614346,-0.12486099293542914,0.3280381242818884,0.4474298833207503,0.1,0.0,False
0.0,0.92,0.08,-0.23911132754696574,-0.21257982651393814,-0.18024229737064754,-0.1245910990361613,0.3315137730127933,0.4544565265400037,0.08,0.0,False
0.0,0.94,0.06,-0.24004284404954465,-0.212932835636881,-0.1803211189714852,-0.12437448806136882,0.33607781533624037,0.4615493059648755,0.06,0.0,False
0.0,0.96,0.04,-0.2411355825725284,-0.213413460065926,-0.18046274623944417,-0.12419611280298797,0.3396711863286116,0.4687088249541699,0.04,0.0,False
0.0,0.98,0.02,-0.24229768837496948,-0.21399343636040666,-0.18067116550302395,-0.12408720559734016,0.34287417773380036,0.47593569207231096,0.02,0.0,False
0.0,1.0,0.0,-0.24356979570716708,-0.21466454335527285,-0.18093619829449087,-0.12404208582878455,0.3470303403108308,0.48323052112825987,0.0,0.0,False
0.02,0.0,0.98,-0.25468129774189635,-0.23673741705797752,-0.21264335599584894,-0.16673453837601476,0.19959703349364416,0.21849638470910746,0.99,0.017320508075688773,False
0.02,0.02,0.96,-0.25320780023477646,-0.2351720886748572,-0.21086002508741694,-0.1647579397685407,0.20285950251269969,0.22332085809013089,0.97,0.017320508075688773,False
0.02,0.04,0.94,-0.2517455682651939,-0.23363579463481338,-0.20909438721455778,-0.16281135470808103,0.2059401924956021,0.228190869253235,0.95,0.017320508075688773,False
0.02,0.06,0.92,-0.2502794998647699,-0.2321201969575597,-0.2073417055199743,-0.16088823015961867,0.20851373458860448,0.23310683872577045,0.93,0.017320508075688773,False
0.02,0.08,0.9,-0.2488179663330774,-0.23060619587052564,-0.2056091371074599,-0.1589850293746877,0.21103864697366867,0.23806919081959796,0.91,0.017320508075688773,False
0.02,0.1,0.88,-0.24739277497857423,-0.22909941748696233,-0.20389629740798448,-0.157097836001684,0.21424762256884458,0.24307835366160288,0.89,0.017320508075688773,False
0.02,0.12,0.86,-0.2459875209401336,-0.22761356033757277,-0.20221504280202765,-0.1552314447360716,0.21873176548158713,0.24813475922436187,0.87,0.017320508075688773,False
0.02,0.14,0.84,-0.2446085331476039,-0.2261320285838544,-0.20056137148477504,-0.1533795551651097,0.22287454911792998,0.25323884335707153,0.85,0.017320508075688773,False
0.02,0.16,0.82,-0.2432531384096891,-0.22466854412172413,-0.19893593070504786,-0.1515396015500208,0.22532249711724728,0.2583910458166225,0.83,0.017320508075688773,False
0.02,0.18,0.8,-0.24192756262265833,-0.22321852248054622,-0.1973202698083205,-0.14971521653244899,0.22766496821577203,0.2635918102989151,0.81,0.017320508075688773,False
0.02,0.2,0.78,-0.24062770305456407,-0.22179264380531374,-0.19571380246995243,-0.14791578432181945,0.2297431191193145,0.26884158447035833,0.79,0.017320508075688773,False
0.02,0.22,0.76,-0.2393563913070302,-0.22037312636645778,-0.19413224135578633,-0.14613514154407092,0.23274471105507397,0.2741408199995901,0.77,0.017320508075688773,False
0.02,0.24,0.74,-0.23810218672308495,-0.21897128398054821,-0.19257561138133245,-0.14436299700737373,0.23565093887911037,0.2794899725893865,0.75,0.017320508075688773,False
0.02,0.26,0.72,-0.23688137849376606,-0.2175812798245776,-0.19104297155019834,-0.14261142832498455,0.2372875814249073,0.2848895020087795,0.73,0.017320508075688773,False
0.02,0.28,0.7,-0.23568826772667376,-0.2162236068827535,-0.18953826564733373,-0.140889508130649,0.23961017224704204,0.2903398721253959,0.71,0.017320508075688773,False
0.02,0.3,0.68,-0.23451437765558947,-0.21489296600513963,-0.1880602055381077,-0.1391858918946131,0.24247502215005923,0.2958415509379683,0.6900000000000001,0.017320508075688773,False
0.02,0.32,0.66,-0.23337630362538284,-0.21358054017136208,-0.18661211589170634,-0.13750483460624602,0.24555258580882725,0.30139501060908785,0.67,0.017320508075688773,False
0.02,0.34,0.64,-0.23231474010336853,-0.2123146436930119,-0.18517890588828118,-0.1358485943600735,0.24905374916849765,0.30700072749815965,0.65,0.017320508075688773,False
0.02,0.36,0.62,-0.23127605700251574,-0.21106794855097302,-0.18378020686940708,-0.13421500687422344,0.2533973318110718,0.3126591821945398,0.63,0.017320508075688773,False
0.02,0.38,0.6,-0.2302923751691932,-0.20984648645745937,-0.1824338097517181,-0.13260729078799258,0.2572629692705277,0.3183708595509054,0.61,0.017320508075688773,False
0.02,0.4,0.58,-0.22934888891796532,-0.20865739342476966,-0.1811372906892962,-0.13103029016924203,0.26105578912370997,0.3241362487168204,0.59,0.017320508075688773,False
0.02,0.42,0.56,-0.228441251382435,-0.20751123238193067,-0.17986801294477633,-0.1294922256021832,0.26443282874750107,0.3299558431725249,0.5700000000000001,0.017320508075688773,False
0.02,0.44,0.54,-0.22756093775665856,-0.20641259591007863,-0.17863930707199616,-0.1279744464019974,0.26922437455924286,0.33583014076291995,0.55,0.017320508075688773,False
0.02,0.46,0.52,-0.2267072535683579,-0.20537033957085638,-0.17743887255260207,-0.12648557908704275,0.272760717600598,0.3417596437317604,0.53,0.017320508075688773,False
0.02,0.48,0.5,-0.2258776357680688,-0.20437795070906997,-0.17627362917502026,-0.12503083024961112,0.27643463598781515,0.3477448587560743,0.51,0.017320508075688773,False
0.02,0.5,0.48,-0.2251274243380536,-0.20342837440238767,-0.17512817156560825,-0.12360267666953464,0.2818405311446356,0.35378629698077835,0.49,0.017320508075688773,False
0.02,0.52,0.46,-0.22447742087288178,-0.2025187762303094,-0.17402515535291307,-0.12221799569263268,0.2866287394028246,0.359884474053508,0.47000000000000003,0.017320508075688773,False
0.02,0.54,0.44,-0.22387624073790516,-0.20167817607398397,-0.17297677691891739,-0.12088459981704011,0.29121173798672534,0.3660399101596653,0.45,0.017320508075688773,False
0.02,0.56,0.42,-0.22331028244609197,-0.2008602549541935,-0.17198907358925705,-0.11959889979512738,0.2953258867278208,0.3722531300576553,0.43,0.017320508075688773,False
0.02,0.58,0.4,-0.2228294722701791,-0.20009123007107377,-0.17104288609723742,-0.11834456018822304,0.2994640278302403,0.3785246631143839,0.41000000000000003,0.017320508075688773,False
0.02,0.6,0.38,-0.2224020194857247,-0.19937884869790337,-0.17014736172153405,-0.1171250017272924,0.3046837666015895,0.38485504334091186,0.39,0.017320508075688773,False
0.02,0.62,0.36,-0.22200450712460082,-0.19873243975905652,-0.1693009733027757,-0.11595371804908759,0.30806766662215673,0.39124480942834633,0.37,0.017320508075688773,False
0.02,0.64,0.34,-0.22168948339834987,-0.1981570930299995,-0.1685073501689139,-0.11484351571017651,0.3118453403226066,0.39769450478394847,0.35000000000000003,0.017320508075688773,False
0.02,0.66,0.32,-0.22146725981930795,-0.19765670155267823,-0.16776297216979436,-0.11381621375447494,0.31516348459930454,0.4042046775674718,0.33,0.017320508075688773,False
0.02,0.68,0.3,-0.22128438002651893,-0.19718939391628898,-0.1670668314171394,-0.1128527402175666,0.31849197630086423,0.4107758807276586,0.31,0.017320508075688773,False
0.02,0.7,0.28,-0.22113006508590394,-0.19678502616604074,-0.16642199079113887,-0.11194746161056672,0.32197674400481047,0.4174086720389968,0.29000000000000004,0.017320508075688773,False
0.02,0.72,0.26,-0.22098685083476613,-0.19645652611598494,-0.16583196047235027,-0.11109181105713206,0.32720955240002075,0.4241036141386857,0.27,0.017320508075688773,False
0.02,0.74,0.24,-0.2209454697642737,-0.19617718400060588,-0.16528571591639618,-0.11029405539952995,0.332964888989671,0.43086127456381107,0.25,0.017320508075688773,False
0.02,0.76,0.22,-0.22105516119392557,-0.19596956020327763,-0.16480951022142679,-0.10954890032668568,0.33627334643992235,0.4376822257887211,0.23,0.017320508075688773,False
0.02,0.78,0.2,-0.22124830994797018,-0.195861021484839,-0.1644134173822752,-0.10886032920310847,0.3392451816434673,0.4445670452626172,0.21000000000000002,0.017320508075688773,False
0.02,0.8,0.18,-0.22147617113274845,-0.19583516853175123,-0.16408420159127876,-0.1082473735526251,0.3436919005586223,0.4515163154474011,0.19,0.017320508075688773,False
0.02,0.82,0.16,-0.2217314796690289,-0.1958579954896894,-0.16381270989867286,-0.10771416693256944,0.34769377084433717,0.45853062385567217,0.17,0.017320508075688773,False
0.02,0.84,0.14,-0.22208454894021043,-0.19593159703390076,-0.16361870596460118,-0.10725680528696747,0.3516586284915185,0.4656105630889975,0.15000000000000002,0.017320508075688773,False
0.02,0.86,0.12,-0.22260790179702653,-0.19611460185311103,-0.16352203874951537,-0.10685713126100119,0.3557295759550746,0.4727567308763682,0.13,0.017320508075688773,False
0.02,0.88,0.1,-0.22333244154248721,-0.196375652681433,-0.16349506345917536,-0.10650791495867801,0.3600343735239561,0.47996973011284916,0.11,0.017320508075688773,False
0.02,0.9,0.08,-0.22418547089880647,-0.1967005704531414,-0.1635279619544784,-0.10620741012664009,0.3644528358451043,0.4872501688985085,0.09,0.017320508075688773,False
0.02,0.92,0.06,-0.22524289829466984,-0.19709986431804336,-0.16360858512862034,-0.1059625717591546,0.36873705533464973,0.4945986605775036,0.06999999999999999,0.017320508075688773,False
0.02,0.94,0.04,-0.22639389249195127,-0.1976160815549499,-0.16373641389616955,-0.10578315663187444,0.37257106758637654,0.5020158237773826,0.05,0.017320508075688773,False
0.02,0.96,0.02,-0.22767136712687233,-0.19826450911127474,-0.16390776642691107,-0.10566265796392076,0.3773408725541785,0.5095022824486712,0.03,0.017320508075688773,False
0.02,0.98,0.0,-0.2290856266384906,-0.19903868947451955,-0.16412853482358725,-0.10559944890899854,0.3817849170237258,0.5170586659045731,0.01,0.017320508075688773,False
0.04,0.0,0.96,-0.2399887021835492,-0.22220788513102577,-0.1975701414628865,-0.14983571733167061,0.22680331612048238,0.24743264465214107,0.98,0.034641016151377546,False
0.04,0.02,0.94,-0.2384203549489272,-0.22057824253327435,-0.19564980181402145,-0.14770587794032286,0.23040589080876012,0.2524920204546194,0.96,0.034641016151377546,False
0.04,0.04,0.92,-0.2368800781449275,-0.21896260656976976,-0.19375256560144638,-0.14559482347447214,0.23392786293684073,0.2575987429146279,0.9400000000000001,0.034641016151377546,False
0.04,0.06,0.9,-0.2353478103951054,-0.21735987121697906,-0.1918745120955405,-0.1435019329331646,0.23629750153849804,0.26275324745038553,0.92,0.034641016151377546,False
0.04,0.08,0.88,-0.23382574270469664,-0.2157607368039159,-0.19002746468931594,-0.14142683265983622,0.2397214266524622,0.26795597338304067,0.9,0.034641016151377546,False
0.04,0.1,0.86,-0.232312280560938,-0.21417363366367134,-0.188215656151866,-0.13937448959202972,0.24304316816424593,0.2732073639679989,0.88,0.034641016151377546,False
0.04,0.12,0.84,-0.23079690690505023,-0.2125958106485772,-0.18643103962207128,-0.1373575609053933,0.24652172520539156,0.2785078664264257,0.86,0.034641016151377546,False
0.04,0.14,0.82,-0.2292861667687942,-0.2110264282740459,-0.18466125221061516,-0.13536387529890834,0.24939953340268448,0.28385793197701553,0.84,0.034641016151377546,False
0.04,0.16,0.8,-0.22781294803501065,-0.20946781058530622,-0.18290100739850526,-0.13339954627550077,0.2525746792732543,0.289258015867918,0.8200000000000001,0.034641016151377546,False
0.04,0.18,0.78,-0.22638218271827776,-0.20792098406831383,-0.18116620415902795,-0.13146147791603477,0.2548525909846546,0.2947085774088906,0.8,0.034641016151377546,False
0.04,0.2,0.76,-0.2250034282636272,-0.20638841290508966,-0.179460926066348,-0.12954180631722967,0.2572548022917724,0.3002100800036661,0.78,0.034641016151377546,False
0.04,0.22,0.74,-0.2236642662021706,-0.2048885864705454,-0.17779018024268717,-0.12763718437422758,0.25990228400980403,0.30576299118251743,0.76,0.034641016151377546,False
0.04,0.24,0.72,-0.22236016393012326,-0.20341995743308128,-0.17612913191892537,-0.12575091205639083,0.2629757104676374,0.31136778263502307,0.74,0.034641016151377546,False
0.04,0.26,0.7,-0.22109545270025371,-0.20199179114428997,-0.17447572234449307,-0.12389737994050483,0.26611436180550213,0.31702493024309203,0.72,0.034641016151377546,False
0.04,0.28,0.68,-0.2198599671955296,-0.20058498155877047,-0.1728514954265921,-0.12207297156281074,0.26907234128591206,0.3227349141141155,0.7000000000000001,0.034641016151377546,False
0.04,0.3,0.66,-0.2186743118410299,-0.19919573577788696,-0.17127806379134153,-0.12028667969147204,0.2735717759749222,0.3284982186144172,0.68,0.034641016151377546,False
0.04,0.32,0.64,-0.2175467253458384,-0.19782848448877247,-0.1697463817934541,-0.11853278075869772,0.2773058383809145,0.3343153324028442,0.66,0.034641016151377546,False
0.04,0.34,0.62,-0.2164531418581732,-0.19649208166685483,-0.16826316600312974,-0.11680236475165767,0.2809651534058419,0.34018674846462515,0.64,0.034641016151377546,False
0.04,0.36,0.6,-0.21544199819337448,-0.1951875998054412,-0.16681426062303523,-0.11509778980279753,0.2845641470897353,0.3461129641453939,0.62,0.034641016151377546,False
0.04,0.38,0.58,-0.21446961449144852,-0.19390759984561842,-0.16540179940475433,-0.11343489881188275,0.28860516766104094,0.3520944811854667,0.6,0.034641016151377546,False
0.04,0.4,0.56,-0.21351118250783008,-0.1926874714525173,-0.1640204086841802,-0.11179665842279544,0.29341335097180243,0.358131805754294,0.5800000000000001,0.034641016151377546,False
0.04,0.42,0.54,-0.21256731299309897,-0.19148731528305615,-0.16267034708567663,-0.11018323204927816,0.29817607485516406,0.36422544848516736,0.56,0.034641016151377546,False
0.04,0.44,0.52,-0.21165986813635487,-0.19031738091559802,-0.16133896032993353,-0.10860327908044523,0.30241494426140325,0.3703759245101163,0.54,0.034641016151377546,False
0.04,0.46,0.5,-0.21084517431649577,-0.18921953339058695,-0.1600367488199809,-0.10706401586450946,0.3064596372193007,0.3765837534949964,0.52,0.034641016151377546,False
0.04,0.48,0.48,-0.21005711958480258,-0.18817828057501515,-0.15878996730172865,-0.10557988501635547,0.31096505431374866,0.38284945967485,0.5,0.034641016151377546,False
0.04,0.5,0.46,-0.20934100304429396,-0.18719909014335662,-0.15760552403982947,-0.10413199985159487,0.31579983295783304,0.3891735718894371,0.48000000000000004,0.034641016151377546,False
0.04,0.52,0.44,-0.2086748348360471,-0.18623623698944253,-0.1564734613079624,-0.10272430405223959,0.3204799078247015,0.395556623618995,0.46,0.034641016151377546,False
0.04,0.54,0.42,-0.208136436308687,-0.1853232742779469,-0.15539511642771206,-0.10135747969286148,0.32482261691501685,0.40199915302022277,0.44,0.034641016151377546,False
0.04,0.56,0.4,-0.20765912284830523,-0.18447396691540263,-0.1543726835380088,-0.10002855131474363,0.329998680387387,0.40850170296246124,0.42000000000000004,0.034641016151377546,False
0.04,0.58,0.38,-0.20722994317346796,-0.18366378257133184,-0.15340170088747357,-0.09874277395611407,0.33426506073740747,0.4150648210641176,0.4,0.034641016151377546,False
0.04,0.6,0.36,-0.20686627888565698,-0.18292542307340326,-0.15251292980193523,-0.0975078055511713,0.3386171618701336,0.4216890597292762,0.38,0.034641016151377546,False
0.04,0.62,0.34,-0.20656557187750826,-0.18226005782368557,-0.1516813813564866,-0.09634913643082489,0.34282984529071453,0.4283749761845476,0.36000000000000004,0.034641016151377546,False
0.04,0.64,0.32,-0.20630165716490936,-0.1816652863526932,-0.15091126629480292,-0.09527142886099471,0.34714755848388856,0.43512313251615387,0.34,0.034641016151377546,False
0.04,0.66,0.3,-0.20608755468649406,-0.1811260996326516,-0.15019863222481006,-0.09424986423470076,0.3508589223559085,0.44193409570716247,0.32,0.034641016151377546,False
0.04,0.68,0.28,-0.20592097404496867,-0.18070898658476106,-0.1495225088805585,-0.0932917212152359,0.3551748731718186,0.44880843767502354,0.30000000000000004,0.034641016151377546,False
0.04,0.7,0.26,-0.2058022654523871,-0.18035517936406656,-0.14887908416879406,-0.0923960933298544,0.3584210052537783,0.45574673530925536,0.28,0.034641016151377546,False
0.04,0.72,0.24,-0.20577334249292561,-0.18006516603926653,-0.14828576358566375,-0.0915544112857298,0.36198110372240655,0.4627495705094225,0.26,0.034641016151377546,False
0.04,0.74,0.22,-0.20586143481267324,-0.17985220696021337,-0.1477567058252944,-0.09077147973986419,0.3664187822193687,0.4698175302232289,0.24,0.034641016151377546,False
0.04,0.76,0.2,-0.20605223421621524,-0.17975368504474026,-0.14734480556275592,-0.09004957846887233,0.3716034037140204,0.47695120648493966,0.22,0.034641016151377546,False
0.04,0.78,0.18,-0.2063371249204915,-0.17974097951152143,-0.14703115529068012,-0.08942274156675965,0.3761962942699498,0.4841511964539567,0.19999999999999998,0.034641016151377546,False
0.04,0.8,0.16,-0.20677220575127916,-0.17978400886706922,-0.1468096469933772,-0.08887297188564844,0.38035963840011644,0.4914181024536128,0.18,0.034641016151377546,False
0.04,0.82,0.14,-0.2072787064005185,-0.17991691162552248,-0.14666661840095566,-0.08838417339141763,0.3849277499557087,0.4987525320102368,0.16,0.034641016151377546,False
0.04,0.84,0.12,-0.20789293543974213,-0.1801392811071586,-0.14657410198619775,-0.08795576728110523,0.3894891905032848,0.506155097892357,0.13999999999999999,0.034641016151377546,False
0.04,0.86,0.1,-0.20869669303095656,-0.18046391022941716,-0.14652030182453493,-0.08758921579821982,0.3940868214458204,0.5136264181502129,0.12000000000000001,0.034641016151377546,False
0.04,0.88,0.08,-0.20959109949000282,-0.18083628652599906,-0.14653173409821502,-0.0872836681155357,0.39835594058010226,0.5211671161554313,0.1,0.034641016151377546,False
0.04,0.9,0.06,-0.21064699370925294,-0.18135593616175869,-0.14661479970708619,-0.08704115493691493,0.40253327788276605,0.5287778206409117,0.08,0.034641016151377546,False
0.04,0.92,0.04,-0.21201526308508953,-0.18205644991680692,-0.14672652584727777,-0.08685736583852983,0.40725854814954093,0.5364591657409971,0.06,0.034641016151377546,False
0.04,0.94,0.02,-0.2135157168445055,-0.18284960431105257,-0.14689262319096785,-0.08674446167334544,0.4117454583695861,0.5442117910317731,0.04,0.034641016151377546,False
0.04,0.96,0.0,-0.21507995797379428,-0.18370342911845847,-0.14711274166171592,-0.08669838334035214,0.41779259534903623,0.5520363415716856,0.02,0.034641016151377546,False
0.06,0.0,0.94,-0.225084975543416,-0.20721284721921523,-0.1824339486526004,-0.13235574161445776,0.2556691485837216,0.2776920481071005,0.97,0.05196152422706631,False
0.06,0.02,0.92,-0.22341551190740438,-0.20548504923843727,-0.18038464289862052,-0.1300480284336829,0.2589270169619535,0.28299473120430046,0.9500000000000001,0.05196152422706631,False
0.06,0.04,0.9,-0.22178411185054492,-0.2037757134419375,-0.1783559258143942,-0.12777135405298634,0.26173064089636533,0.28834662420888235,0.93,0.05196152422706631,False
0.06,0.06,0.88,-0.2201730669174224,-0.202069168159659,-0.17635575160013164,-0.12551949372493904,0.2646239891601595,0.29374817781920903,0.91,0.05196152422706631,False
0.06,0.08,0.86,-0.21857980576954575,-0.2003761923629886,-0.17437820509636065,-0.12327836310087105,0.2675454033111747,0.29919984675760775,0.89,0.05196152422706631,False
0.06,0.1,0.84,-0.21699100107656089,-0.19869753032479306,-0.172425532170959,-0.12105380373557735,0.27091753490180437,0.3047020898025307,0.87,0.05196152422706631,False
0.06,0.12,0.82,-0.21540915280493547,-0.19702142503764658,-0.17049228763344662,-0.11885769297233455,0.2742018203248098,0.31025536982093016,0.85,0.05196152422706631,False
0.06,0.14,0.8,-0.2138461550728971,-0.19536058343507615,-0.16858107173383566,-0.11669671364076052,0.27815621440228816,0.3158601538008857,0.8300000000000001,0.05196152422706631,False
0.06,0.16,0.78,-0.21231856048253314,-0.1937210343639516,-0.16669805110473845,-0.11456256717918191,0.2812239678195704,0.32151691288436146,0.81,0.05196152422706631,False
0.06,0.18,0.76,-0.21085296305948806,-0.19208733987816715,-0.16483774241796303,-0.1124580861441264,0.2839341426593298,0.32722612240024307,0.79,0.05196152422706631,False
0.06,0.2,0.74,-0.2094459024415379,-0.1905010465562844,-0.1630181263731659,-0.11039959135171434,0.28713471403973867,0.33298826189757413,0.77,0.05196152422706631,False
0.06,0.22,0.72,-0.20807179189451105,-0.18895309258918463,-0.16121221958438978,-0.10836466178875519,0.2905257915863869,0.3388038151789854,0.75,0.05196152422706631,False
0.06,0.24,0.7,-0.20672146944975484,-0.18742743237496579,-0.15942610743434263,-0.10635545222149925,0.29454482749840727,0.3446732703343606,0.73,0.05196152422706631,False
0.06,0.26,0.68,-0.20539748682701592,-0.18592696478267234,-0.1576539910717526,-0.10438576045100408,0.29791536207229136,0.35059711977470953,0.7100000000000001,0.05196152422706631,False
0.06,0.28,0.66,-0.20413231643961693,-0.18443250844409068,-0.15591007628467154,-0.10246788294000705,0.3016104742423956,0.3565758602662454,0.6900000000000001,0.05196152422706631,False
0.06,0.3,0.64,-0.2029354629281185,-0.18295695085979363,-0.15421177694934193,-0.10059851378321806,0.3052547166926227,0.36260999296469326,0.67,0.05196152422706631,False
0.06,0.32,0.62,-0.20180718205388082,-0.18152093875639447,-0.15254594394205404,-0.09875635542155241,0.30856009308847154,0.3687000234498123,0.65,0.05196152422706631,False
0.06,0.34,0.6,-0.20072076973347724,-0.1801308078968274,-0.15093367001008218,-0.09695012827698533,0.3132132065405425,0.37484646176012215,0.63,0.05196152422706631,False
0.06,0.36,0.58,-0.19967386107064486,-0.17879887399594946,-0.1493860515688865,-0.0951687204667041,0.3176997317976804,0.3810498224278684,0.61,0.05196152422706631,False
0.06,0.38,0.56,-0.19865633122879317,-0.17748386044848996,-0.14788858379943357,-0.09342123947629442,0.32257857112449795,0.38731062451418785,0.5900000000000001,0.05196152422706631,False
0.06,0.4,0.54,-0.19769687065530783,-0.1762049798645956,-0.14642669841701603,-0.09171176130720347,0.3270733254434999,0.3936293916444852,0.5700000000000001,0.05196152422706631,False
0.06,0.42,0.52,-0.19676875071919375,-0.17494721415958722,-0.1450076297934503,-0.0900591558104967,0.3307195160368419,0.40000665204406577,0.55,0.05196152422706631,False
0.06,0.44,0.5,-0.1958636458973546,-0.17379046841257895,-0.14362812369069572,-0.08846060899838672,0.3356628541226655,0.4064429385739319,0.53,0.05196152422706631,False
0.06,0.46,0.48,-0.19497821720496664,-0.17269596696634978,-0.14230178551209588,-0.08690530501122339,0.34049969419322157,0.41293878876686413,0.51,0.05196152422706631,False
0.06,0.48,0.46,-0.19420704072125036,-0.17162705707947778,-0.1410252478665944,-0.08538989278873005,0.34507786031689847,0.41949474486364435,0.49,0.05196152422706631,False
0.06,0.5,0.44,-0.19351951883441543,-0.17061706191345202,-0.13979917546005896,-0.0839161219652699,0.34979141135380887,0.426111353849578,0.47,0.05196152422706631,False
0.06,0.52,0.42,-0.1929370616618946,-0.16963535807382077,-0.13863320825368627,-0.0824790379011696,0.3544538911568696,0.4327891674911755,0.44999999999999996,0.05196152422706631,False
0.06,0.54,0.4,-0.1924705299252405,-0.16872061673364702,-0.13752172431224388,-0.08109628786599905,0.360206231008044,0.4395287423730945,0.43000000000000005,0.05196152422706631,False
0.06,0.56,0.38,-0.19206961946789647,-0.16786095933533407,-0.13647306848724855,-0.07976457350270605,0.364411311883336,0.44633063993527755,0.41000000000000003,0.05196152422706631,False
0.06,0.58,0.36,-0.19172596932846644,-0.1670764967672385,-0.13549553075363105,-0.07848431079679626,0.36964718922513795,0.45319542651033934,0.39,0.05196152422706631,False
0.06,0.6,0.34,-0.19139145185868375,-0.16635389985938784,-0.1346019455127556,-0.07726642269170009,0.37472995735737513,0.4601236733611169,0.37,0.05196152422706631,False
0.06,0.62,0.32,-0.1911365034925384,-0.1656820796942692,-0.13378452755539938,-0.0761371314171475,0.37918365011228755,0.4671159567185474,0.35,0.05196152422706631,False
0.06,0.64,0.3,-0.19095069576534462,-0.16512549398934376,-0.13304275362383994,-0.07506806526609701,0.3830415832773634,0.47417285781962876,0.32999999999999996,0.05196152422706631,False
0.06,0.66,0.28,-0.19085689906900388,-0.16467564262083223,-0.13235206319987292,-0.0740618375779149,0.38670158890158357,0.4812949629457475,0.31000000000000005,0.05196152422706631,False
0.06,0.68,0.26,-0.19086833882757925,-0.16429906677189315,-0.13170736563725738,-0.07313101561896727,0.3910122647602279,0.4884828634611089,0.29000000000000004,0.05196152422706631,False
0.06,0.7,0.24,-0.1909462136515167,-0.16398304908098985,-0.1310943647311738,-0.07226604885762182,0.3954704628061879,0.495737155851472,0.27,0.05196152422706631,False
0.06,0.72,0.22,-0.1910830880560813,-0.16377790879387835,-0.13061299435465126,-0.07147114882962388,0.39952134134862743,0.5030584417630605,0.25,0.05196152422706631,False
0.06,0.74,0.2,-0.1913556095587315,-0.16365620161623173,-0.13023729705044068,-0.07075079520348229,0.40321705870093294,0.5104473280417237,0.23,0.05196152422706631,False
0.06,0.76,0.18,-0.1917181163577254,-0.16366082544643246,-0.12993284059854804,-0.07011253630819615,0.4085889892518197,0.5179044267723037,0.21,0.05196152422706631,False
0.06,0.78,0.16,-0.19218006701103751,-0.16373141223007776,-0.1297120368849294,-0.0695497264880019,0.4141689170784072,0.5254303553182287,0.19,0.05196152422706631,False
0.06,0.8,0.14,-0.1927760455142016,-0.16388084349104354,-0.12955510765536243,-0.06904376203115613,0.41859089199454796,0.5330257363613663,0.17,0.05196152422706631,False
0.06,0.82,0.12,-0.19361259424924257,-0.16412281187584035,-0.12944700239619666,-0.06859893127550468,0.42299030407206983,0.5406911979420339,0.15,0.05196152422706631,False
0.06,0.84,0.1,-0.19458322829591976,-0.16453544186897925,-0.12939310778132276,-0.06821589067710085,0.4284609574844941,0.5484273734992794,0.13,0.05196152422706631,False
0.06,0.86,0.08,-0.19566734759281565,-0.16511436902837898,-0.12938937756276142,-0.06788621663834182,0.4341815287889126,0.5562349019113835,0.11,0.05196152422706631,False
0.06,0.88,0.06,-0.19694201112089543,-0.16583041976884538,-0.12944269329999128,-0.06763041285778593,0.43968397878115123,0.5641144275365853,0.09,0.05196152422706631,False
0.06,0.9,0.04,-0.19842124565724528,-0.1665906700026829,-0.12956113337301167,-0.06743598978302474,0.44337170352559885,0.5720666002540089,0.07,0.05196152422706631,False
0.06,0.92,0.02,-0.20001646087023034,-0.16742526844512742,-0.12974294796349675,-0.0673384766763891,0.44869391233757194,0.5800920755048303,0.05,0.05196152422706631,False
0.06,0.94,0.0,-0.20171650627546403,-0.16840277883206742,-0.13003011197466052,-0.06732534319876005,0.4536973174967221,0.5881915143336973,0.03,0.05196152422706631,False
0.08,0.0,0.92,-0.21026086922487902,-0.19180778361959636,-0.1670170324559845,-0.1142746440500733,0.28452660980600797,0.30931854084881377,0.9600000000000001,0.06928203230275509,False
0.08,0.02,0.9,-0.20850612380299854,-0.18996998642922147,-0.16487226116638548,-0.11180856367981026,0.2874914307708091,0.3148731572550464,0.9400000000000001,0.06928203230275509,False
0.08,0.04,0.88,-0.20677395780761793,-0.18814491037522563,-0.16274197242672897,-0.10936236305122517,0.29106635589072094,0.32047890227077924,0.92,0.06928203230275509,False
0.08,0.06,0.86,-0.20505705134080604,-0.18632974730711852,-0.16064128650082135,-0.10693849110920453,0.29395143393758416,0.326136242269623,0.9,0.06928203230275509,False
0.08,0.08,0.84,-0.20336452786337733,-0.18452527202284405,-0.15856145439881128,-0.104528859135758,0.29807740077908096,0.3318456477728352,0.88,0.06928203230275509,False
0.08,0.1,0.82,-0.20169853646434724,-0.18274387797330063,-0.15649108807670759,-0.102144325182998,0.30235986457754765,0.33760759348236946,0.86,0.06928203230275509,False
0.08,0.12,0.8,-0.20008558693386316,-0.18097146314976734,-0.15445435921248213,-0.09977935538057926,0.3051318105345927,0.34342255831410035,0.8400000000000001,0.06928203230275509,False
0.08,0.14,0.78,-0.1985499346517446,-0.17920235840244253,-0.15243488726718174,-0.09744934898781518,0.3095057248169695,0.34929102543128293,0.8200000000000001,0.06928203230275509,False
0.08,0.16,0.76,-0.19707399485105273,-0.17746083953188954,-0.1504337502454346,-0.09515814846930602,0.31308280737050015,0.3552134822782559,0.8,0.06928203230275509,False
0.08,0.18,0.74,-0.1956133609171224,-0.17576104303551013,-0.14843388584144843,-0.09291755495913095,0.3164262994237376,0.36119042061431034,0.78,0.06928203230275509,False
0.08,0.2,0.72,-0.19415648619385892,-0.1740876990868567,-0.14644392693287506,-0.09071534626237676,0.3198861102290253,0.36722233654782016,0.76,0.06928203230275509,False
0.08,0.22,0.7,-0.19270732473153163,-0.17242378089426094,-0.144477974074754,-0.08855794350774554,0.3234327260226109,0.37330973057057,0.74,0.06928203230275509,False
0.08,0.24,0.68,-0.19128834333010913,-0.17077975855042116,-0.1425442392527776,-0.08644466027278258,0.32674651276246736,0.3794531075923022,0.7200000000000001,0.06928203230275509,False
0.08,0.26,0.66,-0.1899626461044679,-0.1691722548863805,-0.14064808028916903,-0.0843665191199651,0.33018157149945704,0.385652976975494,0.7000000000000001,0.06928203230275509,False
0.08,0.28,0.64,-0.18868409704278008,-0.16759846810836826,-0.13878661107345186,-0.0823205821718186,0.3327992714830733,0.39190985257035443,0.68,0.06928203230275509,False
0.08,0.3,0.62,-0.1874619508981997,-0.16607340843804846,-0.13696926601366008,-0.08032147557368484,0.337743271051331,0.39822425274999934,0.66,0.06928203230275509,False
0.08,0.32,0.6,-0.1862816649456861,-0.164593924384905,-0.13520271541982493,-0.0783602766550799,0.34359499038929225,0.40459670044593926,0.64,0.06928203230275509,False
0.08,0.34,0.58,-0.18511843444341866,-0.16314386388974697,-0.13347499459672302,-0.076436045600883,0.3481746099512748,0.41102772318369835,0.62,0.06928203230275509,False
0.08,0.36,0.56,-0.18400974884932844,-0.16173416239400276,-0.13184368301192603,-0.07456648496457347,0.3523659850821377,0.41751785311869183,0.6000000000000001,0.06928203230275509,False
0.08,0.38,0.54,-0.18297890228145572,-0.16038517191855534,-0.13029020774163022,-0.07278234205121924,0.35672686627375993,0.4240676270723379,0.5800000000000001,0.06928203230275509,False
0.08,0.4,0.52,-0.18198294179193578,-0.15910759257979906,-0.1287837394575904,-0.07105691030017977,0.3615947519384208,0.4306775865683613,0.56,0.06928203230275509,False
0.08,0.42,0.5,-0.181019285714452,-0.1578730438765588,-0.12732452835015953,-0.06937647621759259,0.36603729936301616,0.43734827786936586,0.54,0.06928203230275509,False
0.08,0.44,0.48,-0.18014702732293716,-0.1567267353362498,-0.125932763063424,-0.06774117803798442,0.37091700724473153,0.4440802520135712,0.52,0.06928203230275509,False
0.08,0.46,0.46,-0.17933770277560102,-0.15565523414714505,-0.12462591995058458,-0.06614792517371378,0.37522124083706104,0.45087406485183645,0.5,0.06928203230275509,False
0.08,0.48,0.44,-0.17867139262003293,-0.1546524423507767,-0.12336023683986984,-0.06460342279252192,0.37917639008172854,0.4577302770848415,0.48,0.06928203230275509,False
0.08,0.5,0.42,-0.1781032639795064,-0.15369441191822497,-0.12214288999616105,-0.06309762279073312,0.3849816509964667,0.4646494543005647,0.45999999999999996,0.06928203230275509,False
0.08,0.52,0.4,-0.17760010270201657,-0.15275299140217058,-0.12096342653390056,-0.06164232146063679,0.39095562779134474,0.4716321670119446,0.44,0.06928203230275509,False
0.08,0.54,0.38,-0.17715436964386128,-0.15183581711772628,-0.11985523109008583,-0.060252364984158376,0.3959176465488595,0.4786789906947434,0.42,0.06928203230275509,False
0.08,0.56,0.36,-0.1768147381584804,-0.15097227884015554,-0.11881849949721453,-0.05891702698827163,0.40146555378552173,0.4857905058257067,0.39999999999999997,0.06928203230275509,False
0.08,0.58,0.34,-0.17653531118789434,-0.15022498278497362,-0.11784792050947673,-0.05765280876895762,0.406159964261776,0.49296729792088345,0.38,0.06928203230275509,False
0.08,0.6,0.32,-0.1763426438037523,-0.14957213901629526,-0.11692487201674241,-0.05648663048331553,0.41088804245716637,0.5002099575742053,0.36,0.06928203230275509,False
0.08,0.62,0.3,-0.17623621108872,-0.14901453528529907,-0.11609122699195044,-0.05538915859137941,0.41439103817014133,0.5075190804962969,0.33999999999999997,0.06928203230275509,False
0.08,0.64,0.28,-0.17618663627064915,-0.14855352467925872,-0.11535808978111016,-0.054361305124735075,0.4193488915240111,0.5148952675534636,0.32,0.06928203230275509,False
0.08,0.66,0.26,-0.17624806495383408,-0.14818559986984206,-0.11472454315503798,-0.05339836454169596,0.42408108034527126,0.5223391248070169,0.3,0.06928203230275509,False
0.08,0.68,0.24,-0.17640778013961303,-0.14787688207606758,-0.11419344948823207,-0.05250465867373052,0.4286174414223444,0.5298512635526778,0.27999999999999997,0.06928203230275509,False
0.08,0.7,0.22,-0.17671399555924808,-0.1476536907417149,-0.11373371177628995,-0.05170176821784085,0.43360709278873777,0.5374323003603316,0.26,0.06928203230275509,False
0.08,0.72,0.2,-0.17713740614692697,-0.1475074423637578,-0.11335031420855726,-0.050994230543338855,0.4393671901533624,0.5450828571139572,0.24000000000000002,0.06928203230275509,False
0.08,0.74,0.18,-0.17765959897959271,-0.14746154612159157,-0.11304203269511966,-0.05035787169095635,0.4441519111205381,0.5528035610517972,0.22,0.06928203230275509,False
0.08,0.76,0.16,-0.17831839351613715,-0.14758622013295386,-0.11280631641835187,-0.049785645644697916,0.44896344614671024,0.5605950448067362,0.2,0.06928203230275509,False
0.08,0.78,0.14,-0.179094204705175,-0.14789797254926035,-0.11262547167187989,-0.04929011887994184,0.4537531602151527,0.5684579464469319,0.18000000000000002,0.06928203230275509,False
0.08,0.8,0.12,-0.1799706926612105,-0.14830441856115836,-0.11249535563945529,-0.048853406826181243,0.45994009885642007,0.5763929095166744,0.16,0.06928203230275509,False
0.08,0.82,0.1,-0.18100937115610008,-0.1488383055931223,-0.11244578497021213,-0.04846333597379525,0.464738129199262,0.5844005830774498,0.14,0.06928203230275509,False
0.08,0.84,0.08,-0.18217069886302528,-0.1495322104939708,-0.11246502997022949,-0.04814691629762681,0.4689442439190015,0.5924816217492762,0.12,0.06928203230275509,False
0.08,0.86,0.06,-0.18347579266490766,-0.15032694419536782,-0.11255665316279083,-0.04791432023608946,0.4736784487996035,0.6006366857522091,0.1,0.06928203230275509,False
0.08,0.88,0.04,-0.18496202758473015,-0.15119906965600327,-0.11273600634950261,-0.04776608634307454,0.4787088771938983,0.6088664409481314,0.08,0.06928203230275509,False
0.08,0.9,0.02,-0.18666479825784413,-0.15221565599417852,-0.11300554178215458,-0.047694952979872654,0.48516726759910445,0.6171715588827398,0.06,0.06928203230275509,False
0.08,0.92,0.0,-0.18847359071385214,-0.1533100933860353,-0.1133827519388611,-0.047716996230474616,0.48906627285701076,0.625552716827771,0.04,0.06928203230275509,False
0.1,0.0,0.9,-0.19586996852481073,-0.17608951784325444,-0.1510457229327842,-0.09554943099574585,0.31467217603167386,0.3423572075979587,0.9500000000000001,0.08660254037844387,False
0.1,0.02,0.88,-0.19408435497143184,-0.17412845552896428,-0.1487822358027536,-0.09292666972175641,0.31840514363788636,0.34817260829430285,0.93,0.08660254037844387,False
0.1,0.04,0.86,-0.19231875261741047,-0.17217356213800974,-0.1465497274662056,-0.09033565953581808,0.3216542539403293,0.3540411128385715,0.91,0.08660254037844387,False
0.1,0.06,0.84,-0.19058003714285424,-0.17022232317237931,-0.14433913200617055,-0.08776745658627748,0.3266129809761018,0.35996320368054996,0.89,0.08660254037844387,False
0.1,0.08,0.82,-0.18889676078258794,-0.16827496743964496,-0.1421446200034874,-0.08523080487870559,0.3309479281438913,0.36593936754404766,0.87,0.08660254037844387,False
0.1,0.1,0.8,-0.1872574370078739,-0.16633961845958734,-0.13996732900289074,-0.08271460121211065,0.33487771984259407,0.3719700954608052,0.8500000000000001,0.08660254037844387,False
0.1,0.12,0.78,-0.18565022511273566,-0.16444461324858348,-0.1378209392471087,-0.08022212303770801,0.33835208429330277,0.37805588280462454,0.8300000000000001,0.08660254037844387,False
0.1,0.14,0.76,-0.18407684959371362,-0.1625947782229492,-0.13568095471359828,-0.07775973465320475,0.34177264239779453,0.38419722932572137,0.81,0.08660254037844387,False
0.1,0.16,0.74,-0.1825392718586476,-0.16076803491175234,-0.13354235823243463,-0.07532869366510707,0.34569176118703215,0.3903946391852667,0.79,0.08660254037844387,False
0.1,0.18,0.72,-0.181017951419599,-0.15898104059094545,-0.1314276241033048,-0.07293399755715528,0.3493217059360222,0.3966486209902187,0.77,0.08660254037844387,False
0.1,0.2,0.7,-0.17949315868504187,-0.15722977666059246,-0.12933709887038558,-0.07059138731944302,0.35310709070456203,0.40295968782829966,0.75,0.08660254037844387,False
0.1,0.22,0.68,-0.17803467657459765,-0.1555086170426534,-0.12728017745695552,-0.06829691331965329,0.3569029180636053,0.40932835730326345,0.7300000000000001,0.08660254037844387,False
0.1,0.24,0.66,-0.17664687725397812,-0.1538240723594565,-0.12524841436536202,-0.06604996006216275,0.3603481968171058,0.4157551515703216,0.7100000000000001,0.08660254037844387,False
0.1,0.26,0.64,-0.1753228067352187,-0.15217049260748475,-0.1232505285471437,-0.06387093780528345,0.36410250712590364,0.4222405973718694,0.6900000000000001,0.08660254037844387,False
0.1,0.28,0.62,-0.17402570984271673,-0.1505604968216906,-0.121295189128728,-0.06174505155363373,0.36940690445155877,0.4287852260733597,0.67,0.08660254037844387,False
0.1,0.3,0.6,-0.17273207828308323,-0.14898290726084304,-0.11939920314488546,-0.059674603988086924,0.37450232330876987,0.4353895736994599,0.65,0.08660254037844387,False
0.1,0.32,0.58,-0.17149466993774934,-0.14745097816025218,-0.11758003205424895,-0.05766251422646793,0.37913123923311587,0.44205418097041904,0.63,0.08660254037844387,False
0.1,0.34,0.56,-0.17030616975243834,-0.14599142463340772,-0.11584114642110696,-0.055723420932934954,0.3840873351061907,0.44877959333862943,0.6100000000000001,0.08660254037844387,False
0.1,0.36,0.54,-0.16918528909805908,-0.14455260463676198,-0.11415519672719222,-0.05383685125747129,0.3879901020180712,0.4555663610254668,0.5900000000000001,0.08660254037844387,False
0.1,0.38,0.52,-0.16816971301296488,-0.1431512085363703,-0.11252525685237026,-0.052011425545128394,0.39232626192056647,0.46241503905832043,0.5700000000000001,0.08660254037844387,False
0.1,0.4,0.5,-0.16726786623106166,-0.14184446393684752,-0.11098530758714563,-0.0502271623106003,0.39689322138944483,0.46932618730787634,0.55,0.08660254037844387,False
0.1,0.42,0.48,-0.16640246094498845,-0.14063270812324352,-0.10950911803441958,-0.048491132428641115,0.4023803288086488,0.4763003705255962,0.53,0.08660254037844387,False
0.1,0.44,0.46,-0.16556620519612816,-0.13947794661248072,-0.10808331437298335,-0.04682077566954386,0.4075106376968673,0.48333815838146693,0.51,0.08660254037844387,False
0.1,0.46,0.44,-0.16479528441375835,-0.13836842119919987,-0.10673456180643463,-0.04519781546566422,0.4130011189773539,0.4904401255019334,0.49,0.08660254037844387,False
0.1,0.48,0.42,-0.16414390832181724,-0.13730539114588358,-0.10546183402331835,-0.04362077804058727,0.4172915462525063,0.4976068515081083,0.47,0.08660254037844387,False
0.1,0.5,0.4,-0.1635577239468611,-0.13630648828605987,-0.10426906878710496,-0.04208533934330563,0.4224996001636553,0.5048389210541788,0.45,0.08660254037844387,False
0.1,0.52,0.38,-0.1630433465486123,-0.13539141747997077,-0.10312298552458848,-0.04061009731236974,0.4279391684841603,0.512136923866043,0.43,0.08660254037844387,False
0.1,0.54,0.36,-0.1626510091524203,-0.13457206970487967,-0.10203192989011846,-0.039208704282610765,0.43270037599904604,0.5195014547801998,0.41,0.08660254037844387,False
0.1,0.56,0.34,-0.16234192926570448,-0.13385760892326054,-0.1010075701886723,-0.0378900723771594,0.4380680171033695,0.5269331137828512,0.39,0.08660254037844387,False
0.1,0.58,0.32,-0.16208446006150867,-0.13320728431995876,-0.10006296324809398,-0.0366586384525324,0.44341925082604816,0.5344325060492253,0.37,0.08660254037844387,False
0.1,0.6,0.3,-0.1619707055234485,-0.13261734588610782,-0.09918452226822015,-0.0355147835478445,0.44933930125034804,0.5420002419832041,0.35,0.08660254037844387,False
0.1,0.62,0.28,-0.16198748053372242,-0.13215054111960683,-0.09836054576471417,-0.03445545609914245,0.45475716081489026,0.5496369372570392,0.33,0.08660254037844387,False
0.1,0.64,0.26,-0.16217657117355969,-0.1318032133040255,-0.09770490824208294,-0.03347833280950715,0.45919221910354974,0.5573432128514371,0.31,0.08660254037844387,False
0.1,0.66,0.24,-0.162451667923973,-0.13153846058557697,-0.09715561015010575,-0.03259089474881614,0.46399253417428443,0.5651196950958515,0.29,0.08660254037844387,False
0.1,0.68,0.22,-0.16290968517322543,-0.13136581615631493,-0.09672357019500165,-0.031791691420043754,0.4686615590490913,0.5729670157089085,0.27,0.08660254037844387,False
0.1,0.7,0.2,-0.16348555904351386,-0.13132354144250846,-0.09638202476050642,-0.031095800572978918,0.4736257175582095,0.5808858118392092,0.25,0.08660254037844387,False
0.1,0.72,0.18,-0.16412488357712185,-0.13143258412187322,-0.09609389892639861,-0.030462010734295792,0.47910551529139317,0.5888767261062385,0.22999999999999998,0.08660254037844387,False
0.1,0.74,0.16,-0.16485833396443308,-0.13172899259616466,-0.09588802334923077,-0.029888549275109134,0.48387722845868364,0.5969404066416129,0.21000000000000002,0.08660254037844387,False
0.1,0.76,0.14,-0.16571398214872768,-0.1321274517629249,-0.09576013139744077,-0.02938675179779568,0.4898268884278726,0.6050775071304499,0.19,0.08660254037844387,False
0.1,0.78,0.12,-0.16669792327118318,-0.13263117357807386,-0.09568226846303038,-0.028957915571815616,0.49474695480601044,0.6132886868531099,0.16999999999999998,0.08660254037844387,False
0.1,0.8,0.1,-0.16789855368457915,-0.13328516189418602,-0.09565398209110405,-0.028589201572937442,0.5002972543023176,0.6215746107270188,0.15000000000000002,0.08660254037844387,False
0.1,0.82,0.08,-0.16922402885225174,-0.1340889311694829,-0.09570163561278827,-0.02829539671725944,0.5056953029408673,0.6299359493488395,0.13,0.08660254037844387,False
0.1,0.84,0.06,-0.17070211239138294,-0.1349959251992915,-0.09583285683205363,-0.028104954667855106,0.5109651748589314,0.6383733790368366,0.11,0.08660254037844387,False
0.1,0.86,0.04,-0.1722638973649422,-0.13597860802957176,-0.09605990719950633,-0.027994988573838864,0.5162061923247017,0.6468875818734576,0.09,0.08660254037844387,False
0.1,0.88,0.02,-0.17396943008668675,-0.13705145010951658,-0.09637200425315302,-0.02795526769213457,0.5222293270964218,0.6554792457481815,0.07,0.08660254037844387,False
0.1,0.9,0.0,-0.17586435484732324,-0.1382355398483418,-0.09680772831392755,-0.02798678132883822,0.5276737006259604,0.6641490644005719,0.05,0.08660254037844387,False
0.12,0.0,0.88,-0.18188948666131172,-0.1598860891479453,-0.13452008453983563,-0.07619949116266785,0.3458783819516643,0.37685429874778253,0.94,0.10392304845413262,False
0.12,0.02,0.86,-0.18000243945426622,-0.15775457146906732,-0.13214874263894677,-0.07342284694794289,0.3500732283977064,0.3829395635478703,0.9199999999999999,0.10392304845413262,False
0.12,0.04,0.84,-0.17817162850829074,-0.1556592506094166,-0.1298084289303903,-0.0706910566180458,0.35410237168782455,0.3890799650605211,0.8999999999999999,0.10392304845413262,False
0.12,0.06,0.82,-0.1763866949423198,-0.1535782155705454,-0.12747780058521146,-0.06800093204177872,0.3580368247437875,0.39527600221842274,0.8799999999999999,0.10392304845413262,False
0.12,0.08,0.8,-0.17464203077746696,-0.15152191702220213,-0.12516220189790786,-0.06534543852770232,0.360606213707901,0.40152817835732824,0.8600000000000001,0.10392304845413262,False
0.12,0.1,0.78,-0.17292554313197656,-0.14950740677415317,-0.12285378043262504,-0.06271331886892756,0.36610365515320553,0.4078370012509331,0.8400000000000001,0.10392304845413262,False
0.12,0.12,0.76,-0.17122648547616265,-0.1475201839949568,-0.12055549905593463,-0.060105018744042935,0.3705129333514276,0.4142029831458354,0.8200000000000001,0.10392304845413262,False
0.12,0.14,0.74,-0.16952992844683462,-0.14555950526843817,-0.11829080899973977,-0.057535232313252874,0.3751361386016318,0.42062664079682727,0.8,0.10392304845413262,False
0.12,0.16,0.72,-0.16784159065666893,-0.14366157013126002,-0.11606595703043426,-0.0549955394010553,0.3803707075572227,0.42710849550234387,0.78,0.10392304845413262,False
0.12,0.18,0.7,-0.16619998778856482,-0.14180969776496533,-0.11386292269178239,-0.0524916689189293,0.38519592915317846,0.433649073140173,0.76,0.10392304845413262,False
0.12,0.2,0.68,-0.16466641650380548,-0.13999658170852836,-0.11168223076903061,-0.050028029420100095,0.38915212711575564,0.4402489042033784,0.74,0.10392304845413262,False
0.12,0.22,0.66,-0.16321565380285968,-0.13821839694070212,-0.10953523835159537,-0.047618521899686746,0.393111848969531,0.44690852383646124,0.72,0.10392304845413262,False
0.12,0.24,0.64,-0.16182890935750158,-0.1364649326431808,-0.10744228196197124,-0.04528511759193004,0.39597739445473257,0.4536284718717625,0.7,0.10392304845413262,False
0.12,0.26,0.62,-0.16047507206844291,-0.13477156329461099,-0.10538282216366172,-0.04305075990434923,0.40111018257068054,0.460409292866053,0.6799999999999999,0.10392304845413262,False
0.12,0.28,0.6,-0.15916780800462726,-0.13314118945841974,-0.10337973201409606,-0.040881525689799705,0.40641368161728064,0.4672515361373841,0.6599999999999999,0.10392304845413262,False
0.12,0.3,0.58,-0.15791246586051547,-0.13156931550434903,-0.10147313485394475,-0.038767455163790036,0.41128734321017635,0.47415575580218083,0.6399999999999999,0.10392304845413262,False
0.12,0.32,0.56,-0.15674452917011888,-0.1300337842880775,-0.09963652840828618,-0.03670707898156571,0.41600692989802424,0.4811225108125288,0.6200000000000001,0.10392304845413262,False
0.12,0.34,0.54,-0.15567926005303329,-0.12854572919127374,-0.09787885164492577,-0.034713749564734976,0.42112575665068197,0.48815236499372916,0.6000000000000001,0.10392304845413262,False
0.12,0.36,0.52,-0.15470197064464655,-0.1271046224040091,-0.09618583222230209,-0.032779796563801256,0.42535158142921814,0.4952458870820552,0.5800000000000001,0.10392304845413262,False
0.12,0.38,0.5,-0.15375550876759309,-0.12571380420338005,-0.09456032493301829,-0.030900438278167425,0.43115370264685215,0.5024036507627656,0.56,0.10392304845413262,False
0.12,0.4,0.48,-0.15286461987555827,-0.12439583438400513,-0.09298436589237441,-0.029098892653675178,0.4362453983348133,0.5096262347083336,0.54,0.10392304845413262,False
0.12,0.42,0.46,-0.15199165939002113,-0.1231682550454182,-0.09146859980745087,-0.027370904092206758,0.440671158411869,0.516914222616915,0.52,0.10392304845413262,False
0.12,0.44,0.44,-0.15120078216969693,-0.12198967396869385,-0.09003903583781091,-0.025696230879314476,0.4462461409762668,0.524268203251067,0.5,0.10392304845413262,False
0.12,0.46,0.42,-0.15051043357352348,-0.12088875347286678,-0.08868302684652088,-0.024083223407937553,0.45165520401023385,0.5316887704766505,0.48,0.10392304845413262,False
0.12,0.48,0.4,-0.14991935040768498,-0.11986637873409847,-0.08739339626230042,-0.022521204644238416,0.45599257469699117,0.5391765233020331,0.46,0.10392304845413262,False
0.12,0.5,0.38,-0.14948803744979589,-0.11899350447795097,-0.08618289021633166,-0.021011669571547622,0.4613854449812895,0.5467320659174848,0.44,0.10392304845413262,False
0.12,0.52,0.36,-0.1491138543012577,-0.11818959322062737,-0.08505770690217344,-0.019572430635850416,0.46737564070847215,0.5543560077348134,0.42,0.10392304845413262,False
0.12,0.54,0.34,-0.14879504614273917,-0.1174502219225342,-0.08403234204174856,-0.018215979274247753,0.47282326435392275,0.5620489634272353,0.4,0.10392304845413262,False
0.12,0.56,0.32,-0.1485878677214854,-0.11680124951827259,-0.08306742384107575,-0.016944428978535243,0.47900376303456516,0.5698115529695205,0.38,0.10392304845413262,False
0.12,0.58,0.3,-0.14849996820242575,-0.1162531688260125,-0.08216995505139028,-0.015758592458499726,0.48390668117003194,0.5776444016782966,0.36,0.10392304845413262,False
0.12,0.6,0.28,-0.14858043131891369,-0.11584236965094862,-0.08138821938364835,-0.014657893808656163,0.48799316410210625,0.5855481402526563,0.34,0.10392304845413262,False
0.12,0.62,0.26,-0.14876225360069256,-0.11557906257667706,-0.08072610190124402,-0.0136596217318577,0.4927262197324858,0.5935234048149867,0.32,0.10392304845413262,False
0.12,0.64,0.24,-0.14904292550004494,-0.11541532630298101,-0.08016562684561761,-0.01276817205847588,0.49938223753700933,0.6015708369519908,0.3,0.10392304845413262,False
0.12,0.66,0.22,-0.14945781746450243,-0.11534112002748671,-0.0797008880159503,-0.011958404018001878,0.5049849693636789,0.6096910837560436,0.28,0.10392304845413262,False
0.12,0.68,0.2,-0.15003033864891452,-0.11538798174016755,-0.07934325542441037,-0.01121324853628784,0.5086214037099422,0.617884797866671,0.26,0.10392304845413262,False
0.12,0.7,0.18,-0.15077145305908018,-0.11563113095738303,-0.07906891549488602,-0.010560190776738148,0.5146324732547816,0.6261526375123249,0.24,0.10392304845413262,False
0.12,0.72,0.16,-0.1516683241306241,-0.11599646579761799,-0.07888723100452336,-0.009984085886756224,0.5198345041048165,0.6344952665524345,0.22,0.10392304845413262,False
0.12,0.74,0.14,-0.152728429638036,-0.11650724991136147,-0.0787821599549088,-0.009477122151392936,0.5264943824866872,0.6429133545195933,0.2,0.10392304845413262,False
0.12,0.76,0.12,-0.15395235257952605,-0.11723177049600761,-0.0787537220149155,-0.009051682601830978,0.5320708940480456,0.6514075766621015,0.18,0.10392304845413262,False
0.12,0.78,0.1,-0.15529400513141625,-0.11809343296041015,-0.07878421137501979,-0.008716442695398,0.5372097522622526,0.6599786139866234,0.16,0.10392304845413262,False
0.12,0.8,0.08,-0.15675725722215517,-0.11910503362218733,-0.0789153788925111,-0.008460793465436907,0.5430247714492085,0.6686271533012208,0.14,0.10392304845413262,False
0.12,0.82,0.06,-0.15831473296078097,-0.12023855505611306,-0.07914252528964415,-0.008275169368455872,0.5502223530396466,0.6773538872584788,0.12,0.10392304845413262,False
0.12,0.84,0.04,-0.15994757117946404,-0.12142923869168629,-0.0794558681037141,-0.008154731988253202,0.5573577401499259,0.6861595143989973,0.1,0.10392304845413262,False
0.12,0.86,0.02,-0.1617212121246898,-0.12268786575669795,-0.07991888345830155,-0.008145929972662731,0.561933017835451,0.6950447391950616,0.08,0.10392304845413262,False
0.12,0.88,0.0,-0.1637061406961062,-0.12398997691905037,-0.08053380053403605,-0.008230552194094392,0.5678342349252361,0.7040102720945152,0.06,0.10392304845413262,False
0.14,0.0,0.86,-0.1681962922699831,-0.1439813582558359,-0.11745429279781297,-0.0563839315536744,0.37602130706949244,0.4128572579483594,0.9299999999999999,0.12124355652982141,False
0.14,0.02,0.84,-0.1662524291302763,-0.14171846011741837,-0.11495019861134961,-0.053466734564693086,0.3809118996857487,0.41922169940537407,0.9099999999999999,0.12124355652982141,False
0.14,0.04,0.82,-0.16434162130054245,-0.13947580075570357,-0.11246629912052919,-0.05060369353309764,0.38441214980601485,0.42564336916129514,0.8899999999999999,0.12124355652982141,False
0.14,0.06,0.8,-0.16244071403449403,-0.1372409905380798,-0.11000529168037958,-0.047773984405352514,0.3897655624232724,0.4321227830441091,0.8700000000000001,0.12124355652982141,False
0.14,0.08,0.78,-0.16054773031687103,-0.13507205069057196,-0.1075725852353441,-0.04497010257917603,0.39448798011181174,0.43866046141676396,0.8500000000000001,0.12124355652982141,False
0.14,0.1,0.76,-0.15868607456088224,-0.13296915132070244,-0.10518059859115135,-0.04220872360521403,0.40002799631208447,0.4452569292128065,0.8300000000000001,0.12124355652982141,False
0.14,0.12,0.74,-0.1568380424917333,-0.13090529615302976,-0.1028132975114263,-0.0394909192414047,0.40422938521289103,0.4519127159723549,0.81,0.12124355652982141,False
0.14,0.14,0.72,-0.15506252409125404,-0.12885820798213735,-0.10045184567246905,-0.036808570635394396,0.4108427430856097,0.45862835587825723,0.79,0.12124355652982141,False
0.14,0.16,0.7,-0.15339573373390053,-0.12684579248393799,-0.09814463673585762,-0.0341727196762122,0.4150129571811356,0.4654043877924646,0.77,0.12124355652982141,False
0.14,0.18,0.68,-0.15182012016068383,-0.12488024437681908,-0.09588819427411231,-0.03161804557635829,0.4203507188134489,0.4722413552926787,0.75,0.12124355652982141,False
0.14,0.2,0.66,-0.15031604924093275,-0.12297662209400047,-0.09366359271650387,-0.029124336289740867,0.4258449370929205,0.4791398067092259,0.73,0.12124355652982141,False
0.14,0.22,0.64,-0.1488685604580833,-0.12114103747144361,-0.09144889256718726,-0.02669594843837669,0.4304711925335467,0.4861002951621068,0.71,0.12124355652982141,False
0.14,0.24,0.62,-0.1474475602124584,-0.11935468351356394,-0.08928635219215965,-0.024323788678925172,0.4348427037169309,0.49312337859836997,0.69,0.12124355652982141,False
0.14,0.26,0.6,-0.14606537260821403,-0.11762727711938335,-0.08719316904663099,-0.02200739705290552,0.44013846330725703,0.5002096198296357,0.6699999999999999,0.12124355652982141,False
0.14,0.28,0.58,-0.14482403932179552,-0.11594344509093067,-0.08518304896226515,-0.019750963642764324,0.4442446875775147,0.5073595865699273,0.6499999999999999,0.12124355652982141,False
0.14,0.3,0.56,-0.14370632698668787,-0.11430809244820446,-0.08323765252041952,-0.017583297111821838,0.44956951973233006,0.5145738514736747,0.6300000000000001,0.12124355652982141,False
0.14,0.32,0.54,-0.14264254850851354,-0.1127458482739941,-0.08135486718767095,-0.01548117657574483,0.4547056800881455,0.5218529921739934,0.6100000000000001,0.12124355652982141,False
0.14,0.34,0.52,-0.14160706372581608,-0.11123290826427563,-0.07959179963331363,-0.013459263169369183,0.4598816962107467,0.52919759132121,0.5900000000000001,0.12124355652982141,False
0.14,0.36,0.5,-0.14057964093228736,-0.10979521291068543,-0.07789638032134455,-0.011510384981555462,0.46493978514758416,0.5366082366215514,0.5700000000000001,0.12124355652982141,False
0.14,0.38,0.48,-0.13961612569222914,-0.10840064709462496,-0.0762641320253706,-0.009624606136545848,0.47132687718468164,0.5440855208761832,0.55,0.12124355652982141,False
0.14,0.4,0.46,-0.13871041717803156,-0.10707977881785218,-0.07471170439449863,-0.007810926581155084,0.47581290665421516,0.5516300420203842,0.53,0.12124355652982141,False
0.14,0.42,0.44,-0.13787773626789387,-0.10586830863710599,-0.07324728895703046,-0.006067481516506277,0.48115108834530473,0.5592424031630181,0.51,0.12124355652982141,False
0.14,0.44,0.42,-0.13719052665516812,-0.10473712649547812,-0.07185789299669476,-0.004395501949675353,0.48681781115126466,0.5669232126262289,0.49,0.12124355652982141,False
0.14,0.46,0.4,-0.1366518889010426,-0.10376450656936392,-0.07053001395411765,-0.002789452240881056,0.4903659384227292,0.5746730839853712,0.47000000000000003,0.12124355652982141,False
0.14,0.48,0.38,-0.13617484978890468,-0.1028666126752917,-0.069275862540801,-0.0012542751691537993,0.4959956398943963,0.5824926361091793,0.45,0.12124355652982141,False
0.14,0.5,0.36,-0.1357973203519048,-0.1021098389167595,-0.06809820315443957,0.0002187465694883538,0.5025063454240135,0.5903824932001694,0.43,0.12124355652982141,False
0.14,0.52,0.34,-0.13552921980264526,-0.10146498573492853,-0.06701767363591556,0.0016100657144922216,0.5074860237546368,0.5983432848353145,0.41000000000000003,0.12124355652982141,False
0.14,0.54,0.32,-0.13547276946035425,-0.10094404961246656,-0.06602961028641562,0.002886184439518431,0.5123017381148063,0.6063756460069246,0.39,0.12124355652982141,False
0.14,0.56,0.3,-0.13549361682551242,-0.1005530136868845,-0.06512329657346166,0.004060441141847456,0.5170121059171959,0.6144802171637588,0.37,0.12124355652982141,False
0.14,0.58,0.28,-0.1356028607589639,-0.10031655094120445,-0.0643109037875666,0.005164087317158029,0.5216551679289345,0.6226576442524523,0.35000000000000003,0.12124355652982141,False
0.14,0.6,0.26,-0.13579392808841506,-0.10014470677124454,-0.06363795779858437,0.006161907132602178,0.5276829007750836,0.6309085787590788,0.33,0.12124355652982141,False
0.14,0.62,0.24,-0.13609906073661593,-0.10007829822325184,-0.06309858638585922,0.007063527778701329,0.5338781073345091,0.6392336777510296,0.31,0.12124355652982141,False
0.14,0.64,0.22,-0.13667551624460317,-0.10017470916027905,-0.06264581094359778,0.007891350367577743,0.5402631674295365,0.6476336039191072,0.29000000000000004,0.12124355652982141,False
0.14,0.66,0.2,-0.13739995263371177,-0.10038844113895154,-0.06231100775291872,0.008631221095986444,0.5463132364469163,0.6561090256198858,0.27,0.12124355652982141,False
0.14,0.68,0.18,-0.13821011718890777,-0.1007796148452615,-0.06206565261934092,0.009305239438721486,0.5528445804361284,0.6646606169182763,0.25,0.12124355652982141,False
0.14,0.7,0.16,-0.13914890794428325,-0.10129324886894948,-0.06192072062243913,0.009906189302801545,0.5586282507121625,0.6732890576303202,0.23,0.12124355652982141,False
0.14,0.72,0.14,-0.14027669009928437,-0.10198395539565813,-0.06185491296592211,0.010433317208929005,0.5646907339835534,0.6819950333663493,0.21000000000000002,0.12124355652982141,False
0.14,0.74,0.12,-0.14151441791917097,-0.1028652550391909,-0.061862793328214497,0.01084528143620101,0.5715086986448107,0.6907792355742104,0.19,0.12124355652982141,False
0.14,0.76,0.1,-0.14287250037368499,-0.10386046971475409,-0.061980749907649436,0.011163439057061693,0.577105604278043,0.6996423615828304,0.17,0.12124355652982141,False
0.14,0.78,0.08,-0.14438049925391244,-0.10495448725561009,-0.062241481766115145,0.011374055007384821,0.5825570899529768,0.7085851146460709,0.15000000000000002,0.12124355652982141,False
0.14,0.8,0.06,-0.14601899774867136,-0.10614471388632422,-0.06261373982089462,0.011500526275631603,0.588873331499123,0.7176082039867085,0.13,0.12124355652982141,False
0.14,0.82,0.04,-0.14784017705649152,-0.10741922459979744,-0.06308696659143564,0.01155466059540686,0.5947118838290955,0.7267123448407428,0.11000000000000001,0.12124355652982141,False
0.14,0.84,0.02,-0.14984812478224954,-0.10878059753502373,-0.06366396564881492,0.01154280233793475,0.6024710592910794,0.7358982585019308,0.09000000000000001,0.12124355652982141,False
0.14,0.86,0.0,-0.15203598972765714,-0.11021666852041305,-0.06435514841930674,0.01147833339220877,0.609824950626786,0.7451666723665318,0.07,0.12124355652982141,False
0.16,0.0,0.84,-0.1548798523055821,-0.12842305479758762,-0.09983524560603467,-0.03641789202222489,0.4084335235633616,0.4504147505824914,0.9199999999999999,0.13856406460551018,False
0.16,0.02,0.82,-0.15281376096279786,-0.1260170414645034,-0.09720023586632012,-0.03335076404394113,0.4137885353419526,0.457067917938702,0.8999999999999999,0.13856406460551018,False
0.16,0.04,0.8,-0.15074761016414795,-0.12368542631942027,-0.09460482325528885,-0.03032459990062132,0.41910375774487496,0.4637804650024694,0.88,0.13856406460551018,False
0.16,0.06,0.78,-0.14873498455444517,-0.12140765917858035,-0.09204783180597323,-0.02734480256607753,0.42418482250177547,0.4705529249153009,0.86,0.13856406460551018,False
0.16,0.08,0.76,-0.14674936409275016,-0.1191660824600382,-0.08953370526081345,-0.02442794711129276,0.4289278324157955,0.47738583548821734,0.84,0.13856406460551018,False
0.16,0.1,0.74,-0.1447984446832013,-0.11696961432191622,-0.08705192838965344,-0.021558923325097686,0.4348469078125371,0.48427973923833295,0.82,0.13856406460551018,False
0.16,0.12,0.72,-0.1429043793318499,-0.11478523099378585,-0.08461561812032801,-0.018766662009177537,0.4391642329112332,0.49123518342575734,0.7999999999999999,0.13856406460551018,False
0.16,0.14,0.7,-0.14110692136015396,-0.11265374060707112,-0.0822126370205046,-0.016032983119279306,0.44431296820112276,0.498252720090674,0.7799999999999999,0.13856406460551018,False
0.16,0.16,0.68,-0.13936335525540802,-0.11057544647141691,-0.07983647973069244,-0.013342949943409508,0.44927294064387485,0.5053329060906644,0.76,0.13856406460551018,False
0.16,0.18,0.66,-0.1377228033919745,-0.10860239091626905,-0.0774943647315697,-0.010708594329794971,0.45560141730353815,0.5124763031382866,0.74,0.13856406460551018,False
0.16,0.2,0.64,-0.13618549351579165,-0.10670451828259196,-0.07520153977484582,-0.008138041871606104,0.46160036581292496,0.5196834778388788,0.72,0.13856406460551018,False
0.16,0.22,0.62,-0.1346868241337333,-0.10484478045882589,-0.0730091655176191,-0.005618943018404982,0.4670663705242751,0.5269550017286042,0.7,0.13856406460551018,False
0.16,0.24,0.6,-0.1333081719454405,-0.10305560467973329,-0.07088522700777475,-0.003175592412377067,0.4735234058179413,0.5342914513127409,0.6799999999999999,0.13856406460551018,False
0.16,0.26,0.58,-0.13207514826568004,-0.10131341828956651,-0.06877940193252995,-0.0008004192089317373,0.4779574335927769,0.5416934081041948,0.6599999999999999,0.13856406460551018,False
0.16,0.28,0.56,-0.13088082559949998,-0.09962121021896002,-0.06675192462568233,0.0015087148693790874,0.48284849860406337,0.5491614586622656,0.64,0.13856406460551018,False
0.16,0.3,0.54,-0.12971872528748257,-0.09797799272114713,-0.06481408202878931,0.0037522037001965626,0.48859590722006313,0.5566961946316764,0.62,0.13856406460551018,False
0.16,0.32,0.52,-0.12864247994814476,-0.0964046022327416,-0.06294882711616813,0.005922884933114548,0.49350474159238744,0.5642982127817568,0.6,0.13856406460551018,False
0.16,0.34,0.5,-0.12763726324577912,-0.09492930150218638,-0.061179312950406343,0.00800345656907369,0.49885270903159395,0.571968115046017,0.58,0.13856406460551018,False
0.16,0.36,0.48,-0.12665135845876616,-0.09356559587149706,-0.05951686384601836,0.009984410033159695,0.5041368273847953,0.5797065085617833,0.5599999999999999,0.13856406460551018,False
0.16,0.38,0.46,-0.12572030039672474,-0.09225897708497004,-0.05790812728671203,0.011862420043328338,0.5100779014226011,0.5875140057102447,0.54,0.13856406460551018,False
0.16,0.4,0.44,-0.1248920175380087,-0.09109472496867603,-0.05635632817309113,0.013666281795797056,0.5156765869844866,0.5953912241566324,0.52,0.13856406460551018,False
0.16,0.42,0.42,-0.12416108388456819,-0.09005484349816778,-0.05489730580530978,0.015404319823249439,0.5217682926490879,0.6033387868906704,0.5,0.13856406460551018,False
0.16,0.44,0.4,-0.12353076394510755,-0.08909051311555,-0.053547911408536326,0.01707629344380807,0.5281122976542965,0.6113573222672968,0.48000000000000004,0.13856406460551018,False
0.16,0.46,0.38,-0.12307223738069702,-0.08823564938762214,-0.05226250953307093,0.018680507435153017,0.5335981393699145,0.6194474640475879,0.46,0.13856406460551018,False
0.16,0.48,0.36,-0.12277155157422272,-0.08752715551362318,-0.05106749943947985,0.02017047377608071,0.5389041819071281,0.6276098514399815,0.44,0.13856406460551018,False
0.16,0.5,0.34,-0.12259600888527522,-0.08690247531575146,-0.0499798727987914,0.02153600648848285,0.5435558057378338,0.6358451291416493,0.42000000000000004,0.13856406460551018,False
0.16,0.52,0.32,-0.12252600575792146,-0.08639513007969629,-0.04901413739270038,0.022811680771681848,0.5490250825904579,0.6441539473802665,0.4,0.13856406460551018,False
0.16,0.54,0.3,-0.122544501121511,-0.08602411486007747,-0.04812965380021297,0.024014016879158582,0.5549217479150282,0.6525369619558341,0.38,0.13856406460551018,False
0.16,0.56,0.28,-0.12270881215165982,-0.08581797652292983,-0.047341917480936704,0.025136300047894484,0.5595228741994752,0.6609948342829359,0.36000000000000004,0.13856406460551018,False
0.16,0.58,0.26,-0.12303691495824903,-0.08570854913188962,-0.0466570708978472,0.02615340920383177,0.5664347643349286,0.6695282314331056,0.34,0.13856406460551018,False
0.16,0.6,0.24,-0.12358524425865981,-0.08573542295955117,-0.04612836435162802,0.02707178749144581,0.5715807081107949,0.6781378261775021,0.32,0.13856406460551018,False
0.16,0.62,0.22,-0.12429627862944276,-0.08594143355428978,-0.04572472900669964,0.027888554223007227,0.5772831565206202,0.6868242970298194,0.3,0.13856406460551018,False
0.16,0.64,0.2,-0.12513960687133704,-0.0862798033471201,-0.0454248481894561,0.02864780800969627,0.5839905212958412,0.6955883282894567,0.28,0.13856406460551018,False
0.16,0.66,0.18,-0.12608495706889833,-0.08674051811109296,-0.0452285430002737,0.029322623473208492,0.5903938857846563,0.7044306100849062,0.26,0.13856406460551018,False
0.16,0.68,0.16,-0.12716360400462298,-0.08738155761715721,-0.04518118085332093,0.02991210290784754,0.5973641319358938,0.7133518384173916,0.24,0.13856406460551018,False
0.16,0.7,0.14,-0.12838288487764615,-0.08818003556253354,-0.04522510591131296,0.030376622439284944,0.6047388481457933,0.7223527152048077,0.22000000000000003,0.13856406460551018,False
0.16,0.72,0.12,-0.12970689066822108,-0.08908872898972389,-0.04536202379317764,0.030757078941978863,0.6120142871610834,0.7314339483258172,0.2,0.13856406460551018,False
0.16,0.74,0.1,-0.13113229713639465,-0.09011895383310488,-0.04560029878273563,0.0310260682859584,0.6182816558799976,0.7405962516642921,0.18,0.13856406460551018,False
0.16,0.76,0.08,-0.13270716617196188,-0.09127699844835498,-0.04595357261469461,0.03122431684075576,0.6250014594596804,0.749840345153901,0.16,0.13856406460551018,False
0.16,0.78,0.06,-0.13451708578402222,-0.09258976995809676,-0.04641867794235319,0.03134735629400068,0.6315759038860732,0.7591669548230506,0.14,0.13856406460551018,False
0.16,0.8,0.04,-0.13654809358465886,-0.09396517982204021,-0.04696357488400433,0.03139489065975574,0.6375106789490321,0.7685768128400107,0.12,0.13856406460551018,False
0.16,0.82,0.02,-0.1387283971787689,-0.09545202847405455,-0.04763659524423119,0.031333098342578455,0.6440366892726199,0.7780706575582659,0.1,0.13856406460551018,False
0.16,0.84,0.0,-0.14106834534314544,-0.09701826552173806,-0.048456819918624605,0.031185235480376328,0.6501936340800487,0.7876492335621932,0.08,0.13856406460551018,False
0.18,0.0,0.82,-0.1418863575439196,-0.11351391694466667,-0.0817390280420101,-0.01628183309745584,0.4441647012114869,0.48957669316806185,0.9099999999999999,0.15588457268119893,False
0.18,0.02,0.8,-0.13971812741916353,-0.11103174419652767,-0.07902579107458471,-0.013138590057949697,0.44974463274225424,0.49652837634810104,0.89,0.15588457268119893,False
0.18,0.04,0.78,-0.13756083201494865,-0.10858835278177231,-0.07635980042361276,-0.010042982789612952,0.4554800364880005,0.5035416515721753,0.87,0.15588457268119893,False
0.18,0.06,0.76,-0.1354215540934579,-0.10618229745092814,-0.0737308853795349,-0.006990807270953162,0.46069711769613,0.5106170697191514,0.85,0.15588457268119893,False
0.18,0.08,0.74,-0.13336245705999317,-0.10381659368951679,-0.07114157783807072,-0.003982218723599312,0.46602053950571676,0.517755186474717,0.83,0.15588457268119893,False
0.18,0.1,0.72,-0.13138163715693307,-0.10147481089654578,-0.06856872666995222,-0.0010297331843561017,0.4705709406259746,0.5249565623689921,0.8099999999999999,0.15588457268119893,False
0.18,0.12,0.7,-0.1294805446370023,-0.09921743930945512,-0.06604501804534045,0.0018783716768130234,0.4764572931192713,0.5322217628142822,0.7899999999999999,0.15588457268119893,False
0.18,0.14,0.68,-0.1276387470589319,-0.09706748637556874,-0.06355374322748751,0.00473298368714745,0.48180005316177116,0.5395513581431446,0.77,0.15588457268119893,False
0.18,0.16,0.66,-0.12589771831951999,-0.09499391776007685,-0.06114397728452057,0.007508468868311107,0.4863197810082416,0.5469459236466765,0.75,0.15588457268119893,False
0.18,0.18,0.64,-0.12424936323156595,-0.0930059462906071,-0.05882714006494433,0.01020039300566381,0.49314015084422114,0.5544060396130134,0.73,0.15588457268119893,False
0.18,0.2,0.62,-0.1227169034979079,-0.09109224225101695,-0.05655400245487659,0.012824807730483369,0.49960352991244195,0.5619322913661452,0.71,0.15588457268119893,False
0.18,0.22,0.6,-0.12126614438673483,-0.08922832054169894,-0.054353796946232776,0.015390260760570566,0.5053574048108389,0.5695252693048681,0.69,0.15588457268119893,False
0.18,0.24,0.58,-0.11992443938123958,-0.0874199727313384,-0.05221847098250475,0.017879294225778674,0.5105280513489974,0.5771855689420997,0.6699999999999999,0.15588457268119893,False
0.18,0.26,0.56,-0.11864705751091136,-0.08569992341778003,-0.05015638958851173,0.0202890898390692,0.5163723343263937,0.5849137909443485,0.65,0.15588457268119893,False
0.18,0.28,0.54,-0.11743382278853332,-0.08408898232756963,-0.04816616997892714,0.022629912555152353,0.5218568997914463,0.592710541171455,0.63,0.15588457268119893,False
0.18,0.3,0.52,-0.11626065610747788,-0.08254739457789735,-0.046253071402929676,0.024879879737803322,0.5275095113608662,0.6005764307166013,0.61,0.15588457268119893,False
0.18,0.32,0.5,-0.11516390573931515,-0.08108220485898347,-0.044428288757986,0.02704320637122656,0.5341589080595376,0.6085120759465559,0.59,0.15588457268119893,False
0.18,0.34,0.48,-0.1141101756973697,-0.07970054243809464,-0.04269783568237176,0.029123688468505295,0.5397208212627668,0.6165180985421116,0.57,0.15588457268119893,False
0.18,0.36,0.46,-0.11311237926252221,-0.07844223665790903,-0.04104172081980445,0.031119510448592343,0.5449891525270338,0.6245951255388927,0.55,0.15588457268119893,False
0.18,0.38,0.44,-0.11224271642704674,-0.07730559066175637,-0.03945446242045154,0.03302567546798701,0.5512737983140601,0.6327437893682464,0.53,0.15588457268119893,False
0.18,0.4,0.42,-0.11155568026899214,-0.0762941815658918,-0.037980141300775164,0.034843292748419095,0.5575239455941415,0.6409647278985587,0.51,0.15588457268119893,False
0.18,0.42,0.4,-0.11100609250959771,-0.07537006370872296,-0.03661882000771486,0.0365682879502372,0.5646191923883506,0.6492585844766547,0.49,0.15588457268119893,False
0.18,0.44,0.38,-0.11059501183552557,-0.07456576301291269,-0.035352618369733954,0.03820307406677798,0.5710543697934383,0.6576260079695695,0.47,0.15588457268119893,False
0.18,0.46,0.36,-0.11033936226467761,-0.073819347434501,-0.03415989959079989,0.03972781453444453,0.5774754863686833,0.6660676528065068,0.44999999999999996,0.15588457268119893,False
0.18,0.48,0.34,-0.11021332679073953,-0.0731669047965876,-0.033094684505258556,0.041150388888374606,0.5828007937043845,0.6745841790210566,0.43000000000000005,0.15588457268119893,False
0.18,0.5,0.32,-0.11024874062719575,-0.07264626591442275,-0.032131467869092434,0.042488385691462446,0.5884515139945357,0.6831762522936673,0.41000000000000003,0.15588457268119893,False
0.18,0.52,0.3,-0.11042642121126367,-0.07230630500962938,-0.03126043440197048,0.04372088354214631,0.5940653239451753,0.6918445439943952,0.39,0.15588457268119893,False
0.18,0.54,0.28,-0.11075959764498108,-0.07212004359586632,-0.03050919610404045,0.04485792531545595,0.5998603145075523,0.7005897312258532,0.37,0.15588457268119893,False
0.18,0.56,0.26,-0.11124205790409712,-0.07209724316704738,-0.02991485619425667,0.04590360583583893,0.6054686919426766,0.7094124968664159,0.35,0.15588457268119893,False
0.18,0.58,0.24,-0.11191518088055111,-0.07222403412605022,-0.02947092417802981,0.046845489974336116,0.6120878553827471,0.7183135296137638,0.32999999999999996,0.15588457268119893,False
0.18,0.6,0.22,-0.11264463323634613,-0.07249897198098941,-0.029184461063363573,0.04767425043446779,0.6180153576809541,0.7272935240285255,0.31,0.15588457268119893,False
0.18,0.62,0.2,-0.11357425804002769,-0.07287559494637746,-0.029003976514571584,0.048416719190964935,0.6246205403985159,0.7363531805783168,0.29000000000000004,0.15588457268119893,False
0.18,0.64,0.18,-0.11466254445994405,-0.07342729848481254,-0.028911612875339058,0.04905900382635335,0.6314602444447007,0.7454932056819685,0.27,0.15588457268119893,False
0.18,0.66,0.16,-0.11584207509866441,-0.07413881115330981,-0.028933906731548324,0.04960974937793496,0.6386613918317008,0.7547143117539508,0.25,0.15588457268119893,False
0.18,0.68,0.14,-0.11712967879153063,-0.07496501880360068,-0.029065587431754712,0.05005131714285396,0.6461096053296058,0.7640172172491905,0.23,0.15588457268119893,False
0.18,0.7,0.12,-0.11852918227566635,-0.07592858613023695,-0.029291215661975414,0.05040473341128463,0.6526072319986626,0.7734026467080044,0.21,0.15588457268119893,False
0.18,0.72,0.1,-0.1201201333055527,-0.0770713853976375,-0.02962958655491347,0.05067628184012737,0.658843620183938,0.782871330801343,0.19,0.15588457268119893,False
0.18,0.74,0.08,-0.12185074096967888,-0.07831508609301358,-0.030079076504536416,0.05086051947073629,0.6653224261681084,0.7924240063763188,0.16999999999999998,0.15588457268119893,False
0.18,0.76,0.06,-0.1237404410518086,-0.0796408528714469,-0.030686715778523138,0.050936839476502606,0.6736552683835121,0.8020614165019075,0.15,0.15588457268119893,False
0.18,0.78,0.04,-0.12579112782297602,-0.08108606113330925,-0.031451686514398204,0.05092691236407732,0.6801326180419418,0.8117843105149718,0.13,0.15588457268119893,False
0.18,0.8,0.02,-0.1280353078239782,-0.0826428440871481,-0.03234190681530098,0.05083835681282867,0.686784548552025,0.8215934440665146,0.11,0.15588457268119893,False
0.18,0.82,0.0,-0.1304119541918153,-0.0843028347218676,-0.03334149754760634,0.05065527505591095,0.6941525875642502,0.8314895791681731,0.09,0.15588457268119893,False
0.2,0.0,0.8,-0.12915136333580757,-0.09856598787665151,-0.06378036282917048,0.003975097941969756,0.48016520663364726,0.530394283722529,0.9,0.17320508075688773,False
0.2,0.02,0.78,-0.12692332696393344,-0.09597128185927038,-0.06092571992007108,0.007216108020416658,0.4866664927506319,0.5376545173717578,0.88,0.17320508075688773,False
0.2,0.04,0.76,-0.12473237039568337,-0.09343325516227488,-0.05814339079332951,0.01041918012549483,0.4928684748325024,0.5449786174393452,0.86,0.17320508075688773,False
0.2,0.06,0.74,-0.12256586273914222,-0.09099024885743758,-0.05540114352779269,0.013579280716453436,0.4995526955427208,0.5523671529709246,0.84,0.17320508075688773,False
0.2,0.08,0.72,-0.12047342380967974,-0.08857834574896171,-0.052689768421512066,0.01668076310831359,0.5026814374229711,0.5598206979591615,0.82,0.17320508075688773,False
0.2,0.1,0.7,-0.11845650861846173,-0.08623651779024694,-0.05005429091103704,0.019729666064503004,0.5088496493379772,0.5673398313821879,0.7999999999999999,0.17320508075688773,False
0.2,0.12,0.68,-0.11649474595671883,-0.0840008080733043,-0.04754606090733573,0.022731798074739143,0.5166990258512923,0.5749251372424362,0.78,0.17320508075688773,False
0.2,0.14,0.66,-0.11463081369074594,-0.08186010071217618,-0.045099690707167836,0.025651776334782404,0.5222004499907607,0.5825772046055903,0.76,0.17320508075688773,False
0.2,0.16,0.64,-0.11303437605311356,-0.07982838971345817,-0.04269728771283488,0.02850212152992261,0.5293926045357819,0.5902966276398565,0.74,0.17320508075688773,False
0.2,0.18,0.62,-0.11149590896263425,-0.07786201950093678,-0.040380084633263466,0.0312644756318822,0.5351918310803591,0.5980840056554592,0.72,0.17320508075688773,False
0.2,0.2,0.6,-0.10999782369544768,-0.075955642140747,-0.03813767493089033,0.033931710736663075,0.5422058490284548,0.6059399431444077,0.7,0.17320508075688773,False
0.2,0.22,0.58,-0.10857605642228779,-0.07416920063503894,-0.03595903876934367,0.0365232024825541,0.5471044277330888,0.6138650498204419,0.6799999999999999,0.17320508075688773,False
0.2,0.24,0.56,-0.10722879847231521,-0.07243284742353237,-0.033833490538502736,0.03903511563731687,0.5518599289555783,0.6218599406593187,0.66,0.17320508075688773,False
0.2,0.26,0.54,-0.10591615245775962,-0.07074839995848299,-0.03178666266276535,0.041451314354413765,0.5579292223602315,0.6299252359393259,0.64,0.17320508075688773,False
0.2,0.28,0.52,-0.10465196797670191,-0.06916618122974592,-0.029817434168314078,0.04376136515565693,0.563866414705629,0.6380615612819479,0.62,0.17320508075688773,False
0.2,0.3,0.5,-0.10350276591602704,-0.06769448661126855,-0.0279278363632963,0.045990039914118055,0.569297793293843,0.6462695476929488,0.6,0.17320508075688773,False
0.2,0.32,0.48,-0.10243821245602217,-0.06637236819954999,-0.026129219590096685,0.04814377485594176,0.5760583105633152,0.654549831603558,0.58,0.17320508075688773,False
0.2,0.34,0.46,-0.10151665117896001,-0.06518462631148159,-0.02443586967263402,0.05020798471155021,0.5813635787953845,0.6629030549120036,0.56,0.17320508075688773,False
0.2,0.36,0.44,-0.1007143469307054,-0.06407870306435996,-0.022847121983389257,0.05217332964480106,0.5886315831861728,0.6713298650252599,0.54,0.17320508075688773,False
0.2,0.38,0.42,-0.09999088301365898,-0.06309254005273533,-0.021392872526284013,0.05404274411695167,0.5947717230976917,0.6798309149010101,0.52,0.17320508075688773,False
0.2,0.4,0.4,-0.09940694981282958,-0.062250440108494336,-0.020029850660238102,0.05579691569582165,0.6005458719799739,0.6884068630899668,0.5,0.17320508075688773,False
0.2,0.42,0.38,-0.09897638955978383,-0.061470517835365064,-0.018783310145242805,0.057464574978895316,0.6063458741925614,0.697058373778329,0.48,0.17320508075688773,False
0.2,0.44,0.36,-0.09875750215687953,-0.06077315771214597,-0.017689249314759507,0.05904624335899636,0.6138351098291698,0.7057861168305919,0.45999999999999996,0.17320508075688773,False
0.2,0.46,0.34,-0.0987848145394184,-0.06018240886114681,-0.016706635006916926,0.06051775343769446,0.6206930819109473,0.7145907678325085,0.44000000000000006,0.17320508075688773,False
0.2,0.48,0.32,-0.09903510128159633,-0.059699764515990704,-0.015818890156757855,0.06187987811238213,0.6276749081986577,0.7234730081344375,0.42000000000000004,0.17320508075688773,False
0.2,0.5,0.3,-0.09936178354941598,-0.059391054142382806,-0.015066678507854488,0.06310273099123836,0.6326625009377154,0.7324335248947701,0.4,0.17320508075688773,False
0.2,0.52,0.28,-0.09977711521763974,-0.059268810516522864,-0.014435271070298015,0.06424400083188082,0.638951480985507,0.7414730111238312,0.38,0.17320508075688773,False
0.2,0.54,0.26,-0.10034682085141476,-0.05929850324981993,-0.013918753092655231,0.0652940752156574,0.646160923451709,0.7505921657278415,0.36,0.17320508075688773,False
0.2,0.56,0.24,-0.10100818857641608,-0.05948883890651354,-0.013521565353009312,0.06623145728987996,0.6528506318535243,0.7597916935531996,0.33999999999999997,0.17320508075688773,False
0.2,0.58,0.22,-0.10175078779825933,-0.05982531327465101,-0.013285175210940175,0.06708521664160014,0.6600899678660308,0.7690723054311251,0.32,0.17320508075688773,False
0.2,0.6,0.2,-0.10267810207443188,-0.060255744687796244,-0.013212326521264493,0.06785455034619135,0.6670596058626956,0.7784347182223436,0.30000000000000004,0.17320508075688773,False
0.2,0.62,0.18,-0.10384095773221247,-0.06085528702199866,-0.013297040053979185,0.06853718884342462,0.6740016970526779,0.7878796548622694,0.28,0.17320508075688773,False
0.2,0.64,0.16,-0.1051176991323894,-0.06163978436179295,-0.013491744425351136,0.06909657629450525,0.681317545368793,0.7974078444062269,0.26,0.17320508075688773,False
0.2,0.66,0.14,-0.1064605262733962,-0.06256300561341555,-0.013764250911254959,0.06955163533682057,0.6870961304144403,0.8070200220750993,0.24000000000000002,0.17320508075688773,False
0.2,0.68,0.12,-0.1079702088039509,-0.06364668038648076,-0.014135547085153794,0.06988552315409383,0.6933817582327009,0.8167169293011404,0.22,0.17320508075688773,False
0.2,0.7,0.1,-0.10960599398465726,-0.0648432147222204,-0.01462213625801946,0.07013009934113905,0.7001332011354726,0.826499313774064,0.2,0.17320508075688773,False
0.2,0.72,0.08,-0.11134348970586318,-0.06616647202044112,-0.015203941090601658,0.07028109125636965,0.707128998395754,0.8363679294873915,0.18,0.17320508075688773,False
0.2,0.74,0.06,-0.11327339128609974,-0.06760836978713791,-0.015947772834504645,0.07034309891166377,0.7153342344123508,0.8463235367850924,0.16,0.17320508075688773,False
0.2,0.76,0.04,-0.11538343730633879,-0.06914895961800438,-0.01681109840808664,0.07031976029179696,0.722761894649236,0.8563669024084016,0.14,0.17320508075688773,False
0.2,0.78,0.02,-0.11765227951963114,-0.07079456636025352,-0.017791031595794246,0.07015456852803616,0.7296207790425517,0.8664987995429807,0.12000000000000001,0.17320508075688773,False
0.2,0.8,0.0,-0.12015565064003528,-0.07251535934103831,-0.018871689311574305,0.06987008744875801,0.7379958349659265,0.876720007866287,0.1,0.17320508075688773,False
0.22,0.0,0.78,-0.11660969396279834,-0.08376382118931586,-0.04603356860530984,0.024455735599044813,0.5198308340907221,0.572920033125462,0.89,0.1905255888325765,False
0.22,0.02,0.76,-0.11431909183240524,-0.08111606117234592,-0.043134946261899045,0.02780678651322655,0.525986881690496,0.5804991006948635,0.87,0.1905255888325765,False
0.22,0.04,0.74,-0.1120683347674385,-0.07853893791016285,-0.04031013872129137,0.031100840208715154,0.5320429816629312,0.5881443722088637,0.85,0.1905255888325765,False
0.22,0.06,0.72,-0.10986387974390073,-0.07603652196175319,-0.03755020804989984,0.03434032345570586,0.5382813205352285,0.5958564353149354,0.83,0.1905255888325765,False
0.22,0.08,0.7,-0.10778020297545098,-0.07363003191019327,-0.034871815081834526,0.03752765720888477,0.5440445775523657,0.6036358827504854,0.8099999999999999,0.1905255888325765,False
0.22,0.1,0.68,-0.10578210743456243,-0.07136085386848158,-0.032274521356561205,0.04065496009046807,0.5509867632819805,0.611483312382411,0.79,0.1905255888325765,False
0.22,0.12,0.66,-0.10394819898156588,-0.06915724116458566,-0.0297434231516178,0.04369979335381395,0.5582287195082174,0.6193993272467595,0.77,0.1905255888325765,False
0.22,0.14,0.64,-0.10221096744422725,-0.06704291370992484,-0.02728413656384525,0.04665264385773743,0.5647994315172761,0.6273845355887367,0.75,0.1905255888325765,False
0.22,0.16,0.62,-0.10060426427130965,-0.06503091855833003,-0.024911563639211022,0.04951157260886366,0.5712106862687697,0.6354395509029691,0.73,0.1905255888325765,False
0.22,0.18,0.6,-0.09913479220211478,-0.06311038806454916,-0.022610182909791977,0.05230161668093462,0.5797251620713122,0.6435649919739369,0.71,0.1905255888325765,False
0.22,0.2,0.58,-0.09776017632998894,-0.06126226342272405,-0.020378957638432962,0.05500307614789987,0.5844885532061016,0.6517614829167625,0.69,0.1905255888325765,False
0.22,0.22,0.56,-0.09640183180578395,-0.05947803707395728,-0.018220578305982924,0.057607362000723625,0.589314152070834,0.6600296532181902,0.67,0.1905255888325765,False
0.22,0.24,0.54,-0.09507098754945036,-0.05778534033043055,-0.0161142000349083,0.06010717421319599,0.5957488168364629,0.6683701377778003,0.65,0.1905255888325765,False
0.22,0.26,0.52,-0.09379061274398513,-0.056230135290689966,-0.014066599193291925,0.0625194742079118,0.6018742718008131,0.6767835769495627,0.63,0.1905255888325765,False
0.22,0.28,0.5,-0.09265315420804607,-0.05485385722629819,-0.012120685146340985,0.06483724253469975,0.6078691025289447,0.6852706165835722,0.61,0.1905255888325765,False
0.22,0.3,0.48,-0.09163748032541871,-0.05362572132886104,-0.01028955199909582,0.06705533997074925,0.6131806095375019,0.6938319080680558,0.59,0.1905255888325765,False
0.22,0.32,0.46,-0.09069086814608943,-0.05248713332812795,-0.008591639574493097,0.0691516879400828,0.6204403017694784,0.7024681083716764,0.5700000000000001,0.1905255888325765,False
0.22,0.34,0.44,-0.08980121501850169,-0.0514363383939967,-0.007032748977315239,0.07113867566081904,0.6263843803678184,0.7111798800860106,0.55,0.1905255888325765,False
0.22,0.36,0.42,-0.08905066038679972,-0.050492374470660115,-0.005631955627939433,0.07301588933146916,0.6334000251529093,0.7199678914683932,0.53,0.1905255888325765,False
0.22,0.38,0.4,-0.08852699412065677,-0.04967193509244112,-0.004373978482754179,0.0748017189375717,0.6395217808807057,0.7288328164849015,0.51,0.1905255888325765,False
0.22,0.4,0.38,-0.08827233200842276,-0.04894499005761294,-0.0032544547656444822,0.07649069015446157,0.6468496726898623,0.7377753348537006,0.49,0.1905255888325765,False
0.22,0.42,0.36,-0.08819587488060567,-0.04832870792893579,-0.0022098818999115185,0.0780446421791122,0.6524172888406463,0.746796132088607,0.47,0.1905255888325765,False
0.22,0.44,0.34,-0.08825279786248745,-0.04780492188445158,-0.0012833228196945864,0.07947368826774062,0.6582687451126696,0.7558958995428665,0.45,0.1905255888325765,False
0.22,0.46,0.32,-0.08852003887242813,-0.04741059916994895,-0.0005094701211583438,0.08081434559943988,0.6674068891767289,0.7650753344532811,0.43,0.1905255888325765,False
0.22,0.48,0.3,-0.08886238295884798,-0.04718809809258016,0.00014642749922864518,0.08207637707686158,0.6739563715227177,0.7743351399845195,0.41,0.1905255888325765,False
0.22,0.5,0.28,-0.08931648808837886,-0.04717312205725127,0.000715890599946036,0.08325425615632116,0.6806643699625794,0.7836760252737133,0.39,0.1905255888325765,False
0.22,0.52,0.26,-0.08987172527373112,-0.04728430950267017,0.0011893275073879496,0.08434262327462844,0.6869655889692377,0.7930987054753554,0.37,0.1905255888325765,False
0.22,0.54,0.24,-0.09056514636797189,-0.047554622579302847,0.0015160485278661823,0.08532242973444037,0.6938332939430913,0.8026039018063632,0.35,0.1905255888325765,False
0.22,0.56,0.22,-0.09142703600827183,-0.04798194939543741,0.0016803230890878216,0.08622295323935776,0.7007759723571445,0.8121923415915351,0.33,0.1905255888325765,False
0.22,0.58,0.2,-0.09243184727602449,-0.04851860432487664,0.0016579085256845786,0.08700497842867821,0.7073509441543275,0.8218647583090954,0.31,0.1905255888325765,False
0.22,0.6,0.18,-0.0936086134879635,-0.04921443448032516,0.0014945231464155995,0.08767872370050725,0.7144484769245201,0.8316218916367063,0.29,0.1905255888325765,False
0.22,0.62,0.16,-0.0948982958060369,-0.05014226615948147,0.0012295095376985256,0.08824525466470502,0.7210742944244626,0.8414644874975651,0.27,0.1905255888325765,False
0.22,0.64,0.14,-0.09633075715114836,-0.05121887333346205,0.0008524267894669041,0.08869382159293132,0.7283076577157082,0.8513932981068519,0.25,0.1905255888325765,False
0.22,0.66,0.12,-0.09790986452565406,-0.052376311034355555,0.00037234925320960585,0.08904113046649624,0.7360557010381441,0.8614090820184094,0.22999999999999998,0.1905255888325765,False
0.22,0.68,0.1,-0.09964511385995246,-0.053631843231318095,-0.00018542542230853067,0.08928497382001818,0.7429541653515579,0.8715126041717287,0.21000000000000002,0.1905255888325765,False
0.22,0.7,0.08,-0.10150040326657439,-0.05497420318120701,-0.0008739886027682374,0.08943807871107637,0.7489553083041853,0.8817046359391532,0.19,0.1905255888325765,False
0.22,0.72,0.06,-0.10350627865553888,-0.05645855568591445,-0.001691706688658798,0.0894756371348457,0.7572043807917647,0.8919859551733401,0.16999999999999998,0.1905255888325765,False
0.22,0.74,0.04,-0.10570704933622671,-0.05806756619062022,-0.002616085977488424,0.08937466018819468,0.7640259071019886,0.9023573462549932,0.15,0.1905255888325765,False
0.22,0.76,0.02,-0.10799784343986296,-0.059793942112957923,-0.0036665547558833345,0.08916717886186987,0.7729645792801485,0.9128196001409314,0.13,0.1905255888325765,False
0.22,0.78,0.0,-0.11043648887085311,-0.061655224516173605,-0.004800105592761619,0.08882608249423261,0.7820335937287772,0.9233735144122993,0.11,0.1905255888325765,False
0.24,0.0,0.76,-0.10465024546922586,-0.06931297489702569,-0.028639796905348888,0.04496924493721169,0.5604598705644414,0.6172077975160327,0.88,0.20784609690826525,False
0.24,0.02,0.74,-0.1022864488505398,-0.06665091977414477,-0.025685508457233,0.04840140899730194,0.5673690725708742,0.6251162353949455,0.86,0.20784609690826525,False
0.24,0.04,0.72,-0.10000075672130483,-0.06410902761945009,-0.02283592572712236,0.05177664863661619,0.5730045140768716,0.6330932790144909,0.84,0.20784609690826525,False
0.24,0.06,0.7,-0.09780695145771197,-0.06167022265868474,-0.020077546180850475,0.05507220781563082,0.5796921080385161,0.6411395350644664,0.82,0.20784609690826525,False
0.24,0.08,0.68,-0.095809144761584,-0.05932954518297816,-0.01741929995625643,0.058272626820208326,0.5862278496169233,0.6492556154704482,0.8,0.20784609690826525,False
0.24,0.1,0.66,-0.09393765471949511,-0.057076578166248775,-0.014841354358159808,0.06139363921478293,0.59298242301812,0.657442137434264,0.78,0.20784609690826525,False
0.24,0.12,0.64,-0.09217135912767188,-0.054912831140106456,-0.012328000408757624,0.06444377520137633,0.6009521740038342,0.665699723474726,0.76,0.20784609690826525,False
0.24,0.14,0.62,-0.09049978344972036,-0.05286013736750638,-0.009904524365958001,0.0674199815248021,0.607977955027639,0.6740290014685606,0.74,0.20784609690826525,False
0.24,0.16,0.6,-0.08897530892300023,-0.05092089189997476,-0.007578466409597215,0.07031216719441957,0.6152800773992851,0.682430604691686,0.72,0.20784609690826525,False
0.24,0.18,0.58,-0.08750519837377337,-0.04906039899967401,-0.005310339609334692,0.07312964770231811,0.6223611038353811,0.690905171860687,0.7,0.20784609690826525,False
0.24,0.2,0.56,-0.08607248894112157,-0.04735389430802102,-0.003161970663056539,0.0758287868949708,0.6277771646719299,0.6994533471745473,0.68,0.20784609690826525,False
0.24,0.22,0.54,-0.08473940428176543,-0.04574385537701113,-0.0011188410858382657,0.07840473823132173,0.6330513168336085,0.7080757803566986,0.66,0.20784609690826525,False
0.24,0.24,0.52,-0.08351293586655707,-0.04425987950013779,0.0008344479505503371,0.08087379523873475,0.6396928256388104,0.716773126697246,0.64,0.20784609690826525,False
0.24,0.26,0.5,-0.0824047743077324,-0.04290801969299225,0.002663445519504817,0.08321317736864979,0.6453894941610583,0.7255460470955298,0.62,0.20784609690826525,False
0.24,0.28,0.48,-0.08134871347816512,-0.04168555437592243,0.0043902809691367594,0.08545100290263159,0.6523917146367811,0.7343952081028635,0.6,0.20784609690826525,False
0.24,0.3,0.46,-0.0803889813414827,-0.040573675811486805,0.006025136006471678,0.08759104207390198,0.6595764833449638,0.7433212819656707,0.5800000000000001,0.20784609690826525,False
0.24,0.32,0.44,-0.07962767319602533,-0.03958233566096216,0.007532027369636599,0.08962249148770828,0.6666184820684502,0.7523249466686954,0.56,0.20784609690826525,False
0.24,0.34,0.42,-0.0790485738709186,-0.038689903457395425,0.00892662165924362,0.0915386637672422,0.6732611073710011,0.761406885978668,0.54,0.20784609690826525,False
0.24,0.36,0.4,-0.07861816513716433,-0.03787314236187904,0.01019300090696052,0.09333011204707974,0.680650569543529,0.7705677894880858,0.52,0.20784609690826525,False
0.24,0.38,0.38,-0.07839213972076602,-0.03719850622821776,0.011353367006377688,0.09501226900212716,0.6880859767460216,0.7798083526593323,0.5,0.20784609690826525,False
0.24,0.4,0.36,-0.07831555491782859,-0.03666348715631654,0.01239053429782591,0.0966136953699917,0.6943519240751432,0.7891292768690167,0.48,0.20784609690826525,False
0.24,0.42,0.34,-0.07837855635879881,-0.03626657645144786,0.013311987232016544,0.09810540126513037,0.7017634856679253,0.798531269452661,0.46,0.20784609690826525,False
0.24,0.44,0.32,-0.07857450920262499,-0.03601219704345097,0.014093164080482308,0.09947489761449654,0.7084727179594734,0.8080150437495333,0.44,0.20784609690826525,False
0.24,0.46,0.3,-0.07893928110578871,-0.035905110763738673,0.014729364440495846,0.10075808784159454,0.7150582933213713,0.817581319147823,0.42,0.20784609690826525,False
0.24,0.48,0.28,-0.07945954196803491,-0.03595788005913477,0.015234001340706555,0.10195762386330774,0.7229137071692417,0.8272308211300864,0.4,0.20784609690826525,False
0.24,0.5,0.26,-0.080066145147829,-0.03615709379351721,0.015641310118354387,0.1030667300736618,0.7292401328876503,0.8369642813188936,0.38,0.20784609690826525,False
0.24,0.52,0.24,-0.08079230929453989,-0.0365044836497349,0.015928911496206687,0.10408894408912266,0.7360967414041981,0.846782437522809,0.36,0.20784609690826525,False
0.24,0.54,0.22,-0.08169386860031419,-0.03702791869941521,0.016030970397668657,0.10501597501677631,0.7430983240038582,0.8566860337826087,0.33999999999999997,0.20784609690826525,False
0.24,0.56,0.2,-0.08274933669894484,-0.037686112952228144,0.01594424974131329,0.10581602363306634,0.750222934419922,0.8666758204177704,0.32,0.20784609690826525,False
0.24,0.58,0.18,-0.0840050707116799,-0.03844074249216998,0.01571402056304067,0.1065000514846207,0.7583682565464501,0.8767525540731984,0.3,0.20784609690826525,False
0.24,0.6,0.16,-0.08537821672599762,-0.03938999512501047,0.01536201995604519,0.10708153749059755,0.7656792521617137,0.8869169977662607,0.28,0.20784609690826525,False
0.24,0.62,0.14,-0.0868291484898224,-0.04050194705292522,0.014918757367575308,0.10756418293346451,0.7726634992993595,0.8971699209341077,0.26,0.20784609690826525,False
0.24,0.64,0.12,-0.08846141582964115,-0.04173295289146668,0.014378041387469918,0.10792557083884603,0.7784366746792444,0.9075120994811762,0.24,0.20784609690826525,False
0.24,0.66,0.1,-0.0903147923350059,-0.04303780022789832,0.013751033423539885,0.10812370052252372,0.785881126750074,0.9179443158270167,0.22,0.20784609690826525,False
0.24,0.68,0.08,-0.09225577736253424,-0.04449011584894114,0.012974164992122719,0.10820868651421661,0.7943198002160372,0.9284673589543984,0.2,0.20784609690826525,False
0.24,0.7,0.06,-0.09435712899259198,-0.046017675971172706,0.012108427354311484,0.10820237737338369,0.8011174269134212,0.9390820244576924,0.18,0.20784609690826525,False
0.24,0.72,0.04,-0.09661380172112949,-0.04767272798889131,0.011125769949684006,0.10808763654855993,0.8087614061855822,0.9497891145914217,0.16,0.20784609690826525,False
0.24,0.74,0.02,-0.09907417474639178,-0.04946999694839209,0.00998847690354572,0.10783787553382294,0.8174233301495191,0.9605894383192263,0.13999999999999999,0.20784609690826525,False
0.24,0.76,0.0,-0.1016870553752706,-0.051379775101677766,0.00868158203536476,0.10747093945753486,0.8249500572987594,0.971483811362991,0.12,0.20784609690826525,False
0.26,0.0,0.74,-0.09319440484618845,-0.055514273585365634,-0.01233097411129185,0.06513759909482526,0.6013938465947972,0.6633128117626725,0.87,0.22516660498395405,False
0.26,0.02,0.72,-0.09078064504909404,-0.0529114826711939,-0.00941204149700551,0.06861921585801656,0.6077908055693403,0.6715614134608345,0.85,0.22516660498395405,False
0.26,0.04,0.7,-0.08859775716539868,-0.05039662446736377,-0.006575611958531831,0.0720165537158943,0.6125414762000074,0.6798810880866186,0.83,0.22516660498395405,False
0.26,0.06,0.68,-0.08655083225207807,-0.047986837901792166,-0.0038144992304130804,0.07534707165885118,0.6204300398289979,0.6882724618181472,0.81,0.22516660498395405,False
0.26,0.08,0.66,-0.08457680759576913,-0.045685352725867864,-0.0011422367717198816,0.07858396768472185,0.6286862771562167,0.6967361662179851,0.79,0.22516660498395405,False
0.26,0.1,0.64,-0.0827619039781216,-0.04352191878603558,0.001434127762220575,0.0817584743204789,0.6361253681186994,0.7052728382746389,0.77,0.22516660498395405,False
0.26,0.12,0.62,-0.08099831073167688,-0.04147678950425085,0.003907139040939981,0.08483499195285948,0.6452990864247162,0.7138831204442475,0.75,0.22516660498395405,False
0.26,0.14,0.6,-0.07940873096277405,-0.03954956919096647,0.006254428292897022,0.08780729309199084,0.6545239228158681,0.7225676606926252,0.73,0.22516660498395405,False
0.26,0.16,0.58,-0.07788235709605895,-0.03772786288180968,0.008507935068877837,0.09066690074840279,0.6619376344337655,0.7313271125374231,0.71,0.22516660498395405,False
0.26,0.18,0.56,-0.07640963500592826,-0.03598194771830494,0.010667845798302614,0.09340287707412369,0.6686742640509062,0.7401621350906991,0.6900000000000001,0.22516660498395405,False
0.26,0.2,0.54,-0.07504549996526068,-0.034384553985106696,0.012759229804439467,0.09602819109751617,0.6723072114772207,0.7490733931016801,0.67,0.22516660498395405,False
0.26,0.22,0.52,-0.07377899932835794,-0.03295270317018196,0.01473050731063832,0.09854768231273826,0.6801787452342151,0.7580615569997935,0.65,0.22516660498395405,False
0.26,0.24,0.5,-0.0726019059066829,-0.03164997779451283,0.01658741738360819,0.10097328528441453,0.6855973842420022,0.7671273029379724,0.63,0.22516660498395405,False
0.26,0.26,0.48,-0.0715603209833234,-0.030458593462914924,0.018334110129372888,0.10329216748089019,0.692975768236973,0.7762713128362124,0.61,0.22516660498395405,False
0.26,0.28,0.46,-0.0707577068001432,-0.029389772354889224,0.019957980161377793,0.10547433629437589,0.7012699692854861,0.7854942744254403,0.5900000000000001,0.22516660498395405,False
0.26,0.3,0.44,-0.07015183250772751,-0.028481505935916255,0.02143886221690263,0.10756019263389714,0.7088918048768729,0.794796881291578,0.5700000000000001,0.22516660498395405,False
0.26,0.32,0.42,-0.06966792548737942,-0.027659305910655338,0.02283051332168682,0.10950424391558682,0.7155314659932022,0.804179832919933,0.55,0.22516660498395405,False
0.26,0.34,0.4,-0.06935329081474123,-0.02695469164818264,0.024126533740031632,0.11133315475120306,0.7214916835980966,0.8136438347398375,0.53,0.22516660498395405,False
0.26,0.36,0.38,-0.06921058460730714,-0.026369115960636683,0.025306506875879736,0.11305433140018235,0.7298784493269914,0.8231895981695204,0.51,0.22516660498395405,False
0.26,0.38,0.36,-0.06919147915088618,-0.025918415631195693,0.026360486946388772,0.11470479597751881,0.7381870836235547,0.8328178406613354,0.49,0.22516660498395405,False
0.26,0.4,0.34,-0.0693034440743434,-0.025593040198157172,0.02723528775888061,0.11626804296291755,0.7447607449725089,0.8425292857471546,0.47000000000000003,0.22516660498395405,False
0.26,0.42,0.32,-0.06950988195403819,-0.025359527809799602,0.02797992604905644,0.11773146024290056,0.7510247163236732,0.8523246630841068,0.45,0.22516660498395405,False
0.26,0.44,0.3,-0.06983940775808212,-0.025282034076354383,0.02860236283672027,0.1191080534657,0.7577715188213818,0.8622047085005321,0.43,0.22516660498395405,False
0.26,0.46,0.28,-0.07038632497175264,-0.025363061400159505,0.02904848190124589,0.12037197031357706,0.7660891786839612,0.8721701640422677,0.41000000000000003,0.22516660498395405,False
0.26,0.48,0.26,-0.07110584330647444,-0.025591714145291964,0.0293675961053837,0.121528095948532,0.7731926397085346,0.8822217780191269,0.39,0.22516660498395405,False
0.26,0.5,0.24,-0.07197760673993239,-0.025999167102694384,0.02954470052222819,0.12257213310608132,0.780127162113097,0.8923603050517579,0.37,0.22516660498395405,False
0.26,0.52,0.22,-0.0730104057260057,-0.026573190648066385,0.02958346220906235,0.12349323635339432,0.7875751836605329,0.9025865061186027,0.35,0.22516660498395405,False
0.26,0.54,0.2,-0.074165414761573,-0.02731132363666233,0.029450234760202688,0.12429809787324758,0.7950419233109169,0.9129011486033441,0.33,0.22516660498395405,False
0.26,0.56,0.18,-0.07545461666487957,-0.02816970350250314,0.029190376486654998,0.12501274377932045,0.8013601830591325,0.9233050063424328,0.31,0.22516660498395405,False
0.26,0.58,0.16,-0.07684968708880208,-0.02919280368328121,0.028807453233247234,0.12560192194303282,0.8102177652342507,0.9337988596730132,0.29000000000000004,0.22516660498395405,False
0.26,0.6,0.14,-0.07838699969022718,-0.030368885364919582,0.028321568216017452,0.1260115044627868,0.816977393715697,0.9443834954810296,0.27,0.22516660498395405,False
0.26,0.62,0.12,-0.08004029331193928,-0.03165771754167212,0.02774527179400462,0.12630499871567274,0.8237070240646139,0.9550597072496676,0.25,0.22516660498395405,False
0.26,0.64,0.1,-0.08188123661828171,-0.03305160557608409,0.027033651020671998,0.12649071056194922,0.831294392844327,0.9658282951080862,0.23,0.22516660498395405,False
0.26,0.66,0.08,-0.08395207582081757,-0.03456311517326424,0.026149546142235414,0.126551074731084,0.8383033487780114,0.976690065880296,0.21000000000000002,0.22516660498395405,False
0.26,0.68,0.06,-0.08618839131967809,-0.03618984299923625,0.025156678583520754,0.1264867742886868,0.8475506489674736,0.9876458331345235,0.19,0.22516660498395405,False
0.26,0.7,0.04,-0.0885971221449863,-0.03790180227929205,0.024057285728977106,0.1263184616576428,0.8543751721392925,0.9986964172325923,0.17,0.22516660498395405,False
0.26,0.72,0.02,-0.09112812900726461,-0.039703361778552805,0.02280573303391758,0.1260482048684207,0.8637538160714158,1.0098426453797762,0.15,0.22516660498395405,False
0.26,0.74,0.0,-0.09379077288862471,-0.04166908107140474,0.02139866445641446,0.12565877568808756,0.8713538748414321,1.0210853516749006,0.13,0.22516660498395405,False
0.28,0.0,0.72,-0.0823370557297554,-0.04246349115699476,0.002934203664753855,0.08477037203075655,0.6442330568458492,0.7112917240425992,0.86,0.24248711305964282,False
0.28,0.02,0.7,-0.08007418970560297,-0.039963653448056455,0.005880236131354383,0.08834425572135951,0.6503948583124178,0.7198915444229569,0.84,0.24248711305964282,False
0.28,0.04,0.68,-0.07790971883583056,-0.03757346008011964,0.008764021434906613,0.09182329704256627,0.6582303006072543,0.7285649714330259,0.8200000000000001,0.24248711305964282,False
0.28,0.06,0.66,-0.0758527113807153,-0.03527916411154798,0.011568628472391745,0.09520479068854532,0.666969640862029,0.7373126511905842,0.8,0.24248711305964282,False
0.28,0.08,0.64,-0.07393417026157864,-0.03311192990719912,0.014279516922679685,0.09844028169396694,0.6744765482940794,0.746135235349434,0.78,0.24248711305964282,False
0.28,0.1,0.62,-0.07213043402456243,-0.03104316838253699,0.016870050335495105,0.10156039311436262,0.682849039518288,0.7550333811419117,0.76,0.24248711305964282,False
0.28,0.12,0.6,-0.07042428367786614,-0.02903018517559489,0.019300455910304538,0.10455922181889478,0.6921638605542515,0.7640077514215644,0.74,0.24248711305964282,False
0.28,0.14,0.58,-0.06879603793679268,-0.02715729090965182,0.021607946541760265,0.1074736094292805,0.6996792524575538,0.7730590147062354,0.72,0.24248711305964282,False
0.28,0.16,0.56,-0.06731424232958447,-0.02546152606849812,0.02384696092407945,0.11028256143425615,0.706913327340056,0.7821878452212511,0.7000000000000001,0.24248711305964282,False
0.28,0.18,0.54,-0.06595125778142671,-0.023906610778095586,0.025984763950073177,0.11297509587246012,0.7145098842841426,0.7913949229430527,0.68,0.24248711305964282,False
0.28,0.2,0.52,-0.06475775001841835,-0.022516247312280812,0.02798719508208339,0.1155696056053822,0.7221213851459991,0.8006809336429621,0.66,0.24248711305964282,False
0.28,0.22,0.5,-0.06370955071811192,-0.021224569272072745,0.02986838958856575,0.11806133698103757,0.7294775646252063,0.810046568931263,0.64,0.24248711305964282,False
0.28,0.24,0.48,-0.0628338133828117,-0.02002575047671467,0.03163653923707013,0.12046474042578566,0.7349186892699373,0.8194925263015752,0.62,0.24248711305964282,False
0.28,0.26,0.46,-0.062096972817090264,-0.01896941798265485,0.03326122278555777,0.12274290484501152,0.7430339522140654,0.8290195091754656,0.6000000000000001,0.24248711305964282,False
0.28,0.28,0.44,-0.06153072676216083,-0.018094580838393597,0.03476944664175286,0.12491395977106248,0.7512264368120098,0.8386282269473637,0.5800000000000001,0.24248711305964282,False
0.28,0.3,0.42,-0.06106846088242777,-0.01735867970513357,0.03614419406323611,0.12696369758176368,0.7585995806021169,0.8483193950297068,0.56,0.24248711305964282,False
0.28,0.32,0.4,-0.060778824796523516,-0.016683159536241058,0.037424231561758184,0.12890386676911259,0.7655940811908772,0.8580937348983838,0.54,0.24248711305964282,False
0.28,0.34,0.38,-0.06058638369039444,-0.01612329505547225,0.038579221395515756,0.13072906562544745,0.7733040250695726,0.8679519741384935,0.52,0.24248711305964282,False
0.28,0.36,0.36,-0.060510178574976675,-0.015707466245959995,0.03960238978059266,0.1324634586738534,0.7798296925963031,0.8778948464902518,0.5,0.24248711305964282,False
0.28,0.38,0.34,-0.0606543877467971,-0.015398175083353718,0.04045222757305293,0.1340849136326435,0.7875956462610472,0.8879230918953154,0.48000000000000004,0.24248711305964282,False
0.28,0.4,0.32,-0.06093090825035415,-0.015218229220887525,0.041136626805724504,0.1355917616397393,0.7929336718544503,0.8980374565433096,0.46,0.24248711305964282,False
0.28,0.42,0.3,-0.06143511376409752,-0.015202016155931608,0.04168158962578008,0.1369864608815637,0.8000042877171627,0.9082386929186232,0.44,0.24248711305964282,False
0.28,0.44,0.28,-0.0621681770572226,-0.015377699451739496,0.04208130496272437,0.13828514636357864,0.808246643975334,0.9185275598474962,0.42000000000000004,0.24248711305964282,False
0.28,0.46,0.26,-0.06303637737745818,-0.015662454996031375,0.042313342847711814,0.1394599982117464,0.8157999896738621,0.9289048225453669,0.4,0.24248711305964282,False
0.28,0.48,0.24,-0.06407291816721142,-0.016099506385973756,0.04239454932703994,0.14052898649993048,0.8234536310766087,0.9393712526645822,0.38,0.24248711305964282,False
0.28,0.5,0.22,-0.06520799154960427,-0.016805284991654755,0.04234553408627706,0.1414762994188971,0.8318042564018691,0.9499276283421836,0.36,0.24248711305964282,False
0.28,0.52,0.2,-0.06645245475210369,-0.017643758948861173,0.04216855814500646,0.14229628146270093,0.8402691970942504,0.9605747342482035,0.34,0.24248711305964282,False
0.28,0.54,0.18,-0.06782171219873366,-0.018630764654790764,0.04183777948556261,0.1429782060521295,0.8474748799923497,0.9713133616340783,0.32,0.24248711305964282,False
0.28,0.56,0.16,-0.06926544535453824,-0.019746023941107332,0.04140035193624288,0.14353646090602792,0.8557272818565732,0.9821443083814282,0.30000000000000004,0.24248711305964282,False
0.28,0.58,0.14,-0.0708504418444052,-0.02099312576677085,0.04084691956763952,0.1439437614329689,0.8633123406387881,0.9930683790510298,0.28,0.24248711305964282,False
0.28,0.6,0.12,-0.07257326678969406,-0.022352535194517884,0.04018117331093909,0.1442264282851497,0.8708175476695111,1.0040863849321406,0.26,0.24248711305964282,False
0.28,0.62,0.1,-0.07446395803269933,-0.023760402763814435,0.039400276820360916,0.14437431790925923,0.8784994947692933,1.0151991440920787,0.24000000000000002,0.24248711305964282,False
0.28,0.64,0.08,-0.07656629042894765,-0.025274506925971645,0.03849342582809964,0.1443957231630565,0.8863779447530467,1.0264074814260382,0.22000000000000003,0.24248711305964282,False
0.28,0.66,0.06,-0.07882064836748336,-0.02694278685547691,0.03740397121291938,0.14431785976492997,0.8941069175666968,1.037712228707298,0.2,0.24248711305964282,False
0.28,0.68,0.04,-0.08122749058684554,-0.028738190691256285,0.03618946131259456,0.1441323036935351,0.9058002898171569,1.0491142246375287,0.18000000000000002,0.24248711305964282,False
0.28,0.7,0.02,-0.08377680721604859,-0.030617555158368708,0.034841480061751084,0.14381741592447955,0.9140683780327834,1.0606143148975438,0.16,0.24248711305964282,False
0.28,0.72,0.0,-0.08649547130220943,-0.03261890851487888,0.03336910277862604,0.1434110356942768,0.922023462084719,1.0722133521982586,0.14,0.24248711305964282,False
0.3,0.0,0.7,-0.0720946227606113,-0.03018960724818955,0.017356182194072232,0.10369139404674846,0.6886347874708534,0.7612026315694954,0.85,0.25980762113533157,False
0.3,0.02,0.68,-0.06996281264497042,-0.02778672663087155,0.020365918589337974,0.10723211281923799,0.6959925988223004,0.770164991133263,0.8300000000000001,0.25980762113533157,False
0.3,0.04,0.66,-0.06796665175671028,-0.025528903542278786,0.023263332610898718,0.11069525021043262,0.7050100984147785,0.7792035586705309,0.81,0.25980762113533157,False
0.3,0.06,0.64,-0.06602140310501255,-0.023326449350942382,0.026059441663221047,0.1140410724448474,0.714078267540398,0.7883190006954218,0.79,0.25980762113533157,False
0.3,0.08,0.62,-0.06415326267995694,-0.02127228041159179,0.028744078554901534,0.11727234490011075,0.7227698662195357,0.7975119894125539,0.77,0.25980762113533157,False
0.3,0.1,0.6,-0.06239037959064896,-0.01932155142229573,0.03129725698685681,0.12041938371186686,0.7322818399533622,0.8067832027605712,0.75,0.25980762113533157,False
0.3,0.12,0.58,-0.06075860136997084,-0.017487141699125294,0.0337207548670196,0.12348267480393858,0.740426369741888,0.8161333244558697,0.73,0.25980762113533157,False
0.3,0.14,0.56,-0.05926540598716604,-0.015759638517665903,0.036004303038707525,0.12644697026912177,0.7487320546862224,0.8255630440366868,0.7100000000000001,0.25980762113533157,False
0.3,0.16,0.54,-0.057939859296310715,-0.014191142954826952,0.038191089225779795,0.12928848424234354,0.7554848741996847,0.8350730569073772,0.6900000000000001,0.25980762113533157,False
0.3,0.18,0.52,-0.05682888670369277,-0.012835267397284543,0.04020433725548512,0.13199983148346187,0.7626410971155266,0.8446640643830735,0.67,0.25980762113533157,False
0.3,0.2,0.5,-0.05585592353587564,-0.011615961196907715,0.04213157171014473,0.1346104347396129,0.7711250169593618,0.8543367737344881,0.65,0.25980762113533157,False
0.3,0.22,0.48,-0.05495337757597127,-0.010504893668953161,0.043905888341956675,0.13711730869367,0.7802294551576876,0.8640918982331064,0.63,0.25980762113533157,False
0.3,0.24,0.46,-0.05416751412219061,-0.009514171619271318,0.0455310929030056,0.13950097151347382,0.7892042439061626,0.873930157196554,0.61,0.25980762113533157,False
0.3,0.26,0.44,-0.05353969185930442,-0.008647079583060767,0.04708031814686214,0.1417777063736479,0.7952919626092152,0.8838522760343938,0.59,0.25980762113533157,False
0.3,0.28,0.42,-0.053148976086284154,-0.007892384444791688,0.04848501320294047,0.1439197339509856,0.8031944699170677,0.8938589862939625,0.57,0.25980762113533157,False
0.3,0.3,0.4,-0.05293935897316393,-0.00726445822772479,0.04975675848020027,0.1459379491474028,0.8090706431777326,0.9039510257067525,0.55,0.25980762113533157,False
0.3,0.32,0.38,-0.05282579090482459,-0.006728191068870274,0.050888134906033854,0.14783354984709457,0.8163577653305034,0.9141291382348358,0.53,0.25980762113533157,False
0.3,0.34,0.36,-0.05281911673342567,-0.006304325067901806,0.05186519977891286,0.14958954753868492,0.8237289275955777,0.9243940741177721,0.51,0.25980762113533157,False
0.3,0.36,0.34,-0.052985634508252825,-0.006007799777462488,0.05271440601144544,0.1512353043261801,0.8310983412670948,0.934746589919592,0.49,0.25980762113533157,False
0.3,0.38,0.32,-0.053369753376202346,-0.005910986357939329,0.05335658489635671,0.1527850841302085,0.836162842751339,0.9451874485762599,0.47,0.25980762113533157,False
0.3,0.4,0.3,-0.053948117297239515,-0.006013177237377132,0.053789174618083385,0.15423689583046593,0.8436119735483016,0.955717419443239,0.44999999999999996,0.25980762113533157,False
0.3,0.42,0.28,-0.05469496187405312,-0.00625427508237316,0.05405960524248688,0.1555652493075059,0.8513157187943723,0.9663372783434808,0.43000000000000005,0.25980762113533157,False
0.3,0.44,0.26,-0.05564951386913365,-0.006638472299138249,0.05422072477902959,0.15671994410113463,0.8599207021613071,0.9770478076155734,0.41000000000000003,0.25980762113533157,False
0.3,0.46,0.24,-0.05671667356168113,-0.007120439317956013,0.05423064468641526,0.15771855348351796,0.8684856495148481,0.9878497961622932,0.39,0.25980762113533157,False
0.3,0.48,0.22,-0.05789805056920058,-0.007761801273207732,0.054118979052712284,0.1586329140343715,0.8764371826588213,0.9987440394993017,0.37,0.25980762113533157,False
0.3,0.5,0.2,-0.05919688498254933,-0.008612946068115702,0.05387925737132991,0.15945872478611609,0.8858739988312134,1.0097313398042587,0.35,0.25980762113533157,False
0.3,0.52,0.18,-0.0606156015283586,-0.009632825803490173,0.053525324069951016,0.16014191626141044,0.8935820721995236,1.020812505966097,0.32999999999999996,0.25980762113533157,False
0.3,0.54,0.16,-0.06222108845462712,-0.01078854662402754,0.05303399937141332,0.1606847704088685,0.9030499443872106,1.0319883536346954,0.31,0.25980762113533157,False
0.3,0.56,0.14,-0.06395839779964123,-0.012051528834998665,0.05245226362558916,0.1611212554660355,0.909134234679447,1.0432597052707147,0.29000000000000004,0.25980762113533157,False
0.3,0.58,0.12,-0.06578534716036212,-0.013400800364040115,0.05177398264542284,0.16141945754236992,0.9180307868298487,1.054627390195814,0.27,0.25980762113533157,False
0.3,0.6,0.1,-0.0677706880887047,-0.014832743260017427,0.05092867050810843,0.16158875154126864,0.9276348565152557,1.0660922446431025,0.25,0.25980762113533157,False
0.3,0.62,0.08,-0.06983992421235574,-0.01635764946921863,0.0499610604861605,0.16160523533405005,0.9368327797351621,1.0776551118078763,0.22999999999999998,0.25980762113533157,False
0.3,0.64,0.06,-0.07207971419089683,-0.018026559340768508,0.04886029603179533,0.16152690659974606,0.9455266237701876,1.0893168418986205,0.21,0.25980762113533157,False
0.3,0.66,0.04,-0.07448343352220009,-0.019895287544189257,0.04762483242581172,0.16133777225236726,0.956828063166894,1.1010782921883915,0.19,0.25980762113533157,False
0.3,0.68,0.02,-0.07703710112235941,-0.02187810259235068,0.04624477935894768,0.16101686674431182,0.9641218927282129,1.1129403270663296,0.16999999999999998,0.25980762113533157,False
0.3,0.7,0.0,-0.079749239624762,-0.023966069513130264,0.04475075879713664,0.16055199421030858,0.9725746566694453,1.124903818089581,0.15,0.25980762113533157,False
0.32,0.0,0.68,-0.06288291443936694,-0.019160988047751647,0.03088317068517515,0.12170859709284597,0.7390970989617929,0.8131051175078372,0.8400000000000001,0.27712812921102037,False
0.32,0.02,0.66,-0.060748360579185076,-0.016785372170804037,0.03386301407036221,0.12528572279409175,0.7466891539188755,0.8224416067332706,0.8200000000000001,0.27712812921102037,False
0.32,0.04,0.64,-0.05871596330353946,-0.014538482341189367,0.03677183756085614,0.12877635847751015,0.7555894494353487,0.8318569740463708,0.8,0.27712812921102037,False
0.32,0.06,0.62,-0.05684043635222852,-0.012430908411152124,0.03955443536268717,0.13217115564719129,0.7633800493212923,0.8413519068195532,0.78,0.27712812921102037,False
0.32,0.08,0.6,-0.05510112276480484,-0.010448669383652909,0.042192562458765535,0.13547477614212905,0.7719697199562868,0.8509270982730955,0.76,0.27712812921102037,False
0.32,0.1,0.58,-0.05354528568253005,-0.00858711431277527,0.04468576550486841,0.13866148247368648,0.7821167471933577,0.8605832475196968,0.74,0.27712812921102037,False
0.32,0.12,0.56,-0.052175995707442135,-0.0068582502057632985,0.047037675267191874,0.14175197624862915,0.7912602602522927,0.8703210596093264,0.7200000000000001,0.27712812921102037,False
0.32,0.14,0.54,-0.05099026438530443,-0.005286814470548389,0.04925429443091339,0.14473809740717655,0.7996073491166784,0.8801412455743177,0.7000000000000001,0.27712812921102037,False
0.32,0.16,0.52,-0.04991065243181849,-0.0038820072389032082,0.05134265003585682,0.14761766431392156,0.8074747422066619,0.8900445224747245,0.68,0.27712812921102037,False
0.32,0.18,0.5,-0.0489223364904381,-0.0026264093949619678,0.053259426072585006,0.1503746438078408,0.8149426071535093,0.9000316134439932,0.66,0.27712812921102037,False
0.32,0.2,0.48,-0.04806336847451213,-0.0015213338870451864,0.055027209120733646,0.1529874039263696,0.8220803134345414,0.9101032477349384,0.64,0.27712812921102037,False
0.32,0.22,0.46,-0.047349501480272595,-0.000605419433191142,0.05666628297892015,0.15547801780705248,0.8313024759129475,0.9202601607659241,0.62,0.27712812921102037,False
0.32,0.24,0.44,-0.046808650607006036,0.00017795148849065166,0.05819448502256448,0.15784308023595078,0.840479874150319,0.9305030941673688,0.6,0.27712812921102037,False
0.32,0.26,0.42,-0.04641208412631985,0.0008547795092431535,0.05962609354281327,0.16008270741718578,0.8483822870948277,0.9408327958285517,0.58,0.27712812921102037,False
0.32,0.28,0.4,-0.046266136759027035,0.001449352466170972,0.060902472063171106,0.16217473526910617,0.8558287513315653,0.9512500199446633,0.56,0.27712812921102037,False
0.32,0.3,0.38,-0.04621284053493943,0.001926081005967111,0.06201173355902181,0.164133342898264,0.8635217281224863,0.9617555270641688,0.54,0.27712812921102037,False
0.32,0.32,0.36,-0.046311181954909394,0.0023124032040546445,0.06297690233736168,0.1659286168125473,0.8709576823760976,0.9723500841364394,0.52,0.27712812921102037,False
0.32,0.34,0.34,-0.046529392132665076,0.0025305027470610046,0.06377531484219542,0.16759833841874205,0.8758966795726866,0.9830344645596548,0.5,0.27712812921102037,False
0.32,0.36,0.32,-0.04688384435759027,0.002554055976151651,0.06433933662754492,0.16912210975200137,0.8847772977672714,0.9938094482290155,0.48,0.27712812921102037,False
0.32,0.38,0.3,-0.047471265596339636,0.002378745403915163,0.06472850821709776,0.1705157230639496,0.8910650561428657,1.0046758215852332,0.45999999999999996,0.27712812921102037,False
0.32,0.4,0.28,-0.04834446954058531,0.002072702220281133,0.06500698226429959,0.17181623332307158,0.8989112489543065,1.0156343776633132,0.44000000000000006,0.27712812921102037,False
0.32,0.42,0.26,-0.04931303516537122,0.001663718236998883,0.06515380678564099,0.17299760899300248,0.9086658645749989,1.02668591614156,0.42000000000000004,0.27712812921102037,False
0.32,0.44,0.24,-0.05038022640715959,0.0011511998225648885,0.06515998366770928,0.1740458164634024,0.9164408357202238,1.0378312433909984,0.4,0.27712812921102037,False
0.32,0.46,0.22,-0.05156998106052029,0.0004992907280885784,0.06504160818544283,0.1749741550035944,0.9242090095442104,1.0490711725249344,0.38,0.27712812921102037,False
0.32,0.48,0.2,-0.052928937342924066,-0.0002876448193743687,0.06479387449059552,0.17579679598213654,0.932935607856779,1.0604065234488982,0.36,0.27712812921102037,False
0.32,0.5,0.18,-0.054380966243248875,-0.0012654739205424765,0.0644327005726291,0.17651710620886965,0.9417961691691549,1.0718381229108829,0.33999999999999997,0.27712812921102037,False
0.32,0.52,0.16,-0.05599636658230334,-0.0023949232128873434,0.06396002037742445,0.17709071596917506,0.9498132897581515,1.0833668045517373,0.32,0.27712812921102037,False
0.32,0.54,0.14,-0.05778519596430965,-0.003640175814239913,0.06335765981519229,0.17751436016349473,0.9597571992103001,1.0949934089560516,0.30000000000000004,0.27712812921102037,False
0.32,0.56,0.12,-0.059649328854650324,-0.005016583184479947,0.06260979869376314,0.17775367572803236,0.9700067861958815,1.1067187837031232,0.28,0.27712812921102037,False
0.32,0.58,0.1,-0.06164354920809625,-0.006527615193566594,0.06173445463367551,0.17785881138559884,0.977357050163399,1.1185437834184069,0.26,0.27712812921102037,False
0.32,0.6,0.08,-0.06376759061925769,-0.008179883216115345,0.06071097576330977,0.177860060976056,0.9872207755096873,1.1304692698250938,0.24,0.27712812921102037,False
0.32,0.62,0.06,-0.06607480230580903,-0.009928690353036793,0.059561718929782244,0.17776767399929203,0.9965349340643304,1.1424961117960146,0.22,0.27712812921102037,False
0.32,0.64,0.04,-0.06852901157392971,-0.011765660952163116,0.05828333593743793,0.17749483376172137,1.0047997402215239,1.1546251854059453,0.2,0.27712812921102037,False
0.32,0.66,0.02,-0.07108343634569225,-0.013683729691459175,0.05688487103050048,0.1771028970579863,1.0137688025886904,1.1668573739840264,0.18,0.27712812921102037,False
0.32,0.68,0.0,-0.07379457080416742,-0.015758780646051813,0.05535786202874465,0.17658741913757514,1.0222226891325592,1.1791935681665757,0.16,0.27712812921102037,False
0.34,0.0,0.66,-0.054484079155244405,-0.009244110170280886,0.04358972524621864,0.1392113164130714,0.7890192804892274,0.8670602891128463,0.8300000000000001,0.29444863728670917,False
0.34,0.02,0.64,-0.052461225805968216,-0.006981562770618884,0.04657082781085193,0.14283717920410718,0.7970686121465441,0.8767827728491695,0.81,0.29444863728670917,False
0.34,0.04,0.62,-0.050607977567350505,-0.004779604379447357,0.04940973810180099,0.14636590003241282,0.8061340275180031,0.8865868746880813,0.79,0.29444863728670917,False
0.34,0.06,0.6,-0.048940771542893724,-0.002693131319221112,0.05210400484394893,0.14980526950084444,0.8144513811301088,0.896473303327322,0.77,0.29444863728670917,False
0.34,0.08,0.58,-0.04752126575339405,-0.0007850972672568991,0.05467806666956895,0.15313715201962522,0.824312849225284,0.906442773472815,0.75,0.29444863728670917,False
0.34,0.1,0.56,-0.046279141023769316,0.0009703944125727914,0.057094462437042956,0.1563692138198103,0.8348619035183853,0.9164960058843604,0.7300000000000001,0.29444863728670917,False
0.34,0.12,0.54,-0.045168122149176836,0.002601223367397033,0.05937518268341011,0.15949994037656295,0.84283990544803,0.9266337274213773,0.7100000000000001,0.29444863728670917,False
0.34,0.14,0.52,-0.04412595842942179,0.004064617097038036,0.06147089941131961,0.16248560295902065,0.84922053938169,0.9368566710892122,0.6900000000000001,0.29444863728670917,False
0.34,0.16,0.5,-0.043227083782572444,0.0053655426175298945,0.06341102999907193,0.16535270480343417,0.8574904916723929,0.947165576085521,0.67,0.29444863728670917,False
0.34,0.18,0.48,-0.042431651926386545,0.006489190410765985,0.06518364039550892,0.16806964689316062,0.8655941738371318,0.9575611878470273,0.65,0.29444863728670917,False
0.34,0.2,0.46,-0.04173632635218604,0.007455069136220646,0.0668143245448881,0.17066336552170067,0.8752494751983273,0.9680442580965755,0.63,0.29444863728670917,False
0.34,0.22,0.44,-0.0411646333313448,0.008276066958117868,0.06834281488335575,0.17313548491260294,0.8845536882602885,0.9786155448903764,0.61,0.29444863728670917,False
0.34,0.24,0.42,-0.04075028701417807,0.008938699277161904,0.06975528130333097,0.17546286232022382,0.8943685266462864,0.989275812665732,0.59,0.29444863728670917,False
0.34,0.26,0.4,-0.04053257040850539,0.00949755125800577,0.07105077836683385,0.17763926356911944,0.9033387226379814,1.0000258322887574,0.5700000000000001,0.29444863728670917,False
0.34,0.28,0.38,-0.04048907766446203,0.00996969760028842,0.07215470614190457,0.1796251406728362,0.9100593359846151,1.01086638110269,0.55,0.29444863728670917,False
0.34,0.3,0.36,-0.04058603675741116,0.010274171690276565,0.07310284614451723,0.1814269465024525,0.9177755692180949,1.0217982429763313,0.53,0.29444863728670917,False
0.34,0.32,0.34,-0.04081327215521157,0.010397917375425874,0.07388742492227336,0.18309918182224122,0.9267547657070345,1.0328222083527343,0.51,0.29444863728670917,False
0.34,0.34,0.32,-0.041245005875777965,0.010369435030726244,0.07446327545413248,0.18462427249472152,0.932656218971732,1.0439390742983343,0.49,0.29444863728670917,False
0.34,0.36,0.3,-0.04188464566408946,0.010224274952698538,0.07486508889758349,0.18604681341696913,0.940072065558722,1.0551496445522186,0.47,0.29444863728670917,False
0.34,0.38,0.28,-0.04269282918401892,0.009918713010286032,0.0751396868432697,0.1873433184701132,0.9487271503534509,1.0664547295757663,0.45000000000000007,0.29444863728670917,False
0.34,0.4,0.26,-0.04368027954694722,0.009425534916526777,0.07526277561278333,0.18851087160304056,0.9579647039102758,1.0778551466025572,0.43000000000000005,0.29444863728670917,False
0.34,0.42,0.24,-0.04481590252697294,0.00885839551813966,0.07524556506456445,0.18956009908515545,0.9640885905702546,1.0893517196886202,0.41000000000000003,0.29444863728670917,False
0.34,0.44,0.22,-0.04604662786180966,0.0081731580232126,0.07511949380455317,0.19050255415203532,0.9735074534818388,1.1009452797628703,0.39,0.29444863728670917,False
0.34,0.46,0.2,-0.047405065983362145,0.007366695895875674,0.07486265582816048,0.19132637297201707,0.9843586410311869,1.1126366646779156,0.37,0.29444863728670917,False
0.34,0.48,0.18,-0.04891265012638035,0.006421415004723815,0.07452810420389316,0.1920000160896193,0.9927452789917213,1.1244267192611352,0.35,0.29444863728670917,False
0.34,0.5,0.16,-0.050612592512324514,0.005341245204157769,0.07406182882041283,0.19253620034271562,1.0009648164195526,1.1363162953660706,0.33,0.29444863728670917,False
0.34,0.52,0.14,-0.052392957214342485,0.004138843428700968,0.07346407376798274,0.19290256430769867,1.0100970192682193,1.148306251924082,0.31000000000000005,0.29444863728670917,False
0.34,0.54,0.12,-0.05431948934114314,0.00273909437974075,0.07271410394810773,0.19315350053617072,1.0181145418604562,1.160397454996272,0.29000000000000004,0.29444863728670917,False
0.34,0.56,0.1,-0.05636391517108659,0.0011814641629241413,0.07182811908698286,0.19327341452117303,1.0280188746371126,1.172590777825756,0.27,0.29444863728670917,False
0.34,0.58,0.08,-0.05853279055639913,-0.0005240068661005897,0.07082186006108147,0.19324578977921614,1.03957169262571,1.1848871008902517,0.25,0.29444863728670917,False
0.34,0.6,0.06,-0.06084452287191414,-0.0023603625001422557,0.06968257200747062,0.19310888574707277,1.0481087701975285,1.1972873119548166,0.23,0.29444863728670917,False
0.34,0.62,0.04,-0.06329910921395343,-0.00429302829512475,0.06842101162450501,0.19286626784821967,1.057533922058791,1.2097923061250788,0.21000000000000002,0.29444863728670917,False
0.34,0.64,0.02,-0.06585954580551774,-0.006301533529324708,0.06703358981586804,0.19247745469622723,1.0649320666618396,1.2224029859006074,0.19,0.29444863728670917,False
0.34,0.66,0.0,-0.06851716436658664,-0.008456180372944074,0.06548822366811319,0.19196671523837483,1.0734959750450441,1.2351202612286036,0.17,0.29444863728670917,False
0.36,0.0,0.64,-0.04738881236140214,-0.000744937360548427,0.05516647335471313,0.15579891368215934,0.840435617917966,0.923130817135122,0.8200000000000001,0.31176914536239786,False
0.36,0.02,0.62,-0.04571156258314054,0.0015314856348837243,0.058112319124800395,0.15944478291597036,0.8499842188904764,0.9332514390532844,0.8,0.31176914536239786,False
0.36,0.04,0.6,-0.04414010804631651,0.0036315375023538237,0.060916165814991347,0.16300162102443183,0.8598590827748954,0.9434564901210984,0.78,0.31176914536239786,False
0.36,0.06,0.58,-0.04270178959415799,0.005601819489479029,0.06359227489887005,0.1664703236526105,0.8692386522686155,0.9537467008338086,0.76,0.31176914536239786,False
0.36,0.08,0.56,-0.0414151298932023,0.007438074904151675,0.06604521910231977,0.16982616988277158,0.8782319881522014,0.9641228078581499,0.74,0.31176914536239786,False
0.36,0.1,0.54,-0.04028633701872739,0.009161472978490846,0.0682724683611841,0.17308241217895215,0.8872655228424998,0.9745855540789944,0.72,0.31176914536239786,False
0.36,0.12,0.52,-0.03932474627912035,0.01071977912182775,0.07039516688842634,0.17620853817865503,0.8943815281580164,0.9851356886463652,0.7,0.31176914536239786,False
0.36,0.14,0.5,-0.038470034966404054,0.012109777958496768,0.07240036511445165,0.17915710592808698,0.9052661841719193,0.9957739670226358,0.6799999999999999,0.31176914536239786,False
0.36,0.16,0.48,-0.03771687868772198,0.01327980226216765,0.07420243821544828,0.18197227014218004,0.9132646094025751,1.006501151030123,0.6599999999999999,0.31176914536239786,False
0.36,0.18,0.46,-0.03710784611171384,0.014293524348806794,0.07589473647583249,0.18464013942029542,0.9218168881011928,1.017318008898947,0.64,0.31176914536239786,False
0.36,0.2,0.44,-0.0366135355507522,0.015158181877557679,0.07745998492533969,0.18718361928792746,0.9307220905124929,1.028225315315061,0.62,0.31176914536239786,False
0.36,0.22,0.42,-0.03621638436094017,0.01587154507986699,0.07884331229652665,0.18955909476030014,0.9401561050880565,1.0392238514688064,0.6,0.31176914536239786,False
0.36,0.24,0.4,-0.03592087432373028,0.01639493344748874,0.08011156435567018,0.1917673502802217,0.9499247426646165,1.0503144051035145,0.5800000000000001,0.31176914536239786,False
0.36,0.26,0.38,-0.035821330314315954,0.016818879793555782,0.08127263729781989,0.1938111684115022,0.9566180182414021,1.0614977705645974,0.56,0.31176914536239786,False
0.36,0.28,0.36,-0.035889704042834224,0.017117778233701406,0.08230801143880294,0.19569309535786877,0.9638580998721816,1.072774748848794,0.54,0.31176914536239786,False
0.36,0.3,0.34,-0.0361862712207242,0.017247423436860823,0.08315460330152037,0.19744684157047374,0.9729174599069144,1.0841461476537773,0.52,0.31176914536239786,False
0.36,0.32,0.32,-0.036691123577078336,0.017181967333527875,0.08382316793381275,0.1990780086337345,0.9832302266679865,1.0956127814280534,0.5,0.31176914536239786,False
0.36,0.34,0.3,-0.03734902712568402,0.016965699300239133,0.0842860319565551,0.20054726693254615,0.9913863761352444,1.107175471421145,0.48,0.31176914536239786,False
0.36,0.36,0.28,-0.03808204651788466,0.016625778309203202,0.08459410633363112,0.20186026491986564,0.9992755041881756,1.1188350457340608,0.46,0.31176914536239786,False
0.36,0.38,0.26,-0.038951560706853884,0.01618597917755132,0.08474651258311555,0.2030580202143674,1.0076204762693117,1.1305923393701063,0.44,0.31176914536239786,False
0.36,0.4,0.24,-0.04010045241375883,0.0156599761076739,0.08476381659882824,0.2041552260423009,1.0172469299304576,1.1424481942859015,0.42,0.31176914536239786,False
0.36,0.42,0.22,-0.04139335262774502,0.015005049017692885,0.08463004243372843,0.2051343432381637,1.0263959621321104,1.1544034594427375,0.4,0.31176914536239786,False
0.36,0.44,0.2,-0.042775188366955284,0.014205535815315539,0.08434753593353149,0.20599621465819518,1.0356240904106122,1.166458990858334,0.38,0.31176914536239786,False
0.36,0.46,0.18,-0.04429674459938062,0.013282103281896239,0.08395149901617768,0.20671838917897253,1.043412162148713,1.1786156516587574,0.36,0.31176914536239786,False
0.36,0.48,0.16,-0.04595676859093339,0.012193487148338114,0.0834423721865864,0.20727483841963035,1.0525544626345567,1.1908743121305658,0.33999999999999997,0.31176914536239786,False
0.36,0.5,0.14,-0.0477634547268359,0.010952085230619659,0.08277456151339167,0.20767098088413263,1.0629894022361221,1.2032358497735611,0.32,0.31176914536239786,False
0.36,0.52,0.12,-0.04969433655368753,0.009539880584213125,0.08198042646495299,0.20787172360880316,1.0716035750066655,1.2157011493535272,0.3,0.31176914536239786,False
0.36,0.54,0.1,-0.05182910157290606,0.007923158730565032,0.08108186583468564,0.20799828543793658,1.0803302209043637,1.2282711029554,0.28,0.31176914536239786,False
0.36,0.56,0.08,-0.054075703320150874,0.006172552188393263,0.08006038977948768,0.20799596366956113,1.091369258430542,1.2409466100366784,0.26,0.31176914536239786,False
0.36,0.58,0.06,-0.05635843506043743,0.004330490454095039,0.07892254527027787,0.20785192651275336,1.1007707795877462,1.2537285774812845,0.24,0.31176914536239786,False
0.36,0.6,0.04,-0.05880403299294219,0.0023465937453598608,0.0776426741774865,0.20757688630269783,1.1113397899719368,1.2666179196534897,0.22,0.31176914536239786,False
0.36,0.62,0.02,-0.06142499218117261,0.00026619292415017094,0.0762529721791136,0.20719151682259956,1.1206901932622697,1.2796155584523672,0.19999999999999998,0.31176914536239786,False
0.36,0.64,0.0,-0.06414531372946626,-0.0019532675260807205,0.0746621849192442,0.2066846031553742,1.1295401394756683,1.2927224233663328,0.18,0.31176914536239786,False
0.38,0.0,0.62,-0.04185886709694222,0.006883425720919455,0.06586116071010005,0.17133354065836706,0.89202260472771,0.9813809765293888,0.81,0.32908965343808666,False
0.38,0.02,0.6,-0.04016929228627191,0.009098781808077671,0.06877264567586044,0.17500840972145262,0.9025609839881032,0.9919121636308468,0.79,0.32908965343808666,False
0.38,0.04,0.58,-0.03873214340892543,0.011164766139468416,0.07148641442674054,0.17856354432776955,0.9123064545900665,1.0025306630933215,0.77,0.32908965343808666,False
0.38,0.06,0.56,-0.03748507643028848,0.013086871252919454,0.07394973019078481,0.18201676071333742,0.9210575878895475,1.0132372276867108,0.75,0.32908965343808666,False
0.38,0.08,0.54,-0.036396078642444596,0.014856468841020036,0.07622351290705082,0.18535770748015187,0.9319035998069268,1.0240326165186067,0.73,0.32908965343808666,False
0.38,0.1,0.52,-0.035394391996249046,0.016459581014109423,0.07834940901531881,0.18855405965637567,0.9408862048399493,1.0349175950821583,0.71,0.32908965343808666,False
0.38,0.12,0.5,-0.03451891176000053,0.01790809084237062,0.08030584459860086,0.19159674155590595,0.9499365635127481,1.0458929353039426,0.69,0.32908965343808666,False
0.38,0.14,0.48,-0.03379907868847832,0.019154429021686202,0.08216173562377482,0.19451436721110174,0.9606778406945958,1.0569594155925681,0.6699999999999999,0.32908965343808666,False
0.38,0.16,0.46,-0.033203654350324796,0.020186071033055596,0.08390740846161482,0.1973086287019834,0.9683766899973419,1.0681178208871214,0.65,0.32908965343808666,False
0.38,0.18,0.44,-0.03274176524647695,0.020986432202969856,0.08551883368412733,0.1999692279598367,0.9781270326592473,1.0793689427062259,0.63,0.32908965343808666,False
0.38,0.2,0.42,-0.03242324181508702,0.0216445082993819,0.08696244321097703,0.20246937059312023,0.9876917510892382,1.090713579197285,0.61,0.32908965343808666,False
0.38,0.22,0.4,-0.03227119238722085,0.022178306240262912,0.0882938325653357,0.20479610820447838,0.9956297112060057,1.1021525351859454,0.5900000000000001,0.32908965343808666,False
0.38,0.24,0.38,-0.03229787549817676,0.022589697090059188,0.08949659641121674,0.2069275579780901,1.0062907523336397,1.113686622226074,0.5700000000000001,0.32908965343808666,False
0.38,0.26,0.36,-0.032461630493723706,0.02286788904890735,0.09055912774003935,0.20890937070001922,1.0156189395987651,1.1253166586497605,0.55,0.32908965343808666,False
0.38,0.28,0.34,-0.03279573248135303,0.02298121152637435,0.09149604800530675,0.2107398028276425,1.0246812420131683,1.1370434696178882,0.53,0.32908965343808666,False
0.38,0.3,0.32,-0.033281513982801984,0.022907671955187,0.09217749602926319,0.2124467805006172,1.0321520910976765,1.1488678871707594,0.51,0.32908965343808666,False
0.38,0.32,0.3,-0.033809630984160254,0.022733368864360535,0.09265830802392541,0.21402028578854265,1.0424763312824479,1.160790750279227,0.49,0.32908965343808666,False
0.38,0.34,0.28,-0.03457736090853829,0.02240543798487814,0.09293795368896603,0.2154416406596128,1.0499364570365928,1.172812904895965,0.47000000000000003,0.32908965343808666,False
0.38,0.36,0.26,-0.03548070371486676,0.02196301473426089,0.0931068429504408,0.21673816581288122,1.0596761404114727,1.184935204007163,0.45,0.32908965343808666,False
0.38,0.38,0.24,-0.036489232340824684,0.02143069383717452,0.09310772787763869,0.21790626141977962,1.0692442990995548,1.1971585076844162,0.43,0.32908965343808666,False
0.38,0.4,0.22,-0.03765117892367964,0.02080929281827168,0.09297487007865327,0.21891146098077272,1.077693716950686,1.2094836831370466,0.41000000000000003,0.32908965343808666,False
0.38,0.42,0.2,-0.03896468617813938,0.020037745170064777,0.0927103994739383,0.21977670270819644,1.0869239028843598,1.2219116047645873,0.39,0.32908965343808666,False
0.38,0.44,0.18,-0.040444551644625105,0.0191087629441447,0.0923205758532974,0.22050486439298164,1.0964458256429934,1.234443154209653,0.37,0.32908965343808666,False
0.38,0.46,0.16,-0.04207343399898824,0.018039528515088603,0.09177047839080878,0.2210370291498505,1.106075324227151,1.2470792204110375,0.35,0.32908965343808666,False
0.38,0.48,0.14,-0.04385285145974263,0.016798902826702135,0.09108185811942027,0.2214676087875619,1.1138468806544486,1.2598206996573147,0.33,0.32908965343808666,False
0.38,0.5,0.12,-0.04581163453285783,0.015400109319759235,0.090253041860989,0.2217536451427958,1.1214943331846472,1.2726684956404293,0.31,0.32908965343808666,False
0.38,0.52,0.1,-0.047949921060196035,0.013854022321176837,0.08934350922782729,0.2219121895222057,1.1335362668127025,1.2856235195098542,0.29000000000000004,0.32908965343808666,False
0.38,0.54,0.08,-0.050197935492817126,0.012163712343561941,0.08832718852945141,0.2219653641768227,1.143113217129517,1.2986866899269063,0.27,0.32908965343808666,False
0.38,0.56,0.06,-0.05253698921440944,0.010338439994845875,0.0871718837451028,0.22186855106413694,1.1530725703418576,1.3118589331194643,0.25,0.32908965343808666,False
0.38,0.58,0.04,-0.05497288731496112,0.008332569434172654,0.08585937675748849,0.22161573787663627,1.162953891695352,1.3251411829369202,0.23,0.32908965343808666,False
0.38,0.6,0.02,-0.05757970694602846,0.0061989711105012715,0.08442809705938688,0.2212343606288023,1.1745209182947547,1.3385343809054178,0.21,0.32908965343808666,False
0.38,0.62,0.0,-0.060358966683538656,0.0039497579606206125,0.08287868710840128,0.22073254490486605,1.1852006967649387,1.35203947628354,0.19,0.32908965343808666,False
0.4,0.0,0.6,-0.03777194991660654,0.013241207809593062,0.07532452628528838,0.18578445050821218,0.9460840472218319,1.041876688506745,0.8,0.34641016151377546,False
0.4,0.02,0.58,-0.03615963298596694,0.015371186470859445,0.07805170442413041,0.1894744387506337,0.9557541494234765,1.052831155692012,0.78,0.34641016151377546,False
0.4,0.04,0.56,-0.03478206908726544,0.01735465367100545,0.08062245184995785,0.19302222788883291,0.9653149530728089,1.0638758917461775,0.76,0.34641016151377546,False
0.4,0.06,0.54,-0.03359351138613326,0.01914325502459935,0.08300183325537862,0.19646838300513064,0.9757910421765462,1.0750116721958576,0.74,0.34641016151377546,False
0.4,0.08,0.52,-0.03252120905799227,0.02079455147819988,0.08519448704783322,0.19979093236442505,0.9880111275613499,1.0862392790745568,0.72,0.34641016151377546,False
0.4,0.1,0.5,-0.031655912881786104,0.022257004282166846,0.0872089018179498,0.2029901183148946,0.996787501492802,1.0975595009716195,0.7,0.34641016151377546,False
0.4,0.12,0.48,-0.0309191732668916,0.023558619063405596,0.08909504515188946,0.20606448386427456,1.0071620357153772,1.1089731330813515,0.6799999999999999,0.34641016151377546,False
0.4,0.14,0.46,-0.030359646145113457,0.024656589888668118,0.09084534999811794,0.20899896391853057,1.016812099522872,1.120480977252511,0.66,0.34641016151377546,False
0.4,0.16,0.44,-0.029872894110697237,0.025571924610844093,0.09244945022825034,0.21178974653440402,1.0241269316112063,1.1320838420380928,0.64,0.34641016151377546,False
0.4,0.18,0.42,-0.029590303965538033,0.026286561014057238,0.09395523801730671,0.21440618564416905,1.0347196295773924,1.143782542745381,0.62,0.34641016151377546,False
0.4,0.2,0.4,-0.029511963947478265,0.02687911116419441,0.09535711389291018,0.21683407751464293,1.0430351641769824,1.1555779014863727,0.6000000000000001,0.34641016151377546,False
0.4,0.22,0.38,-0.02953911378606884,0.02735138864587041,0.09659764654173694,0.21909679800805154,1.053808078570659,1.1674707472284278,0.5800000000000001,0.34641016151377546,False
0.4,0.24,0.36,-0.02968014664148739,0.027647879884829116,0.09769485109489631,0.2211832733749627,1.0631878292177648,1.1794619158452209,0.56,0.34641016151377546,False
0.4,0.26,0.34,-0.029978757246599614,0.02781335169261482,0.09865935977239826,0.22309698849926893,1.075391166622842,1.1915522501681695,0.54,0.34641016151377546,False
0.4,0.28,0.32,-0.030503449776823493,0.027787065727594165,0.09946225968379893,0.22489130223002154,1.0864732736444451,1.2037426000378408,0.52,0.34641016151377546,False
0.4,0.3,0.3,-0.031129474212283438,0.027610360287132388,0.09997223709550788,0.22652706991635035,1.094795978677921,1.2160338223560208,0.5,0.34641016151377546,False
0.4,0.32,0.28,-0.03191952327406859,0.027296657674024755,0.1003526397439424,0.22802446758193548,1.104278948546907,1.2284267811378207,0.48000000000000004,0.34641016151377546,False
0.4,0.34,0.26,-0.032812150835551133,0.026859136530862818,0.10055671134428498,0.2294086283645835,1.1114970025415198,1.24092234756422,0.46,0.34641016151377546,False
0.4,0.36,0.24,-0.033801805143268006,0.026328543881726573,0.1005367788434092,0.23064479015273803,1.1199535452639047,1.253521400034918,0.44,0.34641016151377546,False
0.4,0.38,0.22,-0.03486250642967694,0.025669996044595217,0.10038209056845637,0.23168211069231942,1.1295696052859139,1.266224824221395,0.42000000000000004,0.34641016151377546,False
0.4,0.4,0.2,-0.03608293352163638,0.02490007370069893,0.10011940554471829,0.23254288164080453,1.1380250495632698,1.2790335131203754,0.4,0.34641016151377546,False
0.4,0.42,0.18,-0.03751364036453522,0.023931167493746387,0.09970144534834662,0.2332518034492272,1.151759546851908,1.2919483671076473,0.38,0.34641016151377546,False
0.4,0.44,0.16,-0.03909710344655839,0.022858627180303247,0.09914884539410009,0.23381157725740595,1.161622503759794,1.3049702939919647,0.36,0.34641016151377546,False
0.4,0.46,0.14,-0.04079893726802996,0.021654490698825576,0.09848624491178257,0.23424894785476477,1.170045601978372,1.318100209069509,0.34,0.34641016151377546,False
0.4,0.48,0.12,-0.04266152820712081,0.02030491637432341,0.09770458552284783,0.23457331080758834,1.180348359911731,1.3313390351785377,0.32,0.34641016151377546,False
0.4,0.5,0.1,-0.04470841237667253,0.01883907526140264,0.09678764111717056,0.2347797618869043,1.1907731936704293,1.3446877027543271,0.30000000000000004,0.34641016151377546,False
0.4,0.52,0.08,-0.046944295659126355,0.01724046322673419,0.09570893647946037,0.2348812492534697,1.1996676116656475,1.3581471498844948,0.28,0.34641016151377546,False
0.4,0.54,0.06,-0.04935907117470044,0.015465627911238084,0.09452746940558672,0.23482776501320973,1.2104929785500655,1.371718322364582,0.26,0.34641016151377546,False
0.4,0.56,0.04,-0.05188837446183313,0.013545589478347851,0.0932465507454021,0.23464707730579817,1.2194490887757747,1.3854021737539253,0.24000000000000002,0.34641016151377546,False
0.4,0.58,0.02,-0.054556790901314746,0.011480428864918912,0.091826605679107,0.23432604514180805,1.2295847272237483,1.3991996654319132,0.22,0.34641016151377546,False
0.4,0.6,0.0,-0.05741069875306752,0.009315702000012704,0.09028533731180731,0.23380443763503164,1.2406347132705604,1.4131117666544903,0.2,0.34641016151377546,False
0.42,0.0,0.58,-0.03517800253312565,0.018091739723543093,0.08353823123166243,0.19944048445234666,1.0002148772338388,1.1046855639699826,0.7899999999999999,0.3637306695894642,False
0.42,0.02,0.56,-0.033555094333564954,0.02011855344104358,0.08616708688980519,0.20315560350216597,1.0120382093826912,1.1160763186681013,0.77,0.3637306695894642,False
0.42,0.04,0.54,-0.03219421650273708,0.02197962536063441,0.08864501644633478,0.20669249882074697,1.022110878393747,1.127560373171443,0.75,0.3637306695894642,False
0.42,0.06,0.52,-0.03101556272671402,0.02374251467756816,0.09091629569726466,0.21012755324575147,1.032347548116105,1.1391385262501426,0.73,0.3637306695894642,False
0.42,0.08,0.5,-0.03005849483249388,0.025307994161868658,0.0930203490019878,0.21343170637753303,1.0408753665744381,1.150811583353468,0.71,0.3637306695894642,False
0.42,0.1,0.48,-0.029323756220590295,0.02667497599849259,0.09491862465705626,0.21660707550982133,1.0507104620428498,1.1625803566597925,0.69,0.3637306695894642,False
0.42,0.12,0.46,-0.02871569672394238,0.027860685361331065,0.09670411251005204,0.21964811619164382,1.061437293344191,1.174445665126963,0.67,0.3637306695894642,False
0.42,0.14,0.44,-0.02828428956042189,0.028862986432979975,0.0983582060133491,0.22253275721199284,1.0712297382212506,1.186408334542827,0.65,0.3637306695894642,False
0.42,0.16,0.42,-0.027956019031555503,0.02969102399333004,0.09990393290906015,0.22524201609093897,1.0807557069880755,1.1984691975761839,0.63,0.3637306695894642,False
0.42,0.18,0.4,-0.027699466818346515,0.030357222276781493,0.10133482401894373,0.2277570878848085,1.0930678989101787,1.2106290938280406,0.61,0.3637306695894642,False
0.42,0.2,0.38,-0.027650493325882323,0.030897199090989286,0.10264024774927227,0.23011208690906979,1.1045772381101626,1.222888869883069,0.59,0.3637306695894642,False
0.42,0.22,0.36,-0.027798031448752994,0.03128516608054893,0.1038449613157642,0.23232310749144366,1.1142796399993609,1.2352493793614416,0.57,0.3637306695894642,False
0.42,0.24,0.34,-0.02814693405163265,0.03150859470824857,0.10487469388512549,0.23438524048000536,1.1239498888019186,1.2477114829710838,0.55,0.3637306695894642,False
0.42,0.26,0.32,-0.028612177287882155,0.0315848145712019,0.1057319804080488,0.23628568946446013,1.1343557051189497,1.2602760485600357,0.53,0.3637306695894642,False
0.42,0.28,0.3,-0.02925367671747908,0.03149799872209966,0.10639099820148466,0.23804337204446555,1.1453598394491902,1.2729439511692318,0.51,0.3637306695894642,False
0.42,0.3,0.28,-0.030016500796440887,0.031287410317064224,0.10684082666647234,0.23963856195191408,1.1545173449613657,1.2857160730855972,0.49,0.3637306695894642,False
0.42,0.32,0.26,-0.030857544841220493,0.030978205171651462,0.10705740651077106,0.24107076606621794,1.1652576220142947,1.298593303895427,0.47,0.3637306695894642,False
0.42,0.34,0.24,-0.03178300318733438,0.030489670234880098,0.1071315239509433,0.2422705670378263,1.1746133697333812,1.3115765405381445,0.44999999999999996,0.3637306695894642,False
0.42,0.36,0.22,-0.03285897005328777,0.029851280559589154,0.10704329682200667,0.24331826877991347,1.1833865622932178,1.3246666873601958,0.43,0.3637306695894642,False
0.42,0.38,0.2,-0.034092481519546004,0.029068821296836668,0.10674443091608112,0.24421540449148813,1.192877469600448,1.3378646561694842,0.41000000000000003,0.3637306695894642,False
0.42,0.4,0.18,-0.03547600128497006,0.028153680903807262,0.10629533748340447,0.24497593833376913,1.2022097890483887,1.3511713662899414,0.39,0.3637306695894642,False
0.42,0.42,0.16,-0.036989060552724114,0.027083488871527655,0.10573290382981869,0.2456116349571968,1.2130132764609178,1.364587744616559,0.37,0.3637306695894642,False
0.42,0.44,0.14,-0.038636287474744485,0.025885226484542077,0.10505391077245323,0.2461189646174027,1.2258212059970752,1.3781147256705473,0.35,0.3637306695894642,False
0.42,0.46,0.12,-0.04048329559076387,0.024578613801192088,0.10427546182890665,0.24649267732540836,1.2374825006934453,1.3917532516550206,0.32999999999999996,0.3637306695894642,False
0.42,0.48,0.1,-0.04255716279463049,0.023127118581038105,0.10335602373928374,0.24675814738054863,1.24612232131736,1.4055042725107854,0.31,0.3637306695894642,False
0.42,0.5,0.08,-0.04480686872949609,0.021529423581991364,0.10229532675119614,0.24690535069992783,1.2566060891931645,1.4193687459726672,0.29,0.3637306695894642,False
0.42,0.52,0.06,-0.04715398457024366,0.019802247975386395,0.10113656458026166,0.2469241129712435,1.2660448510138695,1.4333476376259096,0.27,0.3637306695894642,False
0.42,0.54,0.04,-0.04961576557409936,0.017933831883436932,0.09987106693478714,0.2467892778171062,1.2762415430527279,1.4474419209631106,0.25,0.3637306695894642,False
0.42,0.56,0.02,-0.05233949931506397,0.015939187460192274,0.09851557721849499,0.24648626503989085,1.28610623003035,1.4616525774413112,0.22999999999999998,0.3637306695894642,False
0.42,0.58,0.0,-0.055222381991303,0.01384472273101083,0.09705130629499541,0.2460106013592418,1.2985069678053192,1.4759805965395278,0.21,0.3637306695894642,False
0.44,0.0,0.56,-0.0342887053586691,0.02183305151077188,0.09056194614082991,0.21213310032752025,1.0539296073390092,1.1698769483711635,0.78,0.381051177665153,False
0.44,0.02,0.54,-0.03272062165711205,0.02378370437270286,0.09314418488549027,0.21584299475654756,1.0657069408007618,1.1817172952317982,0.76,0.381051177665153,False
0.44,0.04,0.52,-0.0315173174732525,0.02558264004606253,0.09552446574139849,0.21940694711628142,1.0763439422266243,1.1936540483933287,0.74,0.381051177665153,False
0.44,0.06,0.5,-0.03049032676775078,0.02715438312291415,0.09774675464644425,0.22280808097260624,1.0882703564102645,1.2056880303609425,0.72,0.381051177665153,False
0.44,0.08,0.48,-0.02957630788043581,0.02852254633889182,0.09980753540804749,0.22609592299631395,1.1001964164020837,1.2178200704941644,0.7,0.381051177665153,False
0.44,0.1,0.46,-0.028831043163271036,0.029780064655851465,0.10168003449968677,0.22922217785327684,1.1120033779041618,1.230051005058004,0.68,0.381051177665153,False
0.44,0.12,0.44,-0.028299584729883493,0.03089282405768058,0.1034209687159628,0.23218899273508453,1.1225072520140422,1.242381677274374,0.66,0.381051177665153,False
0.44,0.14,0.42,-0.027864515711658107,0.03188288719637942,0.1050230135829989,0.23503157608286224,1.130043333511884,1.2548129373738461,0.64,0.381051177665153,False
0.44,0.16,0.4,-0.027492931885650204,0.032714363062085264,0.10649096292792298,0.2376715118736605,1.1409503698378582,1.267345642647734,0.62,0.381051177665153,False
0.44,0.18,0.38,-0.02730137702839597,0.03335939176043744,0.10784234868102408,0.240150121422575,1.1524712179500398,1.2799806575004853,0.6,0.381051177665153,False
0.44,0.2,0.36,-0.027427018319847018,0.03377884499889316,0.10906294486124571,0.24245435388691297,1.16398606690008,1.2927188535022904,0.58,0.381051177665153,False
0.44,0.22,0.34,-0.027704511454198354,0.03408815714831677,0.11010315641358202,0.24462527120169983,1.1744273536860868,1.3055611094422053,0.56,0.381051177665153,False
0.44,0.24,0.32,-0.028073523112644376,0.03422758115295054,0.11099516489436471,0.2466347367546655,1.1858104089083703,1.3185083113813727,0.54,0.381051177665153,False
0.44,0.26,0.3,-0.028557564697699656,0.03418758728107314,0.11173753005323465,0.24848374843386561,1.1965551206369056,1.3315613527067296,0.52,0.381051177665153,False
0.44,0.28,0.28,-0.029234420532255303,0.03400994437898631,0.11226524090505706,0.2501804036604208,1.2059628671364262,1.344721134184946,0.5,0.381051177665153,False
0.44,0.3,0.26,-0.030161403631701805,0.033718657265965624,0.11260164777305287,0.2516686831344245,1.2185687310824513,1.3579885640166436,0.48,0.381051177665153,False
0.44,0.32,0.24,-0.031204915822369273,0.0333532554970932,0.11276587341862568,0.25296093114037904,1.2262822146652188,1.3713645578910414,0.45999999999999996,0.381051177665153,False
0.44,0.34,0.22,-0.03230565225517149,0.032831342218633895,0.11276308045591753,0.25406237938688175,1.237988798831082,1.3848500390408744,0.44,0.381051177665153,False
0.44,0.36,0.2,-0.0335114907031175,0.03211489239865953,0.11255812909036841,0.2550364766654381,1.2456895866303141,1.3984459382975813,0.42000000000000004,0.381051177665153,False
0.44,0.38,0.18,-0.034804674863533426,0.03124360626251868,0.11216766122851153,0.2558809357783091,1.2560818074497346,1.4121531941468073,0.4,0.381051177665153,False
0.44,0.4,0.16,-0.036204557766987285,0.030225896277880474,0.11161072694209846,0.25660052314413356,1.2673698573643857,1.4259727527843105,0.38,0.381051177665153,False
0.44,0.42,0.14,-0.03778883372848091,0.02907643572512371,0.11088865550102317,0.25718284251129897,1.2793262881985608,1.4399055681722077,0.36,0.381051177665153,False
0.44,0.44,0.12,-0.03950404039051213,0.027809123518385884,0.1101031951555339,0.2576295992279099,1.290192012338972,1.4539526020953364,0.33999999999999997,0.381051177665153,False
0.44,0.46,0.1,-0.04147386509729021,0.026443151256250897,0.10925113947868371,0.2579351471323015,1.3007631222098457,1.4681148242181474,0.32,0.381051177665153,False
0.44,0.48,0.08,-0.04362481467731941,0.024922966903247402,0.10826741393450087,0.2581328713503584,1.3117917063755584,1.4823932121418302,0.3,0.381051177665153,False
0.44,0.5,0.06,-0.04595999096700199,0.023266446073872585,0.10713849296565281,0.2581820958333121,1.321516948027822,1.4967887514617735,0.28,0.381051177665153,False
0.44,0.52,0.04,-0.04842217582586927,0.021498012426844026,0.10587947439287455,0.2580735448006002,1.331143287119965,1.5113024358253468,0.26,0.381051177665153,False
0.44,0.54,0.02,-0.051073635482022865,0.019641377247882987,0.10453140959935336,0.2578125471606756,1.3436733425195029,1.5259352669899835,0.24,0.381051177665153,False
0.44,0.56,0.0,-0.053979721640429454,0.017620774280930628,0.10308838675524243,0.257391451108837,1.3547619252535332,1.5406882548815999,0.22,0.381051177665153,False
0.46,0.0,0.54,-0.03512844301427671,0.02459242840032738,0.09641988554203416,0.22392925241905073,1.1119485594502536,1.2375219680311704,0.77,0.39837168574084175,False
0.46,0.02,0.52,-0.03362480852432831,0.02643416113319885,0.09893268176276504,0.22763574812245485,1.1268011974289993,1.2498255136803464,0.75,0.39837168574084175,False
0.46,0.04,0.5,-0.032403928045534526,0.02809193078912692,0.10132028343330188,0.23120850469549806,1.1383277712685411,1.2622286488148973,0.73,0.39837168574084175,False
0.46,0.06,0.48,-0.03140186656047131,0.02954687087794833,0.10357008280638624,0.23459092380727634,1.1488943415288642,1.2747322201711297,0.71,0.39837168574084175,False
0.46,0.08,0.46,-0.030595393599237432,0.030792791325842388,0.10566332911578045,0.23783148764245915,1.1591369433334422,1.287337081517965,0.6900000000000001,0.39837168574084175,False
0.46,0.1,0.44,-0.029884776491908654,0.031941477790968426,0.1075188777759888,0.24091234467347963,1.1698818013099108,1.300044093709117,0.67,0.39837168574084175,False
0.46,0.12,0.42,-0.02932672916306882,0.03295151647568387,0.10919830906500021,0.24385152142005523,1.1826533855254346,1.3128541247358212,0.65,0.39837168574084175,False
0.46,0.14,0.4,-0.028988818068905103,0.03383146282205999,0.11071608069487167,0.24661481322546408,1.1924002712845256,1.3257680497795747,0.63,0.39837168574084175,False
0.46,0.16,0.38,-0.028799590109537077,0.034609760873236216,0.11210598278727357,0.24920578403703658,1.2037303258127034,1.3387867512655252,0.61,0.39837168574084175,False
0.46,0.18,0.36,-0.028860047416076458,0.035217852293606654,0.11333761425851209,0.25163538367494315,1.216492210223063,1.3519111189159234,0.59,0.39837168574084175,False
0.46,0.2,0.34,-0.028997619671418232,0.03564403944846957,0.1143988865871062,0.25391752178477933,1.225957851358995,1.3651420498040485,0.5700000000000001,0.39837168574084175,False
0.46,0.22,0.32,-0.029197416403654527,0.03588103139037106,0.11529144114634325,0.2560356707296317,1.2377116397051056,1.378480448408364,0.55,0.39837168574084175,False
0.46,0.24,0.3,-0.029575426621244252,0.03597418435284433,0.11606069808839893,0.25801717963865123,1.249085320178933,1.3919272266670364,0.53,0.39837168574084175,False
0.46,0.26,0.28,-0.03011061017692382,0.03587542791776576,0.11666876542212591,0.2598043072834662,1.2601508983877687,1.4054833040328019,0.51,0.39837168574084175,False
0.46,0.28,0.26,-0.030892017221998636,0.03563911547390521,0.11709468304376314,0.26135092275195715,1.2706029912804042,1.4191496075280692,0.49,0.39837168574084175,False
0.46,0.3,0.24,-0.03184118564480167,0.035261181570649704,0.1173633539966584,0.2627413850790191,1.281169278008361,1.4329270718004292,0.47,0.39837168574084175,False
0.46,0.32,0.22,-0.03285498974671423,0.03476588318885001,0.1174510178431051,0.2639551344277071,1.2902052228042171,1.4468166391784754,0.45,0.39837168574084175,False
0.46,0.34,0.2,-0.0339702681851819,0.034088645777293085,0.11736437808603642,0.26501648192455063,1.3024388590019684,1.4608192597278808,0.43000000000000005,0.39837168574084175,False
0.46,0.36,0.18,-0.0351828340682809,0.03325667598672234,0.11712380325818254,0.2659414026877838,1.313217583050474,1.4749358913078843,0.41000000000000003,0.39837168574084175,False
0.46,0.38,0.16,-0.03655450708302352,0.03227630705414352,0.1167253375596375,0.2667349002415733,1.3239589825821942,1.489167499628012,0.39,0.39837168574084175,False
0.46,0.4,0.14,-0.03807904709336776,0.031190671820614968,0.11615045082157073,0.267386885459495,1.334850952743777,1.503515058305304,0.37,0.39837168574084175,False
0.46,0.42,0.12,-0.03987248140303526,0.029964850327541107,0.11542380636891908,0.2678961163872665,1.3468466115904307,1.517979548921478,0.35,0.39837168574084175,False
0.46,0.44,0.1,-0.04186228774884408,0.0285910259447322,0.11452496155909726,0.26823773035616627,1.3569140644639377,1.53256196108096,0.33,0.39837168574084175,False
0.46,0.46,0.08,-0.04401914041892668,0.02712595067771365,0.1135195155342916,0.26844501931947556,1.3676748212427356,1.5472632924687961,0.31,0.39837168574084175,False
0.46,0.48,0.06,-0.04634980332723808,0.025566066618255757,0.11240365420102631,0.2685282753847265,1.379933593045196,1.5620845489090622,0.29000000000000004,0.39837168574084175,False
0.46,0.5,0.04,-0.04877116886102671,0.023911181111806918,0.11117031400238261,0.2684488052536813,1.3913212676321889,1.5770267444236041,0.27,0.39837168574084175,False
0.46,0.52,0.02,-0.051294643725390825,0.0221148076614074,0.10980234396124183,0.2681975417293962,1.4032149659403959,1.5920909012910918,0.25,0.39837168574084175,False
0.46,0.54,0.0,-0.053975323513125534,0.020203319242111127,0.10832378528071754,0.2678041084079297,1.4132222324130068,1.607278050106377,0.23,0.39837168574084175,False
0.48,0.0,0.52,-0.03743901982559172,0.026042892743499357,0.1014026187703701,0.234897171440015,1.1754965389671446,1.3076935779598495,0.76,0.4156921938165305,False
0.48,0.02,0.5,-0.036032245331934956,0.02779863241992991,0.10382867919268125,0.23859880779438616,1.1878492856674854,1.3204742358209363,0.74,0.4156921938165305,False
0.48,0.04,0.48,-0.034802926771680606,0.02938379467148241,0.10611931944911342,0.24211422677116398,1.199770713193509,1.333357744167924,0.72,0.4156921938165305,False
0.48,0.06,0.46,-0.033799985617745304,0.030776932394213995,0.10826627814426958,0.24546142482609395,1.205991395418365,1.3463449744688463,0.7,0.4156921938165305,False
0.48,0.08,0.44,-0.032962512611416785,0.03203066556695451,0.11026025419827054,0.24867650482766804,1.2184067777159537,1.3594368054055699,0.6799999999999999,0.4156921938165305,False
0.48,0.1,0.42,-0.03228085273359694,0.03305715720889028,0.11210909246291843,0.25173628296154454,1.2330552407431523,1.3726341229271661,0.6599999999999999,0.4156921938165305,False
0.48,0.12,0.4,-0.0317118620271966,0.03392736945951456,0.11381012299220407,0.2546311978249885,1.2423968668349454,1.3859378203037989,0.64,0.4156921938165305,False
0.48,0.14,0.38,-0.03137392058117075,0.034665386037895686,0.11532933749872168,0.25733763646704066,1.2536336127156278,1.3993487981806516,0.62,0.4156921938165305,False
0.48,0.16,0.36,-0.031347751297780314,0.03529668191720393,0.11662179751956515,0.2598979250100513,1.2670920102400651,1.412867964632494,0.6,0.4156921938165305,False
0.48,0.18,0.34,-0.0314776576366772,0.03584619361255274,0.11769465199284376,0.26229013849709715,1.279697739043657,1.426496235218338,0.5800000000000001,0.4156921938165305,False
0.48,0.2,0.32,-0.03167084786198289,0.03627786376803503,0.11859164942080788,0.2645385883125322,1.2911005731449374,1.4402345330364914,0.56,0.4156921938165305,False
0.48,0.22,0.3,-0.0319720508407203,0.03653355934788982,0.11937949183913568,0.2665757822281621,1.3031513761886344,1.4540837887799853,0.54,0.4156921938165305,False
0.48,0.24,0.28,-0.0323454470667479,0.036566281990917424,0.12002856286280891,0.2684342133502905,1.3158361167759822,1.468044940792311,0.52,0.4156921938165305,True
0.48,0.26,0.26,-0.0329134192349475,0.036440383397198066,0.12051441737132952,0.27012297882288716,1.3263282689896885,1.4821189351234056,0.5,0.4156921938165305,False
0.48,0.28,0.24,-0.033729108871195075,0.03609928831223519,0.12085001707809934,0.2716412820602495,1.3389193776374189,1.4963067255860618,0.48,0.4156921938165305,False
0.48,0.3,0.22,-0.03470876590838431,0.03559270067626705,0.12104771986834179,0.27299795153026174,1.3510296666043493,1.510609273812629,0.45999999999999996,0.4156921938165305,False
0.48,0.32,0.2,-0.03579366993799936,0.03493696027237352,0.12108973686121524,0.274172298292215,1.3594548074160269,1.5250275493120304,0.44,0.4156921938165305,False
0.48,0.34,0.18,-0.0369895889299556,0.03414593617896844,0.1209740560413119,0.27519047435611405,1.3703649827021787,1.5395625295271065,0.42,0.4156921938165305,False
0.48,0.36,0.16,-0.03831151289892257,0.03325806267349493,0.1207095400288271,0.27602012267886467,1.3809087455790645,1.554215199892351,0.4,0.4156921938165305,False
0.48,0.38,0.14,-0.03978970093446661,0.03227921076792818,0.12028368998769617,0.27669943777873063,1.3920521107349213,1.56898655389186,0.38,0.4156921938165305,False
0.48,0.4,0.12,-0.04145079248901226,0.031153454821069612,0.11969316615202277,0.27722648011217443,1.4034577152356902,1.5838775931177682,0.36,0.4156921938165305,False
0.48,0.42,0.1,-0.043299203275858365,0.02988955658865114,0.1188895787258823,0.2776449428293955,1.4151632372982417,1.5988893273288451,0.33999999999999997,0.4156921938165305,False
0.48,0.44,0.08,-0.04532598549965673,0.02848472385656729,0.11789203113151864,0.2778878884261593,1.4280195044885602,1.6140227745095241,0.32,0.4156921938165305,False
0.48,0.46,0.06,-0.04749168780109299,0.02697537939632006,0.11674363237663264,0.277957675085796,1.4368275779139432,1.629278960929238,0.3,0.4156921938165305,False
0.48,0.48,0.04,-0.04986950858459603,0.025327587981395994,0.11551313865275135,0.2778692297980752,1.4498656128423355,1.6446589212021248,0.27999999999999997,0.4156921938165305,False
0.48,0.5,0.02,-0.052391266352537026,0.02359510397949172,0.11419704267401887,0.2776606141471391,1.4616693366741567,1.660163698346996,0.26,0.4156921938165305,False
0.48,0.52,0.0,-0.05497739393844729,0.021789716894802982,0.11274640575576055,0.27732348786971156,1.4738998028072552,1.6757943438476635,0.24,0.4156921938165305,False
0.5,0.0,0.5,-0.040680875420059506,0.02600462595905797,0.10523770235260178,0.2448923757533303,1.2356722118458714,1.380466611215815,0.75,0.4330127018922193,False
0.5,0.02,0.48,-0.03932909196499019,0.027697446628604013,0.10757629802409684,0.24858965243373132,1.246840537076125,1.3937386063966404,0.73,0.4330127018922193,False
0.5,0.04,0.46,-0.038202105147535505,0.029269992031403444,0.10975629360006378,0.2520969853148648,1.258460501333074,1.4071167920045546,0.71,0.4330127018922193,False
0.5,0.06,0.44,-0.0371919179307664,0.03066264165017805,0.11187006378019948,0.25543200862382154,1.2726982128088737,1.4206020647441902,0.69,0.4330127018922193,False
0.5,0.08,0.42,-0.03636866085131118,0.03186338202754661,0.1138320721792086,0.2586396202837081,1.2842440604577072,1.4341953287182614,0.6699999999999999,0.4330127018922193,False
0.5,0.1,0.4,-0.035684350112911135,0.03288244194517131,0.11560855494575735,0.26169939461560154,1.2945936208071689,1.4478974954821946,0.65,0.4330127018922193,False
0.5,0.12,0.38,-0.03517783434055654,0.03371625132244818,0.11722811065055992,0.2645464662214202,1.3055533495441254,1.4617094840990181,0.63,0.4330127018922193,False
0.5,0.14,0.36,-0.03490690282058409,0.03436476771861301,0.11867069645348743,0.26721876292579555,1.3167408617141412,1.4756322211947637,0.61,0.4330127018922193,False
0.5,0.16,0.34,-0.034847200692234875,0.03494864568061538,0.11990497788764634,0.26973544349997014,1.328691656362786,1.4896666410139512,0.5900000000000001,0.4330127018922193,False
0.5,0.18,0.32,-0.0350202333123844,0.03545762597256056,0.12093131919170096,0.27203814994936154,1.3412259283622494,1.503813685475646,0.5700000000000001,0.4330127018922193,False
0.5,0.2,0.3,-0.03532047547883114,0.035850674003274116,0.1217711809500397,0.27418814914081996,1.353910258736378,1.5180743042295772,0.55,0.4330127018922193,False
0.5,0.22,0.28,-0.035690954695129035,0.03607023266367673,0.1224606302971214,0.2761226877360455,1.3652154228013078,1.532449454712896,0.53,0.4330127018922193,False
0.5,0.24,0.26,-0.03616745074777262,0.03603056393323033,0.12302485089829535,0.27793343490363226,1.3777076457292128,1.5469401022070342,0.51,0.4330127018922193,False
0.5,0.26,0.24,-0.03681871603856226,0.035845466876510565,0.12344584490201188,0.27956484338584053,1.3907949585760981,1.56154721989502,0.49,0.4330127018922193,False
0.5,0.28,0.22,-0.03765549831259622,0.03545627086245374,0.12372910508841549,0.2810048279731975,1.404079513598953,1.576271788919033,0.47,0.4330127018922193,False
0.5,0.3,0.2,-0.038711622880512546,0.03488439421070402,0.12386772334851877,0.2822886247069158,1.4183280942249241,1.5911147984383396,0.45,0.4330127018922193,False
0.5,0.32,0.18,-0.039942027584127654,0.034159183298300866,0.12387280519751612,0.2834115555542941,1.4292367062328368,1.6060772456876187,0.43,0.4330127018922193,False
0.5,0.34,0.16,-0.04127439795111031,0.03330815325701385,0.12369965575725489,0.2843513192542371,1.4392639001769416,1.6211601360355583,0.41000000000000003,0.4330127018922193,False
0.5,0.36,0.14,-0.042646104790042064,0.032354449537360434,0.12337402658282244,0.2850805907383225,1.4513132470034118,1.636364483043773,0.39,0.4330127018922193,False
0.5,0.38,0.12,-0.04412419669234932,0.031281949779039364,0.1228513960217644,0.2856663341825798,1.4619492048935716,1.6516913085260267,0.37,0.4330127018922193,False
0.5,0.4,0.1,-0.045717602633686495,0.030122526885257156,0.12219113690157819,0.28611613460045754,1.473035517228904,1.6671416426079853,0.35,0.4330127018922193,False
0.5,0.42,0.08,-0.04758197074593545,0.028851885142592203,0.12131708946125473,0.2864149132424798,1.4836893487352198,1.6827165237870398,0.33,0.4330127018922193,False
0.5,0.44,0.06,-0.04963281986220645,0.027472549843824218,0.12026855363328315,0.28652460405634844,1.4975872623030981,1.6984169989926976,0.31,0.4330127018922193,False
0.5,0.46,0.04,-0.05181852402272592,0.025959481416899743,0.11910335330081713,0.28650444162970923,1.510510245115309,1.714244123647043,0.29,0.4330127018922193,False
0.5,0.48,0.02,-0.054254529324594236,0.02431473049026123,0.1177683351082713,0.2863451490185889,1.5214592002164373,1.7301989617259383,0.27,0.4330127018922193,False
0.5,0.5,0.0,-0.05677190827246642,0.022576066391253855,0.11628816320590216,0.286076551889779,1.533841411855283,1.7462825858200406,0.25,0.4330127018922193,False
0.52,0.0,0.48,-0.04478219650888501,0.024745407231025248,0.1080083736651564,0.25391776713884473,1.2976791737559823,1.455917829843958,0.74,0.4503332099679081,False
0.52,0.02,0.46,-0.043531814155447435,0.026367554581294216,0.11028337626404065,0.25757926423611466,1.3106130040665582,1.469695704091536,0.72,0.4503332099679081,False
0.52,0.04,0.44,-0.04244925805340565,0.027889616625778407,0.11247114359928506,0.26107760747949377,1.3240308717693436,1.4835831887691542,0.7,0.4503332099679081,False
0.52,0.06,0.42,-0.04153138322234475,0.02930192368188865,0.11449648930432321,0.2644153113207062,1.3366102904044408,1.497581206327177,0.6799999999999999,0.4503332099679081,False
0.52,0.08,0.4,-0.04069885583605,0.030541162622990746,0.11635967817384502,0.26761571231282805,1.3473501103499101,1.511690686801249,0.66,0.4503332099679081,False
0.52,0.1,0.38,-0.04006745133862151,0.03157728787196005,0.11804779156343383,0.27066050534166897,1.3597075674150398,1.5259125678683072,0.64,0.4503332099679081,False
0.52,0.12,0.36,-0.03967922146158096,0.0324659262430679,0.1195574724641099,0.2734826640982316,1.3712234397349843,1.5402477949025584,0.62,0.4503332099679081,False
0.52,0.14,0.34,-0.0395429511551158,0.0331608751315749,0.12088068905296959,0.2760744500010937,1.3856542285213178,1.554697321032117,0.6000000000000001,0.4503332099679081,False
0.52,0.16,0.32,-0.03944359400411704,0.03364968991958801,0.12199299827333827,0.2784776720850491,1.3946847496420216,1.5692621071956863,0.5800000000000001,0.4503332099679081,False
0.52,0.18,0.3,-0.03954534036904541,0.03402152932945471,0.12292054133543784,0.2807524179118619,1.4062472285636654,1.5839431221998548,0.56,0.4503332099679081,False
0.52,0.2,0.28,-0.03979348912129711,0.03430974666014573,0.12371790975343731,0.2828507983456945,1.4200475165469593,1.5987413427764445,0.54,0.4503332099679081,False
0.52,0.22,0.26,-0.04025637594865306,0.034403499966358456,0.12437696092275066,0.28476475257420586,1.4327739020202006,1.6136577536404912,0.52,0.4503332099679081,False
0.52,0.24,0.24,-0.040893940722891424,0.03432792690243224,0.12493073451480463,0.2864968598367799,1.4478853608314906,1.628693347548298,0.5,0.4503332099679081,False
0.52,0.26,0.22,-0.04170339330477759,0.03409180401767549,0.12535310677160857,0.28807427331817353,1.4605856056902844,1.643849125356078,0.48,0.4503332099679081,False
0.52,0.28,0.2,-0.04270319006490965,0.03366056894965025,0.12560025650565393,0.2894342683867544,1.4726401837146592,1.6591260960785974,0.46,0.4503332099679081,False
0.52,0.3,0.18,-0.04380420972503665,0.033064723927875954,0.12569965819655568,0.29061428259470357,1.4846543803102978,1.6745252769486203,0.44,0.4503332099679081,False
0.52,0.32,0.16,-0.04502952027629908,0.032299744289285434,0.12566767034570112,0.2916482614873806,1.497179854617499,1.690047693476206,0.42000000000000004,0.4503332099679081,False
0.52,0.34,0.14,-0.04635623788746982,0.03139776745676685,0.1254028190878361,0.2924958677956349,1.506643541443748,1.7056943795088013,0.4,0.4503332099679081,False
0.52,0.36,0.12,-0.0478218010737577,0.03036981742212961,0.12497604170243996,0.2931600989257645,1.5178141940832686,1.7214663772912477,0.38,0.4503332099679081,False
0.52,0.38,0.1,-0.04936460318580978,0.029270268144683288,0.12438472904907906,0.29366494436532414,1.5312379900043733,1.73736473752647,0.36,0.4503332099679081,False
0.52,0.4,0.08,-0.051014870380915435,0.028054064954580113,0.1236283045165944,0.29403378400542846,1.5443707746664974,1.753390519436272,0.34,0.4503332099679081,False
0.52,0.42,0.06,-0.052880609499097765,0.026771433262111285,0.12272618882849104,0.2942269036341921,1.5586038638036697,1.769544790822714,0.32,0.4503332099679081,False
0.52,0.44,0.04,-0.05492189361911524,0.025388272955001834,0.12167231483975534,0.29426845663395207,1.5713345877407146,1.7858286281295856,0.3,0.4503332099679081,False
0.52,0.46,0.02,-0.057143190835771594,0.02386112223253568,0.12043140290933117,0.2941798776436353,1.5836322077721645,1.8022431165042347,0.28,0.4503332099679081,False
0.52,0.48,0.0,-0.05949584008937992,0.02222390341968047,0.11902913346353612,0.29399520781493144,1.5954302592697303,1.8187893498600893,0.26,0.4503332099679081,False
0.54,0.0,0.46,-0.04978997540755049,0.022368365319630806,0.10970661522683792,0.26207217021502716,1.361712383329206,1.534125977428708,0.73,0.4676537180435969,False
0.54,0.02,0.44,-0.04861295515016347,0.02397806353410145,0.11193739163931817,0.26568917817364995,1.3741155675574586,1.5484245941522472,0.71,0.4676537180435969,False
0.54,0.04,0.42,-0.047679798735503584,0.025409289785174302,0.11403638224510698,0.26914682492367403,1.3883387448955204,1.562836322487691,0.69,0.4676537180435969,False
0.54,0.06,0.4,-0.04680163721590657,0.026769019944922926,0.11600627435881919,0.27246366114084897,1.3992755037338092,1.57736211114415,0.67,0.4676537180435969,False
0.54,0.08,0.38,-0.0460390082892018,0.028010657441682643,0.11775165097403713,0.27566866133414564,1.4140850286958369,1.5920029166064948,0.65,0.4676537180435969,False
0.54,0.1,0.36,-0.04545749106897386,0.02903680469982633,0.11932497718199685,0.2786892780870465,1.424851884440279,1.6067597031923342,0.63,0.4676537180435969,False
0.54,0.12,0.34,-0.04524929244848482,0.02988973437334303,0.12075023991190985,0.2814559686158513,1.4392255732691823,1.6216334431093828,0.6100000000000001,0.4676537180435969,False
0.54,0.14,0.32,-0.04516979676518104,0.03057846171359335,0.12198028450564542,0.2840141512400577,1.4498790608307832,1.636625116513181,0.5900000000000001,0.4676537180435969,False
0.54,0.16,0.3,-0.045127710803562024,0.031122327385616547,0.12306029135445189,0.286402340565135,1.4643804796731898,1.6517357115651652,0.5700000000000001,0.4676537180435969,False
0.54,0.18,0.28,-0.045250513017536347,0.031507786359350566,0.12397670170741071,0.2885755430054052,1.4782515096953208,1.666966224491008,0.55,0.4676537180435969,False
0.54,0.2,0.26,-0.04553933789177445,0.03167404836963372,0.12475573608946698,0.29057946600794915,1.4914448207245834,1.6823176596393588,0.53,0.4676537180435969,False
0.54,0.22,0.24,-0.04607256475941356,0.0316612413476066,0.1253971424176736,0.29239333483813007,1.5034805981324437,1.697791029540966,0.51,0.4676537180435969,False
0.54,0.24,0.22,-0.04678361155603246,0.03147819562158624,0.1259351376345675,0.29405594377183863,1.515299560138533,1.7133873549681056,0.49,0.4676537180435969,False
0.54,0.26,0.2,-0.047666992234835955,0.031153594799156293,0.12630704988193592,0.2955395881533872,1.5293881091562924,1.7291076649942267,0.47000000000000003,0.4676537180435969,False
0.54,0.28,0.18,-0.04865323199916198,0.030724161929266143,0.12651363962732065,0.2968395676565576,1.5417160943430717,1.7449529970542248,0.45,0.4676537180435969,False
0.54,0.3,0.16,-0.04975156790996852,0.03011946015636284,0.12656002272551,0.29794786260647593,1.5561712298542492,1.7609243970048196,0.43000000000000005,0.4676537180435969,False
0.54,0.32,0.14,-0.05103312774687951,0.029402502582093284,0.12647021148632104,0.2989066696062425,1.5703325135286526,1.7770229191853293,0.41000000000000003,0.4676537180435969,False
0.54,0.34,0.12,-0.052434905399875165,0.028493797142490486,0.12618563600612615,0.2996971577918599,1.5806956473373432,1.7932496264788893,0.39,0.4676537180435969,False
0.54,0.36,0.1,-0.05389558200095629,0.02743467641516451,0.1256720776890249,0.3003124800641911,1.5918656724989793,1.8096055903739423,0.37,0.4676537180435969,False
0.54,0.38,0.08,-0.05544039435863634,0.026272432910944114,0.12499099652408234,0.30078216744968933,1.6045582521515587,1.826091891025977,0.35000000000000003,0.4676537180435969,False
0.54,0.4,0.06,-0.057239081270020996,0.025006367976107547,0.12418268466697174,0.30107382224090656,1.6164940617663692,1.842709617319886,0.33,0.4676537180435969,False
0.54,0.42,0.04,-0.0591373636960172,0.02365323373721023,0.1232384065958821,0.30121580294157135,1.6292085327450399,1.8594598669323716,0.31,0.4676537180435969,False
0.54,0.44,0.02,-0.06115300294620213,0.022205402727306593,0.12215903992974399,0.3012043388416428,1.64331423975494,1.8763437463949186,0.29000000000000004,0.4676537180435969,False
0.54,0.46,0.0,-0.06334388527951113,0.02057423112276308,0.12092186851386813,0.3010728193532784,1.6519482645031938,1.8933623711569092,0.27,0.4676537180435969,False
0.56,0.0,0.44,-0.05630654882891919,0.018783359678237264,0.1103556813822736,0.26943385266927405,1.4248899975663336,1.615171833299827,0.72,0.48497422611928565,False
0.56,0.02,0.42,-0.05511602310580918,0.020374294185555107,0.11251147637108366,0.2730441418797076,1.437783484473362,1.6300063826633544,0.7,0.48497422611928565,False
0.56,0.04,0.4,-0.05407214639365356,0.021801316947551556,0.11454780412922545,0.27645400484569566,1.4525517270963568,1.6449576271116884,0.68,0.48497422611928565,False
0.56,0.06,0.38,-0.05321336004995424,0.023103758829548786,0.11640429403830259,0.2797352278544997,1.465742427183347,1.6600265421298226,0.66,0.48497422611928565,False
0.56,0.08,0.36,-0.05252778754825857,0.024317482567255144,0.1180623008299225,0.28280909028769385,1.4797955893834125,1.6752141111718724,0.64,0.48497422611928565,False
0.56,0.1,0.34,-0.05199668601045958,0.025291339865393246,0.11958692247119419,0.28566257576876636,1.4922602271004282,1.6905213257192808,0.6200000000000001,0.48497422611928565,False
0.56,0.12,0.32,-0.05181497830979486,0.02605267843888172,0.12095816461337858,0.28838076223369596,1.5075880916586184,1.7059491853395141,0.6000000000000001,0.48497422611928565,False
0.56,0.14,0.3,-0.051784832080957736,0.02672588597251841,0.12219053022174538,0.2908959403368624,1.5200744068505287,1.7214986977448938,0.5800000000000001,0.48497422611928565,False
0.56,0.16,0.28,-0.0518520080601318,0.02724312392457172,0.12325606647072591,0.2931778188494947,1.5343503013525746,1.7371708788519016,0.56,0.48497422611928565,False
0.56,0.18,0.26,-0.052061363284329115,0.02759209173231929,0.12416650618773124,0.29529463413099943,1.5464396798703852,1.7529667528408754,0.54,0.48497422611928565,False
0.56,0.2,0.24,-0.05241633464604431,0.027795413224522093,0.12490168312061037,0.29726037605604494,1.5624857058187485,1.7688873522159654,0.52,0.48497422611928565,False
0.56,0.22,0.22,-0.052953381217125485,0.027779102644970095,0.12548110763035797,0.2990564044033852,1.5770856313420785,1.7849337178654245,0.5,0.48497422611928565,False
0.56,0.24,0.2,-0.05361790844589839,0.027629449454190894,0.12596381252767405,0.30067427836709987,1.5918459368497484,1.8011068991223649,0.48000000000000004,0.48497422611928565,False
0.56,0.26,0.18,-0.05442655180148396,0.027310744439917503,0.12630630600867188,0.3020791767858987,1.6022870045325739,1.8174079538257668,0.46,0.48497422611928565,False
0.56,0.28,0.16,-0.055442866270719426,0.026877832060590835,0.12643671346162327,0.30333888672362713,1.6145344113166762,1.8338379483818492,0.44000000000000006,0.48497422611928565,False
0.56,0.3,0.14,-0.05659329474158947,0.02626185112969817,0.1264246635494788,0.30440180036884784,1.6298188294072358,1.8503979578258662,0.42000000000000004,0.48497422611928565,False
0.56,0.32,0.12,-0.05786784461580196,0.025516466149165754,0.12626066733481958,0.30529365129680713,1.643064982220571,1.8670890658840915,0.4,0.48497422611928565,False
0.56,0.34,0.1,-0.05923544617067404,0.0246384946874546,0.1259360388617857,0.30606184597437985,1.657090504858082,1.8839123650363738,0.38,0.48497422611928565,False
0.56,0.36,0.08,-0.060678493755157055,0.023565715086810726,0.125452724762593,0.3066568579790391,1.6673891263085052,1.9008689565789212,0.36000000000000004,0.48497422611928565,False
0.56,0.38,0.06,-0.06228881591183574,0.02235253497549986,0.12478424988545304,0.3070846452300552,1.6798714460606101,1.9179599506873124,0.34,0.48497422611928565,False
0.56,0.4,0.04,-0.06409697226473311,0.021041954565847818,0.12392945650114155,0.3073281476882128,1.6911418152806648,1.9351864664801894,0.32,0.48497422611928565,False
0.56,0.42,0.02,-0.06603491881168493,0.019602008728839906,0.12293412902630725,0.3074364102762752,1.704737005951793,1.9525496320830555,0.30000000000000004,0.48497422611928565,False
0.56,0.44,0.0,-0.0681254787726006,0.018019473840831805,0.12183710039665235,0.3074173674608781,1.717829198520336,1.9700505846923966,0.28,0.48497422611928565,False
0.58,0.0,0.42,-0.06385872704948324,0.014120810227424497,0.10997978151188306,0.27584174535224826,1.491778030345568,1.6991382684274359,0.71,0.5022947341949744,False
0.58,0.02,0.4,-0.06264937197354528,0.015679692304331316,0.11207095911211004,0.2794378867077391,1.5062493721726447,1.7145242725124339,0.69,0.5022947341949744,False
0.58,0.04,0.38,-0.06158606062173554,0.017072166403544545,0.11401323917618136,0.2827631677104523,1.5212732388774501,1.730030638552867,0.6699999999999999,0.5022947341949744,False
0.58,0.06,0.36,-0.06075734560621143,0.018304271050921334,0.11580370122818373,0.2858735801544616,1.5350838332225005,1.745658369330386,0.6499999999999999,0.5022947341949744,False
0.58,0.08,0.34,-0.060105583091289584,0.019463914185245262,0.11741079629475971,0.28882855266305035,1.546498950705324,1.761408475792216,0.63,0.5022947341949744,False
0.58,0.1,0.32,-0.05960548816842121,0.020401460593297224,0.11887663836140915,0.29164851118866364,1.55987966927324,1.777281977110605,0.61,0.5022947341949744,False
0.58,0.12,0.3,-0.05937806868073453,0.02119297954779007,0.12020353309266893,0.2943235468431327,1.574902701353727,1.793279900742682,0.59,0.5022947341949744,False
0.58,0.14,0.28,-0.05938812666774905,0.021793253045385975,0.12140055357852518,0.2967848042208643,1.5879899883539097,1.8094032824906026,0.5700000000000001,0.5022947341949744,False
0.58,0.16,0.26,-0.05956186819647279,0.02227423060742327,0.12241515947154974,0.2990261180221792,1.6012999954964724,1.8256531665622031,0.55,0.5022947341949744,False
0.58,0.18,0.24,-0.05983594822888934,0.022640053468781646,0.1232711414163472,0.30113164875293424,1.6160182697935601,1.8420306056316667,0.53,0.5022947341949744,False
0.58,0.2,0.22,-0.0602510372825674,0.022834977471196102,0.12396194354598278,0.30308323215419786,1.630921509343211,1.8585366609010194,0.51,0.5022947341949744,False
0.58,0.22,0.2,-0.06079535320187126,0.022869617043301895,0.12450800615178943,0.30483044036302287,1.6458219894793797,1.875172402161712,0.49,0.5022947341949744,False
0.58,0.24,0.18,-0.06144350720960292,0.022762890228243845,0.12490430279117413,0.3063818741406111,1.6631206427030971,1.8919389078563935,0.47,0.5022947341949744,False
0.58,0.26,0.16,-0.062143129812214676,0.02245301757850306,0.1251913616011125,0.30775746392232955,1.677973915595222,1.9088372651414243,0.44999999999999996,0.5022947341949744,False
0.58,0.28,0.14,-0.0630706971367878,0.022012941486125235,0.12533193778382454,0.3089662989873532,1.6917104035052328,1.92586856994944,0.43,0.5022947341949744,False
0.58,0.3,0.12,-0.06427379411617302,0.021404031568709597,0.12531839963914285,0.3099847579262995,1.707677133209505,1.9430339270525427,0.41,0.5022947341949744,False
0.58,0.32,0.1,-0.06551977276263153,0.020679907826687584,0.12510425753747206,0.310868242296673,1.7222033677459285,1.960334450125476,0.39,0.5022947341949744,False
0.58,0.34,0.08,-0.06685171367257359,0.019773447847099248,0.12474035509228537,0.3116115025486137,1.7360962433572076,1.97777126180954,0.37,0.5022947341949744,False
0.58,0.36,0.06,-0.06837626105434906,0.018708442375228986,0.1241921520297741,0.31218762628033697,1.7435964030112796,1.995345493776628,0.35,0.5022947341949744,False
0.58,0.38,0.04,-0.0700623999008625,0.017509880012910553,0.12346782609990722,0.31256178157692466,1.7573481596492393,2.0130582867937705,0.32999999999999996,0.5022947341949744,False
0.58,0.4,0.02,-0.07192083695758472,0.016201457134138827,0.12260217029877736,0.31278209362571585,1.7702235872457257,2.0309107907878685,0.31,0.5022947341949744,False
0.58,0.42,0.0,-0.07392379186536319,0.014722001745398021,0.12163153219538791,0.3128328490056963,1.7798640624560342,2.048904164910936,0.29,0.5022947341949744,False
0.6,0.0,0.4,-0.07250569213750975,0.00854949014032503,0.10865890783265701,0.2811388564719961,1.5622251964177456,1.7861103030413232,0.7,0.5196152422706631,False
0.6,0.02,0.38,-0.07136426005263231,0.010025084534363696,0.11066661745574483,0.28468520026575495,1.575514591189159,1.8020636210803438,0.6799999999999999,0.5196152422706631,False
0.6,0.04,0.36,-0.07040258894979616,0.011368770913831287,0.11253382730266644,0.28794302609614386,1.5894811956469583,1.818141052443381,0.6599999999999999,0.5196152422706631,False
0.6,0.06,0.34,-0.06956196154023427,0.012549230245195574,0.11430389086486667,0.2909976686815463,1.603890230368503,1.83434362773316,0.64,0.5196152422706631,False
0.6,0.08,0.32,-0.06891037321672175,0.013645328016264889,0.11588864598171407,0.293923910797281,1.618224118561284,1.8506723859174588,0.62,0.5196152422706631,False
0.6,0.1,0.3,-0.06850205142585505,0.014565418980695547,0.11734496569285076,0.29670199788499224,1.6324119590098238,1.8671283743898355,0.6,0.5196152422706631,False
0.6,0.12,0.28,-0.06827860266839111,0.015291893176193313,0.11862764006173618,0.2993161830694022,1.6461385582922528,1.8837126490306841,0.5800000000000001,0.5196152422706631,False
0.6,0.14,0.26,-0.06826008181384056,0.015842768157260805,0.1197594356254657,0.30175126295786786,1.6597837634368153,1.900426274268689,0.56,0.5196152422706631,False
0.6,0.16,0.24,-0.06831733220140981,0.01624989775112594,0.12072832861233587,0.3040168303529934,1.6770305067370295,1.917270323142628,0.54,0.5196152422706631,False
0.6,0.18,0.22,-0.06847812898601502,0.01659035015427194,0.1215180034393032,0.30611658610235826,1.6916564682245379,1.9342458773635987,0.52,0.5196152422706631,False
0.6,0.2,0.2,-0.06894577500526004,0.016828900751904283,0.12218961667744559,0.308010280479335,1.7081521021665502,1.9513540273775962,0.5,0.5196152422706631,False
0.6,0.22,0.18,-0.06956352114404499,0.016908651776539472,0.12266726108108332,0.3097034301338165,1.7254085626970697,1.9685958724281853,0.48,0.5196152422706631,False
0.6,0.24,0.16,-0.0702173758161047,0.016845870787570712,0.1230100461743318,0.31120802922022384,1.7398947982544368,1.9859725206200156,0.45999999999999996,0.5196152422706631,False
0.6,0.26,0.14,-0.07095089665875595,0.016646583870721862,0.12323333079450079,0.31250835137393246,1.7543717881519179,2.0034850889822677,0.44,0.5196152422706631,False
0.6,0.28,0.12,-0.07177077438219522,0.01625988711043643,0.12330904263503437,0.31366912540192965,1.770394346258662,2.0211347035327645,0.42,0.5196152422706631,False
0.6,0.3,0.1,-0.07287159484317393,0.015664070068086122,0.12322739960921561,0.3147153359649119,1.7881888872210592,2.038922499342231,0.4,0.5196152422706631,False
0.6,0.32,0.08,-0.07416894201107511,0.014888582230313387,0.12294559427047189,0.31560010086246126,1.8056047784781963,2.0568496205990017,0.38,0.5196152422706631,False
0.6,0.34,0.06,-0.07561928129741104,0.013960653683965873,0.12250760658121074,0.31631330429926297,1.81946310070566,2.074917220674164,0.36,0.5196152422706631,False
0.6,0.36,0.04,-0.07720724125117344,0.012878680667526433,0.12190307390905478,0.3168375948352774,1.8275187055835436,2.093126462186913,0.33999999999999997,0.5196152422706631,False
0.6,0.38,0.02,-0.07897380400318539,0.011699516622558305,0.12112635398413389,0.317195365514183,1.8376752382586692,2.1114785170704797,0.32,0.5196152422706631,False
0.6,0.4,0.0,-0.08088202090640252,0.010378675107741004,0.1202107512038761,0.31739156504546606,1.8502583850257812,2.1299745666381456,0.3,0.5196152422706631,False
0.62,0.0,0.38,-0.08213403170854493,0.0018347175084361303,0.1062574273764095,0.2854853052632874,1.6290887246964343,1.8761751660095074,0.69,0.5369357503463519,False
0.62,0.02,0.36,-0.08111291876951662,0.003270383919446396,0.10824204085902313,0.2889149795572657,1.6444746055896329,1.8927119996910409,0.6699999999999999,0.5369357503463519,False
0.62,0.04,0.34,-0.0802376849836587,0.004602750441792651,0.11007323496270757,0.2920968004379647,1.664795519700177,1.909376783656198,0.65,0.5369357503463519,False
0.62,0.06,0.32,-0.07943941727284635,0.00575199144213172,0.11180566558657266,0.29510878548181857,1.6795121962302373,1.9261705768565738,0.63,0.5369357503463519,False
0.62,0.08,0.3,-0.07880954363225623,0.006737752384519322,0.11338397095842621,0.297998777316332,1.6895165886111967,1.943094446811395,0.61,0.5369357503463519,False
0.62,0.1,0.28,-0.07844086658756692,0.007628067924264416,0.11479432892522727,0.3007633623444638,1.706304303169119,1.960149469669392,0.5900000000000001,0.5369357503463519,False
0.62,0.12,0.26,-0.0782332991941676,0.008321627341030167,0.11605735974962235,0.30333361340192844,1.7207753568633215,1.9773367302712401,0.5700000000000001,0.5369357503463519,False
0.62,0.14,0.24,-0.078246480996524,0.008866892807547908,0.11717792056626233,0.30574043073520324,1.7346287397704976,1.9946573222122224,0.55,0.5369357503463519,False
0.62,0.16,0.22,-0.07831749073686362,0.009287957748432711,0.11810626313202882,0.30798970764990613,1.7507938463877357,2.012112347905366,0.53,0.5369357503463519,False
0.62,0.18,0.2,-0.0784740824556995,0.009596200719505007,0.11886153933531787,0.31008102505002566,1.767922644235627,2.0297029186449063,0.51,0.5369357503463519,False
0.62,0.2,0.18,-0.07891262164221989,0.00979883599736496,0.1194765375418744,0.3119518512723055,1.7850576163149747,2.0474301546700837,0.49,0.5369357503463519,False
0.62,0.22,0.16,-0.07946958884191843,0.009810877058990674,0.1198927268699619,0.31360183570824673,1.7992904937085488,2.065295185229368,0.47,0.5369357503463519,False
0.62,0.24,0.14,-0.08008397205295673,0.009706299300994996,0.12015940041893151,0.3151009455614444,1.8167657929974146,2.083299148645018,0.45,0.5369357503463519,False
0.62,0.26,0.12,-0.08078018809319146,0.009508835644803142,0.12027464361050966,0.3164318560791711,1.8323424630669671,2.101443192377972,0.43,0.5369357503463519,False
0.62,0.28,0.1,-0.08161058249853323,0.009204802770100873,0.1202706296621476,0.31758293585064223,1.8491507332159118,2.119728473093281,0.41000000000000003,0.5369357503463519,False
0.62,0.3,0.08,-0.08273515848916287,0.008742211044584584,0.12007278023689441,0.3185779896437354,1.8663271342622938,2.138156156725587,0.39,0.5369357503463519,False
0.62,0.32,0.06,-0.0839938204742717,0.00811355149248625,0.11976891868781958,0.31943633423053125,1.8798692898108038,2.1567274185453007,0.37,0.5369357503463519,False
0.62,0.34,0.04,-0.08549741132301424,0.007256113785035474,0.11931390363356537,0.32010167168430576,1.8933433455953899,2.175443443225036,0.35,0.5369357503463519,False
0.62,0.36,0.02,-0.08719172008925763,0.006244531268281901,0.11870341651856384,0.3205889430655831,1.9013060731411948,2.1943054249062492,0.33,0.5369357503463519,False
0.62,0.38,0.0,-0.08901839452218124,0.005064226793276295,0.11788088033054858,0.32092490977881494,1.9158131750315044,2.213314567266513,0.31,0.5369357503463519,False
0.64,0.0,0.36,-0.09283531868938569,-0.0058155399191056525,0.10280791531944888,0.28889793973443767,1.7012491048117457,1.969422356008618,0.6799999999999999,0.5542562584220407,False
0.64,0.02,0.34,-0.09184952382581826,-0.004465034597745058,0.1047446261111405,0.2921955872798007,1.7179544970017862,1.9865592548538322,0.66,0.5542562584220407,False
0.64,0.04,0.32,-0.0910465705413267,-0.003177538441110031,0.10656645184951369,0.2953452965803096,1.737870093385524,2.0038280276181513,0.64,0.5542562584220407,False
0.64,0.06,0.3,-0.09035384751534456,-0.002036905376232829,0.10823149819550756,0.2983487966188445,1.750377177684702,2.021229762133159,0.62,0.5542562584220407,False
0.64,0.08,0.28,-0.08980989826947004,-0.0010694091088055695,0.10976415729031447,0.3012072462440654,1.767154045306244,2.038765555003611,0.6000000000000001,0.5542562584220407,False
0.64,0.1,0.26,-0.08943356671298222,-0.00020894143527375931,0.11116990177985311,0.30390712563246275,1.7824290678821326,2.056436511670603,0.5800000000000001,0.5542562584220407,False
0.64,0.12,0.24,-0.0892155541236874,0.0005116682497715928,0.11236151240450294,0.30642396560628826,1.7959510524306035,2.0742437464753185,0.56,0.5542562584220407,False
0.64,0.14,0.22,-0.08916122546303047,0.0010688487649947443,0.11340128363117508,0.3088017081621345,1.8105238337176917,2.0921883827229446,0.54,0.5542562584220407,False
0.64,0.16,0.2,-0.08922916980368872,0.0014498284990162413,0.11424426772397644,0.31101313125020463,1.828273759507541,2.11027155274716,0.52,0.5542562584220407,False
0.64,0.18,0.18,-0.0894228045077953,0.001680150431504463,0.11497255617293878,0.3130522873447147,1.8455041491462834,2.128494397974853,0.5,0.5542562584220407,False
0.64,0.2,0.16,-0.08985233949595431,0.001796679795499502,0.11553929100650401,0.31489200321115096,1.8610104152240918,2.146858068991176,0.48,0.5542562584220407,False
0.64,0.22,0.14,-0.09041862000060213,0.0017814729198176139,0.11597083029876026,0.31653445459501706,1.8780837937875943,2.165363725605258,0.46,0.5542562584220407,False
0.64,0.24,0.12,-0.0910599497548983,0.0016924125208131829,0.11625433532678914,0.318022709331322,1.892505073353432,2.1840125369159096,0.44,0.5542562584220407,False
0.64,0.26,0.1,-0.09180241622497519,0.00151778976163258,0.11638673432910401,0.3193573230147773,1.9066548813593915,2.202805681377985,0.42000000000000004,0.5542562584220407,False
0.64,0.28,0.08,-0.0926457489453898,0.0012072868691156368,0.11626935512233574,0.3204935305023036,1.9244770776675524,2.2217443468689035,0.4,0.5542562584220407,False
0.64,0.3,0.06,-0.09381680561970318,0.0007677574268053669,0.11605033946040078,0.3214551476863329,1.93887296039107,2.2408297307558165,0.38,0.5542562584220407,False
0.64,0.32,0.04,-0.09515603007881551,0.0002459920782262598,0.1157084210308318,0.3222713403407976,1.9542994843767734,2.260063039962904,0.36,0.5542562584220407,False
0.64,0.34,0.02,-0.09664573926523623,-0.0004712944909337927,0.1152245913778517,0.32288781898392577,1.9686242982446904,2.2794454910391178,0.34,0.5542562584220407,False
0.64,0.36,0.0,-0.09829447462772155,-0.001436426522822945,0.11458174550318585,0.3233512308836588,1.9797037467131149,2.298978310226364,0.32,0.5542562584220407,False
0.66,0.0,0.34,-0.10485420900851139,-0.014430599663963435,0.0982833117441325,0.2913935791761627,1.7732232074098198,2.0659437045189812,0.67,0.5715767664977295,False
0.66,0.02,0.32,-0.10387632493352174,-0.013089861578817655,0.10016885808653539,0.29462322074040054,1.7927141684704844,2.0836975713300627,0.65,0.5715767664977295,False
0.66,0.04,0.3,-0.10310554848748714,-0.011782795681418885,0.10196407865924952,0.2977100225617636,1.8129205446648033,2.1015873234475477,0.63,0.5715767664977295,False
0.66,0.06,0.28,-0.10240136159711158,-0.010626659165611667,0.10360915478248493,0.300635560922109,1.8242054731088861,2.119614078117115,0.6100000000000001,0.5715767664977295,False
0.66,0.08,0.26,-0.10189118377819742,-0.009685789612544536,0.10511358513916125,0.3034268990904052,1.8408133314704658,2.137778961566226,0.5900000000000001,0.5715767664977295,False
0.66,0.1,0.24,-0.10158162546475805,-0.008924219443898705,0.10646286727977572,0.3060556486760751,1.852830124276036,2.1560831090685073,0.5700000000000001,0.5715767664977295,False
0.66,0.12,0.22,-0.10137173026533654,-0.008263854245850093,0.10763318364761709,0.30849678286362897,1.8720391058562638,2.1745276650089327,0.55,0.5715767664977295,False
0.66,0.14,0.2,-0.10129191856623185,-0.007793707367513141,0.10859102741058832,0.3108322948110094,1.888932107461812,2.1931137829489824,0.53,0.5715767664977295,False
0.66,0.16,0.18,-0.10136770499024507,-0.0074599901297273605,0.10939207640138097,0.31298257575569133,1.9083206162117448,2.2118426256923267,0.51,0.5715767664977295,False
0.66,0.18,0.16,-0.10148496484621053,-0.007263305795768129,0.11007451012606859,0.3149842868525708,1.925080532303948,2.2307153653510916,0.49,0.5715767664977295,False
0.66,0.2,0.14,-0.10184921434319148,-0.007156887158097753,0.11067219893099489,0.3168039130829011,1.9396797641444303,2.24973318341207,0.47000000000000003,0.5715767664977295,False
0.66,0.22,0.12,-0.10247305062835423,-0.007188441874003047,0.11108202787389393,0.31843080690767206,1.9555349042502,2.268897270803763,0.45,0.5715767664977295,False
0.66,0.24,0.1,-0.10326936465078002,-0.007308970007822197,0.11132053696997073,0.3198999153062762,1.9719982011719859,2.288208827963502,0.43000000000000005,0.5715767664977295,False
0.66,0.26,0.08,-0.10415126103479305,-0.0074766087907871155,0.11137525524713135,0.32121878253121855,1.985600492401059,2.3076690649050864,0.41000000000000003,0.5715767664977295,False
0.66,0.28,0.06,-0.10516692243468695,-0.007773234905501183,0.11125472705670644,0.32238003064325765,1.9982958838436908,2.3272792012867223,0.39,0.5715767664977295,False
0.66,0.3,0.04,-0.10633954391835249,-0.008234139602426473,0.11101729430029803,0.32337273013600476,2.0167360210712375,2.3470404664794473,0.37,0.5715767664977295,False
0.66,0.32,0.02,-0.10770973849846019,-0.008760323832021152,0.11063783742709857,0.32415862909585064,2.0333585698270626,2.3669540996357963,0.35000000000000003,0.5715767664977295,False
0.66,0.34,0.0,-0.10917290192670101,-0.00940887115868886,0.1101255752803717,0.32477285740061174,2.050408898613082,2.3870213497590487,0.33,0.5715767664977295,False
0.68,0.0,0.32,-0.11780741197567261,-0.024069577391003117,0.09268048039963148,0.292841870752204,1.8486564351816226,2.165833440673996,0.66,0.5888972745734183,False
0.68,0.02,0.3,-0.11693245124164099,-0.0227522697452889,0.09453384903996317,0.296016306450576,1.869815382044612,2.1842215370544755,0.64,0.5888972745734183,False
0.68,0.04,0.28,-0.11615678454428081,-0.021473126828563567,0.09627985536717419,0.2990159323678102,1.8855667955156505,2.202749618946352,0.6200000000000001,0.5888972745734183,False
0.68,0.06,0.26,-0.11549731501055949,-0.020335902780319822,0.0978961664215362,0.30187690074986356,1.898704111748167,2.2214188335463345,0.6000000000000001,0.5888972745734183,False
0.68,0.08,0.24,-0.11500135826578697,-0.01943225797980119,0.09938065851881342,0.30458266119724586,1.9147184379454827,2.2402303372445873,0.5800000000000001,0.5888972745734183,False
0.68,0.1,0.22,-0.11464511825411682,-0.01868836074295649,0.10071470288446062,0.30717629552922976,1.9285910082879414,2.2591852956904113,0.56,0.5888972745734183,False
0.68,0.12,0.2,-0.1144237832646406,-0.018049944289513176,0.1019156256968222,0.3095787882641297,1.9460218154703943,2.2782848838585212,0.54,0.5888972745734183,False
0.68,0.14,0.18,-0.11431089282901066,-0.017588263332599795,0.10290012479042959,0.31184035478981226,1.9639575902212425,2.2975302861159306,0.52,0.5888972745734183,False
0.68,0.16,0.16,-0.11441388108375178,-0.017313215282289053,0.1036571765359503,0.3139600375373929,1.9784361367324002,2.3169226962886396,0.5,0.5888972745734183,False
0.68,0.18,0.14,-0.11468141271127263,-0.01712569064678721,0.10431117461500883,0.3159180536490017,1.9939523363325304,2.336463317729216,0.48000000000000004,0.5888972745734183,False
0.68,0.2,0.12,-0.11502659178409344,-0.017046530987861522,0.10482336882398786,0.3177266370016739,2.011424873019383,2.356153363384656,0.46,0.5888972745734183,False
0.68,0.22,0.1,-0.11564996105808013,-0.017111924786423524,0.10520329236945786,0.31936232280290877,2.0267919138450985,2.3759940558643766,0.44000000000000006,0.5888972745734183,False
0.68,0.24,0.08,-0.11646998778408925,-0.01723685599640369,0.10538953351543606,0.3208317248949322,2.0435442332878804,2.395986627509027,0.42000000000000004,0.5888972745734183,False
0.68,0.26,0.06,-0.11738323703755318,-0.017430238587035674,0.10538438401827527,0.32214137389968217,2.061008161198438,2.416132320459166,0.4,0.5888972745734183,False
0.68,0.28,0.04,-0.11841830941856754,-0.017773484349141725,0.10523146372401186,0.3233139000363133,2.0785583631764517,2.4364323867248037,0.38,0.5888972745734183,False
0.68,0.3,0.02,-0.11963697146662178,-0.0182029365295088,0.104959719470872,0.32432151607321186,2.0961949431137135,2.4568880882551682,0.36000000000000004,0.5888972745734183,False
0.68,0.32,0.0,-0.12103410788756376,-0.018796197662904014,0.10456038076245701,0.3250909395516535,2.113204314506852,2.47750069700855,0.34,0.5888972745734183,False
0.7,0.0,0.3,-0.1318264761538905,-0.03448942824982834,0.08617553734799156,0.29311883340422573,1.9285385022487977,2.2691882579936644,0.6499999999999999,0.606217782649107,False
0.7,0.02,0.28,-0.13094391127863672,-0.03319552363782253,0.0879621640180562,0.29627609452028947,1.944211524516635,2.288228209940064,0.63,0.606217782649107,False
0.7,0.04,0.26,-0.1301355348355168,-0.03199840618732963,0.08966100403773826,0.2992960507092445,1.9615068565163767,2.3074123374753968,0.61,0.606217782649107,False
0.7,0.06,0.24,-0.129495496099476,-0.031017095731316332,0.09127223518946372,0.30216022103447854,1.9741687560975139,2.326741818287026,0.59,0.606217782649107,False
0.7,0.08,0.22,-0.12900239523847548,-0.030096283605926276,0.09274376727584731,0.3048546749458787,1.9903122010749321,2.346217839470409,0.57,0.606217782649107,False
0.7,0.1,0.2,-0.12872245452673847,-0.02936629401086381,0.09407439324287256,0.30742570119778434,2.0054021743779007,2.365841597596103,0.55,0.606217782649107,False
0.7,0.12,0.18,-0.12866179399855537,-0.028780086521539645,0.09525929943522943,0.3098073280940414,2.021504623474709,2.3856142987775333,0.53,0.606217782649107,False
0.7,0.14,0.16,-0.12868963229082023,-0.028289547216239396,0.0962613190100588,0.31203916192822956,2.038493326878039,2.4055371587387917,0.51,0.606217782649107,False
0.7,0.16,0.14,-0.1288253421706435,-0.028064642510224398,0.09702216099954303,0.3141217610636556,2.057435059575911,2.4256114028830664,0.49,0.606217782649107,False
0.7,0.18,0.12,-0.12902949537801184,-0.02794154961888456,0.09760415296684377,0.3160270446252725,2.068558331802416,2.445838266361507,0.47,0.606217782649107,False
0.7,0.2,0.1,-0.12935949712433764,-0.027900397338194393,0.09810331340063685,0.3178088458106304,2.08752565833377,2.4662189941421717,0.44999999999999996,0.606217782649107,False
0.7,0.22,0.08,-0.1299007688785606,-0.027958743571804116,0.09848540263214157,0.3194298785895138,2.1068872658064204,2.4867548410796876,0.43,0.606217782649107,False
0.7,0.24,0.06,-0.13066730815987504,-0.028149011912400886,0.09866268502816655,0.32088778498551646,2.122855230222563,2.507447071985141,0.41,0.606217782649107,False
0.7,0.26,0.04,-0.13157233745515318,-0.028448693007246003,0.09865491895534205,0.32217868858328685,2.1408047783401214,2.5282969616964723,0.38999999999999996,0.606217782649107,False
0.7,0.28,0.02,-0.13260739825061993,-0.028806436661800206,0.09849719265134765,0.32333754924800207,2.1587154967755406,2.549305795149032,0.37,0.606217782649107,False
0.7,0.3,0.0,-0.1338216109508503,-0.029237507600219207,0.09818495886436636,0.3243379112915776,2.1754875393486275,2.5704748674468636,0.35,0.606217782649107,False
0.72,0.0,0.28,-0.14714787020628617,-0.04600450213649579,0.07876130801310724,0.2923942643596647,2.0036828960434896,2.3761073830288684,0.64,0.6235382907247957,False
0.72,0.02,0.26,-0.14623189283126137,-0.04473587900658865,0.08050366538864742,0.29558233180480536,2.0187334900114404,2.3958171865934337,0.62,0.6235382907247957,False
0.72,0.04,0.24,-0.14547740757657324,-0.04364676833470869,0.08214569544691205,0.29860483339694743,2.0355176218391553,2.415675446739687,0.6,0.6235382907247957,False
0.72,0.06,0.22,-0.14483968313741258,-0.04275218146442554,0.0836892349474708,0.3014487620590816,2.0508151280476925,2.4356833721876763,0.58,0.6235382907247957,False
0.72,0.08,0.2,-0.14442147427234536,-0.04192675478156785,0.08514675352927734,0.3041539818479806,2.0686693047675186,2.4558421812832023,0.56,0.6235382907247957,False
0.72,0.1,0.18,-0.1441376246889115,-0.041186780304343557,0.0864608624273173,0.3067464691022623,2.083007960699507,2.476153102066252,0.54,0.6235382907247957,False
0.72,0.12,0.16,-0.1440613319600666,-0.04066433309900159,0.08760720034270002,0.3091328541918353,2.1007905892450953,2.4966173723398843,0.52,0.6235382907247957,False
0.72,0.14,0.14,-0.144186580973515,-0.04022697815166079,0.08857185700138112,0.31133665348756995,2.120842795096449,2.517236239739559,0.5,0.6235382907247957,False
0.72,0.16,0.12,-0.14446529085209084,-0.039968538309779075,0.08936348412469909,0.3133805540652308,2.139256325593922,2.5380109618028985,0.48,0.6235382907247957,False
0.72,0.18,0.1,-0.14484350731840834,-0.039839720610713635,0.09001290211670217,0.3152614761831306,2.1558091085835027,2.5589428060398394,0.45999999999999996,0.6235382907247957,False
0.72,0.2,0.08,-0.14527401584179991,-0.03978188666775772,0.09049976514999633,0.3170023991751339,2.1732509422087984,2.5800330500029314,0.44,0.6235382907247957,False
0.72,0.22,0.06,-0.14583387595781455,-0.03988296758022444,0.09085174885818031,0.3186299115118897,2.1929138019811516,2.6012829813585214,0.42,0.6235382907247957,False
0.72,0.24,0.04,-0.1465354348595975,-0.04006874543040115,0.09102628580040496,0.32011481914795015,2.212329042689001,2.6226938979578254,0.39999999999999997,0.6235382907247957,False
0.72,0.26,0.02,-0.14735323089997546,-0.04035123055405478,0.09103442026734922,0.3213901186026941,2.2288117664726146,2.6442671079087647,0.38,0.6235382907247957,False
0.72,0.28,0.0,-0.14830971921533614,-0.040692973467944926,0.0909252472348788,0.32250979366469107,2.2470673156735317,2.666003929647966,0.36,0.6235382907247957,False
0.74,0.0,0.26,-0.16362669796077223,-0.05870237351002291,0.07034119420484253,0.2906547525830944,2.075134718208796,2.4866926459422096,0.63,0.6408587988004846,False
0.74,0.02,0.24,-0.16284804312607168,-0.0575403514316752,0.07208385415274622,0.29386740419663837,2.0945747122740337,2.507090672965643,0.61,0.6408587988004846,False
0.74,0.04,0.22,-0.1622097754030636,-0.05656040519783654,0.07372515401731296,0.29694934238806,2.111149066359211,2.5276415295081507,0.59,0.6408587988004846,False
0.74,0.06,0.2,-0.16165508634193768,-0.05571564664700596,0.0752609941071682,0.29978594298854055,2.1304748982447146,2.5483464558668083,0.5700000000000001,0.6408587988004846,False
0.74,0.08,0.18,-0.16134922177404248,-0.05492852333142719,0.07667076983260795,0.3024501130533757,2.1435344615048684,2.5692067021849225,0.55,0.6408587988004846,False
0.74,0.1,0.16,-0.16110883324591277,-0.05422838151299058,0.07790461674967916,0.30499823628778505,2.162178413862467,2.5902235285220465,0.53,0.6408587988004846,False
0.74,0.12,0.14,-0.16106127617161392,-0.05367681847673696,0.0789991179455485,0.30735544341308646,2.1806592347615683,2.6113982049242677,0.51,0.6408587988004846,False
0.74,0.14,0.12,-0.16115228236858367,-0.053258852924002925,0.07995574640646724,0.3095428905577514,2.201318138490718,2.632732011494726,0.49,0.6408587988004846,False
0.74,0.16,0.1,-0.1614398156231126,-0.052967153132432936,0.08074417925134374,0.3115905361688694,2.2177046029069762,2.654226238464788,0.47,0.6408587988004846,False
0.74,0.18,0.08,-0.16180596007312112,-0.05286022844004618,0.08140745379188934,0.3134527121921622,2.236573499575469,2.675882186265522,0.45,0.6408587988004846,False
0.74,0.2,0.06,-0.16230630846749933,-0.052854913216856224,0.08189832991871784,0.31520623019417643,2.254481402075845,2.6977011655996574,0.43,0.6408587988004846,False
0.74,0.22,0.04,-0.16289481512149018,-0.05294867569799146,0.08226303545063902,0.31683605885743604,2.272280272918028,2.719684497513654,0.41,0.6408587988004846,False
0.74,0.24,0.02,-0.1635620070899731,-0.053118724360194866,0.08245027543984053,0.3183100114272263,2.292722200191279,2.741833513470658,0.39,0.6408587988004846,False
0.74,0.26,0.0,-0.16437761945962048,-0.05338495435603359,0.08247137293100539,0.3195977380044217,2.310771406212516,2.764149555423333,0.37,0.6408587988004846,False
0.76,0.0,0.24,-0.18146812520047778,-0.07275615783153908,0.06107694550336161,0.28797506757296953,2.1523738808801607,2.601048553048477,0.62,0.6581793068761733,False
0.76,0.02,0.22,-0.18073524630689655,-0.07158879701069185,0.06280808292312692,0.29114661554865345,2.1691349647243783,2.6221535569616754,0.6,0.6581793068761733,False
0.76,0.04,0.2,-0.18013931088243265,-0.070581462116193,0.0644230327396456,0.2941519475882919,2.1932005050750902,2.6434158562910737,0.5800000000000001,0.6581793068761733,False
0.76,0.06,0.18,-0.17967112442776553,-0.06971287194532115,0.06594171195738899,0.2970158537492505,2.2104462686860344,2.6648367234567827,0.56,0.6581793068761733,False
0.76,0.08,0.16,-0.17937750296742228,-0.06893328045547074,0.0672543816364043,0.2997160051624791,2.226778644968177,2.6864174409489117,0.54,0.6581793068761733,False
0.76,0.1,0.14,-0.17928603223642878,-0.06824341752859181,0.06844813428155477,0.3022235006188389,2.244232896066524,2.7081593013987333,0.52,0.6581793068761733,False
0.76,0.12,0.12,-0.17935570656706853,-0.06766236056604327,0.06951081046767255,0.30451641360709625,2.2601071290327903,2.7300636076504463,0.5,0.6581793068761733,False
0.76,0.14,0.1,-0.17950130579050289,-0.06722607913228364,0.07045085404468718,0.30669581342178553,2.2790573243523413,2.7521316728330976,0.48,0.6581793068761733,False
0.76,0.16,0.08,-0.17982902235280135,-0.06698441688319644,0.07124817245148768,0.30875053185199625,2.3004944760016848,2.7743648204330142,0.46,0.6581793068761733,False
0.76,0.18,0.06,-0.1802857463764996,-0.06688623621794122,0.07186284588359836,0.3106224483779733,2.318030297196964,2.7967643843668184,0.44,0.6581793068761733,False
0.76,0.2,0.04,-0.1807779329827005,-0.0668794207196219,0.07235479193118531,0.3123687378142124,2.3381792615237478,2.819331709054556,0.42,0.6581793068761733,False
0.76,0.22,0.02,-0.1813264356303975,-0.06700996269492465,0.07268880336239442,0.313997533143262,2.359239168788403,2.8420681494933873,0.4,0.6581793068761733,False
0.76,0.24,0.0,-0.1819861835229692,-0.06722082164225318,0.07288039332008883,0.31549961028771634,2.3790950950291583,2.8649750713317736,0.38,0.6581793068761733,False
0.78,0.0,0.22,-0.20071473011758967,-0.08811133728041716,0.050930405360478236,0.28433823917447576,2.2360214411212134,2.7192823613358525,0.61,0.6754998149518622,False
0.78,0.02,0.2,-0.20010949467484201,-0.08692558790055008,0.05264248661485047,0.28743677969314585,2.247152128543994,2.7411134830293835,0.5900000000000001,0.6754998149518622,False
0.78,0.04,0.18,-0.19960940391301946,-0.08586727878134987,0.05424552272334857,0.29041506707589154,2.280060057464847,2.7631064599951403,0.5700000000000001,0.6754998149518622,False
0.78,0.06,0.16,-0.1992528667637587,-0.08489328956127963,0.05570582281536215,0.2932374138846044,2.299732348653328,2.7852625973241953,0.55,0.6754998149518622,False
0.78,0.08,0.14,-0.19902451052890832,-0.08406557218535343,0.056984695213930917,0.29586616636808327,2.3183255969796255,2.807583210404194,0.53,0.6754998149518622,False
0.78,0.1,0.12,-0.19895670518326888,-0.08339062722335983,0.05811446254114386,0.2983726620310731,2.3382300874944706,2.830069624992051,0.51,0.6754998149518622,False
0.78,0.12,0.1,-0.1990642428400554,-0.08274844722106842,0.059100623314034643,0.3007509177023478,2.351460584431295,2.852723177286836,0.49,0.6754998149518622,False
0.78,0.14,0.08,-0.19934118339197845,-0.08227354323460834,0.05998920804413471,0.3029422870371827,2.370732611560041,2.8755452140033007,0.47000000000000003,0.6754998149518622,False
0.78,0.16,0.06,-0.19970455314542337,-0.08196105644369467,0.06074991650889107,0.30498715198129295,2.3882248072659866,2.898537092445676,0.45,0.6754998149518622,False
0.78,0.18,0.04,-0.20018769081029786,-0.08180351772525073,0.06134708581156742,0.30685871617627125,2.410098670007711,2.921700180581938,0.43,0.6754998149518622,False
0.78,0.2,0.02,-0.2007802910759629,-0.08186568472771473,0.06182847879720328,0.30862121979969515,2.4312091949490267,2.9450358571183637,0.41000000000000003,0.6754998149518622,False
0.78,0.22,0.0,-0.20147449181773813,-0.0820131583292704,0.06216876690885189,0.31023622806302104,2.44802605028435,2.968545511574843,0.39,0.6754998149518622,False
0.8,0.0,0.2,-0.22123377606243033,-0.10432536983601529,0.039749593931469776,0.27964695815976887,2.3144930544441205,2.8415041549866835,0.6000000000000001,0.6928203230275509,False
0.8,0.02,0.18,-0.22072050663259982,-0.10316145977259163,0.04146944291136717,0.28267842555026984,2.3291108229390227,2.864080928746,0.5800000000000001,0.6928203230275509,False
0.8,0.04,0.16,-0.2203018154337398,-0.10209562759661239,0.043061655858996434,0.2855943070425375,2.356546883659996,2.8868242125746653,0.56,0.6928203230275509,False
0.8,0.06,0.14,-0.22007115885643455,-0.1011299320486855,0.04446582557999959,0.288384754967005,2.384727087163503,2.9097353447840155,0.54,0.6928203230275509,False
0.8,0.08,0.12,-0.21996028962180122,-0.10029837788593315,0.045709919017150116,0.29098728002905305,2.401578433488543,2.9328156742114957,0.52,0.6928203230275509,False
0.8,0.1,0.1,-0.21995868763598017,-0.09961716709261356,0.04685024320088825,0.2934667142921892,2.4218275882303173,2.956066560294789,0.5,0.6928203230275509,False
0.8,0.12,0.08,-0.22008993641059554,-0.09901898687622822,0.04782007274281375,0.2958113562324127,2.440743016391348,2.9794893731461287,0.48000000000000004,0.6928203230275509,False
0.8,0.14,0.06,-0.22039679416325664,-0.0985226331930305,0.04863874460795909,0.2980319656695234,2.4605041069511526,3.0030854936271565,0.46,0.6928203230275509,False
0.8,0.16,0.04,-0.2207902668642071,-0.0981505944034417,0.049330466121172784,0.30011448789479167,2.479967913411256,3.0268563134240636,0.44,0.6928203230275509,False
0.8,0.18,0.02,-0.22128148194911731,-0.09791055748965455,0.04988046915916363,0.30202698825618485,2.5013970263943257,3.0508032351233827,0.42000000000000004,0.6928203230275509,False
0.8,0.2,0.0,-0.22186455104487476,-0.09786754900534497,0.050317717007498465,0.3037732644955711,2.518199170829269,3.074927672287989,0.4,0.6928203230275509,False
0.82,0.0,0.18,-0.2430587937355275,-0.12142733352469699,0.027588465948574642,0.2738428069974072,2.38778031709126,2.967826923913763,0.59,0.7101408311032396,False
0.82,0.02,0.16,-0.24255619043495502,-0.12024150872008627,0.02926205670310843,0.2768816538434528,2.410432585521911,2.991169283418185,0.57,0.7101408311032396,False
0.82,0.04,0.14,-0.2421339804672016,-0.11920760589623558,0.0308155691712721,0.2797665807691564,2.4368936212144394,3.014682903693933,0.55,0.7101408311032396,False
0.82,0.06,0.12,-0.24182861921545115,-0.118238279002765,0.03221086234780116,0.28246703577790944,2.4650311868165815,3.0383691568229954,0.53,0.7101408311032396,False
0.82,0.08,0.1,-0.24174592114163115,-0.11745231688017693,0.03345050889436268,0.28500641268954385,2.486011928405367,3.0622294256460107,0.51,0.7101408311032396,False
0.82,0.1,0.08,-0.24183110712290945,-0.1167880319899201,0.034562791990604955,0.287452629092915,2.506952890351984,3.0862651038377433,0.49,0.7101408311032396,False
0.82,0.12,0.06,-0.24204189852390662,-0.11622489517019322,0.03551561575562387,0.2897705633610997,2.5280789759315745,3.1104775959828537,0.47,0.7101408311032396,False
0.82,0.14,0.04,-0.24238767164555786,-0.11576764185547563,0.03634883480374917,0.29196807701782274,2.5440735334013462,3.134868317652065,0.44999999999999996,0.7101408311032396,False
0.82,0.16,0.02,-0.2428582382666381,-0.11546324590373917,0.03700280016310862,0.2940451052837074,2.5663288314901225,3.159438695478834,0.43,0.7101408311032396,False
0.82,0.18,0.0,-0.24339049565695015,-0.11528778733699431,0.037503626171354165,0.2959957629292361,2.585638115358533,3.1841901672364323,0.41,0.7101408311032396,False
0.84,0.0,0.16,-0.2666115553013043,-0.13943217803426738,0.014379864364811876,0.2669532871458392,2.470041529301125,3.098366644325748,0.58,0.7274613391789284,False
0.84,0.02,0.14,-0.2661502860161853,-0.13829290518139478,0.01601352211096262,0.2699343469905917,2.495015610384916,3.122494928708783,0.56,0.7274613391789284,False
0.84,0.04,0.12,-0.2657391916519152,-0.1373015060644825,0.01752575467645202,0.27277089757220563,2.5196154394352597,3.1467993214136922,0.54,0.7274613391789284,False
0.84,0.06,0.1,-0.26538524966172355,-0.136414188286669,0.018857311196596685,0.27543354933314906,2.5413691847856317,3.171281228844392,0.52,0.7274613391789284,False
0.84,0.08,0.08,-0.2652065848623917,-0.1356676899897499,0.02008700803083633,0.27794125172308737,2.56774306982871,3.1959420683989443,0.5,0.7274613391789284,False
0.84,0.1,0.06,-0.26521065826263923,-0.1350253241960125,0.02116401543086218,0.2803422676531629,2.58658872151271,3.2207832685463336,0.48,0.7274613391789284,False
0.84,0.12,0.04,-0.2653460782199922,-0.13445572114344403,0.022116384704359077,0.28259966200839304,2.6099937936367494,3.2458062689036633,0.45999999999999996,0.7274613391789284,False
0.84,0.14,0.02,-0.26560273576954757,-0.13401571441613025,0.022948226725826477,0.28474674991200866,2.629253852751334,3.271012520313735,0.44,0.7274613391789284,False
0.84,0.16,0.0,-0.26601613012481007,-0.13372785160928355,0.023590035252102525,0.28679015466640184,2.6534226681141813,3.296403484923213,0.42,0.7274613391789284,False
0.86,0.0,0.14,-0.291477504582508,-0.15841737465563488,7.310246083758926e-05,0.2589953078442639,2.5509566207072583,3.2332423613319516,0.5700000000000001,0.7447818472546172,False
0.86,0.02,0.12,-0.29108981611123746,-0.15740243744186602,0.0016485588929848192,0.26191398340146116,2.5741567042592592,3.25817732129987,0.55,0.7447818472546172,False
0.86,0.04,0.1,-0.29075953388427395,-0.15647178237019704,0.0030716155890357782,0.2646764865708643,2.5984888701746343,3.2832933349110056,0.53,0.7447818472546172,False
0.86,0.06,0.08,-0.2904622541856066,-0.15563745913477856,0.004391453989302266,0.2673023763045101,2.622361295710889,3.3085918434430694,0.51,0.7447818472546172,False
0.86,0.08,0.06,-0.290273365158701,-0.15491700118517238,0.005581349808937903,0.26979635356810727,2.648262832463307,3.3340742994062906,0.49,0.7447818472546172,False
0.86,0.1,0.04,-0.29022452933439236,-0.15430879611900686,0.006647721646801368,0.27215880875294846,2.670559532626103,3.3597421666214347,0.47,0.7447818472546172,False
0.86,0.12,0.02,-0.29034326286864953,-0.1537866531544044,0.007566789233996602,0.27436273286653595,2.6916596717382943,3.385596920298551,0.45,0.7447818472546172,False
0.86,0.14,0.0,-0.2905892000729812,-0.1533286019538983,0.008354519388690206,0.27644638553543205,2.715278481993381,3.411640047116058,0.43,0.7447818472546172,False
0.88,0.0,0.12,-0.3176358966585758,-0.17860284563904463,-0.01532146363996436,0.2499073508775455,2.630916727609077,3.3725762735940594,0.56,0.762102355330306,False
0.88,0.02,0.1,-0.31728308732667415,-0.17763401165657997,-0.013827158247214812,0.25277651852370014,2.657138245729387,3.3983390775993954,0.54,0.762102355330306,False
0.88,0.04,0.08,-0.31701615938910704,-0.17678856371914256,-0.012446900806066752,0.2555102574184519,2.683204636221886,3.424287979239255,0.52,0.762102355330306,False
0.88,0.06,0.06,-0.3168300758484113,-0.17602152081511224,-0.011193157774918123,0.2581106782478203,2.705122440849301,3.450424455217245,0.5,0.762102355330306,False
0.88,0.08,0.04,-0.316662535405376,-0.17533279326749052,-0.01006362134689769,0.26054319879231236,2.7325491989654744,3.4767499937104716,0.48,0.762102355330306,False
0.88,0.1,0.02,-0.3166810517109859,-0.17474916556694564,-0.009062220003516103,0.26283124230731814,2.758034664571331,3.503266094449423,0.46,0.762102355330306,False
0.88,0.12,0.0,-0.3168234621673964,-0.1742535373974742,-0.00820287237029708,0.2650177502104028,2.7807875420871517,3.5299742687976745,0.44,0.762102355330306,False
0.9,0.0,0.1,-0.3450333679465766,-0.20010115248598695,-0.032066923298196486,0.2397322589164011,2.718620986205648,3.516493820028318,0.55,0.7794228634059948,False
0.9,0.02,0.08,-0.3446478922055857,-0.19919147980466498,-0.030572966327453238,0.24253068629770008,2.7464975534182683,3.543106060494962,0.53,0.7794228634059948,False
0.9,0.04,0.06,-0.3444499172233837,-0.19833475083249186,-0.02920089627736315,0.2452148508034482,2.770246544238611,3.5699095421314953,0.51,0.7794228634059948,False
0.9,0.06,0.04,-0.34429999809146694,-0.19758030913346045,-0.027926498585102388,0.24776899861368024,2.800047120654704,3.596905777619337,0.49,0.7794228634059948,False
0.9,0.08,0.02,-0.3441767962022475,-0.196891534880627,-0.02678452690037804,0.2501483963495001,2.8246849138718346,3.6240962913573678,0.47000000000000003,0.7794228634059948,False
0.9,0.1,0.0,-0.34419962574067947,-0.19628888390676402,-0.025802933328802662,0.25240866880030827,2.8564491777618923,3.65148261954318,0.45,0.7794228634059948,False
0.92,0.0,0.08,-0.37351273530214707,-0.22287627247259484,-0.04990945438753138,0.22851525203554507,2.8049012471133024,3.6651237685597824,0.54,0.7967433714816835,False
0.92,0.02,0.06,-0.37307759291862125,-0.22197112088850568,-0.04838173147215127,0.2312677486697315,2.829506103497563,3.6926074681543986,0.52,0.7967433714816835,False
0.92,0.04,0.04,-0.3728210418575867,-0.22113782096309811,-0.04702083881665071,0.23387081469478252,2.8538870529608076,3.720287652845933,0.5,0.7967433714816835,False
0.92,0.06,0.02,-0.372769772703477,-0.2203622725699677,-0.04579161735296848,0.2363576370757389,2.8865654659438826,3.7481658718449924,0.48000000000000004,0.7967433714816835,False
0.92,0.08,0.0,-0.37277909462796394,-0.21971295710952554,-0.04466839605497269,0.23868267160721043,2.9113548477068165,3.776243686326481,0.46,0.7967433714816835,False
0.94,0.0,0.06,-0.40347489595623887,-0.2470105542473285,-0.06888383732106758,0.2162135281941383,2.8847456658957746,3.8185983069238434,0.53,0.8140638795573722,False
0.94,0.02,0.04,-0.40311030647858975,-0.24620206743118625,-0.06733296811118256,0.21889303781043035,2.9187679680084258,3.8469759248699593,0.51,0.8140638795573722,False
0.94,0.04,0.02,-0.40285669740302765,-0.2454951622512311,-0.06594805147326793,0.22143979508465853,2.941732946408507,3.8755553730504086,0.49,0.8140638795573722,False
0.94,0.06,0.0,-0.4026729557458868,-0.24481033512725944,-0.06473853689005224,0.22383775255135377,2.9738253508780854,3.9043382377556437,0.47,0.8140638795573722,False
0.96,0.0,0.04,-0.434926914424235,-0.27216433963595915,-0.08906376233035118,0.20270950851816882,2.970886178934922,3.977053135509458,0.52,0.831384387633061,False
0.96,0.02,0.02,-0.434592618378752,-0.2714711898191469,-0.08753191120117496,0.2053577387094889,3.0024358919912237,4.006347573937934,0.5,0.831384387633061,False
0.96,0.04,0.0,-0.434399514680557,-0.27087389392670386,-0.08613560902511726,0.20787786654452167,3.0264729227465166,4.035849289736819,0.48,0.831384387633061,False
0.98,0.0,0.02,-0.4690114806511159,-0.2985813262485967,-0.11052649331180305,0.1880393082648041,3.054114003475501,4.1406275622321465,0.51,0.8487048957087499,False
0.98,0.02,0.0,-0.4688296036325714,-0.29795768076023865,-0.10896752665218243,0.19065475221739844,3.0802478798775796,4.170862172562569,0.49,0.8487048957087499,False
1.0,0.0,0.0,-0.5056040968330074,-0.32643146105129234,-0.13419933202619588,0.17222458090753087,3.136940158604453,4.309464599420807,0.5,0.8660254037844386,False
