horizon,stock_weight,bond_weight,t_bill_weight,iteration
1,0.0,0.24,0.76,0
2,0.1704379545210009,0.23470328119225056,0.5948587642867486,0
3,0.3408759090420019,0.22940656238450113,0.4297175285734971,0
4,0.5113138635630028,0.22410984357675168,0.26457629286024553,0
5,0.5226803950374473,0.2188131247690022,0.2585064801935505,0
6,0.5340469265118918,0.21351640596125274,0.25243666752685545,0
7,0.5454134579863363,0.20821968715350325,0.2463668548601604,0
8,0.556178093217194,0.20836348067723912,0.23545842610556691,0
9,0.5669427284480516,0.2085072742009749,0.22454999735097333,0
10,0.5777073636789093,0.20865106772471081,0.2136415685963799,0
11,0.586000060712512,0.20789237633774058,0.20610756294974744,0
12,0.5942927577461147,0.20713368495077036,0.19857355730311496,0
13,0.6025854547797174,0.20637499356380012,0.1910395516564825,0
14,0.6203843782915731,0.20046742236077497,0.17914819934765192,0
15,0.6381833018034289,0.19455985115774982,0.16725684703882132,0
16,0.6559822253152846,0.18865227995472467,0.15536549472999073,0
17,0.6684222865286654,0.18472914794221346,0.14684856552912115,0
18,0.6808623477420461,0.18080601592970225,0.1383316363282516,0
19,0.6933024089554269,0.17688288391719104,0.12981470712738202,0
20,0.6942467639729352,0.1766684564958564,0.12908477953120842,0
21,0.6951911189904434,0.17645402907452182,0.1283548519350348,0
22,0.6961354740079516,0.1762396016531872,0.1276249243388612,0
23,0.6970798290254598,0.17602517423185257,0.1268949967426876,0
24,0.6980241840429681,0.17581074681051798,0.12616506914651396,0
25,0.6989685390604763,0.17559631938918335,0.12543514155034036,0
26,0.7105350794701742,0.17000670076434296,0.11945821976548283,0
27,0.7221016198798721,0.16441708213950254,0.11348129798062533,0
28,0.73366816028957,0.15882746351466215,0.1075043761957678,0
29,0.7419456097895109,0.1565269357995789,0.10152745441091028,0
30,0.7502230592894515,0.1542264080844956,0.09555053262605272,0
31,0.7585005087893923,0.1519258803694124,0.08957361084119525,0
32,0.7716005454651832,0.1451809067049401,0.08321854782987674,0
33,0.7847005821409739,0.13843593304046775,0.07686348481855816,0
34,0.7978006188167648,0.1316909593759955,0.07050842180723971,0
35,0.806882590253778,0.1282350766212804,0.0648823331249417,0
36,0.8159645616907911,0.12477919386656527,0.059256244442643706,0
37,0.8250465331278042,0.12132331111185013,0.05363015576034569,0
38,0.8343981274354652,0.11893536716622151,0.04666650539831333,0
39,0.8437497217431261,0.1165474232205929,0.03970285503628098,0
40,0.8531013160507871,0.11415947927496428,0.03273920467424862,0
41,0.86186709193312,0.11177153532933566,0.02636137273754428,0
42,0.870632867815453,0.10938359138370705,0.019983540800839937,0
43,0.879398643697786,0.10699564743807843,0.01360570886413559,0
44,0.8822788679192141,0.10674143936257509,0.01097969271821081,0
45,0.8851590921406423,0.10648723128707176,0.008353676572286028,0
46,0.8880393163620703,0.10623302321156841,0.005727660426361247,0
47,0.8889276600746798,0.10597881513606507,0.005093524789255108,0
48,0.8898160037872893,0.10572460706056172,0.004459389152148968,0
49,0.8907043474998988,0.10547039898505838,0.0038252535150428285,0
50,0.8915926912125083,0.10521619090955503,0.003191117877936689,0
1,0.0,0.24,0.76,1
2,0.19710452722841204,0.22136999461503082,0.5815254781565572,1
3,0.34087591601650763,0.22940655947907143,0.429717524504421,1
4,0.5113138584737787,0.22410984658437114,0.26457629494185014,1
5,0.5226803932398797,0.2188131294597345,0.2585064773003858,1
6,0.5340469283169647,0.21351641200628654,0.25243665967674866,1
7,0.545413444883892,0.2082196946379098,0.24636686047819817,1
8,0.556178075002822,0.2083634900966564,0.23545843490052148,1
9,0.5669427690520583,0.20850726682533424,0.22454996412260747,1
10,0.6043735958569109,0.1953180470245363,0.20030835711855285,1
11,0.5859998766423362,0.20789277311564652,0.20610735024201726,1
12,0.5942926508697377,0.20713386990071228,0.19857347922955,1
13,0.6025871552916015,0.20637440617063668,0.19103843853776192,1
14,0.6337164226569781,0.21380093258916888,0.15248264475385295,1
15,0.6248501277860181,0.22122607455734747,0.1539237976566344,1
16,0.6426490551442225,0.21531841449780278,0.1420325303579747,1
17,0.6550900475798488,0.21139454392610976,0.13351540849404142,1
18,0.6675287972965427,0.20747159448065652,0.12499960822280075,1
19,0.6666371375872454,0.1902168698876241,0.14314599252513055,1
20,0.6675808647551604,0.19000192083677236,0.14241721440806715,1
21,0.6685253705104763,0.1897873680068466,0.1416872614826772,1
22,0.6694701529735525,0.18957294186467918,0.14095690516176831,1
23,0.6704160505146256,0.1893584860148246,0.1402254634705498,1
24,0.6980248374239412,0.17581215443647186,0.12616300813958706,1
25,0.6989690349595178,0.1755969897225904,0.12543397531789185,1
26,0.7105345146459047,0.1700076818020987,0.1194578035519967,1
27,0.6954371972156214,0.1777498279647366,0.12681297481964215,1
28,0.7070039167215482,0.1721600662010879,0.1208360170773639,1
29,0.7152819398674322,0.16985920271446578,0.11485885741810203,1
30,0.7502133922520475,0.1542316236276829,0.09555498412026953,1
31,0.7584986665496066,0.1519271278918857,0.08957420555850767,1
32,0.7449363818545426,0.1585132431365023,0.09655037500895525,1
33,0.7580348247822964,0.1517690167656113,0.0901961584520924,1
34,0.7711345832309138,0.14502415533731078,0.08384126143177532,1
35,0.7802165145384166,0.14156826451204654,0.07821522094953674,1
36,0.7892985650300556,0.1381123275999155,0.07258910737002904,1
37,0.7983804778471909,0.13465647336483605,0.0669630487879731,1
38,0.8077320590365134,0.13226852817381857,0.059999412789668236,1
39,0.8170836065062925,0.12988059695036366,0.05303579654334372,1
40,0.8264352059807519,0.1274926369343561,0.04607215708489195,1
41,0.835200934131158,0.12510471007947094,0.03969435578937093,1
42,0.8439667231772475,0.12271675463249708,0.03331652219025528,1
43,0.8527325304542722,0.12032879315365168,0.02693867639207596,1
44,0.8556128083998666,0.12007456123811487,0.024312630362018518,1
45,0.8584931151933772,0.11982031585743909,0.021686568949183783,1
46,0.8613734371574269,0.11956605937870916,0.01906050346386405,1
47,0.8622618888754352,0.11931181042896981,0.01842630069559501,1
48,0.8631505309688388,0.11905744439842264,0.0177920246327385,1
49,0.8640395644874794,0.11880291648303988,0.017157519029480758,1
50,0.8649304178831635,0.11854754220558154,0.016522039911254872,1
1,0.0,0.24,0.76,2
2,0.2048504925205418,0.21749495206858188,0.5776545554108763,2
3,0.3408860202952281,0.22940360142371674,0.42971037828105524,2
4,0.5113348607558896,0.22410123841552493,0.26456390082858555,2
5,0.5226903871929431,0.21880491475966252,0.2585046980473943,2
6,0.534037014834744,0.21351268847173804,0.25245029669351804,2
7,0.5454001339297697,0.2082167503676944,0.24638311570253588,2
8,0.5561936089976774,0.20837755497036553,0.23542883603195697,2
9,0.5669402178320988,0.20851011982959833,0.22454966233830284,2
10,0.6094829833427216,0.19274282972799758,0.1977741869292809,2
11,0.5858269802068831,0.20814523234867885,0.20602778744443812,2
12,0.5944485838739013,0.2075126136209527,0.19803880250514597,2
13,0.6043716979532396,0.20549869963240772,0.1901296024143525,2
14,0.6255873808571631,0.23623612131535704,0.13817649782747973,2
15,0.612293698789701,0.2469860641652076,0.14072023704509148,2
16,0.6387472289791826,0.23716737023740772,0.12408540078340967,2
17,0.6564785596563899,0.2305244727653495,0.11299696757826065,2
18,0.6542830897380838,0.23348720982605725,0.11222970043585898,2
19,0.6618913488868083,0.20450834938342316,0.1336003017297686,2
20,0.6597457726857595,0.20089343118341454,0.13936079613082594,2
21,0.6625505385432905,0.19984121871941332,0.1376082427372962,2
22,0.6677126086952604,0.19798855012445327,0.13429884118028637,2
23,0.6698784304474971,0.19560008138658194,0.13452148816592105,2
24,0.6945483178077644,0.17868347439099014,0.12676820780124562,2
25,0.6944313698536951,0.1783889893416627,0.12717964080464222,2
26,0.7005079125095581,0.17567860640670885,0.12381348108373295,2
27,0.6912335742326442,0.18106220454626024,0.1277042212210955,2
28,0.7028242501247509,0.1752976839060103,0.12187806596923874,2
29,0.7110526566305763,0.1722464874104437,0.11670085595898014,2
30,0.7276781229142726,0.16554263127086283,0.10677924581486464,2
31,0.7377981455213919,0.16228881487380134,0.09991303960480676,2
32,0.738555267363933,0.16173276969457417,0.09971196294149288,2
33,0.7392448327290814,0.1612217440294148,0.09953342324150381,2
34,0.745563840407656,0.15785233984662592,0.09658381974571807,2
35,0.755163569000967,0.15412898421248591,0.09070744678654702,2
36,0.7645312926779678,0.15052577828337615,0.08494292903865598,2
37,0.7723700524469891,0.14769407800659906,0.07993586954641183,2
38,0.7812446325394783,0.14553736883481896,0.07321799862570272,2
39,0.7906107444025642,0.1431319754126023,0.06625728018483358,2
40,0.8000036836617861,0.14074230905630275,0.05925400728191115,2
41,0.8088199587991034,0.13832842696770664,0.052851614233190125,2
42,0.8176006043136334,0.1359352926856256,0.04646410300074106,2
43,0.8263051605009322,0.13356719527629932,0.04012764422276851,2
44,0.829047893043823,0.13337384569174282,0.037578261264434205,2
45,0.831957071961953,0.13309635343355947,0.0349465746044874,2
46,0.8348025259260953,0.1328682718460376,0.03232920222786711,2
47,0.8357371048532413,0.13258100272656295,0.03168189242019572,2
48,0.8365896147733407,0.13235757459989506,0.031052810626764245,2
49,0.8375229293586091,0.13206076289311477,0.0304163077482762,2
50,0.838442753085884,0.1318264611449213,0.029730785769194606,2
1,0.0,0.24,0.76,3
2,0.20885717343868837,0.21548777882256331,0.5756550477387482,3
3,0.34091514775190834,0.22939296024137842,0.42969189200671326,3
4,0.5113685983651641,0.22408796429271804,0.2645434373421179,3
5,0.5226978060703051,0.21879543667500273,0.25850675725469224,3
6,0.5340044079996183,0.21351279922459113,0.2524827927757905,3
7,0.5453800939047673,0.2082103826969107,0.24640952339832203,3
8,0.5562186204358236,0.20839914465043086,0.23538223491374566,3
9,0.5669005839689154,0.20852781292369274,0.22457160310739185,3
10,0.6122168415823505,0.1913293925558627,0.1964537658617868,3
11,0.5855844775279347,0.20850070164498044,0.20591482082708482,3
12,0.5946332168978342,0.20787009439304954,0.19749668870911627,3
13,0.6061052120907875,0.20460361839037564,0.18929116951883682,3
14,0.6174363228936527,0.25616829022067483,0.1263953868856725,3
15,0.6035160872917641,0.27038876121204797,0.1260951514961879,3
16,0.6377838265138905,0.25733425616688155,0.10488191731922787,3
17,0.6495860113195149,0.25357399226317473,0.09683999641731036,3
18,0.6438624993695236,0.2579860702746077,0.09815143035586879,3
19,0.6651971058318038,0.21843759032892407,0.11636530383927207,3
20,0.6606742920612098,0.21202900993346532,0.12729669800532498,3
21,0.6646224843066777,0.21028951423691453,0.1250880014564078,3
22,0.6717070944700759,0.207721370390185,0.120571535139739,3
23,0.6746062774057628,0.20419514558262328,0.12119857701161377,3
24,0.6870600698566488,0.1864139460339025,0.12652598410944857,3
25,0.6879839111112493,0.1827621709575063,0.12925391793124447,3
26,0.6961117057485997,0.17894680541591124,0.12494148883548908,3
27,0.6899072733004097,0.18373646211603392,0.12635626458355645,3
28,0.7010668325233532,0.17805014955178997,0.12088301792485687,3
29,0.70893334519839,0.1739178488178267,0.11714880598378337,3
30,0.7156918428176484,0.1717004513357567,0.11260770584659484,3
31,0.7217012833290485,0.17046783213532862,0.10783088453562285,3
32,0.7349473372972981,0.16367798894552207,0.10137467375717979,3
33,0.7281125499149429,0.1669209410597113,0.10496650902534567,3
34,0.7243804574114142,0.16856174819835285,0.1070577943902329,3
35,0.7331571576221384,0.16521168144833173,0.10163116092952998,3
36,0.7431054292633522,0.16130903691861564,0.09558553381803213,3
37,0.7478372129800308,0.1600392968876672,0.09212349013230219,3
38,0.7558012273128244,0.15833335056648415,0.0858654221206915,3
39,0.7647967343307481,0.1561065004213603,0.07909676524789155,3
40,0.7742781482263641,0.15367705484569244,0.07204479692794344,3
41,0.7830769356677013,0.15128777860006604,0.06563528573223273,3
42,0.7916685944967918,0.1489785636691179,0.059352841834090266,3
43,0.8002442551973985,0.14666763454762008,0.053088110254981495,3
44,0.8027797121451106,0.14655869606855104,0.050661591786338354,3
45,0.8056518423982365,0.1462879879184192,0.04806016968334436,3
46,0.8085098598353754,0.14607250369022673,0.04541763647439779,3
47,0.8096764412678841,0.14565372355694517,0.044669835175170765,3
48,0.8103978316533966,0.14550939070961072,0.044092777636992486,3
49,0.8112693603691936,0.1452067134874722,0.043523926143334175,3
50,0.8120605493650953,0.1450936992209541,0.04284575141395066,3
1,0.0,0.24,0.76,4
2,0.21134199554209415,0.21423961809636494,0.574418386361541,4
3,0.34094577704225854,0.229382589373091,0.4296716335846505,4
4,0.511409183186978,0.2240732688098862,0.26451754800313587,4
5,0.5226985167008241,0.21878442010791835,0.2585170631912575,4
6,0.5339494331640088,0.21351551506229097,0.2525350517737002,4
7,0.545360026847844,0.20820024988821528,0.2464397232639407,4
8,0.5562456095716468,0.20842829214959344,0.23532609827875983,4
9,0.566806876948807,0.20857399863522016,0.22461912441597284,4
10,0.6139219742538616,0.19041850695279344,0.19565951879334487,4
11,0.5851506621434809,0.20916197728078542,0.20568736057573372,4
12,0.5947064393513052,0.20817761336081922,0.1971159472878756,4
13,0.6074178901736538,0.20386518129911838,0.18871692852722788,4
14,0.6111744493840694,0.27225138164883833,0.11657416896709225,4
15,0.6007613778974589,0.28982126885073684,0.10941735325180438,4
16,0.636699826510844,0.2769969861652841,0.08630318732387185,4
17,0.6421143930045715,0.27647165524108896,0.08141395175433958,4
18,0.6420258054648024,0.27805773372239756,0.07991646081280009,4
19,0.6707014428431566,0.2327416824214294,0.09655687473541404,4
20,0.6649099149591524,0.22384334268611336,0.11124674235473431,4
21,0.6694576899058057,0.22131494918559982,0.10922736090859454,4
22,0.6771548321502464,0.21887859402379348,0.10396657382596013,4
23,0.6819020886129986,0.21490871726653013,0.10318919412047141,4
24,0.6854259924979066,0.19645010023629825,0.11812390726579512,4
25,0.6842942574931822,0.18724274075707092,0.12846300174974684,4
26,0.6942823241823943,0.18155696360270795,0.12416071221489777,4
27,0.6900992408722073,0.18650719493702017,0.12339356419077241,4
28,0.7005291835466185,0.18068911036547794,0.11878170608790352,4
29,0.7074683886851587,0.17542508286427444,0.11710652845056685,4
30,0.7095544071990755,0.1750298278158322,0.11541576498509223,4
31,0.7131685793264719,0.17495540090651274,0.11187601976701542,4
32,0.7321385215897824,0.16529850928673012,0.10256296912348734,4
33,0.7210331938872792,0.17064963558467042,0.10831717052805033,4
34,0.7107986181253251,0.1755421810221449,0.11365920085252999,4
35,0.7170381921732482,0.1734219771861469,0.10953983064060499,4
36,0.7273068649393453,0.1693822834672567,0.10331085159339799,4
37,0.7272870843423161,0.17051520655409338,0.10219770910359051,4
38,0.7332192670044563,0.16978638490805809,0.09699434808748562,4
39,0.7402657970208907,0.1685135806153585,0.09122062236375086,4
40,0.7498481927138371,0.16602857117866818,0.08412323610749484,4
41,0.7583105586984227,0.1638272113589951,0.07786222994258221,4
42,0.7663966919602135,0.16175149240075956,0.07185181563902684,4
43,0.7748121689963078,0.15951419512459167,0.06567363587910063,4
44,0.7770273518578388,0.15952882606620022,0.06344382207596098,4
45,0.779838272294551,0.15929349623956307,0.0608682314658859,4
46,0.7826720529720087,0.15908922055100527,0.05823872647698593,4
47,0.7842851378814774,0.15842039381432146,0.057294468304201235,4
48,0.7847283027083557,0.15842950323547667,0.05684219405616752,4
49,0.7852805702991571,0.15824110869171176,0.05647832100913106,4
50,0.7861003747124092,0.15819367708188373,0.05570594820570704,4
1,0.0,0.24,0.76,5
2,0.21299088742749583,0.2134073901104295,0.5736017224620746,5
3,0.34097629586003847,0.22937199673856246,0.4296517074013991,5
4,0.5114582224833806,0.2240560418238533,0.2644857356927661,5
5,0.5226969216198213,0.21877099957835408,0.25853207880182466,5
6,0.5338770705585704,0.2135216756267221,0.25260125381470744,5
7,0.5453400979329248,0.20818672444025269,0.24647317762682258,5
8,0.5562668119860007,0.20846876894407373,0.23526441906992554,5
9,0.5666502645503382,0.20865373306077115,0.2246960023888907,5
10,0.61503685363154,0.1898007687083335,0.1951623776601265,5
11,0.5844460569076312,0.2102984092521214,0.2052555338402473,5
12,0.5946598935802797,0.208456091124346,0.1968840152953743,5
13,0.6083232470665033,0.20326823393027052,0.18840851900322608,5
14,0.6075763580107847,0.28417210451699115,0.10825153747222417,5
15,0.602328853110299,0.30558538756710363,0.09208575932259731,5
16,0.6342178469904161,0.2964507449461005,0.0693314080634835,5
17,0.6418935036492611,0.2953045398730458,0.0628019564776931,5
18,0.6451068969786327,0.2955301672964989,0.059362935724868435,5
19,0.6745911511643486,0.24851421213372252,0.0768946367019288,5
20,0.6698852002664811,0.23636956439622658,0.0937452353372922,5
21,0.6748781556497528,0.23296777281651251,0.09215407153373455,5
22,0.6807060345817821,0.23199274393238367,0.08730122148583416,5
23,0.6884361988720646,0.22744390144101073,0.08411989968692458,5
24,0.6880601359096031,0.20718481005304146,0.10475505403735534,5
25,0.682844569064937,0.19117330600746174,0.1259821249276012,5
26,0.6937611768376448,0.18386535821279093,0.12237346494956423,5
27,0.6911066612024837,0.18935589377687462,0.11953744502064169,5
28,0.7004981115777336,0.1831914062875734,0.11631048213469303,5
29,0.7062793906336702,0.17678339325351744,0.11693721611281226,5
30,0.7057951851127552,0.1772022204935992,0.11700259439364555,5
31,0.7080655462665054,0.17777848407715485,0.11415596965633966,5
32,0.7296805349147324,0.16677212100004313,0.1035473440852244,5
33,0.7162543809873293,0.17328544279386057,0.11046017621881002,5
34,0.7024808748264921,0.1799283592949235,0.11759076587858443,5
35,0.7063975342608753,0.1789761648641431,0.11462630087498156,5
36,0.7166180422503413,0.17501872355199663,0.1083632341976622,5
37,0.7121808541963935,0.17841183625230617,0.10940730955130032,5
38,0.7153101831985198,0.17904403289075577,0.10564578391072435,5
39,0.7182156999073179,0.1798133816449167,0.10197091844776533,5
40,0.7275321767422448,0.17742911197865927,0.09503871127909588,5
41,0.73494812495668,0.1757496653731206,0.08930220967019933,5
42,0.7420503611222932,0.17414082955286758,0.08380880932483925,5
43,0.7503611539194905,0.1719555493415129,0.07768329673899652,5
44,0.752333337397265,0.17203895222807541,0.07562771037465955,5
45,0.7548610347456753,0.17194408810568984,0.0731948771486349,5
46,0.7577630139286997,0.17170447711274073,0.07053250895855945,5
47,0.7599873933462374,0.17069158024366313,0.06932102641009937,5
48,0.7599339929726161,0.17095184903852648,0.06911415798885755,5
49,0.7598704293897166,0.17102212055622026,0.06910745005406319,5
50,0.7605940614896836,0.17110865998778468,0.06829727852253185,5
1,0.0,0.24,0.76,6
2,0.21411135270842532,0.21283804415743077,0.5730506031341439,6
3,0.3410110595914056,0.22935959568327954,0.4296293447253148,6
4,0.5115161557007887,0.2240358715599952,0.2644479727392161,6
5,0.5226895363512615,0.21875732688235086,0.2585531367663876,6
6,0.5337902379403234,0.21353074759481305,0.2526790144648635,6
7,0.5453202467777114,0.20817172505472545,0.246508028167563,6
8,0.5562835738113048,0.20852049874312778,0.23519592744556742,6
9,0.5664368543844371,0.2087637454974436,0.22479940011811922,6
10,0.6157583787921072,0.18936817360959113,0.19487344759830166,6
11,0.5833939227650023,0.2120887743934489,0.20451730284154873,6
12,0.5944751767756498,0.2087809425903715,0.1967438806339788,6
13,0.6088962613035943,0.20278813087836337,0.18831560781804238,6
14,0.6065559792816778,0.2923822725313762,0.10106174818694595,6
15,0.6063554058178733,0.31831294222769857,0.07533165195442816,6
16,0.6322102259909677,0.3147396100071661,0.053050164001866205,6
17,0.6452530770218092,0.3118371924537057,0.042909730524485025,6
18,0.650601848537695,0.31163522989293735,0.037762921569367724,6
19,0.6750971433262535,0.26624412103063494,0.05865873564311156,6
20,0.6733708352721403,0.24999707538453403,0.07663208934332565,6
21,0.6783242975084025,0.24574314881207596,0.07593255367952141,6
22,0.6816121107821973,0.2466035236575275,0.07178436556027523,6
23,0.6919887087129672,0.24197794842941542,0.0660333428576174,6
24,0.6904152774530853,0.21923844382853291,0.09034627871838183,6
25,0.6827179516326125,0.19453304191554102,0.12274900645184654,6
26,0.6942285251169001,0.1860355051046128,0.11973596977848705,6
27,0.6926010305001133,0.19241663185556163,0.11498233764432512,6
28,0.7008639156131774,0.1856969770293769,0.11343910735744575,6
29,0.7053327581025173,0.17803221066936342,0.11663503122811933,6
30,0.7033931978132903,0.17876734013467968,0.11783946205202991,6
31,0.7048145411947332,0.1797560210102019,0.11542943779506483,6
32,0.7276385664693511,0.16812106851869416,0.10424036501195473,6
33,0.7132054061630909,0.17512215606013484,0.11167243777677426,6
34,0.69711185381953,0.18289638903031705,0.11999175715015287,6
35,0.6993007804188455,0.18283961173540814,0.11785960784574649,6
36,0.7096647317062119,0.17890601884256263,0.11142924945122544,6
37,0.7020568710692373,0.1839780296616815,0.11396509926908115,6
38,0.702497454203573,0.1858891539454199,0.1116133918510071,6
39,0.7001846185084967,0.18925866521602572,0.1105567162754777,6
40,0.7086084335859447,0.18726956599078012,0.10412200042327527,6
41,0.7139824928276866,0.18656511090514258,0.09945239626717096,6
42,0.7193346581625811,0.18580604580760504,0.09485929602981363,6
43,0.727292617851189,0.18379898586337354,0.08890839628543733,6
44,0.7291518857482908,0.18388826155875787,0.08695985269295126,6
45,0.7310439767011868,0.18409531509128146,0.08486070820753175,6
46,0.7339729160335489,0.18383081698501388,0.08219626698143735,6
47,0.7369092516523378,0.18239818505510755,0.08069256329255471,6
48,0.7362140800369824,0.18297484425706925,0.08081107570594855,6
49,0.7351501082259327,0.18349386886146435,0.0813560229126028,6
50,0.7358697035141427,0.18369345088348113,0.08043684560237604,6
1,0.0,0.24,0.76,7
2,0.2148550727072737,0.21245587699045976,0.5726890503022667,7
3,0.34104299170305075,0.22934826270548558,0.4296087455914636,7
4,0.5115816534414327,0.22401432435485474,0.2644040222037125,7
5,0.5226751982653571,0.218744525225434,0.2585802765092089,7
6,0.5336935471108935,0.21354290073161916,0.2527635521574874,7
7,0.5452983705128277,0.20815881761172264,0.24654281187544969,7
8,0.5562935675263586,0.20858100915470987,0.2351254233189315,7
9,0.566191874521514,0.20889131936551586,0.22491680611297013,7
10,0.6161964790480734,0.18906331714840022,0.19474020380352647,7
11,0.5821979856584532,0.21414662145452862,0.20365539288701826,7
12,0.5941819648303351,0.20917716474751288,0.19664087042215192,7
13,0.6092019207912965,0.2024151111029795,0.1883829681057239,7
14,0.6073559331709574,0.297849864408758,0.09479420242028463,7
15,0.6113331161365991,0.32860286625546214,0.060064017607938745,7
16,0.6313464328434294,0.3314835025698203,0.0371700645867502,7
17,0.6494963565139593,0.3273386855597913,0.023164957926249355,7
18,0.6562804398774054,0.32738818177287954,0.01633137834971507,7
19,0.6731016941460084,0.285298002576844,0.04160030327714765,7
20,0.6750310416018861,0.2647877723151007,0.06018118608301307,7
21,0.678903654895708,0.2600333002610279,0.06106304484326408,7
22,0.6801573654254242,0.26246317418310433,0.057379460391471446,7
23,0.6922931916742365,0.2583944302274766,0.04931237809828696,7
24,0.6906901226590096,0.23297144022480867,0.07633843711618167,7
25,0.6833477058480781,0.1973779711926557,0.1192743229592662,7
26,0.6952670851249947,0.1881026603325249,0.11663025454248056,7
27,0.6941403819397989,0.1957007256364678,0.11015889242373345,7
28,0.7014656216204099,0.18799180263731088,0.11054257574227914,7
29,0.70449844311633,0.17915547129200068,0.11634608559166938,7
30,0.7018584893937168,0.17991846502193623,0.11822304558434704,7
31,0.702695987578738,0.181209713591308,0.11609429882995419,7
32,0.7255381714152072,0.16954083561931457,0.10492099296547838,7
33,0.711306104004103,0.17640671491751386,0.1122871810783831,7
34,0.6935639446933765,0.18498624489941415,0.1214498104072095,7
35,0.6945579522367884,0.18559738608888857,0.11984466167432299,7
36,0.7051956547345427,0.18165035921655612,0.11315398604890115,7
37,0.6953155578931635,0.18799756513564703,0.11668687697118954,7
38,0.6936806914802899,0.19087271345226267,0.11544659506744749,7
39,0.6861772931385282,0.19684113603906178,0.11698157082241016,7
40,0.6935473729277206,0.19531941894373733,0.11113320812854198,7
41,0.6962192048610877,0.19591130438800639,0.107869490750906,7
42,0.699149882711268,0.19631294277810948,0.10453717451062251,7
43,0.706416509637234,0.19466570740112482,0.09891778296164114,7
44,0.707978421379619,0.19484933371715626,0.09717224490322486,7
45,0.7087859425368167,0.1955524986222046,0.09566155884097868,7
46,0.7116654950453666,0.19528397060634373,0.09305053434828976,7
47,0.7153268149935638,0.19339682859579765,0.09127635641063855,7
48,0.7138765945929069,0.1943575204399342,0.09176588496715908,7
49,0.7116387857553552,0.19539136224130796,0.09296985200333693,7
50,0.7119994292555507,0.19592124102779332,0.09207932971665582,7
1,0.0,0.24,0.76,8
2,0.21532601801480653,0.212209106077146,0.5724648759080474,8
3,0.34108162900856365,0.2293332545739334,0.42958511641750297,8
4,0.51165215246595,0.2239927099896282,0.2643551375444218,8
5,0.5226568348391785,0.21873191227652025,0.2586112528843013,8
6,0.5335963887626602,0.2135565635120649,0.25284704772527483,8
7,0.5452730118794312,0.20814984629573083,0.24657714182483795,8
8,0.5562911769110347,0.20865060738048344,0.23505821570848187,8
9,0.5659194293566038,0.20903165019468264,0.22504892044871358,8
10,0.6164271107424851,0.1888450496872766,0.19472783957023815,8
11,0.5809761043762952,0.21625809198485793,0.202765803638847,8
12,0.593805656564741,0.20964334011824262,0.1965510033170163,8
13,0.6092973989097142,0.20212475222224002,0.1885778488680458,8
14,0.6092488423996516,0.3014451245437199,0.08930603305662842,8
15,0.6155379429646132,0.33741831118757065,0.04704374584781619,8
16,0.6321084814870441,0.3464297579260984,0.02146176058685757,8
17,0.6521885004647767,0.3429414807618246,0.004870018773398632,8
18,0.6582158018178395,0.3417841981821605,0.0,8
19,0.6693336942795388,0.3051933036105761,0.025473002109885044,8
20,0.6749260904771094,0.2805065342943641,0.04456737522852646,8
21,0.6765703318225694,0.27583278983584136,0.04759687834158922,8
22,0.6770742732438683,0.27933020585476065,0.04359552090137119,8
23,0.6903537246285681,0.2761978927248575,0.0334483826465743,8
24,0.6902142354885453,0.24752061698982655,0.06226514752162803,8
25,0.6847164670345472,0.20008997134211565,0.11519356162333697,8
26,0.6968330943606003,0.19020535961738352,0.11296154602201619,8
27,0.6956282583442542,0.1994527853558206,0.1049189562999253,8
28,0.7021867933582351,0.1900900357711748,0.10772317087059025,8
29,0.7038653738245836,0.18011588460459899,0.11601874157081744,8
30,0.7009412334895636,0.1807590651441456,0.1182997013662907,8
31,0.7013712259217445,0.1823023156976926,0.11632645838056294,8
32,0.7238330449718052,0.17083521284283373,0.10533174218536105,8
33,0.7102422691296641,0.17731549481754733,0.11244223605278869,8
34,0.6911916388036057,0.1865111491835181,0.12229721201287626,8
35,0.6913913042189518,0.18762205083097344,0.12098664495007481,8
36,0.702322303470549,0.18367186739958244,0.11400582912986858,8
37,0.6908861610820461,0.19097978486970296,0.1181340540482508,8
38,0.6877510229199155,0.19453150274104664,0.11771747433903774,8
39,0.6759411863773059,0.20269495522057557,0.1213638584021184,8
40,0.6823483507854685,0.2015870730554606,0.11606457615907083,8
41,0.6818019344052317,0.20371443828337174,0.11448362731139655,8
42,0.6819514061037523,0.205425622494288,0.11262297140195963,8
43,0.688056055833707,0.2043861774760833,0.10755776669020957,8
44,0.6890725013150956,0.2047876221983699,0.10613987648653457,8
45,0.6886552412564444,0.20602371559213914,0.10532104315141634,8
46,0.6912466188549048,0.20585524529531402,0.10289813584978111,8
47,0.6957384316873142,0.2034425570893453,0.10081901122334037,8
48,0.6933212700789687,0.20489255567143633,0.10178617424959505,8
49,0.6894650801233763,0.2066248538194463,0.10391006605717752,8
50,0.6891604892246274,0.20771175367784295,0.10312775709752979,8
1,0.0,0.24,0.76,9
2,0.21558852764465067,0.21206584250288643,0.572345629852463,9
3,0.341122070108324,0.22931715456958313,0.42956077532209286,9
4,0.5117282680064891,0.22397005936734285,0.26430167262616794,9
5,0.522635907945401,0.218718645823984,0.25864544623061486,9
6,0.5334972059230364,0.21357216053913505,0.2529306335378285,9
7,0.54524173772694,0.20814733150561204,0.24661093076744797,9
8,0.5562733273387954,0.20873093349934085,0.2349957391618638,9
9,0.5656166461658829,0.20919015212968795,0.22519320170442905,9
10,0.6164966670381683,0.18868243288646155,0.19482090007537023,9
11,0.5798541571447985,0.21818771631858533,0.20195812653661618,9
12,0.5933768158175969,0.21019624146684696,0.19642694271555616,9
13,0.60919905582512,0.20198257061987396,0.18881837355500605,9
14,0.6115703362541292,0.3038505054427204,0.08457915830315049,9
15,0.6182440647610219,0.3453443715059397,0.03641156373303846,9
16,0.6334483272142457,0.36003628326432235,0.006515389521431935,9
17,0.6460507074348467,0.35394929256515334,0.0,9
18,0.650393340193911,0.34960665980608896,0.0,9
19,0.6648303190156915,0.3252777422163713,0.0098919387679373,9
20,0.6731919823127952,0.29698121211412176,0.029826805573082947,9
21,0.6721198541394835,0.2927737439831827,0.03510640187733378,9
22,0.6734517400834457,0.2967715924624964,0.029776667454057916,9
23,0.6870660727900461,0.29492745161513684,0.018006475594817103,9
24,0.6888621879323062,0.263302435356846,0.04783537671084766,9
25,0.6864940775408148,0.20273397711119692,0.11077194534798825,9
26,0.6984633657656188,0.19234604600168495,0.10919058823269635,9
27,0.6965986646859016,0.20338807929508054,0.1000132560190178,9
28,0.7026519319010672,0.19210152629167968,0.10524654180725307,9
29,0.7034590197339513,0.1809153639002491,0.11562561636579963,9
30,0.7004748423013522,0.18135216050345132,0.11817299719519661,9
31,0.7006518821330453,0.18311624485814354,0.11623187300881116,9
32,0.7227374914972357,0.17188313207060832,0.10537937643215593,9
33,0.7098104352645963,0.17793365143593004,0.11225591329947351,9
34,0.6896828883880212,0.18762556315476686,0.12269154845721192,9
35,0.6893586085153964,0.18911235168686322,0.12152903979774021,9
36,0.7006132785029857,0.18517926658821743,0.11420745490879677,9
37,0.6880691521853511,0.19325021361952258,0.11868063419512624,9
38,0.6838838012882865,0.19726922142232678,0.11884697728938669,9
39,0.6686922905918944,0.20719376389401684,0.1241139455140888,9
40,0.6742885072471703,0.20642661081238267,0.11928488194044702,9
41,0.6706347595902911,0.2100348280288485,0.11933041238086046,9
42,0.6681371414245412,0.21295601707778145,0.11890684149767738,9
43,0.6724267826529352,0.2128591501725981,0.11471406717446661,9
44,0.672643055303624,0.2135950417047529,0.11376190299162307,9
45,0.6711938915492662,0.21525328725815046,0.11355282119258331,9
46,0.6732881978341633,0.21528363553680305,0.11142816662903379,9
47,0.6786026684116649,0.2123333938586101,0.10906393772972497,9
48,0.675158357811323,0.21430066536831122,0.1105409768203658,9
49,0.6691153436117139,0.21698591854635854,0.11389873784192764,9
50,0.6676786336092422,0.21892740814913977,0.11339395824161813,9
1,0.0,0.24,0.76,10
2,0.21569018430613388,0.21200215487440904,0.5723076608194572,10
3,0.3411608787837754,0.22930131568753226,0.4295378055286923,10
4,0.5118100151152536,0.22394588851450448,0.26424409637024193,10
5,0.5226112985803458,0.21870617409259074,0.2586825273270633,10
6,0.5333937369973342,0.21359020496976172,0.2530160580329041,10
7,0.54520076681333,0.20815014291897269,0.24664909026769738,10
8,0.5562408376736574,0.20881807234371197,0.2349410899826306,10
9,0.565293841320635,0.2093573549069328,0.22534880377243227,10
10,0.6164596141077859,0.18853468234640064,0.19500570354581342,10
11,0.5789135752915925,0.21977624823231268,0.2013101764760949,10
12,0.5929119319767087,0.2108730054761899,0.19621506254710155,10
13,0.6088635773574033,0.202138721242983,0.18899770139961378,10
14,0.6138086988602421,0.3055213438101071,0.0806699573296508,10
15,0.6196551616266177,0.35221876583862954,0.028126072534752806,10
16,0.6303722856730317,0.3696277143269682,0.0,10
17,0.6378285526991703,0.36217144730082984,0.0,10
18,0.6426122658377548,0.3573877341622451,0.0,10
19,0.6573444728146978,0.3426555271853023,0.0,10
20,0.6704112478520319,0.31412098758175105,0.01546776456621699,10
21,0.6668607117419211,0.31035020252802226,0.022789085730056637,10
22,0.6700862992155033,0.31432271134379225,0.015590989440704426,10
23,0.6832040856371954,0.3141366759633235,0.002659238399481055,10
24,0.6873923970972386,0.27989747109619134,0.03271013180656999,10
25,0.6885755894068515,0.20539203103117995,0.10603237956196855,10
26,0.6996147613229293,0.1946038727994069,0.10578136587766378,10
27,0.6965955422614288,0.2075146007325889,0.09588985700598238,10
28,0.7027461645186263,0.19406676957508284,0.10318706590629093,10
29,0.7032373471881979,0.18160112277030135,0.11516153004150072,10
30,0.7003786196404921,0.18175846599537437,0.1178629143641337,10
31,0.7004105061558094,0.18371830417576404,0.11587118966842654,10
32,0.7221943250587343,0.17272002856047605,0.1050856463807896,10
33,0.7098908177463075,0.17832551945568054,0.1117836627980119,10
34,0.6888453252094672,0.18843098490136298,0.12272368988916982,10
35,0.6881770116446563,0.19021621098308225,0.12160677737226154,10
36,0.6997122769992544,0.18633844613200934,0.11394927686873614,10
37,0.6864218857008952,0.19501073109874628,0.11856738320035853,10
38,0.6815187337744275,0.19934648277897826,0.11913478344659434,10
39,0.6636125051616474,0.21072698243654742,0.12566051240180515,10
40,0.6686003605540061,0.21020376739280316,0.1211958720531907,10
41,0.6622545582330667,0.21509336424687714,0.12265207752005623,10
42,0.6575545375517996,0.21899265770918602,0.12345280473901428,10
43,0.6596525492877645,0.22003240317788525,0.12031504753435017,10
44,0.6586905643271901,0.22127244090582426,0.12003699476698555,10
45,0.6564134415302936,0.22324524473608048,0.12034131373362603,10
46,0.6580150185707649,0.22346044929858544,0.1185245321306497,10
47,0.66405038735448,0.22001551104812314,0.11593410159739698,10
48,0.6595795182298437,0.22248761410023601,0.11793286766992038,10
49,0.6510668423053575,0.22627317841025113,0.12265997928439142,10
50,0.6479707623012869,0.22936102588442234,0.1226682118142908,10
1,0.0,0.24,0.76,11
2,0.21566289623101673,0.2120021049219917,0.5723349988469917,11
3,0.3411968435040272,0.2292860728665716,0.4295170836294012,11
4,0.511894653173051,0.22392003027732402,0.26418531654962496,11
5,0.522585697223863,0.21869258142237766,0.25872172135375926,11
6,0.5332849533485949,0.21360814166663275,0.2531069049847723,11
7,0.5451498781798406,0.20815782428541113,0.24669229753474825,11
8,0.55619587454495,0.20890684008288768,0.23489728537216223,11
9,0.5649654763864603,0.20952125993988474,0.22551326367365496,11
10,0.6163412598675986,0.18839102803362553,0.19526771209877586,11
11,0.578138420138274,0.22102476749365169,0.2008368123680744,11
12,0.5923288564955934,0.21184659738847342,0.1958245461159331,11
13,0.6082504412831856,0.2026991800426577,0.18905037867415664,11
14,0.6154993694978973,0.30686477583171184,0.07763585467039082,11
15,0.6202399085096757,0.3579872238794536,0.02177286761087073,11
16,0.6248347241263749,0.3751652758736251,0.0,11
17,0.6331461723911226,0.3668538276088773,0.0,11
18,0.6361697528310492,0.36383024716895085,0.0,11
19,0.645803372688485,0.354196627311515,0.0,11
20,0.666786775344778,0.33183935450993896,0.001373870145283062,11
21,0.661547396620501,0.32817263815979153,0.010279965219707428,11
22,0.6675159544698438,0.3316789105708603,0.0008051349592958969,11
23,0.6728047083573571,0.3271952916426428,0.0,11
24,0.6850334550013515,0.2976474588177764,0.01731908618087216,11
25,0.6912573843254457,0.20874958594022275,0.09999302973433173,11
26,0.7005172931062756,0.19724972174164035,0.10223298515208398,11
27,0.6959068996824961,0.21198919208998737,0.09210390822751657,11
28,0.7023055150997788,0.19614192307174888,0.10155256182847232,11
29,0.703085790462816,0.18228697239514224,0.11462723714204177,11
30,0.7005785448726319,0.1820087485452023,0.11741270658216572,11
31,0.7005609649851157,0.18415426519184647,0.11528476982303788,11
32,0.7220208976536647,0.1734146368228799,0.10456446552345543,11
33,0.7103577972912192,0.17853825263762724,0.11110395007115371,11
34,0.6885045941279245,0.1889917204634736,0.1225036854086018,11
35,0.6876225843496468,0.1910124683759277,0.12136494727442551,11
36,0.6993763098011951,0.18725371589233625,0.11336997430646852,11
37,0.6856621516831838,0.19639805193507975,0.11793979638173659,11
38,0.6802768869244556,0.20094789369101604,0.11877521938452817,11
39,0.6602831577442982,0.21349423361073608,0.12622260864496562,11
40,0.6648301417216439,0.21315502444568804,0.12201483383266797,11
41,0.6561225408167091,0.2191601214369935,0.12471733774629727,11
42,0.649639608438312,0.22381864947504332,0.1265417420866447,11
43,0.6496676965929283,0.22595196403434809,0.12438033937272361,11
44,0.6474032738618246,0.22773064003128113,0.1248660861068943,11
45,0.6443213286417943,0.23001158971766125,0.12566708164054452,11
46,0.6454503183315423,0.2303804195697197,0.12416926209873803,11
47,0.6520019270574711,0.22653965484039673,0.12145841810213205,11
48,0.646669813367398,0.22943725214839955,0.12389293448420231,11
49,0.6356648769683044,0.2343098138368919,0.1300253091948036,11
50,0.6302503177810617,0.2389203727135278,0.13082930950541047,11
1,0.0,0.24,0.76,12
2,0.21553244339135968,0.2120530954732072,0.572414461135433,12
3,0.3412289733707679,0.22927159835111943,0.42949942827811266,12
4,0.5119794748653521,0.22389283982148184,0.26412768531316605,12
5,0.5225597583936749,0.2186767731441344,0.2587634684621908,12
6,0.5331650865513006,0.2136285570727645,0.25320635637593486,12
7,0.5450906477366517,0.20816692116931332,0.24674243109403501,12
8,0.5561424621872528,0.20899683568245458,0.2348607021302926,12
9,0.5646402021604161,0.20967390640654768,0.2256858914330363,12
10,0.6161483400982458,0.18826226167535295,0.19558939822640126,12
11,0.5775302810856288,0.22191055595691642,0.2005591629574547,12
12,0.591605695880092,0.21312315585999667,0.19527114825991124,12
13,0.6073878372132233,0.20367601316958522,0.18893614961719146,12
14,0.6165598069927261,0.3080216600610852,0.07541853294618867,12
15,0.6203170489882719,0.362723042594232,0.016959908417496124,12
16,0.6211024093920618,0.37889759060793815,0.0,12
17,0.6319810515394182,0.3680189484605819,0.0,12
18,0.6319204588934065,0.36807954110659347,0.0,12
19,0.6373844926873367,0.3626155073126634,0.0,12
20,0.6562503763172266,0.34374962368277345,0.0,12
21,0.6548564517956621,0.3451435482043379,0.0,12
22,0.6584706631274203,0.34152933687257975,0.0,12
23,0.6622052244367506,0.33779477556324944,0.0,12
24,0.6829796017871503,0.3157054414262388,0.001314956786610816,12
25,0.6942869586076219,0.21342434117431847,0.09228870021805965,12
26,0.7007014777323894,0.20069554663317776,0.09860297563443285,12
27,0.6949372244196078,0.21677269053223552,0.08829008504815675,12
28,0.7013445214398693,0.1984734346339595,0.10018204392617135,12
29,0.7028317976021736,0.18305909827625985,0.11410910412156665,12
30,0.7010115944499713,0.18214298532841489,0.11684542022161394,12
31,0.7010426390063479,0.18444815736559697,0.11450920362805513,12
32,0.7220689787438316,0.17403555417672897,0.10389546707943952,12
33,0.7110862590767559,0.17862931829117312,0.11028442263207089,12
34,0.6885446968730066,0.18936345615050104,0.12209184697649236,12
35,0.6875509182147213,0.19155740992534023,0.12089167185993856,12
36,0.6994893524756741,0.1879669982935316,0.11254364923079414,12
37,0.6855838022823433,0.19748712459004,0.11692907312761684,12
38,0.6798695313376851,0.2021825659857034,0.11794790267661164,12
39,0.6583041111072633,0.2156768960150095,0.12601899287772714,12
40,0.6626160557237447,0.2154563532587098,0.12192759101754548,12
41,0.6518738974068466,0.22241070736807353,0.12571539522507988,12
42,0.6438771877853621,0.2276927989683526,0.12843001324628522,12
43,0.6420292935900787,0.2308396761883378,0.12713103022158376,12
44,0.6384971126914368,0.23311864342162786,0.1283842438869354,12
45,0.6346953493729303,0.23566058199361037,0.12964406863345934,12
46,0.6353519192280483,0.23616010863869427,0.12848797213325733,12
47,0.6421806522903172,0.23203470653431535,0.12578464117536767,12
48,0.6361129683097704,0.23528368765599095,0.12860334403423876,12
49,0.622891060299717,0.24110509076202433,0.13600384893825876,12
50,0.6150795906934551,0.2473034023610701,0.13761700694547477,12
1,0.0,0.24,0.76,13
2,0.21531958563279094,0.21214480840098124,0.5725356059662279,13
3,0.3412582811266597,0.22925705209974623,0.42948466677359404,13
4,0.5120637700231156,0.2238644256020772,0.26407180437480715,13
5,0.5225410964604924,0.21865503110676698,0.2588038724327406,13
6,0.5330273983093002,0.2136541300464812,0.2533184716442185,13
7,0.5450226292166506,0.20817605311416926,0.24680131766918015,13
8,0.5560872615505836,0.20908371895032288,0.2348290194990935,13
9,0.5643159144857971,0.20981534377933697,0.2258687417348658,13
10,0.6158955453793206,0.1881313546915259,0.19597309992915368,13
11,0.5770851368143277,0.22245628449083701,0.2004585786948353,13
12,0.5908117367107479,0.21464314046600053,0.19454512282325154,13
13,0.6062856953475951,0.2050063806879964,0.1887079239644086,13
14,0.6170736371756357,0.3089971388170759,0.07392922400728831,13
15,0.6200590356702719,0.36658737262901514,0.013353591700712989,13
16,0.6197400538486759,0.38025994615132414,0.0,13
17,0.6332845275371529,0.36671547246284697,0.0,13
18,0.6296838392529855,0.3703161607470145,0.0,13
19,0.6322763875595102,0.3677236124404898,0.0,13
20,0.6456067793199431,0.35439322068005685,0.0,13
21,0.6434644124517713,0.35653558754822867,0.0,13
22,0.6510752922886974,0.34892470771130263,0.0,13
23,0.654014925554518,0.3459850744454821,0.0,13
24,0.6731152550521919,0.32688474494780817,0.0,13
25,0.6972622263140258,0.22014261197652207,0.08259516170945214,13
26,0.7002297700512619,0.20508703072592804,0.09468319922281003,13
27,0.6939636193826466,0.2217895581282316,0.08424682248912188,13
28,0.6997004472386136,0.20113982182370047,0.09915973093768599,13
29,0.7023755016453791,0.1839492231217924,0.11367527523282858,13
30,0.7016068661250434,0.182215167308172,0.11617796656678464,13
31,0.7017313821394958,0.18462906196200718,0.11363955589849704,13
32,0.722242944511472,0.17459377332978657,0.10316328215874156,13
33,0.7119554620609299,0.1786285997128085,0.10941593822626153,13
34,0.6888876502158514,0.18957216136345142,0.1215401884206971,13
35,0.6878422408843895,0.1919030230267766,0.12025473608883401,13
36,0.6999000807864194,0.18854272196256924,0.11155719725101147,13
37,0.6860494759324751,0.19831743957831033,0.11563308448921457,13
38,0.6800916660975704,0.2031365757544808,0.11677175814794888,13
39,0.6573860164669321,0.2173895630173883,0.12522442051567942,13
40,0.6616364370133055,0.2172526079338815,0.12111095505281293,13
41,0.6492013793445439,0.2250073114219593,0.12579130923349666,13
42,0.639952503026333,0.2307905857301985,0.1292569112434687,13
43,0.6363837538481523,0.23487337439757652,0.12874287175427132,13
44,0.631756063071306,0.23753877131534176,0.1307051656133524,13
45,0.6272624316247407,0.24033848978770136,0.13239907858755784,13
46,0.6274417504947608,0.24092934367061034,0.13162890583462902,13
47,0.634406657801349,0.23658634632354195,0.12900699587510903,13
48,0.6276879866278638,0.24013068468445598,0.13218132868768012,13
49,0.6124957361477542,0.24678206091160798,0.14072220294063795,13
50,0.6023852141509917,0.25453302614729073,0.1430817597017176,13
1,0.0,0.24,0.76,14
2,0.21504648506392302,0.21226626319635597,0.572687251739721,14
3,0.3412913105372121,0.22923905733981845,0.42946963212296946,14
4,0.5121443713837679,0.22383601384973592,0.2640196147664962,14
5,0.5225211959139274,0.21863179682924735,0.2588470072568252,14
6,0.5328706895078439,0.21368516196298376,0.2534441485291723,14
7,0.5449424481571147,0.20818672893639356,0.24687082290649173,14
8,0.5560289848519707,0.20916437886762823,0.23480663628040105,14
9,0.5639700020513567,0.20994956709154516,0.22608043085709803,14
10,0.6155818976799844,0.1879939286747684,0.1964241736452472,14
11,0.5767835656179182,0.22268772555952104,0.20052870882256077,14
12,0.590040358552169,0.21627686208532002,0.19368277936251097,14
13,0.6050974007916611,0.20646093213082678,0.18844166707751217,14
14,0.6171514177879939,0.30975524929768744,0.07309333291431867,14
15,0.6195348547931213,0.3697390798153905,0.010726065391488238,14
16,0.6206782989238543,0.37932170107614566,0.0,14
17,0.6362215000094412,0.3637784999905587,0.0,14
18,0.6291110316872586,0.3708889683127413,0.0,14
19,0.6295689378004726,0.3704310621995274,0.0,14
20,0.637529714067642,0.362470285932358,0.0,14
21,0.6345784986523475,0.3654215013476525,0.0,14
22,0.6463209631305911,0.35367903686940894,0.0,14
23,0.6485617922203281,0.35143820777967205,0.0,14
24,0.6660257325440677,0.3339742674559324,0.0,14
25,0.6993143719608192,0.2291912079135063,0.07149442012567449,14
26,0.6987728842090959,0.21094901396438384,0.09027810182652032,14
27,0.6934948400285187,0.22696856236414734,0.07953659760733396,14
28,0.6981086807511211,0.20390304307367682,0.097988276175202,14
29,0.7017357989732,0.18500938269996725,0.1132548183268327,14
30,0.7022769414749719,0.1822773811435637,0.11544567738146437,14
31,0.7025284560502858,0.1847286063032034,0.11274293764651071,14
32,0.7222133626243821,0.17525867787073235,0.10252795950488558,14
33,0.7128859312286272,0.17858551562254207,0.10852855314883064,14
34,0.6894747986754259,0.18965002237211348,0.12087517895246076,14
35,0.6884340917201751,0.19208090344225373,0.11948500483757112,14
36,0.7005969371399161,0.18899273497525662,0.11041032788482714,14
37,0.6869482651343389,0.1989354822342263,0.11411625263143485,14
38,0.6808121529954052,0.2038728999011043,0.11531494710349054,14
39,0.6572991608480683,0.21872579005318465,0.1239750490987471,14
40,0.6616283600327112,0.21865574963517667,0.1197158903321122,14
41,0.6477883025868193,0.2271037670956172,0.12510793031756337,14
42,0.6375068644570852,0.23327147521032957,0.12922166033258525,14
43,0.6324694841793109,0.23816464138011692,0.12936587444057202,14
44,0.626835848481524,0.2411445933597635,0.13201955815871247,14
45,0.6216850797643941,0.24419819971225698,0.13411672052334891,14
46,0.6213200059647666,0.24487752922458683,0.1338024648106466,14
47,0.6283332863864173,0.2403574896753059,0.1313092239382769,14
48,0.6211587763790021,0.24408111780853334,0.1347601058124645,14
49,0.6042986603728815,0.2514345723268701,0.14426676730024846,14
50,0.5921598900033184,0.260579853273597,0.14726025672308457,14
1,0.0,0.24,0.76,15
2,0.21472808882199435,0.212410286853945,0.5728616243240606,15
3,0.3413207801425213,0.22922108827537419,0.4294581315821046,15
4,0.5122224377097819,0.22380669507088877,0.26397086721932933,15
5,0.522505704503435,0.21860475523852899,0.25888954025803596,15
6,0.5326966802889447,0.21372098793690994,0.25358233177414535,15
7,0.5448451860705593,0.20820269054750143,0.24695212338193917,15
8,0.5559664888385889,0.20923698732070817,0.2347965238407029,15
9,0.5636223018298205,0.21006999628984604,0.22630770188033345,15
10,0.6152304943134324,0.18783291986244313,0.19693658582412465,15
11,0.5766252540090598,0.22260801322423893,0.2007667327667013,15
12,0.5893889765702726,0.21785433100675042,0.19275669242297697,15
13,0.6039552964302475,0.207911982045255,0.18813272152449742,15
14,0.616892593914703,0.3103122698872979,0.07279513619799907,15
15,0.6188085098976058,0.37230737735155445,0.008884112750839654,15
16,0.6229594488009456,0.3770405511990544,0.0,15
17,0.63968385920933,0.36031614079067,0.0,15
18,0.6297499490486002,0.3702500509513998,0.0,15
19,0.6287230547471657,0.3712769452528342,0.0,15
20,0.6327010195209261,0.36729898047907383,0.0,15
21,0.6294926539678808,0.37050734603211916,0.0,15
22,0.6441511765043031,0.355848823495697,0.0,15
23,0.6455891683475666,0.3544108316524333,0.0,15
24,0.6622726468348299,0.33772735316517016,0.0,15
25,0.7000765446018364,0.24078447000905936,0.05913898538910404,15
26,0.6961655729255936,0.2184815092715226,0.08535291780288388,15
27,0.693600945531132,0.23249004670862525,0.07390900776024267,15
28,0.6970655725457445,0.20668754888658433,0.09624687856767107,15
29,0.7011058676479605,0.1862497433288877,0.11264438902315185,15
30,0.7030214627632679,0.1823746419101963,0.11460389532653571,15
31,0.7033853380251933,0.18481659787834112,0.11179806409646544,15
32,0.7221430892081127,0.1759587165672398,0.1018981942246475,15
33,0.7137748371972888,0.17853005678441378,0.10769510601829736,15
34,0.6902307129734455,0.1896395536262063,0.1201297334003482,15
35,0.6892262175428024,0.1921269493316833,0.11864683312551409,15
36,0.7014729014647625,0.1893572798729481,0.10916981866228936,15
37,0.688155843944815,0.1993885756931499,0.11245558036203515,15
38,0.6819334567160182,0.20442271692357614,0.11364382636040568,15
39,0.6579013111294515,0.2197519745020988,0.12234671436844975,15
40,0.662393266956853,0.2197485739703659,0.11785815907278109,15
41,0.6473851416378138,0.22881276383351415,0.12380209452867204,15
42,0.6362842186237705,0.23525646900659883,0.12845931236963068,15
43,0.6299850471694228,0.24086108781174223,0.12915386501883494,15
44,0.6234272434776649,0.24409512448065043,0.1324776320416847,15
45,0.6176885922749036,0.24737028598429442,0.13494112174080194,15
46,0.6166604288066293,0.2481590678725162,0.1351805033208546,15
47,0.6237071265645029,0.24347634883946312,0.13281652459603402,15
48,0.616259143730811,0.2472662739680096,0.13647458230117943,15
49,0.598034818570214,0.2551956639178257,0.14676951751196013,15
50,0.5841120300599101,0.26559112206457974,0.15029684787551026,15
1,0.0,0.24,0.76,16
2,0.2143737714192269,0.21257224377171038,0.5730539848090628,16
3,0.34134770818028237,0.22920284223956758,0.4294494495801501,16
4,0.5122998958275874,0.22377472543826574,0.2639253787341469,16
5,0.5224901813832551,0.2185766873591224,0.2589331312576224,16
6,0.5325129322903202,0.21375939978052452,0.25372766792915524,16
7,0.544736247991864,0.20822209738791672,0.24704165462021926,16
8,0.5559023036702944,0.20930128340595403,0.23479641292375156,16
9,0.5632786384369647,0.21017435041609817,0.2265470111469372,16
10,0.6148579152154005,0.18764440920412243,0.19749767558047726,16
11,0.5765726202746688,0.22229094589636766,0.2011364338289635,16
12,0.5888955036020027,0.21928249406085956,0.1918220023371377,16
13,0.6029444432697026,0.20925618773888693,0.1877993689914104,16
14,0.6163978629017145,0.3106882479873378,0.0729138891109478,16
15,0.6179219669746564,0.37442757499981666,0.007650458025526871,16
16,0.6257882664207072,0.37421173357929277,0.0,16
17,0.6424641209463434,0.3575358790536565,0.0,16
18,0.6313200939221912,0.36867990607780865,0.0,16
19,0.6293509183505044,0.37064908164949556,0.0,16
20,0.6307813394299878,0.36921866057001224,0.0,16
21,0.6276184465280149,0.37238155347198515,0.0,16
22,0.6441823030849195,0.3558176969150806,0.0,16
23,0.6446922848640242,0.3553077151359757,0.0,16
24,0.6608046357514354,0.3391953642485645,0.0,16
25,0.6994642748536903,0.25447628852501425,0.04605943662129537,16
26,0.6929727186842904,0.2275735850627922,0.07945369625291727,16
27,0.6943191507574892,0.2383981785948036,0.06728267064770714,16
28,0.6966081717063584,0.2096151708426185,0.0937766574510232,16
29,0.700630175964604,0.18763856702205417,0.11173125701334188,16
30,0.7037995009037108,0.18256366747273034,0.11363683162355885,16
31,0.7042520553966973,0.18491341850973342,0.11083452609356921,16
32,0.7221180329482021,0.17664850881085836,0.1012334582409396,16
33,0.7146282904155826,0.17847590388719478,0.1068958056972226,16
34,0.6911176510497012,0.18955740931325873,0.11932493963704004,16
35,0.6901551958545952,0.19207971714111055,0.11776508700429424,16
36,0.702492642312907,0.1896531922993315,0.10785416538776162,16
37,0.6895908207354552,0.19971516661671965,0.11069401264782512,16
38,0.6833531508794548,0.20482616496843922,0.11182068415210594,16
39,0.6590461601187236,0.22052760148664685,0.12042623839462939,16
40,0.6637669860126,0.22059035381667372,0.11564266017072632,16
41,0.6477796506656616,0.23022236823072711,0.12199798110361135,16
42,0.6360436975172143,0.23684586638597582,0.1271104360968099,16
43,0.6286387259659909,0.24309110369399575,0.1282701703400133,16
44,0.6212996860887221,0.24649510837293956,0.13220520553833826,16
45,0.6150297508936748,0.24996458647723843,0.13500566262908667,16
46,0.613266376040712,0.25086663173892204,0.13586699222036605,16
47,0.6203399640741531,0.24603181720980505,0.1336282187160417,16
48,0.6127239998371005,0.24982083238033834,0.1374551677825613,16
49,0.5934974314574757,0.25816234295277457,0.14834022558974977,16
50,0.577900058607774,0.26974534103497855,0.15235460035724746,16
1,0.0,0.24,0.76,17
2,0.21399979102008193,0.21274414375427764,0.5732560652256403,17
3,0.341368931050602,0.22918636246288637,0.42944470648651156,17
4,0.5123750600022561,0.22374168979575856,0.2638832502019854,17
5,0.5224759703703125,0.21854744152457242,0.2589765881051152,17
6,0.5323210537710419,0.213800115820746,0.25387883040821213,17
7,0.5446167354423329,0.20824532180217706,0.24713794275548998,17
8,0.5558355383140969,0.20935886703673404,0.234805594649169,17
9,0.5629421716435169,0.21026392718112344,0.22679390117535966,17
10,0.6144757968720608,0.18743328197262224,0.1980909211553169,17
11,0.5765913029242543,0.22178340803805707,0.20162528903768848,17
12,0.5885823229662145,0.22047828756922225,0.1909393894645633,17
13,0.6021365109326928,0.2104329726748865,0.18743051639242067,17
14,0.6157645974822424,0.3108942584618193,0.07334114405593824,17
15,0.6169369529867818,0.37617934253677193,0.006883704476446293,17
16,0.6282787485425443,0.37172125145745577,0.0,17
17,0.6438214437249176,0.35617855627508244,0.0,17
18,0.6335526140208662,0.3664473859791338,0.0,17
19,0.631127955969011,0.3688720440309891,0.0,17
20,0.6311331919805641,0.3688668080194359,0.0,17
21,0.6282298448400402,0.3717701551599598,0.0,17
22,0.64600886257066,0.35399113742933996,0.0,17
23,0.6453934164689914,0.3546065835310085,0.0,17
24,0.6609381310000011,0.33906186899999885,0.0,17
25,0.6977358719538207,0.2698117812120879,0.032452346834091435,17
26,0.6900114805565478,0.2379016738800193,0.07208684556343282,17
27,0.6955768405861694,0.24474915171926134,0.05967400769456923,17
28,0.6967092752508836,0.21268001556613683,0.09061070918297956,17
29,0.7003659921785702,0.1891085730296302,0.11052543479179953,17
30,0.7045504622589256,0.1828496062177444,0.11259993152333003,17
31,0.705089301043084,0.18502947291806976,0.10988122603884624,17
32,0.7222991382063967,0.17723906027247313,0.10046180152113016,17
33,0.715407157532474,0.17843764536699347,0.10615519710053263,17
34,0.6921058947793179,0.18941741754751348,0.11847668767316867,17
35,0.6911880532109905,0.19195655798584557,0.11685538880316378,17
36,0.7035629406258926,0.18990970379070518,0.10652735558340219,17
37,0.6911598132736755,0.1999417099077743,0.10889847681855026,17
38,0.6849788866309571,0.2051057874891587,0.1099153258798843,17
39,0.6605994571114007,0.22109799645489261,0.11830254643370681,17
40,0.6656266912703558,0.22122297656469483,0.11315033216494923,17
41,0.648835132810499,0.23138970745174534,0.1197751597377556,17
42,0.6366124374805948,0.23810728933560535,0.12528027318379997,17
43,0.6282435562629817,0.24493331989342895,0.12682312384358924,17
44,0.6202469598759622,0.24844036219857682,0.131312677925461,17
45,0.6134690896045627,0.2520914280940502,0.134439482301387,17
46,0.6109813015605313,0.25306273690960573,0.13595596152986297,17
47,0.6180383530619311,0.2481096504634371,0.13385199647463186,17
48,0.6103827152945513,0.25181785390279693,0.13779943080265178,17
49,0.5903689361933441,0.26049381364260643,0.1491372501640495,17
50,0.5733452691442732,0.27313441739868266,0.15352031345704423,17
1,0.0,0.24,0.76,18
2,0.21362264197788092,0.21291798986115015,0.573459368160969,18
3,0.3413775966017785,0.2291747915450735,0.42944761185314795,18
4,0.5124470565693054,0.22370800230118715,0.2638449411295074,18
5,0.5224666705910735,0.2185165124118026,0.259016816997124,18
6,0.5321268964319801,0.21384199393205802,0.25403110963596187,18
7,0.5444868735374867,0.20827318004640138,0.24723994641611194,18
8,0.555764637341192,0.20941047606830399,0.23482488659050393,18
9,0.562619718031315,0.2103369636866525,0.22704331828203242,18
10,0.6140938404452065,0.18720830234301572,0.19869785721177774,18
11,0.5766629365382386,0.22116379773246148,0.20217326572929986,18
12,0.5884728085057791,0.22141692576835467,0.1901102657258661,18
13,0.6015387508936068,0.21140014424651887,0.1870611048598744,18
14,0.6150763336541166,0.31094959001942596,0.07397407632645743,18
15,0.6159229975792212,0.3775956234057384,0.00648137901504036,18
16,0.6297766445612489,0.37022335543875107,0.0,18
17,0.6436441944555505,0.3563558055444495,0.0,18
18,0.6360481123170587,0.36395188768294123,0.0,18
19,0.6337530889024728,0.3662469110975272,0.0,18
20,0.6332359776120366,0.36676402238796324,0.0,18
21,0.6307116722882464,0.3692883277117536,0.0,18
22,0.649211222929831,0.3507887770701689,0.0,18
23,0.6473291663926344,0.35267083360736573,0.0,18
24,0.6622433923329529,0.337756607667047,0.0,18
25,0.6951219904021818,0.2863742080811426,0.018503801516675532,18
26,0.688166867742757,0.24890251864879703,0.06293061360844601,18
27,0.6972125226335676,0.2515702285134517,0.05121724885298072,18
28,0.6973044324457651,0.2159664434873497,0.08672912406688515,18
29,0.7003412451062303,0.19066453376275305,0.10899422113101652,18
30,0.7052767025698775,0.18323474362430425,0.1114885538058183,18
31,0.705856112951538,0.18518065793775446,0.10896322911070754,18
32,0.7224668791961025,0.17783113240187684,0.09970198840202067,18
33,0.7161102170495796,0.17841211569895693,0.10547766725146339,18
34,0.6931887082827485,0.18922818651269394,0.11758310520455754,18
35,0.6922914125529476,0.1917758944503879,0.11593269299666455,18
36,0.7046926176403939,0.19011105307567266,0.10519632928393333,18
37,0.6927543891123695,0.2001027117370402,0.10714289915059019,18
38,0.6867257817602812,0.20528277363621797,0.10799144460350073,18
39,0.6624403375111442,0.22150460506252526,0.11605505742633068,18
40,0.6678476934906173,0.22168822982783848,0.11046407668154422,18
41,0.6504019730789826,0.2323587914601649,0.11723923546085248,18
42,0.637829709436835,0.23910450225434424,0.12306578830882069,18
43,0.6286237464410309,0.24646467023907304,0.12491158331989607,18
44,0.6200841204531827,0.25000338578584574,0.12991249376097144,18
45,0.6128191414335336,0.2538259775065056,0.13335488105996088,18
46,0.6096315905303863,0.2548242620552938,0.13554414741431997,18
47,0.6166670270187667,0.2497732003329875,0.13355977264824592,18
48,0.6090686421592657,0.2533443392406831,0.1375870186000512,18
49,0.5884080586239219,0.26231481277819274,0.14927712859788544,18
50,0.5702312269936031,0.275848482863273,0.1539202901431238,18
1,0.0,0.24,0.76,19
2,0.21325717311302764,0.21308616326758253,0.5736566636193899,19
3,0.3413684247112888,0.22917104859513818,0.4294605266935729,19
4,0.5125126018842315,0.22367595168820545,0.2638114464275631,19
5,0.5224652906171823,0.21848312030955702,0.25905158907326076,19
6,0.5319382448032616,0.21388216988446507,0.2541795853122733,19
7,0.5443517806518401,0.20830438738106488,0.24734383196709503,19
8,0.5556878148622364,0.2094584900152556,0.23485369512250795,19
9,0.5623201435793752,0.21039231075118514,0.22728754566943968,19
10,0.613721348201702,0.18697944932049718,0.19929920247780075,19
11,0.576790681287748,0.22042091898753224,0.20278839972471982,19
12,0.5885433355217471,0.2221028171585228,0.1893538473197301,19
13,0.6011943569242759,0.21214961156332146,0.1866560315124026,19
14,0.6143781259290954,0.3108662924360858,0.07475558163481891,19
15,0.6149274224680049,0.37872263719179866,0.006349940340196394,19
16,0.6303081219056995,0.3696918780943005,0.0,19
17,0.6422779272450188,0.3577220727549812,0.0,19
18,0.6385040296910782,0.3614959703089218,0.0,19
19,0.6369393774185692,0.3630606225814307,0.0,19
20,0.6365985330467618,0.3634014669532383,0.0,19
21,0.634570389768495,0.3654296102315051,0.0,19
22,0.6534189831732526,0.3465810168267474,0.0,19
23,0.6502231366635313,0.3497768633364687,0.0,19
24,0.6644462786680341,0.33555372133196604,0.0,19
25,0.6919852261644995,0.30379027366783634,0.004224500167664208,19
26,0.6881476502105994,0.2601849761322255,0.05166737365717509,19
27,0.6991695627481405,0.2589196049152661,0.04191083233659339,19
28,0.6983226001832711,0.21935461608960063,0.0823227837271284,19
29,0.7005512500248028,0.1922336069012385,0.1072151430739587,19
30,0.7058760859249494,0.18374836663155616,0.11037554744349441,19
31,0.7064901144645517,0.18537535463072047,0.10813453090472783,19
32,0.7226239608908417,0.17840940468054298,0.09896663442861527,19
33,0.7167463091289824,0.17838180745094426,0.10487188342007335,19
34,0.6943164205717808,0.189008519247393,0.11667506018082614,19
35,0.6934373078592712,0.1915422319758435,0.11502046016488539,19
36,0.7058705352643153,0.19026148612349117,0.10386797861219338,19
37,0.6943380486969171,0.20021870526138472,0.10544324604169832,19
38,0.688560015816173,0.20537268596326513,0.10606729822056192,19
39,0.6645017474509296,0.2217708236805077,0.11372742886856266,19
40,0.6703236972165657,0.22202974192953015,0.10764656085390416,19
41,0.6523680130513181,0.23317385071963595,0.11445813622904598,19
42,0.6395644444209232,0.23989501750698344,0.12054053807209347,19
43,0.629652181739251,0.24772719111361688,0.1226206271471323,19
44,0.6206544165191497,0.25124862662246994,0.1280969568583804,19
45,0.6129361376256929,0.2552278273122797,0.1318360350620274,19
46,0.6090780164757762,0.2562094353253946,0.13471254819882916,19
47,0.6161086229578281,0.2510713520022422,0.13282002503992973,19
48,0.6086538393993687,0.2544616085427279,0.13688455205790337,19
49,0.5874346168169535,0.2637058164804131,0.14885956670263348,19
50,0.5682707824842378,0.278029968701884,0.1536992488138783,19
1,0.0,0.24,0.76,20
2,0.2129121387653884,0.2132445209673586,0.573843340267253,20
3,0.3413441848509144,0.22917334826754251,0.4294824668815431,20
4,0.5125703021986863,0.2236464909192333,0.2637832068820805,20
5,0.5224758307002808,0.21844618327412305,0.2590779860255961,20
6,0.5317634016173084,0.2139188730272208,0.2543177253554708,20
7,0.5442162112055711,0.20833749807097174,0.24744629072345714,20
8,0.555607011509202,0.20950130998537297,0.23489167850542506,20
9,0.5620767636040693,0.21041824597515044,0.2275049904207803,20
10,0.6133503214242502,0.186761391208529,0.19988828736722072,20
11,0.5769508247847657,0.21958663254322383,0.2034625426720104,20
12,0.5887351310361596,0.22260591779951192,0.18865895116432838,20
13,0.6011828739645435,0.21262796569634082,0.18618916033911578,20
14,0.6137631925835972,0.3106071257594576,0.07562968165694513,20
15,0.6139979868216668,0.37957295270510405,0.006429060473229081,20
16,0.6300644827207629,0.3699355172792371,0.0,20
17,0.640355476177532,0.359644523822468,0.0,20
18,0.640578754561856,0.3594212454381441,0.0,20
19,0.6404576410113518,0.3595423589886481,0.0,20
20,0.6408541187601814,0.3591458812398185,0.0,20
21,0.6394171509740839,0.36058284902591603,0.0,20
22,0.6581510475709295,0.3418489524290705,0.0,20
23,0.6537677200742557,0.34623227992574424,0.0,20
24,0.6672863820531868,0.33271361794681314,0.0,20
25,0.68350690083244,0.31649309916756,0.0,20
26,0.6896885843736585,0.2716555959223773,0.03865581970396428,20
27,0.7011412367365271,0.2668920312579443,0.0319667320055286,20
28,0.6996256288817535,0.22276655539251383,0.07760781572573268,20
29,0.7010266485808856,0.1937481506321872,0.1052252007869273,20
30,0.70633813984599,0.1843956812912042,0.10926617886280592,20
31,0.7069973983972206,0.18562338297168668,0.10737921863109275,20
32,0.7226788694474275,0.17903799469170734,0.09828313586086508,20
33,0.7173825897695082,0.17832423571882022,0.10429317451167153,20
34,0.6954696037155719,0.18877144779956745,0.11575894848486064,20
35,0.6946021904216897,0.19127729435402893,0.11412051522428135,20
36,0.707058269206128,0.19037575732751244,0.10256597346635946,20
37,0.6958616887793904,0.20030351440556118,0.10383479681504836,20
38,0.6904154349483698,0.20540579669547265,0.10417876835615755,20
39,0.6667002692742208,0.22191962662995485,0.1113801040958245,20
40,0.6729680413152929,0.22227170186963902,0.10476025681506813,20
41,0.6546426421958174,0.23386029887407708,0.11149705893010566,20
42,0.6417173720851149,0.24052002080371984,0.11776260711116536,20
43,0.6312042784186976,0.2487720366305633,0.12002368495073892,20
44,0.6218173530345174,0.25223266904377967,0.12594997792170307,20
45,0.6137152435581621,0.2563445042029728,0.12994025223886513,20
46,0.6092572149499824,0.2572550787002714,0.13348770634974624,20
47,0.6162415969798926,0.25206728886538726,0.13169111415472,20
48,0.6089567145670154,0.2552625007854805,0.13578078464750412,20
49,0.5872637115517262,0.26474328283847876,0.147993005609795,20
50,0.5672488313606688,0.2797810660994396,0.15297010253989154,20
1,0.0,0.24,0.76,21
2,0.21261409713457277,0.21338030103901562,0.5740056018264116,21
3,0.3413085313089808,0.22918020755495666,0.4295112611360624,21
4,0.5126162086022943,0.22362113734666672,0.26376265405103894,21
5,0.5224943604618226,0.21840797512111348,0.2590976644170639,21
6,0.5316084669145161,0.21394995928410832,0.25444157380137566,21
7,0.5440807745981646,0.20837214029717732,0.2475470851046581,21
8,0.555519021732383,0.20953973238000612,0.23494124588761087,21
9,0.5619009461969541,0.21040833815340576,0.22769071564964016,21
10,0.6129844469617323,0.18656506153662192,0.20045049150164576,21
11,0.5771180206376391,0.2187148139694568,0.20416716539290417,21
12,0.5890087800341499,0.22294008222588593,0.18805113773996404,21
13,0.6015195881919213,0.21286374320530266,0.18561666860277595,21
14,0.6132996138343043,0.31016994367784834,0.0765304424878474,21
15,0.6132115211474911,0.38014537222514005,0.006643106627368847,21
16,0.629397995937869,0.370602004062131,0.0,21
17,0.6384678766935594,0.3615321233064405,0.0,21
18,0.6420763058439809,0.3579236941560191,0.0,21
19,0.6439891830667849,0.356010816933215,0.0,21
20,0.6456449330685595,0.35435506693144037,0.0,21
21,0.6448713059907304,0.35512869400926955,0.0,21
22,0.6628892087733872,0.33711079122661286,0.0,21
23,0.6576574932869497,0.3423425067130503,0.0,21
24,0.6705377391881782,0.3294622608118219,0.0,21
25,0.6736461239588823,0.3263538760411176,0.0,21
26,0.6919705365184967,0.2835551937668143,0.024474269714689013,21
27,0.7021699247267793,0.2758205486420279,0.022009526631192832,21
28,0.7008858876322167,0.22604764835966112,0.07306646400812225,21
29,0.7017040907735226,0.19513356106492588,0.10316234816155163,21
30,0.7066207196772611,0.18517394129580075,0.10820533902693812,21
31,0.7073814098437031,0.185924399192521,0.10669419096377586,21
32,0.7227641461322276,0.17964903061841936,0.09758682324935297,21
33,0.7179809188702715,0.17825832753558887,0.1037607535941397,21
34,0.6966165692152438,0.18852871183488512,0.114854718949871,21
35,0.6957491011479618,0.1909890052252298,0.11326189362680837,21
36,0.7082051322330939,0.19045840885403204,0.10133645891287414,21
37,0.697284755736942,0.20035563825015235,0.10235960601290577,21
38,0.6922631651246175,0.2053786850003175,0.10235814987506513,21
39,0.6689677328083006,0.22196838910016453,0.10906387809153506,21
40,0.6756859898084062,0.2224471289265761,0.10186688126501765,21
41,0.6571211511240014,0.23443886013959206,0.10843998873640646,21
42,0.644191807089277,0.241010161217492,0.11479803169323098,21
43,0.6331826247588644,0.24963264968661175,0.1171847255545238,21
44,0.6234594316349764,0.25301142598172605,0.12352914238329753,21
45,0.615101284410643,0.2571976548350056,0.12770106075435128,21
46,0.6101156360883394,0.2580020601071754,0.1318823038044852,21
47,0.6169713921895233,0.25280334208049593,0.13022526572998083,21
48,0.6098408949580071,0.25579920179513665,0.13435990324685623,21
49,0.5877852304972316,0.26546104786804653,0.14675372163472175,21
50,0.5670221378541798,0.28118897922258185,0.15178888292323844,21
1,0.0,0.24,0.76,22
2,0.21236430539152662,0.21349289842990626,0.5741427961785671,22
3,0.34126600744934127,0.22918994918473792,0.42954404336592084,22
4,0.5126508694488823,0.22360052675764325,0.2637486037934744,22
5,0.5225204899496557,0.21836749010470555,0.2591120199456387,22
6,0.5314814750847189,0.2139709349657477,0.2545475899495335,22
7,0.543947943038017,0.20840640960614829,0.24764564735583475,22
8,0.5554250997089534,0.20957334080524423,0.23500155948580245,22
9,0.561835505797604,0.21034233153832405,0.2278221626640719,22
10,0.6126295763712136,0.18639539238185582,0.20097503124693053,22
11,0.577291155486723,0.21786770420072235,0.2048411403125546,22
12,0.5893074554564659,0.22315579264880547,0.18753675189472857,22
13,0.6020995698834687,0.21292129789217845,0.1849791322243528,22
14,0.61301570619489,0.3095227378308108,0.07746155597429924,22
15,0.612607381221214,0.3804129319801553,0.006979686798630733,22
16,0.628805375251197,0.37119462474880305,0.0,22
17,0.6374986571864585,0.36250134281354157,0.0,22
18,0.6428150927323607,0.3571849072676393,0.0,22
19,0.6472559291088112,0.35274407089118887,0.0,22
20,0.6505939637921708,0.3494060362078292,0.0,22
21,0.6505172896490411,0.3494827103509589,0.0,22
22,0.6669557292083517,0.3330442707916483,0.0,22
23,0.6616357985737197,0.33836420142628026,0.0,22
24,0.6740251090034175,0.32597489099658244,0.0,22
25,0.6655457554777044,0.33445424452229555,0.0,22
26,0.6946657520332761,0.2959147754052192,0.009419472561504678,22
27,0.7018517727046631,0.2857821044596595,0.012366122835677305,22
28,0.7020722044512385,0.22915748173074488,0.06877031381801665,22
29,0.7025667031530939,0.19636533346293022,0.10106796338397585,22
30,0.7067036046252544,0.18609382586862558,0.10720256950612002,22
31,0.7076944596085117,0.18626985821407105,0.1060356821774173,22
32,0.7229614939567964,0.18020062481462598,0.09683788122857755,22
33,0.7185983992039291,0.17816460394046116,0.10323699685560966,22
34,0.6977113563746538,0.1882854916477419,0.1140031519776042,22
35,0.696843191276987,0.1906817643086546,0.11247504441435828,22
36,0.7093470420347358,0.19049137727048673,0.10016158069477755,22
37,0.6986489725025626,0.20036805821770481,0.10098296927973262,22
38,0.6940385487695788,0.20532171089473977,0.1006397403356814,22
39,0.6712248962445932,0.2219422988108398,0.10683280494456689,22
40,0.6784115090486531,0.22257348879737393,0.099015002153973,22
41,0.6597352285094494,0.23492725106775517,0.1053375204227954,22
42,0.6468775085877924,0.24140470666964023,0.11171778474256762,22
43,0.6354984943253543,0.25033055673993343,0.11417094893471229,22
44,0.6255203872097631,0.2536098287016235,0.12086978408861336,22
45,0.6170199989626857,0.25781805547960374,0.12516194555771062,22
46,0.6115273619061287,0.258506221292967,0.1299664168009042,22
47,0.6181749161022922,0.25333233864674465,0.1284927452509632,22
48,0.6112066345285074,0.2561175500652483,0.13267581540624424,22
49,0.588881934474037,0.2659245197820334,0.14519354574392954,22
50,0.5674880458999135,0.28230807559821847,0.15020387850186803,22
1,0.0,0.24,0.76,23
2,0.21216540615835197,0.2135809208082914,0.5742536730333565,23
3,0.34121637645708935,0.22920301230355627,0.4295806112393545,23
4,0.5126746110820455,0.223584733827445,0.26374065509050965,23
5,0.5225530865604947,0.21832610887848317,0.25912080456102216,23
6,0.5313774490695222,0.21398156358483628,0.2546409873456414,23
7,0.5438182186552506,0.20843903765413294,0.24774274369061644,23
8,0.5553265937593769,0.20960281708728612,0.235070589153337,23
9,0.5618849056398946,0.21022475152949371,0.22789034283061166,23
10,0.6122902368440658,0.1862640613069719,0.20144570184896224,23
11,0.5774292778531064,0.21709955942196765,0.20547116272492602,23
12,0.5896213423915421,0.2232237589161319,0.18715489869232615,23
13,0.6029053360916249,0.2128377882494777,0.18425687565889748,23
14,0.6129174501778081,0.30874827616814116,0.07833427365405075,23
15,0.612227940146622,0.3803799373105351,0.007392122542842973,23
16,0.6284995956540343,0.3715004043459657,0.0,23
17,0.6379652584999633,0.3620347415000366,0.0,23
18,0.6429955910076556,0.3570044089923445,0.0,23
19,0.649989334837297,0.350010665162703,0.0,23
20,0.6552726338225989,0.3447273661774011,0.0,23
21,0.6560324443383247,0.3439675556616752,0.0,23
22,0.6698036131979593,0.33019638680204066,0.0,23
23,0.6653505799508342,0.3346494200491658,0.0,23
24,0.6776058722803712,0.3223941277196288,0.0,23
25,0.6597352087524865,0.34026479124751363,0.0,23
26,0.6940934282314656,0.30590657176853453,0.0,23
27,0.7000767148514605,0.29691707302592973,0.00300621212260975,23
28,0.7032628499537376,0.23208000235371426,0.06465714769254804,23
29,0.7035275964981821,0.19747150825619567,0.09900089524562229,23
30,0.7065814517032633,0.1871183229683784,0.10630022532835846,23
31,0.7079239719882965,0.18665194711669256,0.10542408089501082,23
32,0.723309592760943,0.18065564572657447,0.09603476151248262,23
33,0.7192661662370037,0.17803003626586417,0.10270379749713203,23
34,0.6987421633809667,0.1880505685186497,0.1132072681003835,23
35,0.6978448208501603,0.1903804222833744,0.11177475686646525,23
36,0.7104731148500371,0.1904724115752531,0.09905447357470977,23
37,0.699961996185046,0.20034272036423004,0.09969528345072406,23
38,0.695732984187252,0.20523923747298092,0.09902777833976696,23
39,0.6734531159176711,0.221871030755535,0.10467585332679398,23
40,0.6810884876190197,0.2226810138651408,0.09623049851583942,23
41,0.6624288899011727,0.235340466697556,0.10223064340127136,23
42,0.6497199248915768,0.24172855107650854,0.10855152403191468,23
43,0.6380628010718432,0.2509030787877136,0.1110341201404432,23
44,0.6279142317950563,0.25406615786547204,0.11801961033947166,23
45,0.619351997163042,0.25824604080826363,0.12240196202869448,23
46,0.6133949227767165,0.258816814682581,0.1277882625407025,23
47,0.6198058404221545,0.25368031788499296,0.12651384169285268,23
48,0.612968658412849,0.25625689315402644,0.1307744484331247,23
49,0.5904367347301032,0.266186460935946,0.14337680433395075,23
50,0.5685491616674627,0.28315476972303355,0.14829606860950384,23
1,0.0,0.24,0.76,24
2,0.21202063888232817,0.21364326805468717,0.5743360930629846,24
3,0.3411666576226587,0.22921660701529994,0.42961673536204137,24
4,0.5126874959434822,0.2235744175447771,0.26373808651174074,24
5,0.5225881666119526,0.21828623651152237,0.259125596876525,24
6,0.5312979539877773,0.2139840979024709,0.2547179481097517,24
7,0.5436953261294609,0.20846995625530887,0.24783471761523038,24
8,0.5552287751907582,0.20962905156296607,0.2351421732462757,24
9,0.5620182661627254,0.21007062012075753,0.22791111371651704,24
10,0.6119729495103272,0.1861642630500606,0.20186278743961228,24
11,0.5775209603019631,0.216487914910145,0.2059911247878919,24
12,0.5899341748996296,0.22321045564248096,0.18685536945788936,24
13,0.6037691677371902,0.21269535518589383,0.18353547707691603,24
14,0.6129999112861291,0.3078434129961741,0.0791566757176967,24
15,0.6121266971353717,0.3800507225044937,0.007822580360134529,24
16,0.6286440875057013,0.37135591249429867,0.0,24
17,0.6397219622163518,0.3602780377836483,0.0,24
18,0.6428281528120379,0.35717184718796213,0.0,24
19,0.6521134524656186,0.3478865475343815,0.0,24
20,0.6593156178545027,0.3406843821454974,0.0,24
21,0.6609039572514033,0.3390960427485968,0.0,24
22,0.6712296722726433,0.3287703277273568,0.0,24
23,0.6685544252346322,0.33144557476536785,0.0,24
24,0.6809700676982384,0.3190299323017615,0.0,24
25,0.656149102609323,0.3438508973906769,0.0,24
26,0.6886666489974098,0.31133335100259013,0.0,24
27,0.6942463394963134,0.3057536605036866,0.0,24
28,0.7043808257261231,0.2347454987003843,0.06087367557349255,24
29,0.7043837462185406,0.19849860598667313,0.09711764779478617,24
30,0.7062547958826891,0.18821957254813274,0.105525631569178,24
31,0.7080737396725644,0.18705863159126257,0.1048676287361732,24
32,0.7235191363245888,0.18115975792372524,0.09532110575168601,24
33,0.719969683520433,0.17786652902770922,0.10216378745185764,24
34,0.6997196754790629,0.18782017187982575,0.11246015264111137,24
35,0.6987581921604925,0.1900971835525762,0.11114462428693116,24
36,0.7115779048706058,0.19041151581499255,0.09801057931440155,24
37,0.7011973764569601,0.20030346129564938,0.09849916224739044,24
38,0.6973099355623358,0.20514999939281622,0.09754006504484794,24
39,0.6756183104292831,0.22177039849689814,0.1026112910738188,24
40,0.6836685954193178,0.22279137697453164,0.0935400276061505,24
41,0.6651530607542625,0.23568279412740864,0.09916414511832888,24
42,0.6526340869850868,0.24200909732648881,0.1053568156884245,24
43,0.6408044449013586,0.25137096694422867,0.10782458815441273,24
44,0.6305429652859139,0.25441908305172617,0.11503795166235978,24
45,0.6219945315822082,0.25852188621201566,0.1194835822057762,24
46,0.6156337161470165,0.25896565492697143,0.12540062892601195,24
47,0.6217743131259575,0.25387658838178445,0.12434909849225805,24
48,0.6150481238873189,0.25625075545005377,0.12870112066262734,24
49,0.5923978729499207,0.2662757728187573,0.14132635423132198,24
50,0.5701554918881576,0.28375931535931304,0.14608519275252943,24
1,0.0,0.24,0.76,25
2,0.21193035106551705,0.2136796606618451,0.5743899882726379,25
3,0.34111950526913243,0.22923029246335772,0.4296502022675099,25
4,0.5126890277606713,0.2235703429747499,0.26374062926457886,25
5,0.522623279048471,0.21824881162537563,0.2591279093261535,25
6,0.5312457709771873,0.21397709428787867,0.25477713473493413,25
7,0.5435806641734552,0.20849929698735006,0.24792003883919478,25
8,0.5551368931605385,0.2096499130408009,0.2352131937986605,25
9,0.5622262239846642,0.20988298951620013,0.2278907864991357,25
10,0.611679505163202,0.18609737165113543,0.20222312318566252,25
11,0.5775697244738225,0.21603994350419653,0.206390332021981,25
12,0.5902076872949368,0.22315515763314206,0.18663715507192116,25
13,0.6045805996017235,0.2125442686878054,0.18287513171047098,25
14,0.6133591183315085,0.3067667142781962,0.0798741673902953,25
15,0.6123219573234765,0.379448399770576,0.008229642905947559,25
16,0.6290538890110545,0.37094611098894553,0.0,25
17,0.6423666111673981,0.3576333888326019,0.0,25
18,0.6424250262945981,0.3575749737054018,0.0,25
19,0.6536553384870291,0.346344661512971,0.0,25
20,0.6624184449530124,0.3375815550469875,0.0,25
21,0.6646843385367126,0.3353156614632873,0.0,25
22,0.6712668406365409,0.3287331593634592,0.0,25
23,0.6711032373742719,0.3288967626257281,0.0,25
24,0.6836655222483057,0.31633447775169443,0.0,25
25,0.6544607931300469,0.3455392068699531,0.0,25
26,0.6845121616440623,0.3154878383559377,0.0,25
27,0.68669748067845,0.31330251932155,0.0,25
28,0.7051972531686163,0.23739550850400426,0.05740723832737943,25
29,0.7050784378833598,0.19944409964288087,0.09547746247375935,25
30,0.7057429152836204,0.1893627834047745,0.10489430131160511,25
31,0.7081489090229037,0.18749823769517485,0.10435285328192145,25
32,0.7235159560578869,0.18176275215551055,0.09472129178660262,25
33,0.720719690306348,0.17766642789051718,0.10161388180313499,25
34,0.7006399199389197,0.18760575671825425,0.11175432334282595,25
35,0.6995526241774641,0.18984173375100621,0.11060564207152962,25
36,0.7125974852739693,0.19032856899817516,0.09707394572785566,25
37,0.7022815795871754,0.2002775164052392,0.09744090400758547,25
38,0.6987409478415564,0.20506295705696687,0.0961960951014768,25
39,0.6776656326821942,0.22165519069454334,0.10067917662326241,25
40,0.6860831978296367,0.22292303321572896,0.09099376895463426,25
41,0.6678407360327289,0.2359682304959623,0.09619103347130877,25
42,0.6555671993097643,0.2422603430117133,0.10217245767852233,25
43,0.6436416214943932,0.25175592965729265,0.10460244884831425,25
44,0.6333491349935403,0.25468616439328856,0.11196470061317113,25
45,0.6248780059041714,0.2586653322407435,0.11645666185508508,25
46,0.618159948554043,0.25898082547204443,0.12285922597391251,25
47,0.6239939535543132,0.25396031988097095,0.12204572656471589,25
48,0.6173685019359195,0.2561261875029485,0.126505310561132,25
49,0.5946613056323551,0.26622858471525046,0.13911010965239456,25
50,0.5721631732555083,0.28417211978977647,0.1436647069547152,25
1,0.0,0.24,0.76,26
2,0.21189235297016162,0.2136914351778573,0.5744162118519811,26
3,0.3410785973251858,0.2292424883040982,0.429678914370716,26
4,0.5126820981261846,0.22357027575234098,0.2637476261214744,26
5,0.522652493844161,0.2182159735793132,0.25913153257652577,26
6,0.5312228213777059,0.21396245257297475,0.2548147260493193,26
7,0.5434800549662274,0.20852732409903846,0.24799262093473412,26
8,0.555049206701049,0.20966859140909727,0.23528220188985374,26
9,0.5624794003320904,0.20967803632036422,0.2278425633475454,26
10,0.6114246158810065,0.18603882842233072,0.20253655569666287,26
11,0.577576022087285,0.21577349375893606,0.20665048415377896,26
12,0.5904105727523974,0.22315265839120854,0.18643676885639412,26
13,0.6051862618002355,0.21248937955808747,0.1823243586416771,26
14,0.6139338915002013,0.3055709413777663,0.08049516712203246,26
15,0.6127698754814671,0.3786494673862722,0.008580657132260718,26
16,0.6294636739394106,0.37053632606058934,0.0,26
17,0.6450578036504097,0.3549421963495904,0.0,26
18,0.6421083686177219,0.3578916313822781,0.0,26
19,0.6547571239909151,0.3452428760090849,0.0,26
20,0.6643140844769517,0.3356859155230482,0.0,26
21,0.6669937876605733,0.33300621233942673,0.0,26
22,0.6701265600945546,0.3298734399054453,0.0,26
23,0.6729230691695953,0.3270769308304047,0.0,26
24,0.6851465194410448,0.3148534805589551,0.0,26
25,0.6542986494721376,0.3457013505278625,0.0,26
26,0.6822669356346946,0.31773306436530535,0.0,26
27,0.679865216230286,0.32013478376971394,0.0,26
28,0.7053384806418729,0.24034173282396135,0.054319786534165866,26
29,0.7055863966292549,0.20034857671360556,0.09406502665713952,26
30,0.7051708412168312,0.1905038134012857,0.10432534538188314,26
31,0.7081589242103763,0.18797019563334805,0.10387088015627556,26
32,0.7234027676482429,0.18239607226423207,0.09420116008752501,26
33,0.7214906865127017,0.17743921469854176,0.10107009878875668,26
34,0.7015104334694576,0.1873991957387712,0.11109037079177105,26
35,0.7002662017628095,0.1896009674209586,0.11013283081623197,26
36,0.7134693634339159,0.1902622494992986,0.09626838706678564,26
37,0.7032220261178128,0.20025714688883386,0.0965208269933533,26
38,0.7000011772569914,0.20499526267273427,0.09500356007027433,26
39,0.6795717002749444,0.2215360369480508,0.0988922627770047,26
40,0.6882843546097843,0.22309255661953567,0.08862308877067991,26
41,0.6704568746015163,0.23620225057677594,0.09334087482170779,26
42,0.6584617392260385,0.2424936649907345,0.09904459578322715,26
43,0.6465593556290217,0.2520565645258651,0.10138407984511329,26
44,0.6362739012040294,0.25488849979639894,0.10883759899957157,26
45,0.6279063441879187,0.25871561444462415,0.11337804136745726,26
46,0.620906312447742,0.25888816709263834,0.12020552045961964,26
47,0.6264042076819503,0.25395213486889695,0.11964365744915277,26
48,0.6198778932059514,0.25590251334092634,0.12421959345312224,26
49,0.5971651524355129,0.26607490389243504,0.13675994367205196,26
50,0.5744861309365237,0.2844255695306768,0.1410882995327995,26
1,0.0,0.24,0.76,27
2,0.21190771254413102,0.2136780111677266,0.5744142762881423,27
3,0.34104629599163416,0.22925234777659154,0.4297013562317743,27
4,0.5126659109282026,0.22357497687916583,0.26375911219263165,27
5,0.5226753043378309,0.2181877340280684,0.2591369616341006,27
6,0.5312204082410479,0.21394384796054655,0.2548357437984056,27
7,0.5433931341783792,0.20855338025404727,0.24805348556757348,27
8,0.5549655014025437,0.2096865435957035,0.23534795500175273,27
9,0.5627642583238841,0.2094600946448435,0.22777564703127234,27
10,0.6112099386639247,0.18598824481945558,0.2028018165166197,27
11,0.5775280157142807,0.21573144079931286,0.20674054348640647,27
12,0.5905231445601938,0.2232317835012581,0.18624507193854795,27
13,0.6055911040187597,0.2125080424090835,0.1819008535721568,27
14,0.6146879982407406,0.30426913052790133,0.08104287123135796,27
15,0.6134694613145312,0.3776661331722034,0.008864405513265502,27
16,0.6297222180706392,0.3702777819293608,0.0,27
17,0.6471727758577231,0.3528272241422768,0.0,27
18,0.642029357205645,0.3579706427943551,0.0,27
19,0.6554581729069219,0.3445418270930781,0.0,27
20,0.6648921787736826,0.3351078212263174,0.0,27
21,0.667834391040638,0.332165608959362,0.0,27
22,0.6683569083437896,0.3316430916562104,0.0,27
23,0.6739624097407673,0.3260375902592327,0.0,27
24,0.6849704543007974,0.31502954569920255,0.0,27
25,0.6553321375091707,0.3446678624908292,0.0,27
26,0.6817356076886252,0.31826439231137477,0.0,27
27,0.674606686159441,0.3253933138405591,0.0,27
28,0.7052770953758811,0.24365855647618034,0.05106434814793839,27
29,0.7059557152491941,0.20129107810567506,0.09275320664513087,27
30,0.7045995199359155,0.1916293046246002,0.1037711754394842,27
31,0.7081789034468452,0.18845065381675807,0.10337044273639674,27
32,0.7232388012060341,0.18303984900055123,0.09372134979341465,27
33,0.7222337774378038,0.1772139253832148,0.10055229717898143,27
34,0.7023234464760713,0.18720957737415359,0.11046697614977515,27
35,0.7009173241315463,0.1893720295414851,0.10971064632696861,27
36,0.7141696419899357,0.19022556425488965,0.09560479375517462,27
37,0.7040099353355563,0.20026729111358346,0.0957227735508603,27
38,0.7010768366630625,0.20495628838962981,0.09396687494730764,27
39,0.6813084216636657,0.2214234041962909,0.09726817414004356,27
40,0.690267459903611,0.2233030008209043,0.08642953927548457,27
41,0.6729547227805628,0.2364108312078381,0.09063444601159906,27
42,0.6613046965456245,0.24270854434218728,0.0959867591121881,27
43,0.6494897987442383,0.252309210136263,0.09820099111949876,27
44,0.6392487501327723,0.255041103763881,0.10571014610334672,27
45,0.6309869003388595,0.2587028323637055,0.11031026729743511,27
46,0.6237758372927835,0.25873124439822615,0.11749291830899039,27
47,0.628988481262329,0.2538481382148983,0.1171633805227728,27
48,0.6225304423499098,0.255603625054326,0.12186593259576424,27
49,0.5998164990984434,0.26585481269787564,0.13432868820368096,27
50,0.5769724644912753,0.2846011457790534,0.13842638972967128,27
1,0.0,0.24,0.76,28
2,0.21196072706666158,0.2136468111687156,0.5743924617646228,28
3,0.34102228447149646,0.22925925770480537,0.42971845782369816,28
4,0.5126453686162964,0.22358206349163792,0.2637725678920657,28
5,0.5226906300972043,0.21816426037222847,0.2591451095305672,28
6,0.5312371002151213,0.21392119578032553,0.25484170400455325,28
7,0.5433218063689587,0.2085766452228809,0.24810154840816032,28
8,0.5548871830981977,0.2097015220877352,0.2354112948140672,28
9,0.563053035327372,0.209243269991068,0.2277036946815599,28
10,0.6110299787007222,0.18594605716070162,0.20302396413857615,28
11,0.5773983197368224,0.21596735009633344,0.20663433016684413,28
12,0.5905695229458882,0.22334629403842057,0.18608418301569118,28
13,0.6058127468570028,0.21255930796404746,0.1816279451789497,28
14,0.6155870790063013,0.30290622774539616,0.08150669324830262,28
15,0.614348527161589,0.3765570684115087,0.009094404426902278,28
16,0.6297945326236504,0.37020546737634963,0.0,28
17,0.6482454010565047,0.3517545989434952,0.0,28
18,0.6422481421869697,0.3577518578130302,0.0,28
19,0.6558058972864345,0.34419410271356565,0.0,28
20,0.6642179056591528,0.33578209434084716,0.0,28
21,0.6672100060847583,0.3327899939152416,0.0,28
22,0.666275802751984,0.33372419724801594,0.0,28
23,0.6742619763585761,0.32573802364142385,0.0,28
24,0.6832808344955711,0.3167191655044288,0.0,28
25,0.6572997180017438,0.3427002819982562,0.0,28
26,0.6826112196761592,0.31738878032384077,0.0,28
27,0.6711959236277646,0.32880407637223535,0.0,28
28,0.7050804901590589,0.24746330328440005,0.04745620655654099,28
29,0.7061341249173991,0.202331770757059,0.09153410432554188,28
30,0.7041048137816859,0.19271511378260178,0.10318007243571237,28
31,0.7082594807377782,0.188925504232653,0.10281501502956862,28
32,0.7229928949986647,0.18371576969171827,0.09329133530961703,28
33,0.722841511108863,0.1770421047275079,0.10011638416362911,28
34,0.7030678284933221,0.18704193936117336,0.10989023214550467,28
35,0.7015330261453294,0.1891444779584459,0.10932249589622468,28
36,0.7147507240093899,0.1902037306207892,0.09504554536982086,28
37,0.7046481962966742,0.20031038285518085,0.09504142084814482,28
38,0.7019742818901837,0.2049342297449016,0.09309148836491477,28
39,0.6828569777762687,0.22133553480033485,0.09580748742339631,28
40,0.6919968190585039,0.2235738819474581,0.08442929899403791,28
41,0.6752891712110678,0.2366169693727792,0.08809385941615307,28
42,0.6640540066759008,0.24291645183381844,0.09302954149028078,28
43,0.6524127443724567,0.2525269493793032,0.09506030624824015,28
44,0.642244965127921,0.2551505877243773,0.10260444714770164,28
45,0.6340725764663215,0.2586538162165128,0.10727360731716558,28
46,0.6267228259252037,0.258526457308927,0.11475071676586932,28
47,0.6316935973322324,0.253665045391735,0.11464135727603263,28
48,0.6252982433537314,0.25524138487019776,0.11946037177607087,28
49,0.6025737397035905,0.2655851261979421,0.13184113409846737,28
50,0.5795911902362769,0.284691509378222,0.13571730038550112,28
1,0.0,0.24,0.76,29
2,0.21204599004342473,0.2136004311002444,0.5743535788563309,29
3,0.34100605813892737,0.22926376806026785,0.42973017380080464,29
4,0.5126225457853246,0.22359109790442327,0.26378635631025205,29
5,0.5226999689709491,0.21814583893536124,0.2591541920936898,29
6,0.5312652148309451,0.21389906465002098,0.25483572051903386,29
7,0.5432655522354726,0.20859723222838092,0.24813721553614648,29
8,0.5548143073612413,0.20971769983006547,0.23546799280869338,29
9,0.563318857353699,0.20903929831914814,0.22764184432715273,29
10,0.6108895195988873,0.18590319585621443,0.20320728454489845,29
11,0.5772011290531897,0.2164448500116289,0.20635402093518154,29
12,0.5905655479842485,0.22349044669298032,0.18594400532277114,29
13,0.6059058467599405,0.2126154870994,0.1814786661406594,29
14,0.6165734919621528,0.30151396331046887,0.08191254472737834,29
15,0.6153254928165792,0.37538294501412295,0.009291562169297878,29
16,0.6296137675163856,0.3703862324836144,0.0,29
17,0.6481162274274969,0.35188377257250314,0.0,29
18,0.642638416145221,0.35736158385477895,0.0,29
19,0.6557469444722427,0.34425305552775737,0.0,29
20,0.6624615646409925,0.33753843535900757,0.0,29
21,0.6653578305886746,0.3346421694113254,0.0,29
22,0.6641022618098243,0.33589773819017577,0.0,29
23,0.6739237241175785,0.32607627588242144,0.0,29
24,0.6805713656059247,0.31942863439407526,0.0,29
25,0.6599542527932651,0.3400457472067349,0.0,29
26,0.6845349107226455,0.3154650892773545,0.0,29
27,0.6696371442994328,0.33036285570056734,0.0,29
28,0.7049951014441721,0.2517450603679015,0.04325983818792636,29
29,0.7060952327171047,0.20353091987129998,0.09037384741159533,29
30,0.7037544883141369,0.19374206175474132,0.10250344993112179,29
31,0.7084166293201637,0.18939319227548096,0.10219017840435542,29
32,0.7224627703389868,0.18453114011578203,0.09300608954523122,29
33,0.7232473902200889,0.176946060004581,0.0998065497753301,29
34,0.7037526373411118,0.18688638406476338,0.10936097859412482,29
35,0.702103727770757,0.18892599088196896,0.10897028134727396,29
36,0.7151992726533807,0.19021098313189114,0.09458974421472813,29
37,0.70513900111145,0.20038853989938252,0.09447245898916744,29
38,0.7026782228037601,0.20493866983139256,0.09238310736484737,29
39,0.6842104585562935,0.22127719586700417,0.09451234557670227,29
40,0.6934503321862326,0.22391718959134496,0.08263247822242245,29
41,0.6774403581340823,0.23683483915371056,0.08572480271220696,29
42,0.6666878757475352,0.24311867508739657,0.09019344916506832,29
43,0.6552774372635257,0.25272887097864644,0.0919936917578279,29
44,0.6452089183165871,0.25524405365837655,0.09954702802503625,29
45,0.6371428439369222,0.2585699165000894,0.10428723956298835,29
46,0.6297226923890078,0.2582812363706967,0.11199607124029548,29
47,0.6344621340225425,0.25342671847073844,0.11211114750671908,29
48,0.6281211799432639,0.2548407241960023,0.11703809586073377,29
49,0.6054222106137542,0.2652620074502796,0.12931578193596616,29
50,0.5823193601185662,0.2846857241497758,0.13299491573165786,29
1,0.0,0.24,0.76,30
2,0.21215740515598805,0.21354186583624715,0.5743007290077649,30
3,0.34099530811950296,0.2292672354631564,0.42973745641734074,30
4,0.5125963648314644,0.2236023297604721,0.2638013054080635,30
5,0.5227066200119853,0.2181301345014334,0.2591632454865813,30
6,0.5313044312551206,0.21387700586655106,0.2548185628783284,30
7,0.5432214199067068,0.20861486306296725,0.24816371703032591,30
8,0.5547482167517599,0.20973443308047077,0.23551735016776934,30
9,0.5635521421071642,0.20885161770073224,0.22759624019210364,30
10,0.610794044660396,0.1858573855550138,0.20334856978459023,30
11,0.5769354867723182,0.21716734324680484,0.2058971699808768,30
12,0.590503979500543,0.22366912544550746,0.18582689505394953,30
13,0.6058504509670392,0.21270443130553282,0.181445117727428,30
14,0.6175537358055986,0.3001408844131313,0.08230537978127012,30
15,0.616359732681826,0.3741612438362964,0.009479023481877579,30
16,0.6293446694140331,0.37065533058596684,0.0,30
17,0.6468872165996391,0.3531127834003609,0.0,30
18,0.6431499199910318,0.3568500800089683,0.0,30
19,0.6552574874161816,0.3447425125838185,0.0,30
20,0.6598576651004896,0.34014233489951046,0.0,30
21,0.6626158888055004,0.33738411119449957,0.0,30
22,0.6621734117009919,0.33782658829900813,0.0,30
23,0.6730544389075972,0.32694556109240275,0.0,30
24,0.6772982897183428,0.32270171028165723,0.0,30
25,0.6630890616159896,0.33691093838401054,0.0,30
26,0.6871821481375835,0.3128178518624164,0.0,30
27,0.6696024698100397,0.33039753018996026,0.0,30
28,0.7051251775070754,0.25648986963175396,0.0383849528611707,30
29,0.7059466407027791,0.20486718977761004,0.08918616951961085,30
30,0.7035865786244467,0.19471115880537782,0.1017022625701754,30
31,0.7086248010644389,0.1898794570178761,0.10149574191768494,30
32,0.721802421599223,0.1854151859499502,0.09278239245082674,30
33,0.7234444189687127,0.1769340104394236,0.09962157059186369,30
34,0.7043601177046037,0.18675058522449514,0.1088892970709011,30
35,0.7026254724844213,0.18871458629813762,0.10865994121744109,30
36,0.715495918487903,0.19025851213316797,0.09424556937892897,30
37,0.7054827034086644,0.20051366558031758,0.09400363101101814,30
38,0.7032522585230409,0.20495270358385906,0.09179503789310006,30
39,0.6854018604571843,0.22124214196522946,0.09335599757758624,30
40,0.6946719404203988,0.2243218819788136,0.08100617760078757,30
41,0.679368934893113,0.23709301251800044,0.08353805258888644,30
42,0.6691462048565622,0.24333769191966653,0.08751610322377129,30
43,0.6580286452575133,0.2529375647895721,0.08903378995291458,30
44,0.6481267040106836,0.25532750914634283,0.09654578684297363,30
45,0.6401755110956702,0.25845653012068975,0.1013679587836402,30
46,0.6326743216790656,0.25803147480674726,0.10929420351418721,30
47,0.6372311420630206,0.2531531168462739,0.1096157410907055,30
48,0.6309649183135511,0.25441832174122314,0.11461675994522587,30
49,0.6082977098810377,0.26492502123639305,0.12677726888256932,30
50,0.5851193113648204,0.2845965715816929,0.13028411705348672,30
1,0.0,0.24,0.76,31
2,0.21228023083001266,0.21347812632440555,0.5742416428455819,31
3,0.3409895626325054,0.22927007996197807,0.4297403574055164,31
4,0.5125674514569182,0.2236151084371205,0.26381744010596136,31
5,0.5227108815937981,0.21811634977838126,0.2591727686278207,31
6,0.531354164978353,0.21385315554466197,0.254792679476985,31
7,0.5431868400181893,0.2086309125916052,0.24818224739020553,31
8,0.5546885285629848,0.20975228084704295,0.23555919058997232,31
9,0.5637444856197085,0.20868732909285886,0.22756818528743278,31
10,0.6107272029806778,0.1858195192725301,0.2034532777467921,31
11,0.57664540353295,0.2180135586631457,0.2053410378039042,31
12,0.5903886069149773,0.22389340050454343,0.18571799258047936,31
13,0.6056779812692947,0.2128700807686089,0.1814519379620964,31
14,0.6184010546041123,0.2988910713699362,0.0827078740259515,31
15,0.6173081509051608,0.37298338053333924,0.009708468561500032,31
16,0.6289739996255628,0.37102600037443717,0.0,31
17,0.6449145487298615,0.3550854512701385,0.0,31
18,0.6436002208946585,0.35639977910534154,0.0,31
19,0.6543877602381019,0.3456122397618981,0.0,31
20,0.6567035278165156,0.34329647218348447,0.0,31
21,0.6593728397441951,0.34062716025580475,0.0,31
22,0.6606409718835033,0.3393590281164966,0.0,31
23,0.6718191375181846,0.3281808624818153,0.0,31
24,0.674091226513967,0.325908773486033,0.0,31
25,0.6665165626217125,0.3334834373782874,0.0,31
26,0.6901308908965147,0.30986910910348525,0.0,31
27,0.6707429956850232,0.32925700431497684,0.0,31
28,0.7052978805598388,0.2615752153227044,0.03312690411745694,31
29,0.7056765137931352,0.20633620136136543,0.08798728484549945,31
30,0.7036019188710484,0.19563372538287915,0.10076435574607252,31
31,0.7089206193199078,0.19036475432689895,0.10071462635319345,31
32,0.7213221588025418,0.1862330820688404,0.0924447591286178,31
33,0.7234809887039287,0.1769840254263795,0.09953498586969167,31
34,0.7048818509206877,0.1866352501960034,0.1084828988833089,31
35,0.7030798770247626,0.1885125174314021,0.10840760554383538,31
36,0.7155803534035909,0.19037906132367807,0.09404058527273099,31
37,0.7056861010300335,0.20067305939619712,0.09364083957376926,31
38,0.7037067501853917,0.2049699877660896,0.09132326204851872,31
39,0.6864118935615096,0.22124837255380567,0.09233973388468478,31
40,0.69566544764117,0.22478174311920887,0.07955280923962098,31
41,0.681035921630123,0.23739772531633072,0.08156635305354613,31
42,0.6713955637118627,0.2435716673246857,0.08503276896345156,31
43,0.6606319297423595,0.2531564628264906,0.08621160743114989,31
44,0.6509405599822313,0.25542131511340344,0.09363812490436521,31
45,0.6431380221421461,0.2583263412816324,0.09853563657622157,31
46,0.635516690575749,0.25779513608934923,0.10668817333490181,31
47,0.6399462762355739,0.25286095313182855,0.10719277063259759,31
48,0.6337739436138047,0.2539886100987752,0.11223744628742016,31
49,0.6111454915933444,0.26458215471128455,0.1242723536953711,31
50,0.5879619707024255,0.2844455627405545,0.12759246655702,31
1,0.0,0.24,0.76,32
2,0.21240420364701088,0.21341448370724403,0.5741813126457451,32
3,0.3409935782424495,0.22927006232509275,0.42973635943245775,32
4,0.5125378813993045,0.22362829780500287,0.26383382079569273,32
5,0.5227065238467025,0.2181066494758287,0.25918682667746884,32
6,0.5314064462058002,0.21383004310773757,0.25476351068646214,32
7,0.5431667880348059,0.20864217816811273,0.24819103379708146,32
8,0.5546362709302269,0.2097730673652018,0.23559066170457119,32
9,0.5638793029543693,0.20855128281757443,0.22756941422805635,32
10,0.6106837194022565,0.1857894562116039,0.20352682438613964,32
11,0.5763960528292906,0.2188437797697353,0.204760167400974,32
12,0.5902589761700984,0.22413513725958803,0.1856058865703135,32
13,0.6054265273965,0.21310426009140318,0.1814692125120967,32
14,0.6190116434580554,0.2978206522660391,0.08316770427590557,32
15,0.6180699478238164,0.3719054339623673,0.010024618213816325,32
16,0.6285816540508005,0.3714183459491996,0.0,32
17,0.6428015280341788,0.3571984719658213,0.0,32
18,0.6436407371115458,0.35635926288845426,0.0,32
19,0.6531555402387106,0.3468444597612895,0.0,32
20,0.6534255623193469,0.346574437680653,0.0,32
21,0.6560372943061478,0.3439627056938521,0.0,32
22,0.6594071926204434,0.34059280737955666,0.0,32
23,0.6703012367254535,0.3296987632745465,0.0,32
24,0.6717010034620262,0.3282989965379737,0.0,32
25,0.6700797463952084,0.32992025360479155,0.0,32
26,0.6928225646679392,0.3071774353320609,0.0,32
27,0.6727644536668206,0.32723554633317953,0.0,32
28,0.7055937600671301,0.2669480717824123,0.027458168150457686,32
29,0.7054180425753309,0.20791787251686858,0.08666408490780057,32
30,0.703802312673199,0.1965180704529077,0.09967961687389325,32
31,0.7092717368074816,0.19085850697124562,0.09986975622127274,32
32,0.7212756264688083,0.18686526779858367,0.09185910573260796,32
33,0.7232656430915493,0.17715224711004698,0.09958210979840376,32
34,0.7052865732928015,0.18654401868145387,0.1081694080257446,32
35,0.7034542102447694,0.18833036182308666,0.10821542793214384,32
36,0.7154647319811361,0.1905718124708711,0.09396345554799264,32
37,0.7057570666491614,0.20086713118852695,0.09337580216231176,32
38,0.7040518914370832,0.2049844825656759,0.09096362599724094,32
39,0.6872121291349269,0.22131327852284224,0.09147459234223088,32
40,0.69642462304808,0.22529080779840358,0.07828456915351646,32
41,0.6824405272016274,0.23775379433322238,0.07980567846515,32
42,0.6734008012403297,0.2438403946189546,0.08275880414071574,32
43,0.6630558419078502,0.2533949962844007,0.0835491618077492,32
44,0.6536182973454063,0.2555316289640853,0.09085007369050836,32
45,0.6460098605440827,0.2581889219015019,0.09580121755441535,32
46,0.6382292454855587,0.2575868945738922,0.10418385994054909,32
47,0.642592079264186,0.2525610551986695,0.10484686553714442,32
48,0.6365134084822621,0.25357201512343086,0.10991457639430703,32
49,0.6139897457070425,0.26421816772408696,0.12179208656887056,32
50,0.5907952547730683,0.2842482400925911,0.12495650513434067,32
1,0.0,0.24,0.76,33
2,0.2125304621952537,0.21335019864565433,0.574119339159092,33
3,0.34100420117544555,0.22926793969774137,0.42972785912681316,33
4,0.5125076460911272,0.22364167505863636,0.2638506788502364,33
5,0.5226979125648321,0.21809809764634802,0.2592039897888198,33
6,0.5314622430759891,0.21380695761458365,0.25473079930942716,33
7,0.5431568050356783,0.20864976519310865,0.24819342977121295,33
8,0.5545915277144754,0.20979212041428755,0.2356163518712371,33
9,0.5639762875940775,0.20843485972764364,0.22758885267827886,33
10,0.6106606406851067,0.18576654832653985,0.20357281098835336,33
11,0.5762098135052455,0.21959290689203578,0.20419727960271883,33
12,0.5901336715909458,0.2244006543151855,0.1854656740938687,33
13,0.6051872391485447,0.2133780610068193,0.18143469984463603,33
14,0.6193049285984807,0.29698942541099826,0.08370564599052104,33
15,0.6185598969849999,0.3709705407368498,0.010469562278150268,33
16,0.628545552413539,0.37145444758646096,0.0,33
17,0.6410230884912475,0.35897691150875255,0.0,33
18,0.6431316368730045,0.35686836312699555,0.0,33
19,0.6516534046260687,0.3483465953739314,0.0,33
20,0.6504570871940547,0.3495429128059452,0.0,33
21,0.6529390285832659,0.3470609714167342,0.0,33
22,0.6585904143586939,0.34140958564130613,0.0,33
23,0.6686544097269931,0.33134559027300686,0.0,33
24,0.6702156701332648,0.32978432986673534,0.0,33
25,0.6735509234315281,0.326449076568472,0.0,33
26,0.6949435043153697,0.3050564956846304,0.0,33
27,0.6754559501602849,0.32454404983971497,0.0,33
28,0.7059419260785398,0.2726840249864811,0.02137404893497915,33
29,0.7052896867237285,0.20960911360750023,0.0851011996687714,33
30,0.7042306269545903,0.19736051040940497,0.09840886263600483,33
31,0.7096802424760451,0.1913507024012861,0.0989690551226687,33
32,0.7216282366368342,0.18730311298919314,0.09106865037397263,33
33,0.7228360563576087,0.17740979966173828,0.09975414398065309,33
34,0.70557921228171,0.1864832875674604,0.10793750015082948,33
35,0.7037554061014251,0.18816720933523748,0.10807738456333739,33
36,0.7152257040457694,0.19080888528715856,0.09396541066707201,33
37,0.7057607034457998,0.20107304351073524,0.09316625304346494,33
38,0.7042889315687263,0.20499962912950453,0.09071143930176907,33
39,0.6878100525726126,0.22142945248930931,0.090760494938078,33
40,0.6969575669494988,0.22585045345150348,0.07719197959899755,33
41,0.6836069981090165,0.2381514892797185,0.07824151261126497,33
42,0.6751907364854884,0.24413366986258725,0.08067559365192432,33
43,0.6652652638550135,0.25367629221343235,0.08105844393155408,33
44,0.6561178411707843,0.255676997912929,0.08820516091628662,33
45,0.6487594437519462,0.2580661949939867,0.09317436125406715,33
46,0.6407870768386533,0.2574103517008484,0.10180257146049815,33
47,0.6451020422370586,0.2522827186921422,0.10261523907079927,33
48,0.6391451817399036,0.2531743321726287,0.1076804860874677,33
49,0.6167933320981062,0.26383356368890604,0.11937310421298773,33
50,0.593506774753366,0.284067828069394,0.12242539717723996,33
1,0.0,0.24,0.76,34
2,0.21265023637268213,0.2132890863604238,0.574060677266894,34
3,0.3410212637452445,0.22926368584698698,0.4297150504077685,34
4,0.5124789320976787,0.22365427882847308,0.2638667890738482,34
5,0.522687350361828,0.2180904376535966,0.2592222119845754,34
6,0.5315160543185372,0.21378526341330134,0.25469868226816145,34
7,0.543154160798874,0.20865402395434718,0.24819181524677883,34
8,0.554552335246936,0.20981095800478533,0.23563670674827858,34
9,0.5640359923096739,0.20833791872893365,0.22762608896139241,34
10,0.6106599267350095,0.18574986633668097,0.20359020692830962,34
11,0.5761089810710174,0.22021537549321676,0.20367564343576572,34
12,0.5900499908194778,0.22463438370527045,0.18531562547525174,34
13,0.6050075806225479,0.21365954964246686,0.18133286973498522,34
14,0.6192405739346175,0.29644226916611266,0.08431715689926976,34
15,0.6187235801811279,0.37020568865314657,0.011070731165725517,34
16,0.6290323688159989,0.37096763118400106,0.0,34
17,0.6398959903684502,0.3601040096315497,0.0,34
18,0.6420643829586061,0.35793561704139387,0.0,34
19,0.6499442180603914,0.35005578193960857,0.0,34
20,0.6480392224269406,0.35196077757305955,0.0,34
21,0.6504066511796701,0.34959334882032983,0.0,34
22,0.6583159037218824,0.3416840962781176,0.0,34
23,0.666991127883042,0.33300887211695807,0.0,34
24,0.6697661390601588,0.33023386093984114,0.0,34
25,0.6767936403014488,0.32320635969855127,0.0,34
26,0.6961250565709033,0.3038749434290967,0.0,34
27,0.6785953219748188,0.3214046780251813,0.0,34
28,0.7061420081618048,0.27877471491475714,0.015083276923438074,34
29,0.7053053646154626,0.2113667491819067,0.08332788620263076,34
30,0.7048110539463027,0.19818429417727346,0.0970046518764238,34
31,0.7101487781998603,0.19183219077173952,0.09801903102840012,34
32,0.7223696548347611,0.1875615182386056,0.09006882692663327,34
33,0.7221836610977294,0.17777747055929946,0.10003886834297114,34
34,0.7057710964137737,0.18645163568834475,0.10777726789788157,34
35,0.7039948453669815,0.18800894769428958,0.10799620693872891,34
36,0.7149074713987832,0.19106313565007735,0.0940293929511396,34
37,0.7056889243251743,0.20129822745181383,0.0930128482230119,34
38,0.7044091278021036,0.20502469682025912,0.09056617537763707,34
39,0.6882199882018876,0.22159469422958072,0.09018531756853174,34
40,0.6973016234745602,0.2264419463438357,0.07625643018160425,34
41,0.6845297597837452,0.23860029004763703,0.0768699501686178,34
42,0.6767233871073348,0.24446949272345583,0.07880712016920935,34
43,0.6672363941911459,0.2540047384495073,0.07875886735934692,34
44,0.6584053435881704,0.2558719810688009,0.08572267534302862,34
45,0.6513753147910653,0.25796067700616604,0.09066400820276878,34
46,0.6431697779494824,0.2572731868781516,0.09955703517236607,34
47,0.6474222329984238,0.252052848878472,0.10052491812310406,34
48,0.6416222651337978,0.2528153462724283,0.10556238859377381,34
49,0.6195111723147014,0.263453108710659,0.11703571897463959,34
50,0.596122846145054,0.2838926238674599,0.1199845299874862,34
1,0.0,0.24,0.76,35
2,0.212765887468744,0.21322989407786996,0.574004218453386,35
3,0.3410452020961119,0.22925715639952074,0.4296976415043674,35
4,0.5124516992323331,0.22366614526334255,0.26388215550432426,35
5,0.5226750574940112,0.21808224802296516,0.25924269448302356,35
6,0.5315641324792083,0.21376526930568576,0.25467059821510596,35
7,0.543157766598973,0.20865372936736618,0.2481885040336609,35
8,0.5545165195571337,0.2098298325462524,0.23565364789661394,35
9,0.5640530742475182,0.20826686277404033,0.22768006297844154,35
10,0.61068478075955,0.1857333960087466,0.20358182323170348,35
11,0.5761248056077569,0.2206493384751299,0.20322585591711312,35
12,0.5900010738176545,0.22481183461150092,0.18518709157084448,35
13,0.604899690176422,0.21395813319485169,0.1811421766287264,35
14,0.61884751274247,0.2962054304782586,0.08494705677927142,35
15,0.6185458379020188,0.3696280925419191,0.011826069556062118,35
16,0.6298332903294784,0.37016670967052157,0.0,35
17,0.6395700206360826,0.3604299793639174,0.0,35
18,0.6406629786735574,0.3593370213264427,0.0,35
19,0.6481715942124641,0.351828405787536,0.0,35
20,0.6464314413363333,0.35356855866366654,0.0,35
21,0.6487183687596124,0.3512816312403876,0.0,35
22,0.6585076608949988,0.34149233910500115,0.0,35
23,0.6653881919579111,0.3346118080420889,0.0,35
24,0.6701169150886874,0.3298830849113127,0.0,35
25,0.6796704599932744,0.3203295400067257,0.0,35
26,0.6960332836245893,0.30396671637541073,0.0,35
27,0.6819482402974005,0.31805175970259947,0.0,35
28,0.7060749115282289,0.2851301214806952,0.008794966991075757,35
29,0.7054224534707438,0.2131622117042281,0.08141533482502797,35
30,0.7054936517469124,0.19897491978698717,0.09553142846610034,35
31,0.7106161989098987,0.1923003803841025,0.09708342070599892,35
32,0.7233787114066642,0.18768428665196363,0.08893700194137208,35
33,0.7214018134559129,0.17819723236276863,0.10040095418131843,35
34,0.7058363823678347,0.18645461578917458,0.10770900184299076,35
35,0.7041757976395848,0.1878456904242607,0.10797851193615447,35
36,0.7145058447290766,0.1913364829979067,0.09415767227301666,35
37,0.7055049529151745,0.20156468142046063,0.0929303656643648,35
38,0.7044551851353019,0.20504872903827648,0.09049608582642174,35
39,0.6885007585884229,0.22179242479798125,0.08970681661359597,35
40,0.6974834382796242,0.2270508455825288,0.07546571613784686,35
41,0.6852143806007187,0.2391022563647518,0.0756833630345295,35
42,0.6779796517582569,0.24486279255925453,0.0771575556824886,35
43,0.6689500171460048,0.25439068683059973,0.07665929602339538,35
44,0.6604678515295017,0.2561212921407547,0.08341085632974365,35
45,0.6538170507766831,0.25787674519282344,0.08830620403049354,35
46,0.6453610612047634,0.2571791711927693,0.09745976760246733,35
47,0.6495724612437619,0.251851467943678,0.09857607081256005,35
48,0.6438954303412668,0.25252606679403494,0.1035785028646983,35
49,0.622125494792728,0.2630902589773818,0.11478424622989018,35
50,0.5986494380117322,0.2837089839426627,0.11764157804560513,35
1,0.0,0.24,0.76,36
2,0.2128838093182223,0.2131696117359397,0.573946578945838,36
3,0.3410721019536356,0.22925033287267438,0.42967756517369,36
4,0.5124251142268935,0.22367667722887577,0.26389820854423074,36
5,0.5226590338563053,0.21807429856090596,0.2592666675827888,36
6,0.5316069959685185,0.2137477001949682,0.25464530383651335,36
7,0.5431668039890616,0.20864966869469667,0.24818352731624177,36
8,0.5544854207261299,0.20984642855568375,0.23566815071818628,36
9,0.5640293203951412,0.20821914464173838,0.2277515349631204,36
10,0.6107387965612504,0.18570355108799136,0.2035576523507582,36
11,0.5762536068188284,0.22089898355357235,0.20284740962759926,36
12,0.5899785033339233,0.22494246921570937,0.18507902745036733,36
13,0.6048368829225167,0.2142621226083504,0.18090099446913283,36
14,0.6181862144399505,0.2962878924337773,0.08552589312627218,36
15,0.6180445802468195,0.36926113362216034,0.012694286131020159,36
16,0.6304973445134292,0.36950265548657085,0.0,36
17,0.639846611062571,0.360153388937429,0.0,36
18,0.6393365860008701,0.36066341399913004,0.0,36
19,0.6465428487636574,0.3534571512363425,0.0,36
20,0.6456836171636654,0.35431638283633454,0.0,36
21,0.6478481114133529,0.35215188858664725,0.0,36
22,0.6590840003532433,0.34091599964675673,0.0,36
23,0.663952859968893,0.33604714003110714,0.0,36
24,0.6711107198942592,0.3288892801057408,0.0,36
25,0.6820363067089517,0.3179636932910484,0.0,36
26,0.694926500405401,0.3050734995945989,0.0,36
27,0.6853094056632498,0.3146905943367503,0.0,36
28,0.7057292126256138,0.2916301765730984,0.002640610801287741,36
29,0.7056979848517385,0.21496554976051152,0.07933646538774988,36
30,0.7062468007594372,0.19972665668525227,0.09402654255531054,36
31,0.7111210147907382,0.19272015327028832,0.09615883193897344,36
32,0.7244585417870189,0.18776654458296552,0.08777491363001573,36
33,0.7205997068174728,0.17861737289445923,0.10078292028806793,36
34,0.705829215622402,0.18647364548563625,0.10769713889196177,36
35,0.7043353831683179,0.1876682566913759,0.10799636014030618,36
36,0.7140956180349214,0.1916056109481242,0.09429877101695439,36
37,0.7052388019535092,0.20185181763225254,0.09290938041423816,36
38,0.7044360408807087,0.20507155456334478,0.09049240455594643,36
39,0.6886581328792653,0.22201782496139205,0.0893240421593427,36
40,0.6975155319501941,0.22768453856775583,0.0747999294820502,36
41,0.6856866861130505,0.23965074391125796,0.07466256997569165,36
42,0.6789740204259959,0.24531028777037114,0.07571569180363302,36
43,0.6704230265673851,0.25482931860531965,0.07474765482729531,36
44,0.6623037585139283,0.25643340008010496,0.0812628414059668,36
45,0.6560757708873526,0.2578213907415659,0.08610283837108147,36
46,0.6473423482618286,0.2571379160165522,0.09551973572161922,36
47,0.6515436724270073,0.2516891703512827,0.09676715722171017,36
48,0.6459585859829838,0.25231242742212195,0.10172898659489432,36
49,0.6245947909051304,0.26277206035638234,0.11263314873848741,36
50,0.6010733150300935,0.2834899245641084,0.11543676040579799,36
1,0.0,0.24,0.76,37
2,0.21299002709942963,0.21311516211926254,0.5738948107813079,37
3,0.3410993173335601,0.22924384070677853,0.42965684195966125,37
4,0.5124001669400859,0.22368615078535692,0.26391368227455714,37
5,0.5226344730437815,0.21807018362248864,0.2592953433337297,37
6,0.5316462921594853,0.2137315807618128,0.25462212707870185,37
7,0.5431810506986652,0.2086413280712204,0.2481776212301143,37
8,0.5544564915754647,0.20986346715422696,0.2356800412703084,37
9,0.5639681625066546,0.2081930219052138,0.22783881558813143,37
10,0.6108080103869714,0.18566975297909205,0.20352223663393665,37
11,0.5764547395863863,0.2210417620243724,0.2025034983892412,37
12,0.589956853776237,0.22505588546774408,0.18498726075601893,37
13,0.6047676977280312,0.21458169947651215,0.18065060279545658,37
14,0.6173486013243281,0.29664372327309046,0.08600767540258147,37
15,0.6173193056294207,0.369071474598114,0.013609219772465358,37
16,0.6307225061102105,0.3692774938897895,0.0,37
17,0.6403582372208146,0.35964176277918536,0.0,37
18,0.638408948122553,0.361591051877447,0.0,37
19,0.6452464687106116,0.3547535312893883,0.0,37
20,0.645717870545619,0.3542821294543811,0.0,37
21,0.6477638996677115,0.3522361003322886,0.0,37
22,0.6599935944282954,0.3400064055717046,0.0,37
23,0.6627755937147919,0.3372244062852081,0.0,37
24,0.6724541167211957,0.3275458832788043,0.0,37
25,0.6837508654518499,0.31624913454815,0.0,37
26,0.6931880305364329,0.3068119694635671,0.0,37
27,0.6884947791766798,0.3115052208233203,0.0,37
28,0.703286807923957,0.29671319207604296,0.0,37
29,0.7062012876911552,0.21667852410365585,0.07712018820518912,37
30,0.7070763224022278,0.2004278730188864,0.09249580457888572,37
31,0.7116113398415435,0.19311223737883962,0.09527642277961702,37
32,0.7254862089297766,0.18785890474301645,0.0866548863272071,37
33,0.7198274256357957,0.1790119585861933,0.10116061577801097,37
34,0.7057799138383605,0.18650359755792964,0.1077164886037098,37
35,0.7044746652025285,0.18748797439614545,0.10803736040132608,37
36,0.7136904830715008,0.19187114741054975,0.09443836951794933,37
37,0.7049168172134607,0.2021544791676105,0.09292870361892883,37
38,0.704359433019709,0.20510676187723023,0.09053380510306064,37
39,0.6887401220073098,0.22225882972637703,0.08900104826631301,37
40,0.6974258257876153,0.22834278091310029,0.07423139329928446,37
41,0.6859902499631952,0.24022995804236594,0.07377979199443879,37
42,0.6797426970877797,0.2457997475130528,0.07445755539916755,37
43,0.6716581933027337,0.25533024573493934,0.07301156096232696,37
44,0.6639011656087771,0.25682508619154704,0.07927374819967586,37
45,0.6581196253988052,0.2578193816949822,0.08406099290621252,37
46,0.6491025370412604,0.2571533093552474,0.0937441536034922,37
47,0.653352612906465,0.2515571144483389,0.0950902726451961,37
48,0.6478358541025269,0.2521614073392832,0.10000273855819002,37
49,0.6269252743260698,0.2625017267995794,0.11057299887435074,37
50,0.6034012808673505,0.28322819405088173,0.11337052508176794,37
1,0.0,0.24,0.76,38
2,0.21308324424571667,0.21306702962391308,0.5738497261303703,38
3,0.34112577641644504,0.22923773357626956,0.42963649000728543,38
4,0.5123773914803702,0.2236946126694587,0.26392799585017107,38
5,0.522605919442221,0.21806886398143627,0.2593252165763428,38
6,0.5316807660528053,0.2137186486090687,0.254600585338126,38
7,0.5431991679569259,0.20862863198278947,0.24817220006028473,38
8,0.5544302574402957,0.20988103764143426,0.23568870491827004,38
9,0.563884271047243,0.20818218406522032,0.22793354488753664,38
10,0.6108875692357871,0.18563406154188541,0.20347836922232745,38
11,0.5766949425437013,0.22110700497248517,0.20219805248381345,38
12,0.5899564408248212,0.2251170326001933,0.18492652657498548,38
13,0.6046903749856999,0.21490324969226948,0.18040637532203066,38
14,0.6164008986238431,0.2972498026363908,0.08634929873976611,38
15,0.6164557880588544,0.3690222717060494,0.014521940235096224,38
16,0.6302805554206699,0.3697194445793302,0.0,38
17,0.6408246929909331,0.35917530700906697,0.0,38
18,0.6379652238635269,0.36203477613647317,0.0,38
19,0.6443344344777445,0.3556655655222555,0.0,38
20,0.6464123753669354,0.3535876246330647,0.0,38
21,0.6483802995595114,0.35161970044048857,0.0,38
22,0.661191040663507,0.33880895933649297,0.0,38
23,0.661945224972678,0.33805477502732206,0.0,38
24,0.6739512732343932,0.3260487267656067,0.0,38
25,0.6847888110497764,0.3152111889502235,0.0,38
26,0.691187998596692,0.3088120014033079,0.0,38
27,0.691366376789818,0.30863362321018206,0.0,38
28,0.6994962487359974,0.3005037512640026,0.0,38
29,0.7069806751396464,0.21829672042886505,0.07472260443148869,38
30,0.7079507463012146,0.20110299898712275,0.09094625471166255,38
31,0.7120388154390835,0.19350440167908337,0.09445678288183314,38
32,0.7263390522846752,0.18802112630043455,0.08563982141489009,38
33,0.7191217050060623,0.17935890376637778,0.10151939122756003,38
34,0.7056919605198403,0.18654247848109723,0.10776556099906241,38
35,0.7045916351801162,0.18730626580635756,0.10810209901352623,38
36,0.7133233807294254,0.19212572413754603,0.09455089513302853,38
37,0.7045828774028312,0.20246537891206012,0.09295174368510856,38
38,0.7042775292036328,0.2051454853238356,0.09057698547253142,38
39,0.6887588446886429,0.2225141727095274,0.08872698260182973,38
40,0.6972113138731646,0.22902463025766115,0.07376405586917427,38
41,0.6861245666666705,0.2408304584881794,0.07304497484514995,38
42,0.6802792768258689,0.24633022478084196,0.0733904983932891,38
43,0.6726725890153128,0.2558769374911008,0.07145047349358648,38
44,0.665273374413447,0.2572896335875625,0.07743699199899046,38
45,0.6599501382510221,0.2578722725283716,0.08217758922060618,38
46,0.6506479538759834,0.2572257032371559,0.09212634288686061,38
47,0.6549385175412027,0.2514808661903197,0.09358061626847756,38
48,0.6494915155874463,0.25208301630113056,0.09842546811142304,38
49,0.629107382567029,0.2622753207299792,0.10861729670299176,38
50,0.6056045242526934,0.28294239009223854,0.11145308565506801,38
1,0.0,0.24,0.76,39
2,0.21315076239476677,0.21303165708932256,0.5738175805159106,39
3,0.34115375300653616,0.22923086922497873,0.42961537776848496,39
4,0.512356414473716,0.22370229416915552,0.26394129135712846,39
5,0.5225733411059463,0.21807012832282638,0.2593565305712273,39
6,0.5317082629455611,0.2137097282052612,0.2545820088491778,39
7,0.5432183730288977,0.2086129169400643,0.24816871003103794,39
8,0.5544078851053104,0.2098996344239004,0.23569248047078922,39
9,0.5637740636819903,0.20818791891494184,0.22803801740306787,39
10,0.6109729836351876,0.18560630863278135,0.203420707732031,39
11,0.5769743810256727,0.22109014775794467,0.2019354712163827,39
12,0.5899711467267403,0.22514644768461622,0.1848824055886434,39
13,0.6046161295078503,0.2152114865769876,0.18017238391516222,39
14,0.6154373754308275,0.297989839446481,0.08657278512269137,39
15,0.6155668835416185,0.3690516192597241,0.015381497198657505,39
16,0.6293430886370615,0.3706569113629386,0.0,39
17,0.6410958056408674,0.3589041943591325,0.0,39
18,0.6380555313069736,0.36194446869302654,0.0,39
19,0.6438458451916923,0.35615415480830764,0.0,39
20,0.647679653351967,0.3523203466480331,0.0,39
21,0.6494709666711636,0.3505290333288364,0.0,39
22,0.662459979457294,0.33754002054270615,0.0,39
23,0.6614387112135782,0.3385612887864219,0.0,39
24,0.6753380888289146,0.32466191117108556,0.0,39
25,0.6851565789126985,0.31484342108730135,0.0,39
26,0.6890485606655836,0.3109514393344164,0.0,39
27,0.6937511372101136,0.30624886278988633,0.0,39
28,0.6962297044339932,0.3037702955660068,0.0,39
29,0.7079879657874459,0.21979108787570148,0.07222094633685254,39
30,0.7087573267369718,0.20178070207992402,0.08946197118310427,39
31,0.712354879260602,0.19391393751235675,0.09373118322704116,39
32,0.7268868394966952,0.1883130135779642,0.08480014692534053,39
33,0.7185396958447525,0.17964803891863432,0.10181226523661309,39
34,0.7056034231349917,0.18659151517687148,0.10780506168813682,39
35,0.704707127845245,0.18712124424507046,0.10817162790968442,39
36,0.7130464728187692,0.19235165970603865,0.0946018674751921,39
37,0.7042434747077844,0.20278071490313365,0.09297581038908198,39
38,0.704146407643363,0.20520931337138354,0.09064427898525347,39
39,0.6887113403543768,0.22278645271541148,0.08850220693021187,39
40,0.6968904448592771,0.22973097327690514,0.07337858186381756,39
41,0.6860819022506339,0.2414660766019546,0.07245202114741142,39
42,0.6806123147001423,0.24689136944726234,0.07249631585259546,39
43,0.6734558648178557,0.25647183330538426,0.07007230187676002,39
44,0.6663995760386102,0.2578275549261302,0.07577286903525961,39
45,0.6615251075472468,0.2579969914336131,0.08047790101914007,39
46,0.6519543675099605,0.257364164885775,0.09068146760426442,39
47,0.6562928087781177,0.2514695137932393,0.09223767742864307,39
48,0.650924973937479,0.25207919404193446,0.09699583202058666,39
49,0.6311434494186949,0.26208110540451124,0.10677544517679373,39
50,0.6076869057847731,0.2826385117790773,0.10967458243614943,39
1,0.0,0.24,0.76,40
2,0.21318111748837487,0.21301429167202665,0.5738045908395986,40
3,0.3411800301135737,0.22922493364951843,0.4295950362369078,40
4,0.5123379380275143,0.22370949119306868,0.263952570779417,40
5,0.5225420200768434,0.21807229082944396,0.2593856890937127,40
6,0.5317335992579293,0.21370137437698797,0.2545650263650827,40
7,0.5432382103600939,0.2085933495089381,0.24816844013096795,40
8,0.5543871293219208,0.20992082079980418,0.23569204987827505,40
9,0.563641064352753,0.20821282781075828,0.22814610783648875,40
10,0.6110531774804213,0.1855996762533135,0.20334714626626518,40
11,0.577225493142504,0.22107692637986237,0.20169758047763353,40
12,0.5899763758448703,0.22513977911625396,0.18488384503887584,40
13,0.6045611731622639,0.21545906352193864,0.17997976331579757,40
14,0.6145619160767929,0.29874822212821306,0.08668986179499408,40
15,0.6147359118574985,0.36911034355849215,0.016153744584009273,40
16,0.628182156623637,0.37181784337636303,0.0,40
17,0.6411349073154535,0.3588650926845464,0.0,40
18,0.6385654498904849,0.361434550109515,0.0,40
19,0.6438553313284009,0.356144668671599,0.0,40
20,0.6493270604446072,0.3506729395553927,0.0,40
21,0.6508264797603089,0.349173520239691,0.0,40
22,0.6635903057970247,0.3364096942029754,0.0,40
23,0.6612432333673754,0.3387567666326245,0.0,40
24,0.6765016631183065,0.32349833688169355,0.0,40
25,0.6849384658466418,0.3150615341533582,0.0,40
26,0.6871736039916009,0.3128263960083991,0.0,40
27,0.6955320395593108,0.30446796044068924,0.0,40
28,0.693820182901771,0.3061798170982289,0.0,40
29,0.7091201167473301,0.22119945270205082,0.069680430550619,40
30,0.7094121307659306,0.2024857737671508,0.08810209546691854,40
31,0.7125650727600584,0.19433597660990526,0.09309895063003638,40
32,0.727115514070444,0.18874367291258234,0.08414081301697371,40
33,0.7180404924749865,0.1798912380826587,0.10206826944235478,40
34,0.705502291372171,0.1866543610415406,0.10784334758628839,40
35,0.7048458765662796,0.18692677101471708,0.10822735241900343,40
36,0.7128779064262483,0.19254499224426802,0.0945771013294836,40
37,0.7038973080322722,0.2031038042878566,0.09299888767987115,40
38,0.7039909908012512,0.20529765710364056,0.09071135209510835,40
39,0.6886053822726066,0.22307928891103965,0.08831532881635372,40
40,0.6964656355183909,0.23045761011192803,0.07307675436968114,40
41,0.6858770012871525,0.2421308412240813,0.07199215748876636,40
42,0.6807752467506398,0.24747389562296487,0.07175085762639535,40
43,0.674040423115772,0.25711187940996194,0.06884769747426611,40
44,0.6672759595414685,0.2584518409220838,0.07427219953644772,40
45,0.6628511945083291,0.2581925882187869,0.07895621727288389,40
46,0.6530267379505653,0.2575703359499565,0.0894029260994782,40
47,0.6574402293556091,0.2515138406207573,0.09104593002363352,40
48,0.6521553463030819,0.25214653166786266,0.09569812202905532,40
49,0.6330390672900243,0.26189816937222565,0.10506276333775003,40
50,0.6096216012104008,0.2823322197501651,0.10804617903943418,40
1,0.0,0.24,0.76,41
2,0.213180294968765,0.2130120421272509,0.573807662903984,41
3,0.3412002723952268,0.229221357459324,0.4295783701454492,41
4,0.5123211635757964,0.22371669531945196,0.2639621411047516,41
5,0.5225146096651268,0.21807356527138513,0.25941182506348814,41
6,0.5317580629409255,0.21369262490115315,0.2545493121579213,41
7,0.5432558113086255,0.20857277899123844,0.2481714097001361,41
8,0.5543659442263504,0.20994503018684593,0.23568902558680357,41
9,0.5635245998547672,0.20823778998925221,0.22823761015598062,41
10,0.6111154999229695,0.18562540766320476,0.20325909241382567,41
11,0.5774133808223103,0.2211052238177434,0.20148139535994636,41
12,0.5899621212316184,0.22510556842287682,0.1849323103455048,41
13,0.6045471136160767,0.21567633342612888,0.1797765529577944,41
14,0.6137907082772582,0.2995278727060305,0.08668141901671124,41
15,0.6140533676789982,0.3691508990577228,0.01679573326327891,41
16,0.6271876447496246,0.37281235525037537,0.0,41
17,0.6409157002334629,0.35908429976653716,0.0,41
18,0.6393886689744986,0.36061133102550136,0.0,41
19,0.6442813797789724,0.3557186202210276,0.0,41
20,0.651157764310195,0.3488422356898049,0.0,41
21,0.6522693301414393,0.34773066985856066,0.0,41
22,0.6644618649589654,0.33553813504103464,0.0,41
23,0.6613397738026784,0.3386602261973216,0.0,41
24,0.6773129282738147,0.32268707172618527,0.0,41
25,0.6842090327988118,0.3157909672011881,0.0,41
26,0.6857493380740604,0.31425066192593953,0.0,41
27,0.6966172968578543,0.3033827031421456,0.0,41
28,0.6923859086315994,0.30761409136840046,0.0,41
29,0.7102180595498874,0.22257535185648067,0.06720658859363193,41
30,0.7098868847704811,0.20321860567925407,0.0868945095502647,41
31,0.7126815441951884,0.1947677459769377,0.09255070982787408,41
32,0.7270897117575763,0.18928973240698677,0.08362055583543697,41
33,0.7176891987161825,0.18006903079699182,0.10224177048682573,41
34,0.7053935764446965,0.18673080594359,0.10787561761171362,41
35,0.7049960517151931,0.18672294570734527,0.10828100257746154,41
36,0.7127909456284454,0.19271349446891678,0.09449555990263794,41
37,0.7035483472875664,0.20343269144850484,0.09301896126392886,41
38,0.7038186840605798,0.20540660463724442,0.09077471130217585,41
39,0.6884426630469913,0.22339186461461397,0.08816547233839468,41
40,0.6959702713566627,0.23118936599800205,0.07284036264533532,41
41,0.685525996590761,0.24281994450417146,0.07165405890506767,41
42,0.680787058188778,0.24807565064856293,0.07113729116265909,41
43,0.6744459370918913,0.2577937387881392,0.06776032411996952,41
44,0.6679111424193873,0.2591610393027512,0.07292781827786139,41
45,0.6639535338592317,0.2584534009053776,0.07759306523539067,41
46,0.6538825058418409,0.25784284915566963,0.08827464500248937,41
47,0.6584011139735619,0.25161211196676597,0.08998677405967216,41
48,0.6531650333522011,0.2522958652144898,0.09453910143330908,41
49,0.6347819192537952,0.26173276568772336,0.1034853150584813,41
50,0.6113769075919783,0.2820706708044521,0.10655242160356966,41
1,0.0,0.24,0.76,42
2,0.21314319015598007,0.21302718125429082,0.5738296285897292,42
3,0.3412049037446421,0.2292242528563049,0.4295708433990531,42
4,0.5123078068418575,0.22372366816518682,0.26396852499295576,42
5,0.5224915452212917,0.21807387557695349,0.2594345792017547,42
6,0.5317804903691149,0.21368225237306862,0.25453725725781656,42
7,0.5432706263901405,0.2085511079065718,0.24817826570328783,42
8,0.5543472355152794,0.2099715113173721,0.2356812531673485,42
9,0.5634317513708813,0.20826321948830948,0.22830502914080922,42
10,0.6111513666702134,0.185695361395861,0.20315327193392557,42
11,0.577528323706638,0.22116138889682185,0.20131028739654017,42
12,0.5899333654607628,0.22503327278295224,0.1850333617562849,42
13,0.6046061266593166,0.2158321026569918,0.17956177068369175,42
14,0.6131197611589758,0.30030956100206263,0.0865706778389616,42
15,0.6135941851176204,0.36911780881250567,0.01728800606987388,42
16,0.6267965128428759,0.37320348715712415,0.0,42
17,0.640508385303312,0.35949161469668806,0.0,42
18,0.6403645309347415,0.3596354690652585,0.0,42
19,0.6450538483151825,0.3549461516848175,0.0,42
20,0.6529856870866192,0.34701431291338086,0.0,42
21,0.6536500652090858,0.34634993479091425,0.0,42
22,0.6650877376860278,0.3349122623139722,0.0,42
23,0.6617071858775844,0.3382928141224156,0.0,42
24,0.6776662281838453,0.32233377181615486,0.0,42
25,0.6830660957168346,0.3169339042831655,0.0,42
26,0.6849077250936737,0.31509227490632635,0.0,42
27,0.6970430547041115,0.30295694529588846,0.0,42
28,0.691902008512211,0.30809799148778905,0.0,42
29,0.7111727814685846,0.22398562541648134,0.06484159311493384,42
30,0.7101649600617791,0.20399418960509139,0.08584085033312959,42
31,0.7127165656503148,0.19520432556576298,0.09207910878392206,42
32,0.7268736878819224,0.189920671780088,0.08320564033798948,42
33,0.7175285893468187,0.18016580418154027,0.10230560647164108,42
34,0.7052839358014139,0.1868149697874282,0.1079010944111579,42
35,0.7051326778879989,0.18652237187975151,0.10834495023224947,42
36,0.7127957544174925,0.19284947977663167,0.0943547658058757,42
37,0.7032163336052956,0.2037614787324979,0.09302218766220663,42
38,0.7036508461458049,0.20553364387972245,0.09081550997447263,42
39,0.6882330412406241,0.22372031973466397,0.08804663902471188,42
40,0.6954400495275525,0.231912855002826,0.07264709546962164,42
41,0.6850616523466877,0.24351828461198188,0.07142006304133047,42
42,0.6806636237509314,0.24869663086748928,0.07063974538157941,42
43,0.6747020101230172,0.258502199109331,0.06679579076765184,42
44,0.6683193658113225,0.25994913337993786,0.07173150080873959,42
45,0.6648466794415128,0.25877501364543587,0.07637830691305131,42
46,0.6545347655405126,0.25817663977838784,0.0872885946810995,42
47,0.6592002796669232,0.2517541126666389,0.089045607666438,42
48,0.6539730436179133,0.25251962809168627,0.09350732829040047,42
49,0.6363815509087009,0.26158525587515535,0.1020331932161439,42
50,0.6129640855899546,0.28185205331870106,0.10518386109134434,42
1,0.0,0.24,0.76,43
2,0.21308849394441762,0.2130508632781024,0.57386064277748,43
3,0.341203656678113,0.22922934839865772,0.42956699492322925,43
4,0.5122969545892412,0.22373059704960585,0.26397244836115297,43
5,0.5224780041801195,0.2180709393989189,0.2594510564209616,43
6,0.5318025008005084,0.21366981483924843,0.25452768436024314,43
7,0.5432819662259802,0.20852987352645816,0.24818816024756155,43
8,0.5543323612972314,0.2099990633142576,0.23566857538851096,43
9,0.5633632650812282,0.2082888308667489,0.22834790405202285,43
10,0.6111556478478102,0.185815556106803,0.20302879604538696,43
11,0.577582581375095,0.22124810567457484,0.2011693129503302,43
12,0.5898781558794843,0.22495802290339384,0.18516382121712188,43
13,0.6047046431960595,0.2159148922790727,0.17938046452486764,43
14,0.6126379329416971,0.30101852804827944,0.08634353901002341,43
15,0.6133825642086009,0.36899436744703706,0.017623068344361947,43
16,0.627037133683221,0.372962866316779,0.0,43
17,0.6400978056889344,0.3599021943110657,0.0,43
18,0.6413877361123014,0.35861226388769857,0.0,43
19,0.6460358836216308,0.35396411637836916,0.0,43
20,0.6546116032200475,0.3453883967799524,0.0,43
21,0.6548304678126472,0.34516953218735275,0.0,43
22,0.6653493733881803,0.33465062661181977,0.0,43
23,0.6622887923136715,0.33771120768632856,0.0,43
24,0.6774840514253251,0.32251594857467486,0.0,43
25,0.6816674328264937,0.31833256717350633,0.0,43
26,0.6846799302552177,0.3153200697447824,0.0,43
27,0.6968109463431391,0.3031890536568608,0.0,43
28,0.6923006543207952,0.3076993456792048,0.0,43
29,0.7118607302909361,0.22550613960341864,0.06263313010564527,43
30,0.7102396750756858,0.2048053740141743,0.08495495091013976,43
31,0.7126614277302723,0.19565226972328612,0.09168630254644158,43
32,0.7265340330885915,0.19059714471215752,0.08286882219925087,43
33,0.7175372289187044,0.18018403839739616,0.10227873268389952,43
34,0.7051936680713619,0.18689837906832754,0.1079079528603107,43
35,0.7052721328936667,0.1863217957939852,0.108406071312348,43
36,0.7128521369530856,0.1929707643205354,0.09417709872637893,43
37,0.7029096655243557,0.2040840421867109,0.09300629228893333,43
38,0.7034930239794267,0.2056707909208216,0.09083618509975169,43
39,0.6879639557871169,0.22407336539333256,0.0879626788195505,43
40,0.6948780648219457,0.23262261011977775,0.07249932505827669,43
41,0.6844983748310768,0.24421906238558735,0.07128256278333578,43
42,0.6804073967194477,0.24933296670273664,0.07025963657781575,43
43,0.6748375388643091,0.25923397809574455,0.06592848303994638,43
44,0.668525225210436,0.2608048344122318,0.0706699403773322,43
45,0.6655326745359061,0.25915725534935113,0.07531007011474256,43
46,0.6550026121600696,0.25856009244194234,0.0864372953979881,43
47,0.6598576062986722,0.2519289313549814,0.08821346234634633,43
48,0.6545863031227532,0.2528271498258124,0.0925865470514344,43
49,0.6378332630372976,0.26145807951579103,0.10070865744691139,43
50,0.6143692650680675,0.2816997584625633,0.10393097646936911,43
1,0.0,0.24,0.76,44
2,0.21302052037475833,0.21308075504538374,0.5738987245798579,44
3,0.3411954888554514,0.2292371559566473,0.4295673551879013,44
4,0.5122881056206856,0.22373743165261478,0.2639744627266996,44
5,0.5224735259153565,0.21806560732715857,0.25946086675748503,44
6,0.5318233186699892,0.2136555584827143,0.2545211228472965,44
7,0.5432892845908978,0.20850912784227668,0.2482015875668255,44
8,0.5543195862993959,0.21002822843765281,0.23565218526295129,44
9,0.5633215882658302,0.2083155147646648,0.22836289696950499,44
10,0.6111270549498835,0.1859872521484362,0.2028856929016803,44
11,0.5775914990550535,0.22133842016809982,0.20107008077684668,44
12,0.5898055552869227,0.22486660851237608,0.18532783620070112,44
13,0.6048641268457462,0.21589510206157317,0.17924077109268063,44
14,0.6123860471070605,0.30160255800970864,0.08601139488323094,44
15,0.6134003137020573,0.36878107312809744,0.017818613169845305,44
16,0.6279316946440417,0.3720683053559583,0.0,44
17,0.6399710410693502,0.36002895893064985,0.0,44
18,0.6423234520778235,0.35767654792217657,0.0,44
19,0.6471734206615181,0.352826579338482,0.0,44
20,0.6559306866065377,0.3440693133934623,0.0,44
21,0.6556457261021414,0.34435427389785866,0.0,44
22,0.6653243206612383,0.33467567933876163,0.0,44
23,0.662983139614399,0.3370168603856011,0.0,44
24,0.676879321317599,0.3231206786824011,0.0,44
25,0.6801917913598906,0.3198082086401094,0.0,44
26,0.6851025179869215,0.31489748201307866,0.0,44
27,0.696034711400943,0.303965288599057,0.0,44
28,0.6933736135432564,0.3066263864567436,0.0,44
29,0.7120447223766282,0.22719462481295397,0.06076065281041779,44
30,0.710061649324981,0.20565962941232163,0.08427872126269736,44
31,0.7125519988424928,0.1961060498725051,0.09134195128500212,44
32,0.7262633329470274,0.19123585238564514,0.08250081466732755,44
33,0.7177052556202929,0.18012872339033273,0.10216602098937441,44
34,0.7051054632997467,0.18698649501978226,0.10790804168047112,44
35,0.7054082572268184,0.18612244033571745,0.10846930243746404,44
36,0.7129452269064984,0.19307382608106385,0.09398094701243791,44
37,0.7026515367074596,0.20438184703997628,0.09296661625256407,44
38,0.7033360379965736,0.20581479380815396,0.09084916819527246,44
39,0.6876434828571689,0.22444015787432328,0.08791635926850781,44
40,0.6942966637635799,0.23331261170051848,0.07239072453590167,44
41,0.68387788657457,0.2449092828102344,0.07121283061519554,44
42,0.6800524995723071,0.24997608111988592,0.06997141930780694,44
43,0.6748440207848682,0.25999632304625586,0.06515965616887595,44
44,0.6685370977484246,0.2617225772526911,0.06974032499888436,44
45,0.6660314252333308,0.2595906555971156,0.0743779191695535,44
46,0.6553271453557292,0.2589741435691403,0.08569871107513036,44
47,0.6603880056796675,0.25212740019666424,0.08748459412366835,44
48,0.6549971890142801,0.25322008969783477,0.09178272128788521,44
49,0.6391059160093661,0.2613642392809302,0.09952984470970365,44
50,0.6155592514963542,0.28161570708956585,0.10282504141408012,44
1,0.0,0.24,0.76,45
2,0.21295416121613517,0.2131092589820473,0.5739365798018176,45
3,0.3411856224636922,0.22924549621304027,0.4295688813232674,45
4,0.5122823776447446,0.22374390878419656,0.26397371357105887,45
5,0.522473247819803,0.2180602377945818,0.2594665143856152,45
6,0.5318412663950429,0.21364052096289146,0.2545182126420656,45
7,0.5432918745000328,0.20849081888132381,0.24821730661864333,45
8,0.5543073114184544,0.21005982477754073,0.23563286380400492,45
9,0.5633014098005475,0.20834247163995506,0.22835611855949742,45
10,0.6110822894913298,0.1861945984262871,0.202723112082383,45
11,0.5775925004646847,0.22139358763402986,0.20101391190128556,45
12,0.5897490863563973,0.2247264386461153,0.18552447499748734,45
13,0.6050682903838396,0.21578970764462857,0.1791420019715319,45
14,0.6124220628827777,0.3020488260796752,0.08552911103754707,45
15,0.6136331113600406,0.36847747300154676,0.017889415638412554,45
16,0.6291414758582077,0.3708585241417923,0.0,45
17,0.6401814932957062,0.3598185067042939,0.0,45
18,0.6431032531739123,0.35689674682608774,0.0,45
19,0.6483817411993893,0.3516182588006108,0.0,45
20,0.6568500358145253,0.34314996418547483,0.0,45
21,0.6560834097803809,0.343916590219619,0.0,45
22,0.6649712855208783,0.33502871447912175,0.0,45
23,0.6637649687370452,0.3362350312629549,0.0,45
24,0.6759982130071273,0.32400178699287263,0.0,45
25,0.6786952314770002,0.3213047685229997,0.0,45
26,0.6861069411470212,0.31389305885297875,0.0,45
27,0.6947960965241348,0.3052039034758653,0.0,45
28,0.6949264467269545,0.3050735532730456,0.0,45
29,0.7117061683781774,0.22905788871241453,0.059235942909408146,45
30,0.709662819331146,0.20654498550031017,0.08379219516854383,45
31,0.7123984257059975,0.19655673149107486,0.09104484280292768,45
32,0.725949208740887,0.19189270908836686,0.08215808217074605,45
33,0.7180176767737327,0.18000789104230652,0.1019744321839607,45
34,0.7050283214078741,0.18707398264956893,0.10789769594255706,45
35,0.7055295414425318,0.18593229598904115,0.10853816256842708,45
36,0.7130607541215189,0.1931646293644998,0.09377461651398127,45
37,0.7024508500177866,0.204651728792652,0.09289742118956142,45
38,0.7031944299984798,0.20595676022676704,0.09084880977475317,45
39,0.6872703057774154,0.22482158081111608,0.0879081134114684,45
40,0.693708658097545,0.23397367083278028,0.07231767106967472,45
41,0.6832220490395904,0.24557989989631016,0.07119805106409947,45
42,0.6796204949684833,0.250615985909989,0.06976351912152769,45
43,0.6747267273035771,0.26078876619717317,0.06448450649924968,45
44,0.6683769798033086,0.262693587113924,0.06892943308276755,45
45,0.6663537755736768,0.2600746695368751,0.07357155488944811,45
46,0.6555285007326,0.2594175442731184,0.08505395499428159,45
47,0.660806369333287,0.2523474051238397,0.08684622554287345,45
48,0.6552068084631947,0.25369801121455654,0.0910951803222489,45
49,0.6402119163661526,0.2613003745128195,0.0984877091210278,45
50,0.616551378238853,0.2815946387269305,0.10185398303421649,45
1,0.0,0.24,0.76,46
2,0.21289539826023626,0.21313405673910912,0.5739705450006547,46
3,0.3411763177579608,0.2292535891901001,0.42957009305193905,46
4,0.51227900091566,0.22375048145047458,0.26397051763386536,46
5,0.5224743391795165,0.2180556020241182,0.25947005879636525,46
6,0.5318551210418773,0.21362587681705186,0.2545190021410708,46
7,0.5432908260108507,0.20847532404408822,0.24823384994506106,46
8,0.5542950803240324,0.2100944147297068,0.23561050494626085,46
9,0.5633005246650067,0.20836943987275766,0.22833003546223574,46
10,0.6110262484394865,0.186420546339205,0.20255320522130846,46
11,0.577611586321342,0.22137962193661323,0.20100879174204478,46
12,0.5896985790788246,0.22455850671974184,0.18574291420143343,46
13,0.6052969837770722,0.2156201477813852,0.17908286844154256,46
14,0.612710418005571,0.30235956867301866,0.08493001332141034,46
15,0.6140216332722628,0.368113821968532,0.017864544759205184,46
16,0.6302329152448369,0.3697670847551631,0.0,46
17,0.6407064208387288,0.3592935791612713,0.0,46
18,0.6435835823407363,0.3564164176592636,0.0,46
19,0.6494922525705803,0.3505077474294198,0.0,46
20,0.6572300580818512,0.34276994191814886,0.0,46
21,0.6561781131293571,0.34382188687064286,0.0,46
22,0.6644577359115881,0.3355422640884118,0.0,46
23,0.6645399576851967,0.33546004231480325,0.0,46
24,0.6750210063896936,0.32497899361030635,0.0,46
25,0.6773300123002095,0.32266998769979044,0.0,46
26,0.6874406275211407,0.3125593724788593,0.0,46
27,0.6932131060984442,0.3067868939015558,0.0,46
28,0.6966552044558231,0.3033447955441768,0.0,46
29,0.7109648812736983,0.23094674797079465,0.05808837075550714,46
30,0.7090801524098215,0.20743044668713415,0.0834894009030443,46
31,0.7122342119749511,0.1969812717801191,0.09078451624492978,46
32,0.725565723604474,0.19256319539401914,0.0818710810015068,46
33,0.7184616453451862,0.17983093837949765,0.10170741627531628,46
34,0.7049719103278991,0.18715411788889483,0.10787397178320604,46
35,0.7056051155621348,0.1857644018050648,0.10863048263280038,46
36,0.7132068683215774,0.19322719049360906,0.09356594118481362,46
37,0.7023334105579541,0.20487777401078308,0.0927888154312629,46
38,0.7030648030737053,0.20610186385393525,0.09083333307235954,46
39,0.6868882998822372,0.22519413459986198,0.08791756551790086,46
40,0.6931729473861721,0.2345847932653647,0.07224225934846319,46
41,0.6825961358854631,0.24620440947382838,0.07119945464070862,46
42,0.6791590864858555,0.2512393841386814,0.06960152937546299,46
43,0.6745077180814983,0.26159528873614857,0.06389699318235313,46
44,0.6680904270116359,0.26367786395011905,0.06823170903824503,46
45,0.6665081374191419,0.2605991530380483,0.07289270954280977,46
46,0.6556384615523739,0.2598650942164251,0.08449644423120095,46
47,0.6611204358249819,0.2525816281156574,0.0862979360593606,46
48,0.6552262795774499,0.25424830625502576,0.09052541416752437,46
49,0.6411459874818771,0.26126544504867677,0.09758856746944607,46
50,0.6173461188701492,0.28163075490716366,0.10102312622268704,46
1,0.0,0.24,0.76,47
2,0.21285788850524195,0.2131492730289386,0.5739928384658194,47
3,0.34117077979381477,0.2292593347784725,0.4295698854277128,47
4,0.5122781591763663,0.22375517582032534,0.2639666650033083,47
5,0.522478749097567,0.21805053328674362,0.2594707176156894,47
6,0.5318637488389747,0.2136143609367226,0.2545218902243027,47
7,0.5432891350279672,0.20846472334646227,0.24824614162557063,47
8,0.5542858829321433,0.2101252597047448,0.23558885736311183,47
9,0.5633073026634248,0.20839331977926828,0.22829937755730692,47
10,0.6109856964470295,0.18660191675261487,0.20241238680035564,47
11,0.5776481700834747,0.22130994753868669,0.20104188237783852,47
12,0.589667137314538,0.22441036550005755,0.18592249718540452,47
13,0.6054523314357018,0.21547205038465278,0.17907561817964546,47
14,0.6131139495576967,0.30251874206100915,0.08436730838129407,47
15,0.6144309032859079,0.36779809284772064,0.017771003866371475,47
16,0.6307075601269249,0.3692924398730752,0.0,47
17,0.6412064351955687,0.35879356480443125,0.0,47
18,0.6437376780260651,0.35626232197393487,0.0,47
19,0.6502412801303987,0.3497587198696012,0.0,47
20,0.6571042735765291,0.34289572642347077,0.0,47
21,0.6560087919205324,0.3439912080794676,0.0,47
22,0.6640309109470633,0.3359690890529367,0.0,47
23,0.6651339654603327,0.33486603453966735,0.0,47
24,0.6743552361310587,0.3256447638689412,0.0,47
25,0.6763499556354665,0.32365004436453354,0.0,47
26,0.6886981904682258,0.3113018095317742,0.0,47
27,0.6917239873134865,0.3082760126865136,0.0,47
28,0.6979831200594369,0.3020168799405632,0.0,47
29,0.710171276379981,0.23246359379942663,0.057365129820592255,47
30,0.7085503020523506,0.20813269932777134,0.083316998619878,47
31,0.7121235548333432,0.19730118555728615,0.09057525960937057,47
32,0.7251932477810588,0.19313765939218958,0.08166909282675168,47
33,0.7189187113252855,0.1796425837977243,0.10143870487699023,47
34,0.7049391195670606,0.18721235322784027,0.10784852720509908,47
35,0.7056099051594413,0.18565408680771694,0.10873600803284163,47
36,0.7133121698441746,0.19326813856885475,0.09341969158697064,47
37,0.7022834545668412,0.20503275172882632,0.09268379370433255,47
38,0.7029766296835034,0.206213562126832,0.09080980818966473,47
39,0.686606464016099,0.2254849214002001,0.08790861458370088,47
40,0.6928270938873132,0.23502207895010235,0.07215082716258428,47
41,0.6821305303860193,0.24667294894694172,0.0711965206670388,47
42,0.6787626741448297,0.2517408942075383,0.06949643164763204,47
43,0.6742459460299104,0.26226968868759665,0.0634843652824929,47
44,0.6677828291703001,0.264476605440226,0.06774056538947401,47
45,0.6665135777879774,0.2610533241067965,0.0724330981052261,47
46,0.6556817869166494,0.2602188308220369,0.08409938226131373,47
47,0.6613117894228051,0.25277884712601995,0.08590936345117496,47
48,0.6551225703347042,0.2547378952355222,0.09013953442977357,47
49,0.6417730316010228,0.26126796253350343,0.09695900586547364,47
50,0.6178517283198961,0.2817012119492774,0.10044705973082645,47
1,0.0,0.24,0.76,48
2,0.212835913509133,0.2131577237379182,0.5740063627529488,48
3,0.3411689391149241,0.2292626053037126,0.42956845558136336,48
4,0.5122792168370873,0.2237580558411425,0.2639627273217701,48
5,0.5224832074152793,0.21804584603264482,0.2594709465520758,48
6,0.5318718684553467,0.21360436940103075,0.2545237621436225,48
7,0.5432879842900767,0.2084581426425312,0.24825387306739208,48
8,0.5542781672960866,0.2101502830580678,0.2355715496458456,48
9,0.5633144016411278,0.20841307428346956,0.22827252407540272,48
10,0.6109612688981444,0.18672990422026012,0.20230882688159554,48
11,0.5776883799446983,0.22123926603060262,0.20107235402469917,48
12,0.5896507210222842,0.224303960973917,0.18604531800379875,48
13,0.6055337515204888,0.21536552604490067,0.17910072243461056,48
14,0.6135282397970817,0.3025741671842851,0.08389759301863325,48
15,0.614765486809192,0.3675638319338056,0.01767068125700233,48
16,0.6307722548462358,0.36922774515376416,0.0,48
17,0.6416342438202174,0.35836575617978256,0.0,48
18,0.6436779033660063,0.3563220966339938,0.0,48
19,0.6506495514970057,0.3493504485029943,0.0,48
20,0.6567326804091181,0.34326731959088197,0.0,48
21,0.6557361012863654,0.34426389871363466,0.0,48
22,0.6637334855549294,0.3362665144450705,0.0,48
23,0.6655307471500372,0.33446925284996265,0.0,48
24,0.6739728776335059,0.326027122366494,0.0,48
25,0.6757299021011687,0.32427009789883127,0.0,48
26,0.6896805188331662,0.31031948116683383,0.0,48
27,0.6905386383545379,0.3094613616454622,0.0,48
28,0.6989164698116835,0.3010835301883165,0.0,48
29,0.7094934996861886,0.2335916171014649,0.056914883212346445,48
30,0.7080923842590899,0.20866866299750347,0.0832389527434065,48
31,0.7120505249526904,0.1975277349868129,0.0904217400604967,48
32,0.7249138875915899,0.19356608766848968,0.08152002473992029,48
33,0.7192981095004444,0.1794839249739482,0.10121796552560737,48
34,0.7049159088561436,0.18725563461610817,0.10782845652774826,48
35,0.705578708134263,0.1855846030096647,0.10883668885607224,48
36,0.71337271602865,0.19329854846304415,0.0933287355083059,48
37,0.7022798304567842,0.2051294745500768,0.09259069499313892,48
38,0.702930878621733,0.2062894317423638,0.09077968963590331,48
39,0.6864258741298397,0.2256903215775238,0.0878838042926365,48
40,0.6926320330315656,0.23531265599748769,0.07205531097094672,48
41,0.6818039155069973,0.2470069401709357,0.07118914432206701,48
42,0.6784549735988602,0.252118462084051,0.06942656431708887,48
43,0.6740060793587301,0.2627889748659917,0.06320494577527812,48
44,0.6675062196816757,0.2650795662744675,0.06741421404385688,48
45,0.666431313623111,0.2614196947473018,0.07214899162958721,48
46,0.6556776144319278,0.2604843575985961,0.08383802796947616,48
47,0.6614117764312574,0.25293483448286785,0.08565338908587489,48
48,0.654963270609804,0.25514005380842913,0.08989667558176687,48
49,0.6421543388222004,0.261297375592704,0.09654828558509551,48
50,0.6181369286907742,0.2817885217049766,0.10007454960424915,48
1,0.0,0.24,0.76,49
2,0.2128251932499442,0.21316152525583268,0.5740132814942231,49
3,0.3411687219113675,0.22926439253320846,0.42956688555542405,49
4,0.512280590230106,0.22375962703976585,0.26395978273012816,49
5,0.5224860107225202,0.21804249556405578,0.259471493713424,49
6,0.5318778678360546,0.2135972498585677,0.2545248823053776,49
7,0.5432868333772402,0.20845489312814483,0.24825827349461504,49
8,0.5542727228839065,0.21016765828535297,0.23555961883074064,49
9,0.563323369201377,0.20842671484612715,0.22824991595249572,49
10,0.6109468119403599,0.18681168001440143,0.20224150804523866,49
11,0.5777129754758805,0.22119015195444947,0.20109687256967002,49
12,0.589645639760145,0.2242346475845454,0.18611971265530966,49
13,0.605558900513142,0.2152993898482904,0.17914170963856763,49
14,0.6138519762912424,0.30257688996919263,0.08357113373956492,49
15,0.6149922664809384,0.3674209776402938,0.017586755878767794,49
16,0.6306609505706028,0.36933904942939727,0.0,49
17,0.6419039780730761,0.35809602192692397,0.0,49
18,0.6435320342829647,0.35646796571703543,0.0,49
19,0.65081792746636,0.3491820725336399,0.0,49
20,0.656349741113694,0.34365025888630607,0.0,49
21,0.6554808143117524,0.34451918568824763,0.0,49
22,0.6635595068119207,0.3364404931880794,0.0,49
23,0.6657562079863323,0.3342437920136677,0.0,49
24,0.6738005213149317,0.3261994786850683,0.0,49
25,0.6754041725210292,0.3245958274789708,0.0,49
26,0.6903224788777008,0.30967752112229924,0.0,49
27,0.6897457637619036,0.3102542362380964,0.0,49
28,0.6994727112811706,0.3005272887188293,0.0,49
29,0.7090102657226403,0.2343222938994738,0.05666744037788601,49
30,0.7077620789519776,0.20902354362971318,0.08321437741830923,49
31,0.712010705443463,0.1976697738810066,0.09031952067553031,49
32,0.7247575632970796,0.19383593109234729,0.08140650561057294,49
33,0.7195630736229774,0.17937652244974558,0.10106040392727705,49
34,0.7048987134212035,0.18728762379649125,0.10781366278230538,49
35,0.7055404792163904,0.18554491750945193,0.10891460327415767,49
36,0.7133818851423352,0.19332747873408132,0.09329063612358349,49
37,0.7022891078123046,0.20518596038270606,0.09252493180498945,49
38,0.7029269362520231,0.20632949402960712,0.09074356971836987,49
39,0.6863399863773574,0.22581208875651745,0.08784792486612505,49
40,0.6925433920990401,0.23548359034561242,0.07197301755534752,49
41,0.6816085293917316,0.24721456862783056,0.07117690198043779,49
42,0.6782397611638975,0.25237353646394234,0.06938670237216006,49
43,0.6738145149330991,0.26314319996525576,0.0630422851016452,49
44,0.667298116825392,0.26548188447661647,0.06721999869799161,49
45,0.6663232334245369,0.261680161790118,0.07199660478534514,49
46,0.6556550621565054,0.26066032144752,0.0836846163959745,49
47,0.6614516046650617,0.25304441592698224,0.08550397940795601,49
48,0.654808944835491,0.2554294982000282,0.08976155696448064,49
49,0.6423461071759758,0.2613381386047902,0.09631575421923384,49
50,0.6182704818856891,0.2818673467611287,0.09986217135318218,49
1,0.0,0.24,0.76,50
2,0.2128218378845295,0.21316246780789264,0.5740156943075778,50
3,0.3411691537061839,0.22926512167984311,0.4295657246139729,50
4,0.5122813003508413,0.22376040789595542,0.26395829175320334,50
5,0.5224868372523405,0.21804096524247585,0.2594721975051837,50
6,0.5318808308731854,0.21359373237206655,0.25452543675474804,50
7,0.5432865609076365,0.20845344070078228,0.24825999839158122,50
8,0.554270152520395,0.21017634894600695,0.235553498533598,50
9,0.5633287115859946,0.2084339307482469,0.22823735766575862,50
10,0.6109416297296659,0.1868505316467216,0.20220783862361244,50
11,0.5777238367283261,0.22116814613624403,0.20110801713542978,50
12,0.5896460865807769,0.22419951847371933,0.1861543949455038,50
13,0.6055593639012469,0.21526449216670215,0.179176143932051,50
14,0.6140323733626929,0.3025610879245966,0.08340653871271049,50
15,0.6151022098251572,0.3673573140660698,0.017540476108772973,50
16,0.6305431982376094,0.36945680176239065,0.0,50
17,0.6420281897856366,0.3579718102143634,0.0,50
18,0.6434143499196425,0.35658565008035753,0.0,50
19,0.6508498673100723,0.3491501326899278,0.0,50
20,0.6560962439591507,0.3439037560408494,0.0,50
21,0.6553258000310913,0.3446741999689088,0.0,50
22,0.6635050536769421,0.3364949463230579,0.0,50
23,0.6658512830480257,0.33414871695197423,0.0,50
24,0.6737586499223716,0.32624135007762833,0.0,50
25,0.6752846519703051,0.32471534802969493,0.0,50
26,0.6906257571888531,0.30937424281114684,0.0,50
27,0.6893557320402464,0.31064426795975364,0.0,50
28,0.699702437735198,0.3002975622648021,0.0,50
29,0.7087633649303151,0.23467344142986574,0.05656319363981908,50
30,0.7075875458503986,0.20919844779124377,0.08321400635835766,50
31,0.7119960197568315,0.19773595299416089,0.09026802724900759,50
32,0.7246944428789096,0.19396359908608007,0.08134195803501047,50
33,0.7196953773262064,0.17932392990604576,0.10098069276774807,50
34,0.7048880720618594,0.18730501908963101,0.10780690884850962,50
35,0.70551255598301,0.18552776407833835,0.10895967993865179,50
36,0.7133726912493485,0.19334534760104075,0.09328196114961074,50
37,0.7023016663562169,0.2052089359510579,0.0924893976927252,50
38,0.7029317671074035,0.2063457250224249,0.0907225078701717,50
39,0.6863071339834729,0.22586746102831579,0.08782540498821131,50
40,0.6925141802461252,0.23555930349133997,0.0719265162625347,50
41,0.6815216594496226,0.2473108303961654,0.07116751015421198,50
42,0.6781287068420365,0.25250152059418846,0.06936977256377498,50
43,0.6737041197547621,0.2633241643642627,0.0629717158809752,50
44,0.6671867382535758,0.2656820313231306,0.06713123042329364,50
45,0.6662462089191771,0.26181721747933895,0.07193657360148399,50
46,0.6556345069632395,0.2607481209734338,0.08361737206332663,50
47,0.6614601429200735,0.25310124997885275,0.08543860710107383,50
48,0.6547104601015143,0.2555835296067769,0.08970601029170863,50
49,0.6424138987974146,0.2613679888912462,0.09621811231133917,50
50,0.6183118268261414,0.28191595805394776,0.0997722151199108,50
