horizon,stock_weight,bond_weight,t_bill_weight,iteration
1,0.0,0.24,0.76,0
2,0.0,0.24,0.76,0
3,0.0,0.24,0.76,0
4,0.0,0.24,0.76,0
5,0.0,0.24,0.76,0
6,0.0,0.24,0.76,0
7,0.0,0.24,0.76,0
8,0.0,0.24,0.76,0
9,0.0,0.24,0.76,0
10,0.0,0.24,0.76,0
11,0.0,0.24,0.76,0
12,0.0,0.24,0.76,0
13,0.0,0.24,0.76,0
14,0.0,0.24,0.76,0
15,0.0,0.24,0.76,0
16,0.0,0.24,0.76,0
17,0.0,0.24,0.76,0
18,0.0,0.24,0.76,0
19,0.0,0.24,0.76,0
20,0.0,0.24,0.76,0
21,0.0,0.24,0.76,0
22,0.0,0.24,0.76,0
23,0.0,0.24,0.76,0
24,0.0,0.24,0.76,0
25,0.0,0.24,0.76,0
26,0.0,0.24,0.76,0
27,0.0,0.24,0.76,0
28,0.0,0.24,0.76,0
29,0.0,0.24,0.76,0
30,0.0,0.24,0.76,0
31,0.0,0.24,0.76,0
32,0.0,0.24,0.76,0
33,0.0,0.24,0.76,0
34,0.0,0.24,0.76,0
35,0.0,0.24,0.76,0
36,0.0,0.24,0.76,0
37,0.0,0.24,0.76,0
38,0.0,0.24,0.76,0
39,0.0,0.24,0.76,0
40,0.0,0.24,0.76,0
41,0.0,0.24,0.76,0
42,0.0,0.24,0.76,0
43,0.0,0.24,0.76,0
44,0.0,0.24,0.76,0
45,0.0,0.24,0.76,0
46,0.0,0.24,0.76,0
47,0.0,0.24,0.76,0
48,0.0,0.24,0.76,0
49,0.0,0.24,0.76,0
50,0.0,0.24,0.76,0
1,0.026666655958085893,0.22666667121524967,0.7466666728266644,1
2,0.026666705477836432,0.22666662415682093,0.7466666703653426,1
3,0.02666670057109749,0.22666662907805635,0.7466666703508462,1
4,0.02666669659668571,0.2266666330483931,0.7466666703549212,1
5,0.026666691527711582,0.226666637478336,0.7466666709939525,1
6,0.026666686495955674,0.22666664206754256,0.7466666714365018,1
7,0.026666681185234777,0.2266666469723852,0.74666667184238,1
8,0.02666667681178825,0.22666665119820015,0.7466666719900116,1
9,0.026666672766649416,0.22666665491251994,0.7466666723208306,1
10,0.026666668762799092,0.22666665857235402,0.7466666726648469,1
11,0.026666662478499185,0.2266666641978978,0.746666673323603,1
12,0.02666665865776842,0.22666666769630592,0.7466666736459256,1
13,0.026666657346388914,0.22666666901854698,0.746666673635064,1
14,0.0266666529827919,0.2266666729712296,0.7466666740459784,1
15,0.02666665014077,0.22666667546225266,0.7466666743969774,1
16,0.026666647565476972,0.22666667754883585,0.7466666748856872,1
17,0.02666664412211148,0.22666668055986658,0.7466666753180219,1
18,0.02666664106605951,0.226666683059178,0.7466666758747624,1
19,0.026666638250076227,0.2266666855051885,0.7466666762447353,1
20,0.026666635622079413,0.22666668765886677,0.7466666767190538,1
21,0.026666633423836447,0.22666668942946097,0.7466666771467025,1
22,0.026666630296835227,0.22666669196926867,0.7466666777338962,1
23,0.026666626810344343,0.22666669474037496,0.7466666784492807,1
24,0.026666624209425463,0.22666669678735363,0.7466666790032209,1
25,0.026666620363783113,0.22666669987562002,0.7466666797605969,1
26,0.02666661637417317,0.22666670313489126,0.7466666804909357,1
27,0.026666612833511145,0.22666670599108185,0.746666681175407,1
28,0.026666607869923312,0.22666670992361523,0.7466666822064614,1
29,0.026666602717544063,0.22666671405046737,0.7466666832319886,1
30,0.02666659729661774,0.22666671861027032,0.746666684093112,1
31,0.026666591252178202,0.22666672360537837,0.7466666851424435,1
32,0.026666584844369498,0.22666672889914316,0.7466666862564874,1
33,0.026666577268423922,0.22666673523066813,0.7466666875009079,1
34,0.02666656987698999,0.22666674106475962,0.7466666890582504,1
35,0.02666656099374608,0.22666674853987276,0.7466666904663811,1
36,0.02666655078883362,0.22666675704780304,0.7466666921633633,1
37,0.02666653927540994,0.22666676638696073,0.7466666943376293,1
38,0.026666527112871718,0.22666677619753126,0.746666696689597,1
39,0.0266665118549267,0.22666678882661082,0.7466666993184625,1
40,0.02666649401028072,0.2266668032446546,0.7466667027450646,1
41,0.026666474163236704,0.22666681922312024,0.746666706613643,1
42,0.02666645261214516,0.22666683627344797,0.7466667111144069,1
43,0.026666425795565912,0.22666685724969693,0.7466667169547372,1
44,0.026666393743465668,0.22666688181403105,0.7466667244425033,1
45,0.026666354938027183,0.2266669116680218,0.7466667333939511,1
46,0.026666296956420858,0.2266669579288868,0.7466667451146923,1
47,0.026666212520742878,0.22666702127414867,0.7466667662051085,1
48,0.026666089497396153,0.22666711790969177,0.7466667925929121,1
49,0.02666588164193066,0.2266672731145781,0.7466668452434913,1
50,0.02666496175617299,0.2266680163686386,0.7466670218751884,1
1,0.052517111789364856,0.21302722558429013,0.734455662626345,2
2,0.05326567932584033,0.21334435111715333,0.7333899695570063,2
3,0.053274928412380754,0.21334416181411683,0.7333809097735023,2
4,0.05327463432253816,0.2133465277478486,0.7333788379296132,2
5,0.053293344841526424,0.21333817768441518,0.7333684774740583,2
6,0.05327485677572965,0.21335275559893788,0.7333723876253325,2
7,0.05328887400037546,0.21334726904064924,0.7333638569589753,2
8,0.05325934379956291,0.2133641354716305,0.7333765207288067,2
9,0.05329314793845895,0.2133492765780379,0.7333575754835031,2
10,0.05325559527667588,0.21337364999077674,0.7333707547325474,2
11,0.05328155627276313,0.21335817696556625,0.7333602667616707,2
12,0.05328822793622462,0.21335621983419512,0.7333555522295803,2
13,0.05329064152692571,0.21335458775785965,0.7333547707152146,2
14,0.053296513382301375,0.21335324755277285,0.7333502390649258,2
15,0.05329370650520103,0.21335516469340082,0.7333511288013981,2
16,0.05329859579396294,0.2133516316056174,0.7333497726004197,2
17,0.05329099465585327,0.21335774705868307,0.7333512582854637,2
18,0.053290988433552004,0.21335824087228275,0.7333507706941653,2
19,0.05331609002595532,0.2133434535207799,0.7333404564532648,2
20,0.053300711184783356,0.21335283179779446,0.7333464570174222,2
21,0.05328803497776119,0.21336223804626042,0.7333497269759784,2
22,0.05329490743525025,0.2133577802699532,0.7333473122947965,2
23,0.05330081565687273,0.21335426106986133,0.733344923273266,2
24,0.053296615220421756,0.21335692928761746,0.7333464554919609,2
25,0.05329651805506234,0.2133569822375855,0.7333464997073522,2
26,0.05330219347287779,0.21335402685186428,0.733343779675258,2
27,0.05329608395330896,0.21335790309183625,0.7333460129548548,2
28,0.05329251345516722,0.21336179741400504,0.7333456891308278,2
29,0.053306654278986766,0.21335324089421626,0.733340104826797,2
30,0.05330274922221411,0.21335663299482768,0.7333406177829582,2
31,0.05330439024612605,0.2133558200040697,0.7333397897498042,2
32,0.05329981931134527,0.21335854467464563,0.7333416360140089,2
33,0.05329737984452601,0.21335953366510654,0.7333430864903675,2
34,0.05329917147342948,0.21336038727082185,0.7333404412557487,2
35,0.0532944367358023,0.2133635479748748,0.733342015289323,2
36,0.05330936748996183,0.21335408438846373,0.7333365481215744,2
37,0.05331013735029193,0.21335409483643708,0.733335767813271,2
38,0.05331151425422503,0.21335411531391135,0.7333343704318637,2
39,0.053301059237784144,0.21336228633923016,0.7333366544229857,2
40,0.05330925207575754,0.21335898452127025,0.7333317634029722,2
41,0.05330808943994321,0.21335925668121963,0.7333326538788372,2
42,0.053313744378445986,0.21335960730395181,0.7333266483176022,2
43,0.05331439297491706,0.2133598641072452,0.7333257429178378,2
44,0.05329329329499971,0.21337883831640417,0.7333278683885962,2
45,0.05330102092407021,0.21337191077425222,0.7333270683016776,2
46,0.053302471980036195,0.21337042584235924,0.7333271021776046,2
47,0.05332518121710058,0.21335710746527042,0.733317711317629,2
48,0.05331226898073179,0.21336301511848732,0.7333247159007809,2
49,0.05329297272243844,0.21338041518991835,0.7333266120876432,2
50,0.053252821912017925,0.21339550945815974,0.7333516686298223,2
1,0.07819690032643438,0.1993220506832845,0.7224810489902811,3
2,0.07969116628742832,0.20007861767250115,0.7202302160400705,3
3,0.07976047026655311,0.20007233489495546,0.7201671948384915,3
4,0.07979813026517475,0.20005581595377028,0.7201460537810548,3
5,0.0798516101564105,0.20003053750150032,0.7201178523420891,3
6,0.07979154707570629,0.2000740227987976,0.7201344301254962,3
7,0.07984028320363074,0.2000546056917512,0.7201051111046182,3
8,0.07976854432232772,0.2000986507284017,0.7201328049492706,3
9,0.07985053058538422,0.20006572256677949,0.7200837468478363,3
10,0.07976208769440452,0.20012154021326656,0.7201163720923289,3
11,0.07981277927668062,0.20009353354220585,0.7200936871811136,3
12,0.07983269983634302,0.2000892876197216,0.7200780125439354,3
13,0.07983624346507745,0.20008801504472568,0.7200757414901968,3
14,0.07985960219492289,0.20007678284223845,0.7200636149628385,3
15,0.07984966746245047,0.2000831862353718,0.7200671463021777,3
16,0.07987585752469577,0.200067773239715,0.7200563692355892,3
17,0.07984018456953489,0.20009406847676325,0.7200657469537018,3
18,0.07986369349568853,0.2000805709584156,0.7200557355458959,3
19,0.07991144197307479,0.20005205493998215,0.7200365030869431,3
20,0.07987619352587619,0.20007392828181422,0.7200498781923096,3
21,0.07984482739802529,0.20009599831062708,0.7200591742913477,3
22,0.07983927723157414,0.20010001909236302,0.7200607036760629,3
23,0.07986598071901276,0.2000853288361926,0.7200486904447947,3
24,0.07984636322114128,0.2000979450421525,0.7200556917367062,3
25,0.07986242818297103,0.2000877083497751,0.7200498634672539,3
26,0.07985977025293989,0.20009230553981178,0.7200479242072484,3
27,0.07985384454072673,0.20009642599216657,0.7200497294671067,3
28,0.07985715305748792,0.2001014180411989,0.7200414289013133,3
29,0.07988613105156282,0.20008703605144984,0.7200268328969873,3
30,0.07987366682485457,0.20009422159665097,0.7200321115784944,3
31,0.07987365941251406,0.20009410607126096,0.7200322345162248,3
32,0.0798721063470205,0.20009437655391743,0.7200335170990622,3
33,0.07986722428708706,0.2000973662572106,0.7200354094557023,3
34,0.07986208289206502,0.20010607781945997,0.720031839288475,3
35,0.07985806873411001,0.20010870871631575,0.7200332225495742,3
36,0.07989358916091381,0.2000842761535268,0.7200221346855593,3
37,0.07988936935318879,0.20009006980622948,0.7200205608405817,3
38,0.07989345915309239,0.2000893675657288,0.7200171732811789,3
39,0.0798865779972572,0.20009631585437213,0.7200171061483707,3
40,0.07989687147774208,0.20009732707583985,0.7200058014464181,3
41,0.07988395214145182,0.20010859457337943,0.7200074532851688,3
42,0.07990517220530247,0.2000960052424993,0.7199988225521983,3
43,0.07990141366868321,0.20010434353147774,0.719994242799839,3
44,0.0798754293031407,0.20012721869094488,0.7199973520059144,3
45,0.07987186675098466,0.20012950616649647,0.7199986270825188,3
46,0.07987983343793528,0.2001248504099333,0.7199953161521314,3
47,0.07993371585381942,0.20009583641195636,0.7199704477342243,3
48,0.07991722232888311,0.2001024838419369,0.7199802938291799,3
49,0.07984112346956246,0.20016400373703763,0.7199948727934,3
50,0.07971822886628228,0.2001901888976393,0.7200915822360784,3
1,0.1020883743651684,0.18527873002930936,0.7126328956055222,4
2,0.10586914211192129,0.18686949359033325,0.7072613642977454,4
3,0.10602341313559885,0.18686577382548453,0.7071108130389167,4
4,0.10617443747468158,0.1867969515725361,0.7070286109527824,4
5,0.10626727794353649,0.18675651193244816,0.7069762101240153,4
6,0.1061501757799075,0.18684171774951774,0.7070081064705748,4
7,0.10624960591349075,0.1868055794566397,0.7069448146298696,4
8,0.10611543901595105,0.18689367955888875,0.7069908814251602,4
9,0.10625542004681136,0.18684562770508112,0.7068989522481075,4
10,0.10612055834080089,0.18693653411333874,0.7069429075458604,4
11,0.1061957459305441,0.18689886549534912,0.7069053885741068,4
12,0.10623852392684384,0.18689212288761722,0.7068693531855389,4
13,0.10623928709340665,0.1868956283180768,0.7068650845885165,4
14,0.10628932858598251,0.1868701702479168,0.7068405011661008,4
15,0.1063030511499195,0.18686258416872623,0.7068343646813541,4
16,0.10635202240194436,0.1868383287592729,0.7068096488387828,4
17,0.10627268117072583,0.18689667230209459,0.7068306465271795,4
18,0.10634647902284919,0.18685504387726695,0.7067984770998839,4
19,0.10643775013075608,0.18679643801139872,0.7067658118578453,4
20,0.1063629280486362,0.18684568943953828,0.7067913825118255,4
21,0.10629054741174483,0.18689521593068828,0.7068142366575669,4
22,0.10629396189289589,0.18689313711885014,0.706812900988254,4
23,0.10633616194021492,0.18687359548825724,0.7067902425715279,4
24,0.10629146008374013,0.18690653535618457,0.7068020045600754,4
25,0.10632581657324566,0.1868863709272187,0.7067878124995357,4
26,0.10633189829209896,0.18688730248095656,0.7067807992269445,4
27,0.10631795867197773,0.18690105830523887,0.7067809830227835,4
28,0.10633788867289601,0.18690098147138323,0.7067611298557207,4
29,0.10638236063899568,0.1868795939194082,0.7067380454415961,4
30,0.10634978051974689,0.18689938163580866,0.7067508378444445,4
31,0.10635521978750692,0.18689841911021085,0.7067463611022822,4
32,0.10636022386127415,0.18689630257871623,0.7067434735600095,4
33,0.10634839949955806,0.18690335385418322,0.7067482466462587,4
34,0.10634375715351732,0.18691557986863133,0.7067406629778514,4
35,0.10634076190597788,0.18691956959659028,0.7067396684974319,4
36,0.1064012675272469,0.18687783876175815,0.706720893710995,4
37,0.10639757836080163,0.18689035961402167,0.7067120620251767,4
38,0.10640762957112185,0.18688872768295944,0.7067036427459188,4
39,0.10640575241403054,0.18689678456374037,0.7066974630222291,4
40,0.10640514803366796,0.18691458243644363,0.7066802695298884,4
41,0.10638921016458483,0.18692903927263715,0.706681750562778,4
42,0.10641875483368735,0.18691144559039102,0.7066697995759217,4
43,0.10641349058319408,0.18692971733508953,0.7066567920817164,4
44,0.10641237290416784,0.18694335344423693,0.7066442736515952,4
45,0.10638424451319434,0.1869630039309676,0.7066527515558381,4
46,0.10639773964838384,0.18695683946367228,0.7066454208879439,4
47,0.10647657024342917,0.18692194310414567,0.7066014866524252,4
48,0.10648331494479511,0.1869224219365246,0.7065942631186802,4
49,0.10635765616908946,0.18701416407726737,0.7066281797536432,4
50,0.10604514232565272,0.18707557507797673,0.7068792825963706,4
1,0.12423236887919863,0.17106267545195647,0.704704955668845,5
2,0.13148793079546284,0.17383215699848026,0.694679912206057,5
3,0.13197792494563687,0.17374519572539981,0.6942768793289633,5
4,0.13233220691172587,0.17358180180300406,0.69408599128527,5
5,0.13246111698677912,0.17353614302454717,0.6940027399886737,5
6,0.13228721682632053,0.17366819918646811,0.6940445839872114,5
7,0.13243151986655147,0.1736294154381922,0.6939390646952563,5
8,0.13223273373051622,0.1737715314411287,0.6939957348283551,5
9,0.13244664890803146,0.173708647315152,0.6938447037768165,5
10,0.13224973914635826,0.17385086248916984,0.6938993983644719,5
11,0.13239499728509618,0.1737845577278205,0.6938204449870833,5
12,0.13241815189933823,0.1738070393939646,0.6937748087066972,5
13,0.13242959301238405,0.17381117089388606,0.6937592360937299,5
14,0.13254915722235533,0.17374492051300944,0.6937059222646351,5
15,0.13257851487556946,0.17373218778165092,0.6936892973427796,5
16,0.1326629291106471,0.17369616678498734,0.6936409041043655,5
17,0.1325633388527523,0.1737717746292842,0.6936648865179635,5
18,0.13269625058122772,0.17370305847511952,0.6936006909436527,5
19,0.13283016506249548,0.17361448849647595,0.6935553464410286,5
20,0.1327195492255121,0.17369024251440965,0.6935902082600782,5
21,0.13257451918547383,0.1737843872906207,0.6936410935239055,5
22,0.13261985222344516,0.1737612592338435,0.6936188885427113,5
23,0.13266849479289575,0.17374575349505644,0.6935857517120478,5
24,0.13259645770450265,0.17380252358303164,0.6936010187124657,5
25,0.13264925879796913,0.17377441838221347,0.6935763228198175,5
26,0.13268532232982175,0.17375963829311972,0.6935550393770585,5
27,0.13266094700163,0.17378575694593185,0.6935532960524382,5
28,0.13270365923424599,0.1737811311925058,0.6935152095732482,5
29,0.1327451891312173,0.17376498613904057,0.6934898247297422,5
30,0.13270407457704636,0.17379051058698317,0.6935054148359705,5
31,0.1327337380271439,0.17377823072091284,0.6934880312519434,5
32,0.13273623358135442,0.17378329858642202,0.6934804678322235,5
33,0.13273620178424103,0.17378482824105737,0.6934789699747016,5
34,0.13270919214560828,0.1738190102470045,0.6934717976073872,5
35,0.1327214647348745,0.1738174415592237,0.6934610937059018,5
36,0.1328053053411289,0.17376032455605006,0.693434370102821,5
37,0.13279778645550339,0.17379027875735895,0.6934119347871376,5
38,0.13282532491560065,0.17378254223967649,0.6933921328447229,5
39,0.13283162580386862,0.1737865082299816,0.6933818659661497,5
40,0.13283983023618012,0.17381454759409426,0.6933456221697256,5
41,0.132792008598812,0.17386196655426908,0.6933460248469189,5
42,0.13284406027501722,0.17382859275346565,0.6933273469715172,5
43,0.13285346923899308,0.17385123324766275,0.6932952975133442,5
44,0.1328714574278821,0.17386100911480604,0.6932675334573118,5
45,0.13283506687716223,0.17388847632875168,0.693276456794086,5
46,0.1328261669388873,0.17392201106412808,0.6932518219969847,5
47,0.13297268772650472,0.17385232759520342,0.6931749846782919,5
48,0.13300620824915033,0.17385240884717426,0.6931413829036754,5
49,0.13283822052663052,0.1739596032732912,0.6932021762000783,5
50,0.13219915080442057,0.17408074554075686,0.6937201036548226,5
1,0.14437363369768785,0.1563040085649694,0.6993223577373427,6
2,0.15648663016315023,0.16091824846752845,0.6825951213693213,6
3,0.15755824893608683,0.16069854569595984,0.6817432053679533,6
4,0.15820691339111886,0.16039884722167594,0.6813942393872052,6
5,0.15835961509568056,0.16037136494590284,0.6812690199584166,6
6,0.15813306818800568,0.16055609780891367,0.6813108340030807,6
7,0.15828305890992803,0.1605473056020445,0.6811696354880274,6
8,0.15800520071401714,0.1607703386794838,0.6812244606064991,6
9,0.15836502144283884,0.16065821857175577,0.6809767599854054,6
10,0.15808586902514718,0.16087572139796935,0.6810384095768834,6
11,0.15833120056501623,0.16077573730384917,0.6808930621311345,6
12,0.15830811815969295,0.160853241498453,0.680838640341854,6
13,0.15833966526286522,0.16085646051851582,0.6808038742186189,6
14,0.15858643905400632,0.16071753145575948,0.6806960294902342,6
15,0.15862074558734673,0.16071187023900999,0.6806673841736433,6
16,0.15877114899110586,0.16065061103036313,0.680578239978531,6
17,0.1586648184058862,0.1607391238861353,0.6805960577079785,6
18,0.15885976146942082,0.16064795002791352,0.6804922885026656,6
19,0.1590327363449847,0.16053608522592697,0.6804311784290883,6
20,0.15888748169435638,0.16064090761200125,0.6804716106936424,6
21,0.1586842169128984,0.16077202329257959,0.6805437597945221,6
22,0.1587736382484584,0.16073003702153843,0.6804963247300032,6
23,0.15882374915130845,0.16072681120697407,0.6804494396417174,6
24,0.15873080824101404,0.1608068751367562,0.6804623166222298,6
25,0.15880722045435858,0.16076749119982103,0.6804252883458204,6
26,0.15887760032253687,0.16073854972616228,0.6803838499513009,6
27,0.15884594789396586,0.1607776671988579,0.6803763849071762,6
28,0.15890587877678292,0.1607729367425963,0.6803211844806207,6
29,0.15895094422739384,0.1607645677743655,0.6802844879982406,6
30,0.15893219043885876,0.16077824167992463,0.6802895678812166,6
31,0.15896621639459518,0.16076840213105648,0.6802653814743483,6
32,0.15897441210859223,0.1607761639989038,0.680249423892504,6
33,0.15900251195883625,0.16076595265938046,0.6802315353817833,6
34,0.15893720318626697,0.16083556292785647,0.6802272338858765,6
35,0.15896441726477076,0.160836156242636,0.6801994264925932,6
36,0.15908111077163126,0.16076480091396636,0.6801540883144024,6
37,0.15908456816041297,0.16080183366673276,0.6801135981728543,6
38,0.15911387837926486,0.16080605137237222,0.6800800702483629,6
39,0.1591591931710337,0.16078837182613873,0.6800524350028276,6
40,0.15916144782940844,0.16084791695934852,0.679990635211243,6
41,0.1590684530296217,0.1609443801318324,0.6799871668385459,6
42,0.15915071722858384,0.16089622020567143,0.6799530625657447,6
43,0.15918788504038095,0.16092108225735546,0.6798910327022636,6
44,0.1592315924186279,0.1609288908799895,0.6798395167013827,6
45,0.15920438065435308,0.16095659821003902,0.6798390211356079,6
46,0.1591404080301045,0.1610677789509972,0.6797918130188982,6
47,0.15937469104795282,0.1609575034182281,0.6796678055338191,6
48,0.15942958915352887,0.16096495615679088,0.6796054546896803,6
49,0.15923676884280602,0.16108646627973516,0.6796767648774589,6
50,0.1581293726077937,0.1612533304838039,0.6806172969084024,6
1,0.16267805082383627,0.14109336156538105,0.6962285876107827,7
2,0.18074950621914568,0.1481492174994985,0.6711012762813559,7
3,0.1826647505467082,0.147743327406341,0.6695919220469508,7
4,0.18365537262766415,0.14729856890447682,0.669046058467859,7
5,0.18392286413289438,0.14725841247462423,0.6688187233924814,7
6,0.18347992727324358,0.1475898217891956,0.6689302509375608,7
7,0.1837506069792506,0.1475607935491679,0.6686885994715814,7
8,0.18338665320962783,0.14788717987608435,0.6687261669142879,7
9,0.1839359386639958,0.14771389822112252,0.6683501631148816,7
10,0.18355524800529982,0.14803217245758662,0.6684125795371136,7
11,0.18391089614871775,0.14791086862331135,0.6681782352279709,7
12,0.18383053034003707,0.14806095873260117,0.6681085109273618,7
13,0.18391907446451491,0.14804103110264255,0.6680398944328425,7
14,0.18434427674435558,0.14780486544319016,0.6678508578124542,7
15,0.18437224517373682,0.14782236829776413,0.667805386528499,7
16,0.18461397556197504,0.14772667239069423,0.6676593520473307,7
17,0.18450129283891045,0.14783286597966186,0.6676658411814277,7
18,0.18477565611946387,0.14771842794089246,0.6675059159396437,7
19,0.18497116105244832,0.14760106728627806,0.6674277716612736,7
20,0.18480510469959016,0.14772947797152586,0.6674654173288839,7
21,0.1845623904883303,0.14789134006833304,0.6675462694433366,7
22,0.18469595807907022,0.1478327837695422,0.6674712581513875,7
23,0.18476016944488527,0.14783937036536543,0.6674004601897493,7
24,0.1846636969181037,0.14793690394805278,0.6673993991338435,7
25,0.1847685710948779,0.14788979244220551,0.6673416364629166,7
26,0.18487578040769426,0.1478430897890684,0.6672811298032373,7
27,0.1848371720325913,0.14790205940145704,0.6672607685659516,7
28,0.18490411975701837,0.1479062057535868,0.6671896744893948,7
29,0.1849767064977478,0.14789152351629356,0.6671317699859587,7
30,0.1849888062108585,0.14789211839470925,0.6671190753944323,7
31,0.18500755206362754,0.14790455990356935,0.6670878880328032,7
32,0.1850359850358643,0.1479079073450998,0.667056107619036,7
33,0.18510433726865178,0.14788625509285852,0.6670094076384896,7
34,0.1850013820681284,0.14799421680498187,0.6670044011268896,7
35,0.18505343096010865,0.14799411692699946,0.6669524521128919,7
36,0.18521467266722455,0.14790832098919557,0.6668770063435798,7
37,0.18522223095752546,0.14796245666426347,0.6668153123782111,7
38,0.185251966187411,0.1479886964394675,0.6667593373731215,7
39,0.1853550063463587,0.1479400133284316,0.6667049803252096,7
40,0.18534363980267388,0.1480441796440635,0.6666121805532627,7
41,0.18522221049442703,0.14819055738496265,0.6665872321206103,7
42,0.18529662385397946,0.14816623927751618,0.6665371368685044,7
43,0.18538860586079242,0.14818505372866775,0.6664263404105398,7
44,0.1854685385656695,0.14819355479982238,0.6663379066345081,7
45,0.18546839367843648,0.14821827725241002,0.6663133290691535,7
46,0.18534933022290595,0.14841890689136417,0.6662317628857299,7
47,0.18570187455266599,0.14826260047058804,0.666035524976746,7
48,0.18571189467271818,0.14833322984861147,0.6659548754786704,7
49,0.18549179103408311,0.14847189543258743,0.6660363135333295,7
50,0.18383161318939822,0.1485764929751938,0.6675918938354081,7
1,0.1782333719212597,0.12545336435355553,0.6963132637251848,8
2,0.20401613891302356,0.13558242788270097,0.6604014332042756,8
3,0.20725909832935502,0.13483956153291474,0.6579013401377303,8
4,0.2085793515557928,0.13429373696945557,0.6571269114747517,8
5,0.2089645145988648,0.13425718946204535,0.6567782959390899,8
6,0.20825833529902477,0.13476692587536565,0.6569747388256095,8
7,0.20867190264668256,0.1347229260125244,0.656605171340793,8
8,0.2082382704391502,0.13517010808506238,0.6565916214757874,8
9,0.20903725611651897,0.13491762079816244,0.6560451230853186,8
10,0.20856183280075485,0.13534929752204394,0.6560888696772013,8
11,0.20903718633347054,0.1352185983543931,0.6557442153121363,8
12,0.20892162041597018,0.13544146048201877,0.655636919102011,8
13,0.20908734025383519,0.13539190661121542,0.6555207531349494,8
14,0.20972403839313947,0.1350527189514077,0.6552232426554528,8
15,0.2097666941509029,0.13508621599041085,0.6551470898586863,8
16,0.21009768330459755,0.13496753920128762,0.6549347774941148,8
17,0.20999426657310524,0.135093956249804,0.6549117771770907,8
18,0.21037361487211648,0.13494721895382913,0.6546791661740544,8
19,0.21058153549579384,0.13484016446496555,0.6545783000392407,8
20,0.21040761693671975,0.13499170215383333,0.6546006809094469,8
21,0.2101476518848856,0.13517715940210434,0.65467518871301,8
22,0.21032117191935432,0.1351129255056792,0.6545659025749665,8
23,0.2104245702421156,0.1351135522381857,0.6544618775196988,8
24,0.21034220899103015,0.13522117951826562,0.6544366114907042,8
25,0.2104813747925661,0.1351736577270783,0.6543449674803556,8
26,0.21063254474940035,0.13511101492016928,0.6542564403304303,8
27,0.21058848464303564,0.13519072019336953,0.6542207951635948,8
28,0.2106683943238612,0.13520367606102263,0.6541279296151161,8
29,0.2107583414923144,0.13519139714244835,0.6540502613652373,8
30,0.21082888287305912,0.13516968036236868,0.6540014367645722,8
31,0.210832128112097,0.13521184902955,0.653956022858353,8
32,0.2108879351922145,0.13520935650594093,0.6539027083018446,8
33,0.21099943686023429,0.13517914652879587,0.6538214166109699,8
34,0.21087328487830925,0.13532745822069403,0.6537992569009967,8
35,0.21095387251720002,0.1353291383076146,0.6537169891751854,8
36,0.21114646793681732,0.135245976782875,0.6536075552803077,8
37,0.2111854101309465,0.1353005981360405,0.653513991733013,8
38,0.21121298390806745,0.13536096450157195,0.6534260515903606,8
39,0.21137754913538306,0.13529318150069874,0.6533292693639181,8
40,0.21136380944272268,0.1354388152351815,0.6531973753220958,8
41,0.21122650183806532,0.13563427768878802,0.6531392204731467,8
42,0.21127185496300743,0.13566751940655905,0.6530606256304334,8
43,0.21144879052733567,0.1356701701687918,0.6528810393038725,8
44,0.21160712662186565,0.13566517031846637,0.652727703059668,8
45,0.21160585807060486,0.1357238814449177,0.6526702604844774,8
46,0.21146242879631283,0.13600488172299577,0.6525326894806914,8
47,0.2119279568372664,0.13581709782223664,0.652254945340497,8
48,0.2118452356106953,0.13599295344282442,0.6521618109464804,8
49,0.21163179393081985,0.1361334017110098,0.6522348043581703,8
50,0.20929263206833096,0.13602873592789858,0.6546786320037705,8
1,0.19168809102452938,0.1099504733798465,0.6983614355956241,9
2,0.2259563296823918,0.12344584006090856,0.6505978302566997,9
3,0.23114318641847942,0.12207559672865853,0.646781216852862,9
4,0.23282512726972168,0.12145030813223437,0.645724564598044,9
5,0.2333789907509367,0.12141444591510764,0.6452065633339557,9
6,0.23241051777400187,0.12211377396570473,0.6454757082602934,9
7,0.2328171502745804,0.12216109792029099,0.6450217518051287,9
8,0.2324456313170401,0.12267708744068977,0.6448772812422702,9
9,0.23356573920001092,0.12231628832639238,0.6441179724735967,9
10,0.2330188961502395,0.1228642640399665,0.644116839809794,9
11,0.23363723528541,0.12272755307420505,0.643635211640385,9
12,0.23351831132083142,0.12301762531331759,0.6434640633658508,9
13,0.23378508614341842,0.12293463629635144,0.6432802775602301,9
14,0.23463286221915178,0.12250208722315166,0.6428650505576966,9
15,0.23470707596693507,0.12255564205554903,0.6427372819775159,9
16,0.23516542381211056,0.12239869389252425,0.6424358822953652,9
17,0.235101490551704,0.12253827145212412,0.6423602379961718,9
18,0.23556508629112996,0.12238468380505078,0.6420502299038193,9
19,0.23576905383420865,0.1223061409186937,0.6419248052470976,9
20,0.23564256608558484,0.12245444158222851,0.6419029923321866,9
21,0.23540625270390447,0.12264725226845966,0.6419464950276359,9
22,0.23559091087699474,0.12260779721405521,0.6418012919089501,9
23,0.23576261135447737,0.12258245564028171,0.6416549330052409,9
24,0.23570579378018394,0.12269723020515458,0.6415969760146615,9
25,0.23588294249896485,0.12265708160349362,0.6414599758975416,9
26,0.2360933935811468,0.12257838492148579,0.6413282214973675,9
27,0.2360447951866454,0.12268107190876797,0.6412741329045867,9
28,0.23613591069643378,0.12270815152818244,0.6411559377753837,9
29,0.23626206961187857,0.12268918287139567,0.6410487475167258,9
30,0.23639617260824264,0.12265454774914857,0.6409492796426088,9
31,0.23637921818945393,0.1227338854063961,0.64088689640415,9
32,0.236482205587746,0.12271644542600255,0.6408013489862515,9
33,0.23664558331168295,0.12267600035304516,0.6406784163352719,9
34,0.23652094362851392,0.12285552792508235,0.6406235284464037,9
35,0.2366184315729727,0.12287628176526162,0.6405052866617656,9
36,0.23684594055112504,0.12280021517123861,0.6403538442776363,9
37,0.2369389228368593,0.12284515987100565,0.6402159172921351,9
38,0.23696345287229884,0.12295014785799802,0.6400863992697032,9
39,0.23718457797282502,0.1228786936834119,0.6399367283437631,9
40,0.23720452411642387,0.12305016145589683,0.6397453144276792,9
41,0.2370508926659749,0.12330754595667875,0.6396415613773463,9
42,0.23709015614234882,0.12339542374583883,0.6395144201118124,9
43,0.23735287510219455,0.12339749703574948,0.6392496278620561,9
44,0.2375926122304054,0.12338995208244476,0.6390174356871499,9
45,0.23756073375045036,0.1235238094396756,0.638915456809874,9
46,0.23743549087265695,0.12385383939124352,0.6387106697360996,9
47,0.2380580369452335,0.12362815075587369,0.6383138122988927,9
48,0.2378369655591857,0.12393861630571666,0.6382244181350977,9
49,0.23764349679172633,0.12409949113304757,0.6382570120752261,9
50,0.234468885374712,0.12366295144525592,0.6418681631800321,9
1,0.20330610336876023,0.09456021932226699,0.7021336773089728,10
2,0.24665713732606342,0.11167485835395838,0.6416680043199782,10
3,0.2541118163843599,0.10956970941227606,0.6363184742033641,10
4,0.25631264989029023,0.10881410342779343,0.6348732466819164,10
5,0.25694161715888897,0.10883578303682133,0.6342225998042897,10
6,0.25577363078232707,0.10969141172053268,0.6345349574971403,10
7,0.256141927263585,0.10987225287797614,0.6339858198584389,10
8,0.25594653277779394,0.11042985748344396,0.6336236097387622,10
9,0.25741493583997355,0.10995904599124909,0.6326260181687774,10
10,0.2568545473675008,0.11060898387701777,0.6325364687554814,10
11,0.2576262613441559,0.11048098756139454,0.6318927510944495,10
12,0.25753101252489413,0.11083395822304373,0.631635029252062,10
13,0.2579054644768142,0.11072681707037169,0.6313677184528141,10
14,0.2590176460827467,0.11017531207259164,0.6308070418446616,10
15,0.2591087853731059,0.11027136530542107,0.6306198493214731,10
16,0.25974044512905625,0.11005773675967302,0.6302018181112707,10
17,0.25975043751699256,0.11020211282436948,0.630047449658638,10
18,0.26029354194360127,0.1100549571655934,0.6296515008908053,10
19,0.26049380423358404,0.11001553084329159,0.6294906649231243,10
20,0.26043733022415,0.1101558443687898,0.6294068254070602,10
21,0.26025366421606266,0.11034452441595188,0.6294018113679855,10
22,0.26044897586034016,0.11034401222537918,0.6292070119142807,10
23,0.2607136135126533,0.11028735922191697,0.6289990272654297,10
24,0.26069719916560263,0.11040224605988933,0.628900554774508,10
25,0.26090650333108745,0.11038223679916306,0.6287112598697495,10
26,0.26119537896914224,0.1102843187420562,0.6285203022888015,10
27,0.26113950973929295,0.11042153091223804,0.6284389593484689,10
28,0.26125202514430446,0.11045703220078926,0.6282909426549063,10
29,0.26141121979909127,0.1104414831375925,0.6281472970633163,10
30,0.2616371270228481,0.11038149050252843,0.6279813824746234,10
31,0.26159555153043756,0.11050829391748254,0.6278961545520799,10
32,0.26176203243182095,0.11047093629039564,0.6277670312777834,10
33,0.2619881968194786,0.1104204004920006,0.6275914026885209,10
34,0.26189137767761195,0.11061667257756189,0.6274919497448261,10
35,0.26200434868221967,0.11067063388775877,0.6273250174300216,10
36,0.2622882257263389,0.11059094787121669,0.6271208264024444,10
37,0.2624175161899696,0.11064124371302106,0.6269412400970094,10
38,0.2624655884309559,0.11079063012862783,0.6267437814404162,10
39,0.2627211590514371,0.11074262985414293,0.6265362110944199,10
40,0.2627987411324365,0.1109347851935562,0.6262664736740073,10
41,0.2626773769277757,0.11122878476314722,0.626093838309077,10
42,0.2627470447672256,0.11136021151532713,0.6258927437174473,10
43,0.26304462254620975,0.11142147928827326,0.6255338981655171,10
44,0.26335838229006137,0.11143456243693925,0.6252070552729995,10
45,0.26330697502060607,0.11165265110499346,0.6250403738744005,10
46,0.2632062312549499,0.11204294959334207,0.624750819151708,10
47,0.2639883258757348,0.11178221725252652,0.6242294568717388,10
48,0.2636386302899847,0.11223048860770131,0.6241308811023139,10
49,0.2634483443827507,0.11244846363809323,0.6241031919791561,10
50,0.25916554008559284,0.1116363059133239,0.6291981540010834,10
1,0.21382788167711328,0.07926877213595547,0.7069033461869313,11
2,0.2661155581651119,0.10023920194973684,0.6336452398851513,11
3,0.27596963769530247,0.09741982304912479,0.6266105392555728,11
4,0.2789539492129416,0.09643509400214802,0.6246109567849104,11
5,0.2795227253596442,0.0966013056695921,0.6238759689707637,11
6,0.2782562370518455,0.0975290951239889,0.6242146678241656,11
7,0.27866431121979945,0.09784646612041352,0.623489222659787,11
8,0.27861627631795216,0.09850490513473661,0.6228788185473112,11
9,0.2804898426244874,0.0978997381073363,0.6216104192681763,11
10,0.2799806971213661,0.0986384058729371,0.6213808970056969,11
11,0.2809069246377008,0.09853740828676211,0.6205556670755372,11
12,0.28085960215631867,0.09894764125170158,0.6201927565919798,11
13,0.2814153584266193,0.09877604402193049,0.6198085975514502,11
14,0.28281006150041943,0.09810958815210959,0.619080350347471,11
15,0.28295556242642816,0.09823496359877146,0.6188094739748004,11
16,0.283734631921288,0.09799423176995627,0.6182711363087557,11
17,0.283847047620378,0.09814091936062769,0.6180120330189942,11
18,0.28449581014388836,0.09799396185207356,0.6175102280040381,11
19,0.28467821759380885,0.09801749313563585,0.6173042892705554,11
20,0.2847164004718694,0.09814496991261769,0.6171386296155129,11
21,0.2846257686790207,0.09830864580115611,0.6170655855198233,11
22,0.28482893990875224,0.09835958975325496,0.6168114703379928,11
23,0.2852222621095297,0.09825890596495597,0.6165188319255142,11
24,0.28525155411838354,0.09837970131366712,0.6163687445679493,11
25,0.2855082413028249,0.09838122450798989,0.6161105341891852,11
26,0.2858698916642839,0.09827547892540359,0.6158546294103125,11
27,0.2858134618302351,0.09844770654753401,0.615738831622231,11
28,0.2859682166841713,0.09848319435054848,0.6155485889652801,11
29,0.28616228134936783,0.09848062529346599,0.6153570933571662,11
30,0.28649788774743945,0.09839082937604342,0.6151112828765172,11
31,0.2864567849554337,0.0985555016711505,0.6149877133734158,11
32,0.2866726876700415,0.0985138497480321,0.6148134625819264,11
33,0.2869619509623218,0.0984616524414294,0.6145763965962489,11
34,0.28694185936388417,0.09864487635203074,0.6144132642840849,11
35,0.28705163290228053,0.09874956836842537,0.6141987987292941,11
36,0.2874118403965036,0.09866184293872905,0.6139263166647674,11
37,0.2875701383543823,0.09873575396084906,0.6136941076847687,11
38,0.28767463212950495,0.09891711803003715,0.6134082498404579,11
39,0.28796809698992665,0.09890029344946817,0.6131316095606052,11
40,0.28809372965797975,0.09913148143720446,0.6127747889048156,11
41,0.28803572457421633,0.09945151549225804,0.6125127599335256,11
42,0.288182034229408,0.0996065668952454,0.6122113988753466,11
43,0.2884803526663807,0.0997660668882135,0.6117535804454057,11
44,0.2888955801052233,0.09979307005787512,0.6113113498369016,11
45,0.2887955569035246,0.10014407675335757,0.6110603663431179,11
46,0.2887124888465496,0.1006177683913261,0.6106697427621244,11
47,0.28964667855740867,0.10034199161439797,0.6100113298281934,11
48,0.2891779076393244,0.10092227071580637,0.6098998216448692,11
49,0.28893480878958516,0.10125604494720591,0.6098091462632089,11
50,0.28329871196731593,0.0999842178053185,0.6167170702273657,11
1,0.22321393046986227,0.0641130181277576,0.7126730514023801,12
2,0.28439778859656983,0.08911306293076786,0.6264891484726623,12
3,0.29673207293277565,0.08560979810418679,0.6176581289630376,12
4,0.3007036157400338,0.08432342055171732,0.6149729637082488,12
5,0.3011395916331181,0.08469131298516211,0.6141690953817198,12
6,0.2998382876049237,0.08563826496015649,0.6145234474349198,12
7,0.3003578865154385,0.08609007799248476,0.6135520354920767,12
8,0.3004067018036964,0.08691733350960541,0.6126759646866982,12
9,0.3027278827985339,0.08616962035977287,0.6111024968416933,12
10,0.3023206352974904,0.08699207568280846,0.6106872890197012,12
11,0.3034309471729849,0.08691405386155808,0.609654998965457,12
12,0.3034186416734735,0.08740505923318026,0.6091762990933463,12
13,0.30419283095680383,0.0871545864108719,0.6086525826323241,12
14,0.3059699946432071,0.0863215263517797,0.6077084790050132,12
15,0.3061878651421837,0.08647997811721594,0.6073321567406004,12
16,0.3070851832179326,0.08624223715126718,0.6066725796308001,12
17,0.3073145338438872,0.08639068187284522,0.6062947842832676,12
18,0.30812113397332064,0.08622795788929202,0.6056509081373873,12
19,0.3082582169810478,0.08634618371439681,0.6053955993045554,12
20,0.30843218266816974,0.08644570970760307,0.605122107624227,12
21,0.3084535219650443,0.08658540981145138,0.6049610682235044,12
22,0.30868790902665655,0.08667816247838236,0.6046339284949611,12
23,0.30921767904133035,0.08653993494898873,0.6042423860096809,12
24,0.3092958500973201,0.0866762295389048,0.6040279203637751,12
25,0.3096191279636218,0.08669601465959917,0.603684857376779,12
26,0.31006418501959965,0.08658121954811285,0.6033545954322875,12
27,0.3100256494162864,0.0867858703012799,0.6031884802824337,12
28,0.3102184900595486,0.08683340195233218,0.6029481079881193,12
29,0.3104609434136461,0.08684193765917976,0.6026971189271741,12
30,0.31090447892940554,0.08672937300937562,0.6023661480612189,12
31,0.31090692556470734,0.0869178187536841,0.6021752556816086,12
32,0.3111773367986258,0.08686938240207917,0.601953280799295,12
33,0.31152014163075115,0.08683569389288394,0.6016441644763649,12
34,0.3115988385399918,0.0869987226920397,0.6014024387679685,12
35,0.31170429875656835,0.08715726095274229,0.6011384402906894,12
36,0.312169952677297,0.08704468990172061,0.6007853574209824,12
37,0.31235538373231897,0.08715707627636801,0.6004875399913131,12
38,0.31254976161644094,0.08735854523071745,0.6000916931528415,12
39,0.3128708657673247,0.08739230056888384,0.5997368336637915,12
40,0.3130320450083217,0.08768180141287965,0.5992861535787987,12
41,0.3130945901647207,0.08800411135497142,0.5989012984803079,12
42,0.3133507947595702,0.08817739855736441,0.5984718066830654,12
43,0.313632223269642,0.08846579735803463,0.5979019793723234,12
44,0.3141394256418619,0.08853029545309281,0.5973302789050453,12
45,0.3140108184178627,0.0890098462139836,0.5969793353681537,12
46,0.313895433894617,0.08962325169952258,0.5964813144058605,12
47,0.31504450565956915,0.08931456320709702,0.5956409311333337,12
48,0.3144208740914016,0.09005922200465752,0.5955199039039408,12
49,0.31406743295139766,0.0905492411563513,0.595383325892251,12
50,0.30686507155803305,0.08871544155019292,0.6044194868917739,12
1,0.2298454487322471,0.05063606371189761,0.7195184875558552,13
2,0.30135662204692626,0.07841249199531637,0.6202308859577573,13
3,0.31630024830413866,0.07421852640230496,0.6094812252935564,13
4,0.3214442737134835,0.0725634879848656,0.6059922383016509,13
5,0.3217398580381945,0.07315252064799238,0.6051076213138131,13
6,0.3203612690946538,0.07414270706031144,0.6054960238450348,13
7,0.3211686433152791,0.07465678057492857,0.6041745761097923,13
8,0.3212370752713155,0.07572922482041526,0.6030336999082693,13
9,0.32403359475591775,0.07483614853405608,0.6011302567100262,13
10,0.32380557908322355,0.07571776340544521,0.6004766575113313,13
11,0.32505595056063386,0.0757080947993458,0.5992359546400203,13
12,0.3251284418852854,0.0762616403567296,0.5986099177579851,13
13,0.32621218117487594,0.07587802327930156,0.5979097955458224,13
14,0.3283857877273977,0.07488495582934876,0.5967292564432536,13
15,0.3287021142996026,0.07507808943284225,0.5962197962675552,13
16,0.3297309122179957,0.07483463122711624,0.5954344565548881,13
17,0.3300872236682718,0.07499800113040693,0.5949147752013213,13
18,0.3310779618420474,0.07481964466116328,0.5941023934967894,13
19,0.3311651129415477,0.07504332498476093,0.5937915620736913,13
20,0.33152062709635666,0.07509949301206831,0.593379879891575,13
21,0.33167315056397856,0.07522219155191323,0.5931046578841083,13
22,0.3319570981335771,0.07534480239398016,0.5926980994724428,13
23,0.33261625396107664,0.07518562344300107,0.5921981225959223,13
24,0.3327705693424753,0.07533420009652035,0.5918952305610043,13
25,0.33317337966537053,0.07537025715232301,0.5914563631823064,13
26,0.33371566718630824,0.07524220282694488,0.591042129986747,13
27,0.3337254403570748,0.07546621864415708,0.5908083409987681,13
28,0.33395382904539783,0.07554176868693384,0.5905044022676683,13
29,0.33425490444838063,0.07556340196218997,0.5901816935894293,13
30,0.3348118681343087,0.07542908432760285,0.5897590475380885,13
31,0.3348919301795218,0.07562765867901479,0.5894804111414634,13
32,0.3352188399003976,0.07557844069162811,0.5892027194079743,13
33,0.33563060776403686,0.07555353625167542,0.5888158559842878,13
34,0.335835593202708,0.07569235442308993,0.5884720523742021,13
35,0.33592661798268475,0.0759229064945315,0.5881504755227838,13
36,0.33651784553439107,0.07577751960640257,0.5877046348592063,13
37,0.3367403530167741,0.07592840728980962,0.5873312396934164,13
38,0.33704046481310507,0.07614522961760856,0.5868143055692863,13
39,0.33739831727411773,0.07623597399785122,0.5863657087280311,13
40,0.3375852358784863,0.07660023667682012,0.5858145274446935,13
41,0.33782661929217517,0.0768959627548534,0.5852774179529714,13
42,0.3382426958665568,0.07707875478371287,0.5846785493497304,13
43,0.33848770054310534,0.07752856158858962,0.583983737868305,13
44,0.339075249373476,0.07765614104892189,0.5832686095776021,13
45,0.33895373999846,0.07824731977270534,0.5827989402288346,13
46,0.33875852309849575,0.07905020011399792,0.5821912767875064,13
47,0.3401956004264167,0.07866505721426745,0.5811393423593159,13
48,0.3393757688720602,0.07962709725057723,0.5809971338773626,13
49,0.33897741279529986,0.0802247331642697,0.5807978540404305,13
50,0.32977064338439793,0.07791723616822982,0.5923121204473722,13
1,0.23368867931062426,0.038783286913254486,0.7275280337761212,14
2,0.31698485486905126,0.06823066341233727,0.6147844817186116,14
3,0.3347491420144677,0.06322856074175039,0.6020222972437819,14
4,0.3409597007424727,0.06126670502132496,0.5977735942362024,14
5,0.3411104593844544,0.062119133122012435,0.5967704074935332,14
6,0.339850359824182,0.06302235777752127,0.5971272823982967,14
7,0.34094844656864787,0.06363388081429636,0.5954176726170558,14
8,0.34104337136064866,0.06498943089541646,0.5939671977439349,14
9,0.3443466725701131,0.06394272421647897,0.591710603213408,14
10,0.3443009157666468,0.0649134896091627,0.5907855946241906,14
11,0.3457359217980079,0.06495092037598904,0.5893131578260031,14
12,0.34594344834278523,0.06555092407469779,0.588505627582517,14
13,0.3473695378775517,0.06502231301203826,0.5876081491104101,14
14,0.3499524626949511,0.06387280564434517,0.5861747316607038,14
15,0.3503962405876736,0.06410465221932526,0.5854991071930011,14
16,0.3515908045137982,0.06382611781874667,0.5845830776674551,14
17,0.3520913269782474,0.06401387946399922,0.5838947935577534,14
18,0.35331714879031684,0.06379566507628182,0.5828871861334014,14
19,0.353357460838295,0.06413479110316364,0.5825077480585412,14
20,0.353926230714758,0.06413992772939928,0.5819338415558428,14
21,0.3542272874690226,0.06425243703633647,0.5815202754946409,14
22,0.3545884637114687,0.06439137172813737,0.581020164560394,14
23,0.3553684556529,0.06423066577408112,0.5804008785730189,14
24,0.35562931567693906,0.0643800628304198,0.5799906214926411,14
25,0.3561247095937281,0.064433119728644,0.5794421706776279,14
26,0.3567796964905303,0.06428718744498126,0.5789331160644884,14
27,0.3568386694679137,0.06454303208689978,0.5786182984451864,14
28,0.35712629330991164,0.06464027436919584,0.5782334323208925,14
29,0.35751595126193714,0.06466526526819984,0.577818783469863,14
30,0.3581943144763898,0.06450675585448097,0.5772989296691293,14
31,0.3583631148714852,0.06471937753998028,0.5769175075885346,14
32,0.3587675169703971,0.06466124968306605,0.5765712333465368,14
33,0.3592490187806575,0.06465516515200657,0.576095816067336,14
34,0.35959904814630406,0.06476441582803032,0.5756365360256657,14
35,0.3596996240644305,0.06506164005772713,0.5752387358778424,14
36,0.360409323437506,0.06489626570949446,0.5746944108529995,14
37,0.36068802351054613,0.06507102984400379,0.5742409466454501,14
38,0.36108400816691727,0.0653305082345061,0.5735854835985765,14
39,0.36154153177028997,0.0654471224522078,0.5730113457775023,14
40,0.3617651348674605,0.06588584578720577,0.5723490193453338,14
41,0.3622133068225695,0.06614807910548169,0.5716386140719488,14
42,0.3628213850181089,0.06633064495411911,0.570847970027772,14
43,0.3630479958324484,0.06694614478254934,0.5700058593850023,14
44,0.36366549544159776,0.0671952538894611,0.5691392506689411,14
45,0.3635423190784619,0.06792466409184418,0.5685330168296939,14
46,0.36331097130152623,0.06890439559813424,0.5677846331003396,14
47,0.3650269362379483,0.06845352560000757,0.566519538162044,14
48,0.3640775942106429,0.06960046539772546,0.5663219403916316,14
49,0.36364232763861903,0.07029945636737267,0.5660582159940083,14
50,0.35186372299681956,0.06773824217905666,0.5803980348241238,14
1,0.23538101969805886,0.028326679682404522,0.7362923006195367,15
2,0.33119191847013507,0.058617575859816626,0.6101905056700483,15
3,0.3518832170317555,0.05277823983543481,0.5953385431328096,15
4,0.3592261123333234,0.05046097796303623,0.5903129097036404,15
5,0.3592335043178512,0.051600504269167694,0.5891659914129811,15
6,0.3582277404409214,0.05237913472083959,0.589393124838239,15
7,0.35966558074515564,0.053028551012234186,0.5873058682426102,15
8,0.3597932736185221,0.05471539341462069,0.5854913329668572,15
9,0.36353998006045396,0.05358950708042405,0.582870512859122,15
10,0.3636767717265418,0.054656554733815046,0.5816666735396432,15
11,0.36536180699910914,0.054711101045709434,0.5799270919551814,15
12,0.3658056694048003,0.05531484057401736,0.5788794900211823,15
13,0.3676119500783139,0.054621493063515575,0.5777665568581705,15
14,0.37061874129100025,0.05331250257567915,0.5760687561333206,15
15,0.37121383912323114,0.05359394586889425,0.5751922150078747,15
16,0.37261716676477136,0.05325549655656614,0.5741273366786626,15
17,0.37324785021132534,0.05349289562967992,0.5732592541589947,15
18,0.37476458572117266,0.05320906029562683,0.5720263539832005,15
19,0.3747926052936539,0.053646740629215345,0.5715606540771307,15
20,0.37559804176447864,0.05359791803655821,0.5708040401989631,15
21,0.37606331421262085,0.05370824755362049,0.5702284382337587,15
22,0.3765320186498618,0.05385006460215491,0.5696179167479833,15
23,0.37743100159808407,0.0537021460972853,0.5688668523046306,15
24,0.37781461883981127,0.05385360643682074,0.5683317747233678,15
25,0.3784240006200467,0.05390999772247569,0.5676660016574775,15
26,0.37919212381903156,0.05376015007054685,0.5670477261104216,15
27,0.37933319362709583,0.05403590406748754,0.5666309023054167,15
28,0.37972966934954877,0.054135019245326634,0.5661353114051246,15
29,0.38020820299599856,0.054171568753478706,0.5656202282505227,15
30,0.3810119405880529,0.05399588771649892,0.5649921716954482,15
31,0.38127187113598193,0.054227351066236634,0.5645007777977813,15
32,0.3817667476600447,0.054156428600174375,0.564076823739781,15
33,0.382342952939754,0.05416549796833155,0.5634915490919145,15
34,0.3828450533518478,0.05425008624787429,0.5629048604002779,15
35,0.38301169028327287,0.05457751206631645,0.5624107976504107,15
36,0.3838290073964242,0.05442025768139948,0.5617507349221763,15
37,0.3841655173911984,0.05461952633335431,0.5612149562754473,15
38,0.3846529491642291,0.05493907192666573,0.5604079789091052,15
39,0.38526506384813586,0.055050810820357246,0.5596841253315069,15
40,0.385484073823431,0.05561056477342789,0.5589053614031412,15
41,0.3861840500545755,0.055817348631202225,0.5579986013142223,15
42,0.3870309904231868,0.055981898344010614,0.5569871112328024,15
43,0.3872549086777006,0.05676100221724412,0.5559840891050553,15
44,0.387835915608599,0.05720039216536277,0.5549636922260383,15
45,0.38772415459598,0.05807321951185167,0.5542026258921684,15
46,0.38752225084101677,0.05919903298322073,0.5532787161757625,15
47,0.389534988083291,0.0586695418055498,0.5517954701111593,15
48,0.3885123227073504,0.05998405980508556,0.551503617487564,15
49,0.388032748745643,0.06077844963087506,0.5511888016234819,15
50,0.3729826874066769,0.05826628790175708,0.568751024691566,15
1,0.23515465636562646,0.019200952585220695,0.7456443910491529,16
2,0.3437412700460618,0.049682854448361416,0.6065758755055768,16
3,0.3676344589146943,0.04290178156106579,0.5894637595242399,16
4,0.37631565235310793,0.040102483601931506,0.5835818640449606,16
5,0.37612866136419176,0.04160193372576648,0.5822694049100418,16
6,0.3754381921416422,0.042254467095706724,0.5823073407626511,16
7,0.37725521737786194,0.04290567172686255,0.5798391108952755,16
8,0.37743329654985597,0.04495329229856076,0.5776134111515834,16
9,0.38156451774559164,0.04381998870281657,0.5746154935515918,16
10,0.38191627970473513,0.04496554106272187,0.573118179232543,16
11,0.38387623610411464,0.045039323062331674,0.5710844408335537,16
12,0.3846653456182044,0.04559549414098413,0.5697391602408115,16
13,0.38689735772821376,0.04470412553847724,0.568398516733309,16
14,0.3903494019011396,0.04322414629100772,0.5664264518078528,16
15,0.39110948257924455,0.04357027252595391,0.5653202448948016,16
16,0.3927665734623894,0.04315311316379997,0.5640803133738106,16
17,0.39353291796696027,0.04345004171935484,0.5630170403136849,16
18,0.395325325207187,0.04311817234328258,0.5615565024495304,16
19,0.3954283781019704,0.04360246002935841,0.5609691618686712,16
20,0.39648808143591485,0.04350895940986051,0.5600029591542246,16
21,0.39713093412594663,0.04362198589899964,0.5592470799750537,16
22,0.3977243872140355,0.04376407052975939,0.5585115422562051,16
23,0.398755356884809,0.043630404670224804,0.5576142384449662,16
24,0.3992847865386435,0.04377992108731362,0.5569352923740427,16
25,0.4000202941147081,0.04383522045433634,0.5561444854309556,16
26,0.4009319869511392,0.043675542039628784,0.5553924710092321,16
27,0.4011614925185394,0.04397592570472791,0.5548625817767325,16
28,0.4017167316153903,0.044058295371153106,0.5542249730134566,16
29,0.4022964741714531,0.04410785054210745,0.5535956752864395,16
30,0.4032094434523654,0.04393570736704452,0.55285484918059,16
31,0.4035642906985103,0.04418101017462394,0.5522546991268658,16
32,0.40417943296071773,0.04408703434142104,0.5517335326978612,16
33,0.40488564812453476,0.04409841330547738,0.5510159385699879,16
34,0.4055072465426603,0.044199862612530366,0.5502928908448093,16
35,0.40582807301235535,0.04449951537594315,0.5496724116117013,16
36,0.4067358269439387,0.044374443836032694,0.5488897292200285,16
37,0.4071409036119287,0.04459765260796014,0.5482614437801112,16
38,0.40771647904566,0.04498124044332495,0.547302280511015,16
39,0.40851605918424744,0.04508328959794388,0.5464006512178088,16
40,0.40872216616191326,0.04578993468079175,0.545487899157295,16
41,0.409689322791007,0.04594408532475601,0.544366591884237,16
42,0.4107970690360259,0.04607793744971845,0.5431249935142557,16
43,0.41105402723640816,0.04700904022281343,0.5419369325407785,16
44,0.4115660831247948,0.04767255946708536,0.5407613574081198,16
45,0.41145222777266954,0.0487230846184344,0.539824687608896,16
46,0.4112683128711315,0.050017216570023955,0.5387144705588445,16
47,0.41365564706059754,0.049338732463307035,0.5370056204760955,16
48,0.41258871200491765,0.05082407653983883,0.5365872114552436,16
49,0.4121477207482978,0.05162156495035329,0.5362307143013489,16
50,0.3932419813486709,0.049401280056282505,0.5573567385950466,16
1,0.23325669622847098,0.011307075853110948,0.7554362279184181,17
2,0.35468283253669247,0.041461150421753565,0.603856017041554,17
3,0.3819985842018706,0.03363910450740159,0.5843623112907278,17
4,0.39220936494050007,0.030225939022300596,0.5775646960371993,17
5,0.39180177967913,0.032135254674255126,0.5760629656466149,17
6,0.39138505518482125,0.03271701379489658,0.5758979310202822,17
7,0.39367217224346596,0.03330585713580867,0.5730219706207254,17
8,0.3940396699195594,0.03568388034644317,0.5702764497339974,17
9,0.39843907609057805,0.03461991654562463,0.5669410073637973,17
10,0.39898218866460144,0.03588801279941704,0.5651297985359816,17
11,0.40121691032673723,0.03596749418114913,0.5628155954921137,17
12,0.40251291894003993,0.03640309470102694,0.5610839863589331,17
13,0.4051954173269374,0.03530012852430048,0.5595044541487619,17
14,0.4091039771362748,0.03364302216198142,0.5572530007017438,17
15,0.41005059390569076,0.03405851420064453,0.5558908918936647,17
16,0.4119980324296814,0.033551281771277315,0.5544506857990412,17
17,0.412898406948237,0.033919299467004754,0.5531822935847582,17
18,0.41497656293725493,0.033543035020538355,0.5514804020422067,17
19,0.4152156254056032,0.034044982421692335,0.5507393921727045,17
20,0.4165467273423832,0.03390759015608269,0.5495456825015341,17
21,0.4173771504346255,0.034024897238026416,0.5485979523273481,17
22,0.4181372229315054,0.03415644639580044,0.5477063306726941,17
23,0.4192915591894608,0.03405259351645769,0.5466558472940815,17
24,0.4199859286269505,0.034194267436928424,0.5458198039361211,17
25,0.42085605214542626,0.034251407635923964,0.5448925402186497,17
26,0.421951404465551,0.03406415804635048,0.5439844374880985,17
27,0.42229887806413613,0.03437903987645389,0.54332208205941,17
28,0.4230176875893924,0.034454931355128886,0.5425273810554787,17
29,0.4237218386534397,0.03451273574959239,0.5417654255969679,17
30,0.42473543051146057,0.034359561907230746,0.5409050075813087,17
31,0.42519054744492146,0.034621069511131725,0.5401883830439468,17
32,0.42597288789411214,0.0344781406163581,0.5395489714895297,17
33,0.4268147118933239,0.03450434901964515,0.538680939087031,17
34,0.42754296617856435,0.03463834960255852,0.5378186842188771,17
35,0.4280930779454253,0.034872231915544144,0.5370346901390306,17
36,0.42909692774230307,0.03477661673185346,0.5361264555258434,17
37,0.429550714527803,0.035049793059068225,0.5353994924131288,17
38,0.4302338740239149,0.03548982218597413,0.5342763037901108,17
39,0.4312215307127001,0.03561008127280608,0.5331683880144938,17
40,0.43143265826490984,0.036461238298905914,0.5321061034361843,17
41,0.432678051834943,0.03657469049975604,0.530747257665301,17
42,0.4340808562424374,0.0366531741650368,0.5292659695925258,17
43,0.43436931772630993,0.037742416193219455,0.5278882660804706,17
44,0.4347864304693309,0.03867008660915853,0.5265434829215105,17
45,0.4346769423338669,0.03990842047930212,0.525414637186831,17
46,0.43449849719560785,0.04139177301784442,0.5241097297865477,17
47,0.43731328411976816,0.04053059085530864,0.5221561250249231,17
48,0.43614910182737787,0.04225060380992502,0.5216002943626971,17
49,0.43586574455171956,0.0429025631831846,0.5212316922650958,17
50,0.41263749219288715,0.041157218638850676,0.5462052891682623,17
1,0.23037052021209115,0.004328514184274832,0.765300965603634,18
2,0.36406605338078546,0.03396157569311367,0.6019723709261009,18
3,0.3948773474108819,0.025082291921949898,0.5800403606671682,18
4,0.4066866302149146,0.020993221698024825,0.5723201480870607,18
5,0.4062876719657448,0.02321240572569468,0.5704999223085605,18
6,0.40607310694076293,0.02378928247755553,0.5701376105816816,18
7,0.4089880066236731,0.024167069552082556,0.5668449238242445,18
8,0.40956240639572394,0.02694059504802708,0.563496998556249,18
9,0.4141790066976998,0.025985112371929738,0.5598358809303705,18
10,0.4148798075512789,0.027435842060374232,0.5576843503883469,18
11,0.4173770033704366,0.027517165468464215,0.5551058311610992,18
12,0.41936762110976644,0.02772353670726469,0.5529088421829689,18
13,0.42246293386533484,0.026442873501264317,0.5510941926334009,18
14,0.426816739102162,0.02462608359637589,0.5485571773014621,18
15,0.4280048223229771,0.025081962868851344,0.5469132148081716,18
16,0.4302723541557064,0.02447992185803536,0.5452477239862582,18
17,0.43131043349064124,0.024930233817632937,0.5437593326917258,18
18,0.4336757179415692,0.024520865129616307,0.5418034169288145,18
19,0.43410722614071634,0.025005561482167205,0.5408872123771165,18
20,0.43571257690298126,0.024833839073201247,0.5394535840238175,18
21,0.43676897767197165,0.024935825985607805,0.5382951963424205,18
22,0.4377298034358451,0.025059728069348187,0.5372104684948067,18
23,0.4390145659777165,0.024988009851901624,0.5359974241703819,18
24,0.4398681015053878,0.0251306575516814,0.5350012409429308,18
25,0.4408889428889345,0.02518916415236415,0.5339218929587014,18
26,0.4422095055448983,0.02495743699390815,0.5328330574611936,18
27,0.44269005768212716,0.025281171249339877,0.532028771068533,18
28,0.44357274951118275,0.025361902643584316,0.531065347845233,18
29,0.4444422495406618,0.025419545873033623,0.5301382045863046,18
30,0.4455626580504905,0.025288538604338863,0.5291488033451706,18
31,0.4461013948925935,0.025594020867220735,0.5283045842401858,18
32,0.4470806064128997,0.025385528372989817,0.5275338652141105,18
33,0.4480707338341641,0.02542749176269226,0.5265017744031437,18
34,0.4489193762135181,0.025588585250122024,0.52549203853636,18
35,0.4497439911921378,0.02574143568237288,0.5245145731254893,18
36,0.4508627767315768,0.025660957847668125,0.5234762654207551,18
37,0.4513644419051397,0.025998345033402627,0.5226372130614577,18
38,0.4521629260281849,0.026508332471241618,0.5213287415005734,18
39,0.4533252370400305,0.026669082875823584,0.5200056800841459,18
40,0.4535771911510682,0.027652418044307736,0.5187703908046241,18
41,0.4550891956901374,0.027754791221543403,0.5171560130883192,18
42,0.45684674020256244,0.027732248117752656,0.5154210116796849,18
43,0.4571099822068575,0.029030224902526953,0.5138597928906156,18
44,0.45740340496139,0.0302535653470007,0.5123430296916093,18
45,0.45735578959254664,0.03164855357405464,0.5109956568333988,18
46,0.4571480636319343,0.03335704850999019,0.5094948878580754,18
47,0.4604081000235971,0.03231128497508116,0.5072806150013217,18
48,0.45911949638418414,0.03431441581899302,0.5065660877968229,18
49,0.4591250232042673,0.03468573883713134,0.5061892379586014,18
50,0.43108855457801887,0.033629714231594145,0.535281731190387,18
1,0.2257302533590706,0.0,0.7742697466409294,19
2,0.3720268851155917,0.027227274578315305,0.600745840306093,19
3,0.4063007226715737,0.017291099280606015,0.5764081780478203,19
4,0.4197864032729638,0.012451174719987662,0.5677624220070485,19
5,0.4195700260680646,0.014905945326083404,0.565524028605852,19
6,0.41949466798482615,0.015530322658906902,0.564975009356267,19
7,0.423128281551836,0.01559748188911479,0.5612742365590492,19
8,0.42395351003290327,0.018800494104109205,0.5572459958629875,19
9,0.42879370881846834,0.017951446736952984,0.5532548444445787,19
10,0.4296111279012447,0.019645391311003686,0.5507434807877516,19
11,0.4323712342719108,0.01971611568651921,0.54791265004157,19
12,0.43517094070892637,0.01962976700616133,0.5451992922849123,19
13,0.4386865150080883,0.01816459728367197,0.5431488877082395,19
14,0.4434313597647347,0.01623063347381487,0.5403380067614505,19
15,0.44496867830777465,0.016660796148340658,0.5383705255438846,19
16,0.4475302589639756,0.015994645888902252,0.5364750951471222,19
17,0.4487305335250373,0.016524320755314327,0.5347451457196484,19
18,0.45138043253131865,0.016092152989216707,0.5325274144794645,19
19,0.4520625425882222,0.016522819694653752,0.531414637717124,19
20,0.45394630444382245,0.01631726831968132,0.5297364272364963,19
21,0.4552722142708885,0.016381445418442525,0.528346340310669,19
22,0.45645034305825616,0.016510700937427604,0.5270389560043163,19
23,0.457876598680155,0.016468399109585575,0.5256550022102595,19
24,0.45890044599009217,0.01661224979915442,0.5244873042107534,19
25,0.4600891635898049,0.016673319336350165,0.5232375170738449,19
26,0.46167376799852433,0.016378472772211106,0.5219477592292645,19
27,0.46231837424770017,0.01669771529595611,0.5209839104563437,19
28,0.46337594376183966,0.016786355455068257,0.5198377007830921,19
29,0.46441577951734375,0.01685001427882636,0.5187342062038298,19
30,0.465637153319798,0.016756627505918817,0.5176062191742832,19
31,0.46628500893165237,0.01710349350918591,0.5166114975591617,19
32,0.467470091544169,0.01683527982720778,0.5156946286286233,19
33,0.468613506078399,0.01689134061490462,0.5144951533066964,19
34,0.4696022385967509,0.0170726672921603,0.5133250941110888,19
35,0.4707159930060023,0.017141155450829542,0.5121428515431682,19
36,0.47199373558889635,0.017048117896567495,0.5109581465145362,19
37,0.4725559893805956,0.0174625975300732,0.5099814130893312,19
38,0.47345155262688077,0.018064945101126,0.5084835022719932,19
39,0.47479637648049433,0.01826925159656812,0.5069343719229376,19
40,0.4751387786714727,0.019366740444438868,0.5054944808840884,19
41,0.47689865506448936,0.01949125326114386,0.5036100916743668,19
42,0.47901316604993455,0.019357966846679023,0.5016288671033864,19
43,0.47923079427849125,0.02088328965931821,0.4998859160621906,19
44,0.47936342385213826,0.022428965297832202,0.4982076108500296,19
45,0.47938731813221325,0.023983596390729695,0.49662908547705714,19
46,0.4791963030353816,0.025895977759423185,0.4949077192051954,19
47,0.48288084983571344,0.02468436250379923,0.4924347876604873,19
48,0.4814495148323117,0.02699937055446301,0.4915511146132253,19
49,0.4818611575885424,0.026981434582954416,0.49115740782850315,19
50,0.4485559541081263,0.026796854378529557,0.5246471915133442,19
1,0.21853524427869744,0.0,0.7814647557213025,20
2,0.37864557508556757,0.02137625539588116,0.5999781695185513,20
3,0.416175395661598,0.010397326545697591,0.5734272777927044,20
4,0.43148435361111404,0.004694416443079376,0.5638212299458066,20
5,0.4315862559372631,0.007350683186925037,0.5610630608758119,20
6,0.4315850396828206,0.008066242517582242,0.5603487177995972,20
7,0.4359539867328848,0.00776658587115309,0.5562794273959621,20
8,0.437084889582176,0.011415012736940183,0.5515000976808838,20
9,0.4422297669571815,0.01063077976191015,0.5471394532809082,20
10,0.44315654809876004,0.01257347215887586,0.5442699797423641,20
11,0.446240711168682,0.012569939536485306,0.5411893492948326,20
12,0.4498835676751237,0.012172527337968926,0.5379439049869074,20
13,0.4538275077945063,0.010526087187444914,0.5356464050180487,20
14,0.4589215413562287,0.008512340155424418,0.5325661184883469,20
15,0.4609148402141444,0.008839429386251662,0.5302457303996039,20
16,0.46373171986479167,0.008144687690776059,0.5281235924444323,20
17,0.46513685746690214,0.00873308852994506,0.5261300540031528,20
18,0.46809145466073065,0.008268446608813096,0.5236400987304562,20
19,0.4690529372192598,0.008637276673424243,0.5223097861073159,20
20,0.47121136062473,0.008396219847778627,0.5203924195274914,20
21,0.47286494110608135,0.008387154520685808,0.5187479043732328,20
22,0.47426086504173354,0.00853800333906381,0.5172011316192027,20
23,0.4758564833238479,0.008513546434169333,0.5156299702419828,20
24,0.4770715718809804,0.00865126290283478,0.5142771652161848,20
25,0.47842107192153194,0.008733014696687956,0.5128459133817801,20
26,0.4803025302141679,0.008357850394680242,0.5113396193911517,20
27,0.48114273912248123,0.008654511808995898,0.5102027490685229,20
28,0.4823837686562835,0.00875543330571668,0.5088607980379999,20
29,0.48361571351111743,0.008823109463337888,0.5075611770255447,20
30,0.4849417862422224,0.00877333627848367,0.506284877479294,20
31,0.48570954683846346,0.009170628206044274,0.5051198249554922,20
32,0.48711666356126193,0.008837659758428837,0.5040456766803092,20
33,0.4884374509152233,0.008891459277791523,0.5026710898069852,20
34,0.4895746452216081,0.009092004033334888,0.501333350745057,20
35,0.4909726095323047,0.009082191822935036,0.4999451986447603,20
36,0.4924310424867173,0.008967377106556844,0.49860158040672586,20
37,0.4930950510279407,0.00944642606979293,0.49745852290226633,20
38,0.49405162629132887,0.010181433085896885,0.4957669406227743,20
39,0.4956108569351299,0.01040620100159103,0.49398294206327914,20
40,0.49608145185959834,0.011605533916488412,0.4923130142239132,20
41,0.49808365737380256,0.011764923185908664,0.4901514194402888,20
42,0.5005025693508782,0.011553773675186079,0.4879436569739357,20
43,0.500704889239647,0.013282719424582399,0.4860123913357706,20
44,0.5006197020891251,0.01519257206772794,0.48418772584314695,20
45,0.5007482395756107,0.016886665350087066,0.48236509507430225,20
46,0.5006995263218729,0.018923644408897926,0.4803768292692292,20
47,0.5047098023298695,0.01761595348100265,0.47767424418912785,20
48,0.5031216941805648,0.020247105555279154,0.476631200264156,20
49,0.5040294429940678,0.01977601599445973,0.4761945410114725,20
50,0.4651156933356533,0.020611146420263893,0.5142731602440826,20
1,0.211090179153399,0.0,0.7889098208466009,21
2,0.3840503857431534,0.016346789535881912,0.5996028247209647,21
3,0.42460218805014416,0.004370551673089965,0.5710272602767659,21
4,0.44053354246222676,0.0003765709981986275,0.5590898865395746,21
5,0.4423769311427744,0.0005529578793850947,0.5570701109778405,21
6,0.44236356683590844,0.0014079646686917047,0.5562284684953998,21
7,0.44743910234099876,0.0007099602941645525,0.5518509373648367,21
8,0.4489276541400192,0.004819784745940102,0.5462525611140406,21
9,0.45451070689304274,0.004025201264779732,0.5414640918421776,21
10,0.4555700722796981,0.006205513385322962,0.538224414334979,21
11,0.4589762161045391,0.006119537734236421,0.5349042461612245,21
12,0.46347583269812764,0.005365076523580624,0.5311590907782917,21
13,0.46790671734412814,0.0035271628960502547,0.5285661197598216,21
14,0.4732733502757339,0.0015016350415992846,0.5252250146826668,21
15,0.47581517106947074,0.001655657793473517,0.5225291711370558,21
16,0.47887881985259906,0.0009429850605703169,0.5201781950868306,21
17,0.48053206596702724,0.001564449303238253,0.5179034847297345,21
18,0.4838090454920754,0.0010595793912894621,0.5151313751166352,21
19,0.4850774165372608,0.001358845336660571,0.5135637381260787,21
20,0.4875043231515479,0.0010812126976415936,0.5114144641508105,21
21,0.48951540890325873,0.0009881789773112674,0.5094964121194299,21
22,0.4911311494971663,0.0011706981109011689,0.5076981523919325,21
23,0.49291281989018354,0.0011594526373982644,0.5059277274724182,21
24,0.4943431161764752,0.0012753369154916584,0.5043815469080332,21
25,0.49585923030201784,0.0013859482985083705,0.5027548213994738,21
26,0.4980752212317574,0.000914359512807037,0.5010104192554355,21
27,0.49913504005485376,0.0011730255860715264,0.49969193435907483,21
28,0.5005630816926219,0.0012924418175554505,0.4981444764898227,21
29,0.5020113421703039,0.0013538368278141494,0.496634821001882,21
30,0.5034632423054772,0.0013475737803903057,0.49518918391413247,21
31,0.5043510923751829,0.0018124118750009214,0.49383649574981614,21
32,0.5059809993563481,0.0014273873445775406,0.49259161329907436,21
33,0.5075098296482634,0.0014534726711856946,0.4910366976805509,21
34,0.5088042054683064,0.0016739493068570338,0.48952184522483655,21
35,0.5104736220374502,0.001594824946355376,0.48793155301619445,21
36,0.5121467614507258,0.0014476047875006323,0.4864056337617736,21
37,0.5129112513196022,0.0020026716039511475,0.4850860770764467,21
38,0.513926160567235,0.0028843493070340454,0.483189490125731,21
39,0.5156916097959429,0.003143326781082506,0.4811650634229746,21
40,0.516353785855753,0.004409743930741984,0.479236470213505,21
41,0.5185647786813439,0.004636413099422715,0.4767988082192335,21
42,0.5212662542531649,0.004355352269195527,0.4743783934776396,21
43,0.52146440998201,0.006278401408115943,0.47225718860987403,21
44,0.5211404750988379,0.008575029662345877,0.4702844952388163,21
45,0.5214267703277202,0.010374707909284665,0.4681985217629951,21
46,0.5215885956349675,0.012496885845107435,0.46591451851992505,21
47,0.5257966602710127,0.011193043346996405,0.463010296381991,21
48,0.5240722202955127,0.014113625099626418,0.46181415460486086,21
49,0.525482678041853,0.0131906437108518,0.4613266782472952,21
50,0.48082239427268264,0.015009454811906851,0.5041681509154105,21
1,0.20360647815384497,0.0,0.7963935218461551,22
2,0.3880044628865966,0.012665625788071134,0.5993299113253322,22
3,0.43123190784208265,0.0,0.5687680921579172,22
4,0.44678271907722344,0.0,0.5532172809227766,22
5,0.4492795520159063,0.0,0.5507204479840936,22
6,0.44967957174310036,0.0,0.5503204282568996,22
7,0.4548784771406643,2.002710141284182e-06,0.5451195201491944,22
8,0.459033393600078,6.65702503128366e-06,0.5409599493748907,22
9,0.4647413266147399,1.0591049307564224e-05,0.5352480823359526,22
10,0.4665448951884085,0.0012269448595419446,0.5322281599520495,22
11,0.47024392474413357,0.0010918359183487588,0.5286642393375177,22
12,0.47557077114357904,1.8586001808890112e-05,0.5244106428546121,22
13,0.4795086542343597,2.0206933192270463e-05,0.5204711388324481,22
14,0.48410572885955305,2.144784056161723e-05,0.5158728232998854,22
15,0.4872236794945328,2.241316887133509e-05,0.5127539073365959,22
16,0.4901672473084635,2.3221095842115125e-05,0.5098095315956944,22
17,0.49241740251012434,2.400405564100764e-05,0.5075585934342347,22
18,0.49577013832423084,2.490912888252709e-05,0.5042049525468867,22
19,0.4974761684639558,2.6098247110755042e-05,0.5024977332889334,22
20,0.5000222831356401,2.7748140990915306e-05,0.49994996872336894,22
21,0.502296111659936,3.00499422604978e-05,0.49767383839780344,22
22,0.5042535335400048,3.320833390804256e-05,0.4957132581260872,22
23,0.5062344368323107,3.7440135724018525e-05,0.4937281230319652,22
24,0.5079264011239977,4.297221807016312e-05,0.4920306266579322,22
25,0.5097101494991095,5.003865932258836e-05,0.4902398118415679,22
26,0.5119722531390383,5.887710389184016e-05,0.4879688697570699,22
27,0.513368930018343,6.972433708151479e-05,0.4865613456445754,22
28,0.515064767595895,8.281116602666383e-05,0.48485242123807837,22
29,0.516772200601457,9.835677502051388e-05,0.4831294426235225,22
30,0.5183699823817942,0.00011656279874647842,0.4815134548194593,22
31,0.5196366916906565,0.00013760741738583736,0.48022570089195765,22
32,0.5212606333296665,0.00016163981331398375,0.4785777268570195,22
33,0.5229985123665768,0.00018877533298020024,0.47681271230044303,22
34,0.5245465965161338,0.00021909166676752252,0.4752343118170987,22
35,0.5263960176951655,0.0002526262963506833,0.47335135600848377,22
36,0.528193297139575,0.00028937537030190315,0.4715173274901232,22
37,0.5293700908609591,0.00032929406503273955,0.47030061507400817,22
38,0.5309467561138121,0.0003722983819700841,0.4686809455042178,22
39,0.5330384924210749,0.00041826823518749043,0.4665432393437376,22
40,0.5345688440257697,0.0004670516064121258,0.4649641043678182,22
41,0.5370884059965979,0.0005184694927650394,0.4623931245106371,22
42,0.5398431005334642,0.0005723213491394928,0.4595845781173964,22
43,0.5410652040615419,0.0006283907303690113,0.4583064052080891,22
44,0.5406355493782014,0.0031414538787311293,0.45622299674306754,22
45,0.541129808177425,0.004999109453605795,0.4538710823689692,22
46,0.5415618279769338,0.007156620594723219,0.45128155142834303,22
47,0.5458351914869147,0.00592120167189121,0.4482436068411941,22
48,0.5439624624562773,0.009114093961661154,0.44692344358206154,22
49,0.5459760327052847,0.007658271506953497,0.44636569578776186,22
50,0.49568344040566376,0.010003539427343871,0.49431302016699236,22
1,0.19622474875662274,0.0,0.8037752512433773,23
2,0.3905678053563941,0.01044429843626996,0.598987896207336,23
3,0.4348047106734947,2.6500968995577808e-05,0.5651687883575097,23
4,0.4520785959817821,2.657029166219056e-05,0.5478948337265557,23
5,0.45517774881900586,2.6344430636168086e-05,0.5447959067503579,23
6,0.45551139923882666,2.5851775061144083e-05,0.5444627489861122,23
7,0.46115634289019636,2.5123094772558667e-05,0.5388185340150311,23
8,0.46594974085694785,2.4191429137228803e-05,0.5340260677139149,23
9,0.4722599240088011,2.3091948154804276e-05,0.5277169840430441,23
10,0.4749202395818077,2.186179838363977e-05,0.5250578986198087,23
11,0.47881079464892917,2.0539951550949988e-05,0.5211686653995199,23
12,0.484263315405613,1.9167078669371203e-05,0.5157175175157176,23
13,0.48864724820824557,1.7785476276831755e-05,0.5113349663154776,23
14,0.49349677182096097,1.6439073051159776e-05,0.5064867891059879,23
15,0.49712473273726265,1.5173543481523293e-05,0.5028600937192558,23
16,0.500322087502382,1.4036549577799108e-05,0.4996638759480401,23
17,0.5028673846842673,1.3078121164314394e-05,0.4971195371945684,23
18,0.5065703334738993,1.2351170083757914e-05,0.4934173153560169,23
19,0.5085772923140538,1.1912114320812139e-05,0.49141079557162537,23
20,0.5113814981655453,1.1821566186412825e-05,0.48860668026826826,23
21,0.5139655036154395,1.2145016656795599e-05,0.4860223513679037,23
22,0.5161865472965029,1.2953428756270514e-05,0.4838004992747408,23
23,0.5183994180043613,1.4323639821109835e-05,0.4815862583558176,23
24,0.5203051262575831,1.6338468700435524e-05,0.4796785352737165,23
25,0.5223377488190278,1.9086431803781723e-05,0.4776431647491684,23
26,0.5248765214518852,2.2660992478242686e-05,0.47510081755563655,23
27,0.5265131350840178,2.7159300896421185e-05,0.4734597056150858,23
28,0.5284265098892321,3.2680424018218315e-05,0.47154080968674966,23
29,0.5303912250025584,3.932311309708678e-05,0.4695694518843445,23
30,0.5321611277393664,4.718320421111385e-05,0.4677916890564225,23
31,0.5336105845147672,5.6350789452394665e-05,0.46633306469578045,23
32,0.5354314453421791,6.69073271141441e-05,0.46450164733070676,23
33,0.537394310366105,7.892287417034629e-05,0.4625267667597247,23
34,0.5391110485414405,9.24536212800338e-05,0.4607964978372795,23
35,0.5412051333506644,0.00010753988965315564,0.4586873267596824,23
36,0.5432471347749995,0.0001242047130112483,0.45662866051198925,23
37,0.5445955265785861,0.00014245308116322356,0.45526202034025065,23
38,0.5463475762979737,0.00016227187019086323,0.45349015183183544,23
39,0.5486415434850844,0.00018363043390031905,0.4511748260810153,23
40,0.5504514295519443,0.00020648178735701607,0.44934208866069875,23
41,0.553203657838896,0.00023076427986811962,0.44656557788123585,23
42,0.5561752083262521,0.00025640363380941954,0.4435683880399385,23
43,0.5574978975954425,0.0002833152174947749,0.4422187871870627,23
44,0.5583713423584435,0.0003114064235978384,0.4413172512179586,23
45,0.5597388646106873,0.0009303604332252524,0.4393307749560874,23
46,0.5604328868770183,0.0031313966511314845,0.4364357164718502,23
47,0.5646580484270485,0.0020287526636711723,0.43331319890928033,23
48,0.5626245713087428,0.005472642366683899,0.43190278632457335,23
49,0.5652860528001574,0.0034578877385760837,0.4312560594612665,23
50,0.5097330738370698,0.005543891572777421,0.48472303459015276,23
1,0.18906904292464058,0.0,0.8109309570753593,24
2,0.3919871583129301,0.009364401844370573,0.5986484398426993,24
3,0.4375926476478106,0.00010853530957604494,0.5622988170426134,24
4,0.45666635560997126,0.00010113691394521407,0.5432325074760835,24
5,0.4603721733249029,9.381262732692268e-05,0.5395340140477702,24
6,0.46060547978492683,8.659971165655872e-05,0.5393079205034166,24
7,0.4667048358988014,7.953592638691953e-05,0.5332156281748117,24
8,0.47214408208447056,7.265897878149278e-05,0.5277832589367479,24
9,0.4790978644656181,6.600591266199438e-05,0.5208361296217199,24
10,0.48201175143817576,5.961245478209334e-05,0.5179286361070421,24
11,0.4861461436613864,5.3512345246731837e-05,0.5138003439933668,24
12,0.4922407262400465,4.773668519516584e-05,0.5077115370747582,24
13,0.49709103244607467,4.231334041528232e-05,0.5028666542135101,24
14,0.5022159075724726,3.7266442651475524e-05,0.49774682598487596,24
15,0.5063322569093025,3.261603012637607e-05,0.4936351270605711,24
16,0.5098111774833698,2.837786442762909e-05,0.4901604446522026,24
17,0.5126804611800408,2.4563452001277676e-05,0.48729497536795785,24
18,0.5167147860595728,2.1180285173497647e-05,0.4832640336552537,24
19,0.5190409772215298,1.8232300673471768e-05,0.48094079047779675,24
20,0.5221083331310856,1.5720534492410718e-05,0.477875946334422,24
21,0.5250006046047949,1.3643932574180996e-05,0.4749857514626309,24
22,0.5274816663027265,1.2000259593652855e-05,0.47250633343767984,24
23,0.5299502709898143,1.0787035235550646e-05,0.47003894197495016,24
24,0.5320877988361498,1.0002420872559734e-05,0.46790219874297767,24
25,0.534388928568501,9.645980602137e-06,0.4656014254508969,24
26,0.5371979947794852,9.719249562241615e-06,0.4627922859709527,24
27,0.5390844117087553,1.0226058617835961e-05,0.46090536223262685,24
28,0.5412164329501661,1.117258625324818e-05,0.45877239446358076,24
29,0.5434455682106456,1.256713343041711e-05,0.456541864655924,24
30,0.5453780839711044,1.4419642480354615e-05,0.45460749638641523,24
31,0.5470369605192382,1.674100392154627e-05,0.4529462984768402,24
32,0.549063161107862,1.954221295738588e-05,0.45091729667918057,24
33,0.5512430724156825,2.283344845994542e-05,0.44873409413585763,24
34,0.5531265996823216,2.6623150598178384e-05,0.4468467771670802,24
35,0.5554569319395855,3.0917169002191896e-05,0.4445121508914124,24
36,0.5577459101217029,3.571804249509177e-05,0.442218371835802,24
37,0.5592851351949231,4.1024455734839805e-05,0.4406738403493421,24
38,0.5612183037398539,4.6830899764324554e-05,0.43873486536038175,24
39,0.5636781117033934,5.312754473845338e-05,0.4362687607518681,24
40,0.5657550989199005,5.990031599665313e-05,0.43418500076410294,24
41,0.5687540482729068,6.713115070934778e-05,0.4311788205763839,24
42,0.5718953361757338,7.479840245900107e-05,0.42802986542180715,24
43,0.5733287363580559,8.287735559102047e-05,0.42658838628635304,24
44,0.5742912385937142,9.134080972113159e-05,0.42561742059656466,24
45,0.5762301036748908,0.00010015969673202781,0.42366973662837715,24
46,0.5780991033513333,0.0004149241466470388,0.4214859725020197,24
47,0.5818897007103833,0.00011874182795592009,0.41799155746166083,24
48,0.5800393994687577,0.003146303544825353,0.4168142969864169,24
49,0.5834455996359158,0.0005158008278458941,0.4160385995362383,24
50,0.5229050874667275,0.0016972317178435734,0.475397680815429,24
1,0.18229218375932704,0.0,0.817707816240673,25
2,0.39252483937860216,0.009085128601571821,0.598390032019826,25
3,0.43975536775676305,0.00014794480234277358,0.5600966874408941,25
4,0.4606545002570963,0.00013701552833687364,0.5392084842145669,25
5,0.4649658694026647,0.0001263291121838042,0.5349078014851515,25
6,0.4650707490005409,0.00011592786222492091,0.5348133231372342,25
7,0.47160202653354555,0.00010585382535641989,0.528292119641098,25
8,0.47770430123871777,9.614805274188996e-05,0.5221995507085403,25
9,0.4853259917015048,8.684979390222174e-05,0.5145871585045929,25
10,0.4884908997172688,7.799564274608924e-05,0.5114311046399851,25
11,0.49286375385196135,6.961866723774835e-05,0.5070666274808009,25
12,0.4995576072879914,6.174756186136427e-05,0.5003806451501471,25
13,0.5048839848842739,5.440586783908713e-05,0.495061609247887,25
14,0.5103297035441785,4.761130912684667e-05,0.48962268514669466,25
15,0.5148793642921535,4.137529155602884e-05,0.48507926041629046,25
16,0.518673607662113,3.570260737920113e-05,0.48129068973050776,25
17,0.5218931604234173,3.05913776313074e-05,0.47807624819895145,25
18,0.5262333717237138,2.6033250454366755e-05,0.4737405950258319,25
19,0.528894419943138,2.2013855849960567e-05,0.4710835662010121,25
20,0.5322331187845413,1.851349784944616e-05,0.4677483677176093,25
21,0.5354140324274226,1.5508045920657923e-05,0.46457045952665676,25
22,0.5381593278977448,1.2969970826131643e-05,0.4618277021314291,25
23,0.5409125165268002,1.08694582133244e-05,0.4590766140149865,25
24,0.5432911889836781,9.175527513284098e-06,0.4566996354888086,25
25,0.5458556527770762,7.85708503424643e-06,0.4541364901378896,25
26,0.5489513073938976,6.883848300472242e-06,0.451041808757802,25
27,0.5510881276075148,6.227092644633467e-06,0.44890564529984056,25
28,0.5534406292213782,5.8601890296105025e-06,0.44655351058959225,25
29,0.5559409496031577,5.758921829753733e-06,0.4440532914750126,25
30,0.5580296107793176,5.901594542518949e-06,0.44196448762613993,25
31,0.5599149227530578,6.2689480527149945e-06,0.4400788082988895,25
32,0.5621579798666276,6.843928578076154e-06,0.4378351762047943,25
33,0.5645431334432782,7.61134988378003e-06,0.43544925520683797,25
34,0.5665885473538128,8.557496579458386e-06,0.4334028951496077,25
35,0.5691462694279432,9.669712767781915e-06,0.430844060859289,25
36,0.5716964706354866,1.0936013965959748e-05,0.4282925933505475,25
37,0.5734373336367334,1.2344751343770595e-05,0.4265503216119228,25
38,0.5755435100741382,1.3884347280366342e-05,0.42444260557858143,25
39,0.578132080413702,1.5543111302715837e-05,0.4218523764749953,25
40,0.5804612252035655,1.7309136649002165e-05,0.41952146565978554,25
41,0.5836930553133387,1.917027068549761e-05,0.41628777441597586,25
42,0.5869765734005208,2.1114147526566292e-05,0.41300231245195274,25
43,0.5885440510912482,2.312826847852782e-05,0.4114328206402733,25
44,0.5896120680530852,2.5200115112997228e-05,0.41036273183180183,25
45,0.5917931818051153,2.731728048795846e-05,0.40817950091439675,25
46,0.5940144535306412,2.9467605817346353e-05,0.40595607886354146,25
47,0.5975964693622229,3.163931229167919e-05,0.40237189132548545,25
48,0.5961966580751578,0.002063988000808996,0.40173935392403326,25
49,0.5997612705063856,3.6002351561590805e-05,0.4002027271420528,25
50,0.5344029534880365,0.0,0.46559704651196365,25
1,0.176047599103267,0.0,0.8239524008967329,26
2,0.3924380721432871,0.009341260678951696,0.5982206671777612,26
3,0.44135621726480456,0.00015211566411580155,0.5584916670710797,26
4,0.46407325493031987,0.00014087823611650793,0.5357858668335636,26
5,0.4690221215092142,0.00012989049894330919,0.5308479879918425,26
6,0.46896854678741345,0.00011919594790767157,0.5309122572646789,26
7,0.4758947343261861,0.00010883780724690708,0.523996427866567,26
8,0.4826744556685457,9.885827435170243e-05,0.5172266860571025,26
9,0.491005409334088,8.929769012598053e-05,0.508905292975786,26
10,0.4944031743026275,8.01936596619396e-05,0.5055166320377106,26
11,0.49900945697545973,7.158015577668611e-05,0.5009189628687636,26
12,0.5062476331756152,6.348664563487284e-05,0.49368888017874996,26
13,0.5120619746508875,5.5937286654952965e-05,0.48788208806245753,26
14,0.5178680856687301,4.8950241069943214e-05,0.48208296409019996,26
15,0.522802076078194,4.2537157869169746e-05,0.4771553867639369,26
16,0.5269348572554486,3.670286563383011e-05,0.4730284398789175,26
17,0.5305273968390424,3.144530970535329e-05,0.4694411578512523,26
18,0.5351423299154742,2.6755752518485334e-05,0.46483091433200735,26
19,0.5381562564513775,2.2619237810946874e-05,0.4618211243108115,26
20,0.5417703762126018,1.9015299458197768e-05,0.45821060848794,26
21,0.5452235819995785,1.5918876018137244e-05,0.4547604991244033,26
22,0.5482411775596815,1.3301375029622354e-05,0.45174552106528887,26
23,0.5512974041903667,1.1131818833777515e-05,0.44869146399079957,26
24,0.5539157210858999,9.377997784854324e-06,0.44607490091631524,26
25,0.5567583854711232,8.007557980284696e-06,0.4432336069708965,26
26,0.5601429463725329,6.9889589069967665e-06,0.4398500646685601,26
27,0.562525769932215,6.2922505880052675e-06,0.43746793781719695,26
28,0.5650974855805821,5.889638095998108e-06,0.43489662478132185,26
29,0.5678932144397983,5.755821416581528e-06,0.43210102973878506,26
30,0.5701373715074147,5.868118242867771e-06,0.4298567603743424,26
31,0.5722531222992148,6.206394263764933e-06,0.4277406713065215,26
32,0.5747188734033052,6.752838284532744e-06,0.4252743737584104,26
33,0.5772909327631681,7.491627180451935e-06,0.42270157560965144,26
34,0.5795002346539391,8.408528047203954e-06,0.42049135681801375,26
35,0.5822916877151256,9.490482440578264e-06,0.4176988218024338,26
36,0.5851203618235545,1.0725211279508147e-05,0.414868912965166,26
37,0.5870663539735097,1.2100870096260974e-05,0.412921545156394,26
38,0.5893282890149212,1.3605774240875945e-05,0.41065810521083795,26
39,0.5920240398947909,1.5228203653592271e-05,0.4079607319015556,26
40,0.5946018710246613,1.6956287934588632e-05,0.40538117268740415,26
41,0.5980294607187632,1.8777965355268847e-05,0.40195176131588156,26
42,0.601435683736532,2.068100450172344e-05,0.3985436352589663,26
43,0.6031213834710137,2.2653074437739265e-05,0.39685596345454854,26
44,0.6042982625490423,2.4681848389387035e-05,0.39567705560256833,26
45,0.6067167165896916,2.6755126597177362e-05,0.3932565282837112,26
46,0.6091513831703673,2.886096570407222e-05,0.3908197558639286,26
47,0.612667398417931,3.098780439802074e-05,0.3873016137776709,26
48,0.6111856264027214,0.0020214692940142107,0.38679290430326435,26
49,0.6151676177000307,3.526081416857851e-05,0.3847971214858007,26
50,0.5443827456274627,0.0,0.4556172543725374,26
1,0.17041662455420303,0.0,0.8295833754457969,27
2,0.3918309512127113,0.010013132680460531,0.5981559161068282,27
3,0.4424716735497207,0.00016305704455719185,0.5573652694057221,27
4,0.46699091186778474,0.0001510115658560834,0.5328580765663592,27
5,0.47256082825723955,0.00013923382744380705,0.5272999379153166,27
6,0.4723523094048909,0.0001277704909775853,0.5275199201041315,27
7,0.47963938366923403,0.0001166679422426351,0.5202439483885233,27
8,0.48703865800946666,0.00010597148609622383,0.5128553705044371,27
9,0.4961706192606462,9.572446368594739e-05,0.5037336562756678,27
10,0.4997691908838387,8.596731814642362e-05,0.5001448417980149,27
11,0.5046148128292768,7.673664393900606e-05,0.49530845052678424,27
12,0.5123361029031794,6.806426319370615e-05,0.48759583283362684,27
13,0.5186569538888776,5.997637873723839e-05,0.4812830697323852,27
14,0.524850981557079,5.249285676078942e-05,0.4750965255861602,27
15,0.5301250103040197,4.562669119567829e-05,0.4698293630047846,27
16,0.5346184055675353,3.938369601468146e-05,0.46534221073645005,27
17,0.5385957247008017,3.3762460553087034e-05,0.46137051283864516,27
18,0.5434536668986869,2.8754586911364533e-05,0.4565175785144017,27
19,0.5468328315323576,2.4345208681543466e-05,0.4531428232589608,27
20,0.5507271557846646,2.0513768462882397e-05,0.4492523304468725,27
21,0.5544447093175842,1.7235010249332555e-05,0.44553805567216653,27
22,0.5577360743895934,1.448012433294668e-05,0.44224944548607364,27
23,0.5611093984588205,1.2217969232748832e-05,0.4388783835719468,27
24,0.56397876990175,1.0416289102119507e-05,0.43601081380914797,27
25,0.5671088781566098,9.042846969995189e-06,0.43288207899642017,27
26,0.5707840153044159,8.06640386161452e-06,0.42920791829172245,27
27,0.5733943191929958,7.45749011587609e-06,0.42659822331688835,27
28,0.5761960887188826,7.18893603914677e-06,0.42379672234507826,27
29,0.5793192506831292,7.2361518546173205e-06,0.4206735131650162,27
30,0.581688693313673,7.57716906484882e-06,0.41830372951726214,27
31,0.584043056888836,8.192474434656284e-06,0.41594875063672937,27
32,0.5867533442233996,9.06468199076882e-06,0.41323759109460967,27
33,0.5894848205634781,1.0178096658680696e-05,0.41050500133986323,27
34,0.5918464256946578,1.1518225188038535e-05,0.40814205608015414,27
35,0.5948968935894519,1.3071286396335931e-05,0.4050900351241518,27
36,0.5980119552492513,1.482376464922598e-05,0.40197322098609944,27
37,0.6001556584338641,1.67620394177678e-05,0.3998275795267182,27
38,0.6025689032722674,1.8872111370032854e-05,0.39741222461636255,27
39,0.6053521402612039,2.1139433302333323e-05,0.3946267203054938,27
40,0.6081677371154735,2.35488435300298e-05,0.3918087140409966,27
41,0.6117558736021189,2.608459097716826e-05,0.3882180418069039,27
42,0.6152709362597754,2.8730435514341995e-05,0.3847003333047103,27
43,0.61707748023203,3.1469804096536615e-05,0.38289104996387346,27
44,0.6183580445338345,3.428598264239722e-05,0.38160766948352315,27
45,0.6209668746783679,3.7162324863898777e-05,0.37899596299676824,27
46,0.6236426265288101,4.0082461824873225e-05,0.37631729100936506,27
47,0.6271000195895331,8.628661357476566e-05,0.3728136937968921,27
48,0.6251428109100733,0.0027637042889347456,0.37209348480099197,27
49,0.6298870073424112,4.895009950553437e-05,0.3700640425580833,27
50,0.553812567799586,0.0,0.4461874322004139,27
1,0.16546193869380804,0.0,0.8345380613061919,28
2,0.3908629852091682,0.010967639771823245,0.5981693750190086,28
3,0.4431830448858668,0.00017860325208030305,0.5566383518620529,28
4,0.46947246054929825,0.00016541077630412927,0.5303621286743976,28
5,0.47564756484477727,0.00015251210116540585,0.5241999230540573,28
6,0.47530033735042865,0.00013995855568302117,0.5245597040938883,28
7,0.48290961975594915,0.00012780124904405768,0.5169625789950067,28
8,0.49086377345032506,0.00011609021619544925,0.5090201363334795,28
9,0.5008652876936724,0.00010487348575594909,0.4990298388205716,28
10,0.5046382273514319,9.41961002439239e-05,0.49526757654832415,28
11,0.5097334808459448,8.409912833485707e-05,0.4901824200257203,28
12,0.5178434195022744,7.461871757093308e-05,0.48208196178015467,28
13,0.5247142894140369,6.578524238071484e-05,0.47521992534358243,28
14,0.5313261108251383,5.762260508298523e-05,0.46861626656977884,28
15,0.5368902683353685,5.014774550723546e-05,0.46305958391912433,28
16,0.541765915853992,4.337040707501794e-05,0.45819071373893294,28
17,0.5461088642790524,3.7293193348884155e-05,0.45385384252759875,28
18,0.5511717325730121,3.1911929671839294e-05,0.44879635549731606,28
19,0.5549298298511951,2.721632096764382e-05,0.44504295382783726,28
20,0.5591063096305463,2.3190871285830085e-05,0.44087049949816787,28
21,0.5630886802526045,1.9816006096243425e-05,0.43689150374129926,28
22,0.5666507872321469,1.7069317757006866e-05,0.4333321434500961,28
23,0.5703661803439042,1.49268408579189e-05,0.4296188928152379,28
24,0.5735017026890274,1.3364259431746257e-05,0.4264849330515408,28
25,0.5769111036756593,1.2357953381752075e-05,0.42307653837095893,28
26,0.5808610585871351,1.1885806625718976e-05,0.4191270556062392,28
27,0.5836879163733257,1.1927722807875139e-05,0.4163001559038664,28
28,0.5867413360692378,1.2465823270948389e-05,0.4132461981074913,28
29,0.5902071015601545,1.3484332882017046e-05,0.4097794141069635,28
30,0.5926992847479873,1.4969188622425203e-05,0.4072857460633903,28
31,0.5952864128841149,1.6907430238428877e-05,0.4046966796856467,28
32,0.5982411304986459,1.9286449129266148e-05,0.40173958305222485,28
33,0.601122678840565,2.209317953084556e-05,0.39885522797990414,28
34,0.6036186427391936,2.531331468015316e-05,0.3963560439461262,28
35,0.6069337644961603,2.8930620955779098e-05,0.3930373048828839,28
36,0.6103321528982031,3.2926406880661355e-05,0.38963492069491623,28
37,0.6126719251384143,3.72791838561129e-05,0.3872907956777296,28
38,0.6152486803950661,4.19645342763575e-05,0.38470935507065757,28
39,0.6180931383248986,4.695518274852386e-05,0.38185990649235285,28
40,0.6211317471172848,5.2221249486673474e-05,0.3788160316332285,28
41,0.6248609998281696,5.7730652815094196e-05,0.37508126951901544,28
42,0.6284677659809819,6.34496205945071e-05,0.3714687843984236,28
43,0.6303995332173893,6.934326807802127e-05,0.36953112351453277,28
44,0.6317617594731306,7.53762014877583e-05,0.36816286432538164,28
45,0.6345453105978863,8.151311145721042e-05,0.36537317629065647,28
46,0.6370972536014134,0.0007456970400487725,0.36215704935853776,28
47,0.6405621142090128,0.0008640720426084364,0.3585738137483788,28
48,0.6382125050438747,0.004054536801196268,0.357732958154929,28
49,0.6435930026859572,0.000759624274265251,0.35564737303977756,28
50,0.5628154383379503,0.0,0.43718456166204966,28
1,0.16122961632707203,0.0,0.8387703836729279,29
2,0.38965943566385614,0.012101376723537699,0.5982391876126062,29
3,0.4435022069763739,0.00033709584627252177,0.5561606971773536,29
4,0.4715742933924302,0.000184629913215663,0.5282410766943542,29
5,0.4783392115844721,0.0001702578431688763,0.521490530572359,29
6,0.4778720766589263,0.00015626977682493766,0.5219716535642488,29
7,0.4857635484114949,0.00014272359253402213,0.5140937279959712,29
8,0.49422005788242074,0.00012967625198349522,0.5056502658655958,29
9,0.5051369275864313,0.00011718283575359605,0.4947458895778152,29
10,0.5090528266791267,0.0001052955426076029,0.49084187777826577,29
11,0.5143954136613891,9.406269868184256e-05,0.4855105236399291,29
12,0.5228282375243845,8.352783173516066e-05,0.4770882346438804,29
13,0.530274926994806,7.372887160423701e-05,0.4696513441335897,29
14,0.5373139453654663,6.46975394078161e-05,0.4626213570951259,29
15,0.5431377764484557,5.64589834309095e-05,0.45680576456811334,29
16,0.5484043373390608,4.903170803714172e-05,0.45154663095290204,29
17,0.5530868920009451,4.242782319876278e-05,0.4468706801758562,29
18,0.558320475631402,3.6653617096543044e-05,0.4416428707515015,29
19,0.5624720667512166,3.1710424642398474e-05,0.43749622282414097,29
20,0.5669366560290195,2.759573368260561e-05,0.43303574823729785,29
21,0.5711872487936374,2.4304441779576398e-05,0.42878844676458305,29
22,0.5750156421366058,2.1830153856275786e-05,0.4249625277095379,29
23,0.5790844622993765,2.0166398295286722e-05,0.42089537130232824,29
24,0.582493788962975,1.9307639015612574e-05,0.4174869033980094,29
25,0.5861665012068016,1.9249974792240042e-05,0.41381424881840617,29
26,0.5903725843334451,1.9991443983883477e-05,0.409607424222571,29
27,0.5934106233643324,2.153189036265234e-05,0.40656784474530505,29
28,0.596728261080829,2.387238975852019e-05,0.4032478665294126,29
29,0.6005448206339997,2.7014282546670586e-05,0.39942816508345363,29
30,0.6031694939428197,3.09578980961278e-05,0.39679954815908425,29
31,0.6059951964486462,3.570108913465077e-05,0.39396910246221917,29
32,0.609167943959545,4.123771276826282e-05,0.39079081832768675,29
33,0.6121939932472871,4.755619860727315e-05,0.3877584505541057,29
34,0.6148167104491051,5.463833315206342e-05,0.3851286512177428,29
35,0.618394216388405,6.245836530536417e-05,0.38154332524628964,29
36,0.6220849752731576,7.098250424707416e-05,0.37784404222259527,29
37,0.6245890167842327,8.016884252555194e-05,0.3753308143732418,29
38,0.6273365133868474,8.996769889303756e-05,0.3725735189142596,29
39,0.6302313345028775,0.00010032234143342626,0.3696683431556891,29
40,0.6334675612389171,0.00011117002510373385,0.36642126873597913,29
41,0.6373205509896261,0.0001224432607597089,0.36255700574961414,29
42,0.6410051702490847,0.00013407122543119887,0.35886075852548416,29
43,0.6430946780272654,0.00014598122520032385,0.3567593407475343,29
44,0.6443404231216933,0.00044767181954007325,0.35521190505876665,29
45,0.6470483471463215,0.0009026220432220277,0.35204903081045646,29
46,0.6495124753745556,0.002118534271552058,0.34836899035389235,29
47,0.6530784364490737,0.0022454797222494364,0.34467608382867687,29
48,0.6503985581765002,0.005827717812951949,0.34377372401054795,29
49,0.6562627611729419,0.0021454783371159542,0.3415917604899421,29
50,0.5714362222563598,0.0,0.4285637777436402,29
1,0.15776563649280084,0.0,0.842234363507199,30
2,0.3883075562412637,0.01335087142068578,0.5983415723380505,30
3,0.44337239655646077,0.0009014790192656249,0.5557261244242736,30
4,0.4733517203301789,0.00022068918297069127,0.5264275904868504,30
5,0.4806886311881863,0.0002043519275166096,0.5191070168842972,30
6,0.48011128873560843,0.00018840231559959545,0.5197003089487919,30
7,0.48825493598096315,0.00017290571284064426,0.5115721583061961,30
8,0.49716930900648837,0.0001579275667925146,0.5026727634267191,30
9,0.5090214216315629,0.00014353253767695126,0.4908350458307601,30
10,0.5128827151390835,0.0004624286584464391,0.4866548562024701,30
11,0.5184443671339427,0.0005181802388746373,0.48103745262718267,30
12,0.5273467323339299,0.00010446217688005776,0.47254880548919004,30
13,0.5353696783601167,9.299962915029955e-05,0.46453732201073306,30
14,0.5428177935268145,8.240185500363191e-05,0.4570998046181819,30
15,0.5488945603116097,7.271239309263553e-05,0.4510327272952977,30
16,0.5545479513531146,6.39700059483663e-05,0.445388078640937,30
17,0.5595593102934653,5.620902766484531e-05,0.44038448067886987,30
18,0.5649307154020103,4.9460006852530666e-05,0.43501982459113714,30
19,0.5694796298676084,4.375059965201194e-05,0.43047661953273963,30
20,0.5742328893895341,3.910663219236674e-05,0.42572800397827354,30
21,0.5787549305839097,3.5553219868689915e-05,0.4212095161962216,30
22,0.5828472161307772,3.3115807197111036e-05,0.4171196680620257,30
23,0.5872832184805286,3.182098141918001e-05,0.41268496053805226,30
24,0.5909628870854704,3.1696918907997345e-05,0.4090054159956216,30
25,0.5948774226041806,3.277334726382395e-05,0.40508980404855555,30
26,0.5993196251501388,3.508094681042021e-05,0.40064529390305076,30
27,0.6025771319051025,3.8650169458494835e-05,0.397384217925439,30
28,0.6061599264078239,4.350951474206248e-05,0.393796564077434,30
29,0.610322394171322,4.96833648390298e-05,0.38962792246383904,30
30,0.6131037498637578,5.71895346168206e-05,0.38683906060162543,30
31,0.6161689549905266,6.603673194105893e-05,0.38376500827753235,30
32,0.6195297724302051,7.62221422467541e-05,0.38039400542754814,30
33,0.6226902544072147,8.772934703846064e-05,0.37722201624574686,30
34,0.6254427205198367,0.000100526759116495,0.37445675272104684,30
35,0.6292670974408172,0.00011456671156912615,0.37061833584761367,30
36,0.6332442110279507,0.00012978527906512858,0.36662600369298415,30
37,0.6358991405169019,0.00014610284626944848,0.3639547566368287,30
38,0.6388210047924262,0.0001634253770218039,0.361015569830552,30
39,0.641747756997202,0.0001816462859652918,0.3580705967168327,30
40,0.6451382867114719,0.0002006487763917547,0.35466106451213636,30
41,0.6491469451740195,0.0002203084865844985,0.350632746339396,30
42,0.6528801292055896,0.00024049628190045159,0.34687937451251005,30
43,0.6551150247636903,0.0003069166510925571,0.3445780585852171,30
44,0.6558852143522399,0.0015457964150330065,0.3425689892327271,30
45,0.6585084687028971,0.0023826580861176947,0.33910887321098515,30
46,0.6609286578503462,0.004055929706283858,0.33501541244336996,30
47,0.6646347058636195,0.004159858125493913,0.3312054360108866,30
48,0.6617474705899682,0.00797807595209006,0.33027445345794176,30
49,0.6679358131905094,0.00408599656328543,0.3279781902462051,30
50,0.5797054563148996,0.0,0.4202945436851005,30
1,0.1561487660803719,0.0,0.843851233919628,31
2,0.3872591715400482,0.014550913974881573,0.5981899144850702,31
3,0.4427276454027055,0.0019434089242450448,0.5553289456730495,31
4,0.4749035594772595,0.00027391325367270245,0.5248225272690676,31
5,0.4827815530612659,0.00025519973297425427,0.5169632472057598,31
6,0.48210103297317686,0.00023683127766367998,0.5176621357491594,31
7,0.49047108968235786,0.00021888152683186398,0.5093100287908102,31
8,0.49973720870496774,0.0003242796790727594,0.4999385116159595,31
9,0.5125808847458528,0.00018454271632618874,0.487234572537821,31
10,0.516175846872098,0.001205280468019249,0.4826188726598827,31
11,0.5219650018612713,0.0013129002003090052,0.47672209793841974,31
12,0.5314597359152733,0.00013810399923760506,0.4684021600854891,31
13,0.5400497678961738,0.00012428738191943442,0.4598259447219068,31
14,0.5478803514363952,0.00011142924977399461,0.4520082193138308,31
15,0.5541997527857393,9.960370140457693e-05,0.44570064351285615,31
16,0.5602318997263289,8.88834119503163e-05,0.43967921686172085,31
17,0.5655667986753885,7.933992594639858e-05,0.43435386139866516,31
18,0.5710415131425823,7.104415710791334e-05,0.42888744270030976,31
19,0.5759840182651909,6.406703290260137e-05,0.4239519147019065,31
20,0.581017477566348,5.8480184421690175e-05,0.4189240422492303,31
21,0.5858096030762668,5.435654918949518e-05,0.41413604037454366,31
22,0.5901741975053996,5.177073214239106e-05,0.409774031762458,31
23,0.5949721198895486,5.079896370065384e-05,0.4049770811467508,31
24,0.5989120010863499,5.1518507888050806e-05,0.40103648040576206,31
25,0.6030517177765926,5.400640964301608e-05,0.39689427581376435,31
26,0.6077075887806135,5.833752746433352e-05,0.3922340736919222,31
27,0.6111946752322353,6.458187055622316e-05,0.3887407428972086,31
28,0.6150439070913584,7.280134077543384e-05,0.3848832915678662,31
29,0.6195402816497491,8.304605884868495e-05,0.38037667229140226,31
30,0.6224954848131006,9.53505206937737e-05,0.37740916466620567,31
31,0.6257943656592548,0.00010972987342185516,0.3740959044673233,31
32,0.629328600263151,0.00012617661458150955,0.3705452231222675,31
33,0.6326044151618693,0.00014465799932567513,0.36725092683880506,31
34,0.635486503062848,0.000165114390002826,0.36434838254714913,31
35,0.6395269024370417,0.00018745870725575615,0.36028563885570253,31
36,0.6438034147332233,0.00021157705060166471,0.35598500821617507,31
37,0.6465806798772983,0.00023733046107304135,0.35318198966162867,31
38,0.6496667293824858,0.00026455771019013436,0.35006871290732405,31
39,0.652605358248403,0.0002930789278645279,0.34710156282373245,31
40,0.656126869687778,0.00032269983325376684,0.3435504304789682,31
41,0.6603089159275912,0.0003827751760909588,0.3393083088963178,31
42,0.6640072401330722,0.0005166604047189272,0.33547609946220885,31
43,0.6661191256998744,0.001197960807645076,0.3326829134924806,31
44,0.6664345622271752,0.0032346243406121676,0.3303308134322126,31
45,0.6689978163706543,0.004376277577930458,0.3266259060514153,31
46,0.6714186323483449,0.006416689696367366,0.32216467795528775,31
47,0.6752386429128844,0.006528359058078241,0.3182329980290374,31
48,0.6722992220199694,0.010404948821454188,0.3172958291585764,31
49,0.6786763291581437,0.0064410316215989215,0.3148826392202574,31
50,0.5876354571526363,0.0,0.41236454284736374,31
1,0.15626689082540354,0.0,0.8437331091745964,32
2,0.3865085485416806,0.01570704999771015,0.5977844014606091,32
3,0.4417630687492812,0.0033394843868825496,0.5548974468638362,32
4,0.4763128285931716,0.00034314807147407936,0.5233440233353543,32
5,0.4846851449865889,0.00032234205019705976,0.514992512963214,32
6,0.4839117536554203,0.00030173897828468364,0.515786507366295,32
7,0.49248384017357233,0.0002814192624553995,0.5072347405639723,32
8,0.5018766895765776,0.0008825676744750119,0.4972407427489475,32
9,0.515865666885645,0.00024198113501855206,0.4838923519793365,32
10,0.519036078601757,0.0022468008654717023,0.47871712053277127,32
11,0.5250470798501057,0.002401464460878594,0.47255145568901574,32
12,0.534997044537491,0.0006361481765378628,0.4643668072859712,32
13,0.5443748560008046,0.0001706890811982857,0.45545445491799713,32
14,0.5525418915916218,0.00015508818891937423,0.44730302021945884,32
15,0.5591035925338559,0.00014061664610266674,0.44075579082004146,32
16,0.5654998471195616,0.0001274031853527245,0.4343727496950857,32
17,0.571146307215004,0.00011558126111522215,0.42873811152388075,32
18,0.5766998291646692,0.00010528896818605888,0.4231948818671447,32
19,0.5820123424488328,9.666886614096324e-05,0.4178909886850262,32
20,0.5873168814014058,8.986760277855595e-05,0.4125932509958156,32
21,0.5923799941223324,8.503520413118997e-05,0.4075349706735364,32
22,0.5970153838010956,8.232388511867663e-05,0.40290229231378566,32
23,0.6021550673221141,8.188623960094386e-05,0.397763046438285,32
24,0.6063451664463677,8.387269597995523e-05,0.3935709608576523,32
25,0.6106936317022982,8.842817634125215e-05,0.3892179401213606,32
26,0.6155421292418346,9.568797133767839e-05,0.3843621827868277,32
27,0.6192677704678635,0.00010577293330814934,0.3806264565988283,32
28,0.6233946238765301,0.00011878418634012572,0.37648659193712986,32
29,0.6282035764239318,0.0001347976413150441,0.3716616259347532,32
30,0.6313379563963862,0.00015385867287199417,0.3685081849307418,32
31,0.6348645679862905,0.00017597735171244393,0.3649594546619971,32
32,0.6385572185440758,0.00020112462164212637,0.3612416568342821,32
33,0.6419389727614743,0.00022922976366996392,0.3578317974748558,32
34,0.6449421709982396,0.0002601794031799727,0.3547976495985805,32
35,0.6491592207625264,0.00029381820039620175,0.3505469610370774,32
36,0.6537238356608672,0.00032995123313940295,0.3459462131059934,32
37,0.6566072018107694,0.00036834795025161734,0.34302445023897904,32
38,0.659834309243461,0.000408747459330532,0.3397569432972085,32
39,0.6627775572259383,0.00045086482571203026,0.3367715779483496,32
40,0.6662320858849378,0.000875812743544637,0.3328921013715176,32
41,0.670446976275519,0.0012650138630299703,0.32828800986145107,32
42,0.6741108310749377,0.0015114038853678172,0.3243777650396945,32
43,0.6761337020502087,0.0027107537338660844,0.3211555442159252,32
44,0.6760232995647285,0.005425928143315558,0.31855077229195594,32
45,0.6785433217547481,0.006807727053883293,0.31464895119136865,32
46,0.6809403313950054,0.009178325149212426,0.30988134345578217,32
47,0.6849046498945887,0.009293106962043319,0.305802243143368,32
48,0.6820136692474832,0.013093524162018732,0.30489280659049806,32
49,0.6883799786100577,0.009222966802356024,0.30239705458758626,32
50,0.5950854235517452,0.0002505235774185938,0.40466405287083623,32
1,0.15792453423217073,0.0,0.8420754657678293,33
2,0.3860508875646209,0.016823170367194294,0.5971259420681848,33
3,0.44065556616781987,0.00497526437035373,0.5543691694618263,33
4,0.477655184085247,0.0004234547132533156,0.5219213612014998,33
5,0.48646144246746004,0.00040103012670778925,0.5131375274058322,33
6,0.48551583695159634,0.0005503739838896596,0.5139337890645139,33
7,0.4943634640995116,0.00035615854344270455,0.5052803773570456,33
8,0.5036902895879384,0.0017509976641464054,0.49455871274791524,33
9,0.5189184023466369,0.0003118944588390677,0.48076970319452406,33
10,0.52155149865377,0.003510878738375774,0.47493762260785416,33
11,0.5277710770786568,0.003715564883768673,0.46851335803757455,33
12,0.5380635328003825,0.001497270543341546,0.4604391966562759,33
13,0.5483859964511282,0.00022915641581101008,0.4513848471330608,33
14,0.5568405384321979,0.0002105805842865948,0.4429488809835155,33
15,0.5636486556394226,0.0001932140229401224,0.4361581303376374,33
16,0.5703885059789022,0.00017726382872348042,0.4294342301923743,33
17,0.5763156300544645,0.00016294996710812846,0.42352141997842735,33
18,0.5819351317068444,0.0001505041422157987,0.4179143641509398,33
19,0.5875944418549455,0.00014016820027443075,0.4122653899447801,33
20,0.5931612247267676,0.0001321919642059658,0.4067065833090265,33
21,0.5984944715320135,0.00012683038797055583,0.4013786980800159,33
22,0.6033976546342414,0.0001243399234652749,0.3964780054422933,33
23,0.6088443499276552,0.00012497401616072415,0.391030676056184,33
24,0.6132732548257015,0.00012897769242518848,0.3865977674818733,33
25,0.617818109926033,0.00013658127263435,0.3820453088013327,33
26,0.6228355940720132,0.0001479933363462312,0.3770164125916406,33
27,0.6268153439550519,0.0001633931708370934,0.373021262874111,33
28,0.6312212887176152,0.00018292303955199136,0.3685957882428329,33
29,0.6363100048704081,0.00020668069708951973,0.36348331443250237,33
30,0.639630273369628,0.00023471263636050247,0.36013501399401154,33
31,0.6433753573591748,0.0002670085682332379,0.3563576340725919,33
32,0.6472116308044847,0.0003034975963690304,0.3524848715991462,33
33,0.6506953355381389,0.0003440464595198127,0.34896061800234135,33
34,0.6538036869861961,0.0003884600778821546,0.34580785293592176,33
35,0.658173495457608,0.0004364844739528707,0.34139002006843916,33
36,0.6629964195479396,0.000487811961338254,0.3365157684907221,33
37,0.6659728085005339,0.0005420883282773672,0.3334851031711888,33
38,0.669332899247999,0.0005989216053638719,0.3300681791466372,33
39,0.6720438941895684,0.0011283675088911206,0.32682773830154044,33
40,0.6753281005963382,0.0021002671482007653,0.32257163225546104,33
41,0.6795967807928522,0.0027630126573445365,0.31764020654980324,33
42,0.6832528198479441,0.0031036571892758043,0.31364352296278014,33
43,0.6851886441837695,0.004765719059646898,0.31004563675658364,33
44,0.6846664911249816,0.008059883408744112,0.30727362546627435,33
45,0.6872179418767159,0.009590872711481036,0.3031911854118031,33
46,0.6895113011935355,0.012284441371939911,0.29820425743452456,33
47,0.693593594370269,0.01243407421057438,0.2939723314191567,33
48,0.6909029946668606,0.01600331621203576,0.2930936891211037,33
49,0.697092104931085,0.012366129443207637,0.2905417656257074,33
50,0.6020367686012118,0.0008369287353167348,0.39712630266347154,33
1,0.16093988115936572,0.0,0.8390601188406344,34
2,0.38588867291485734,0.017905467293966252,0.5962058597911764,34
3,0.43953692127169236,0.006767334097550475,0.5536957446307571,34
4,0.4789838140992172,0.0005184737235668692,0.520497712177216,34
5,0.488157005509821,0.000494930784612074,0.511348063705567,34
6,0.4868864022915531,0.0011350264703285484,0.5119785712381183,34
7,0.4961596387961531,0.0004467837172981889,0.5033935774865487,34
8,0.5052606443346923,0.002866700792490207,0.4918726548728175,34
9,0.5216665233369409,0.0006189755430446818,0.47771450112001446,34
10,0.5237975973055979,0.004943980807595463,0.4712584218868066,34
11,0.5301969796805512,0.005206780162950105,0.46459624015649864,34
12,0.5407464813823191,0.0026428069484414796,0.45661071166923944,34
13,0.552003413435146,0.0005508227757132112,0.44744576378914075,34
14,0.5608005232369352,0.00028137274529922165,0.4389181040177656,34
15,0.5678685506734676,0.00026082237206531233,0.43187062695446704,34
16,0.5749291005247538,0.00024185909475506873,0.4248290403804912,34
17,0.5811032031387073,0.0002248174551151136,0.41867197940617756,34
18,0.5867780657673387,0.00021005247435272562,0.41301188175830855,34
19,0.5927623707702698,0.0001979358189246128,0.40703969341080554,34
20,0.5985806329286816,0.0001888508975855522,0.40123051617373295,34
21,0.6041797213830075,0.0001831868359729314,0.39563709178101963,34
22,0.6093406514546834,0.0001813313077239021,0.3904780172375927,34
23,0.6150551113842192,0.00018366225160627132,0.38476122636417454,34
24,0.6197168069600392,0.00019053857516470273,0.3800926544647961,34
25,0.6244450107179015,0.00020229003642909083,0.3753526992456695,34
26,0.6296154424927763,0.0002192066012566856,0.37016535090596697,34
27,0.6338328841866017,0.00024152768475080473,0.3659255881286475,34
28,0.6385209671737961,0.0002694317863096405,0.3612096010398943,34
29,0.6438649202444677,0.00030302710200732846,0.35583205265352497,34
30,0.6473689651120973,0.00034234372831994726,0.3522886911595828,34
31,0.6513252258812269,0.0003873280446376314,0.3482874460741355,34
32,0.6552958594184821,0.0004378397725623832,0.3442663008089555,34
33,0.6588768115207619,0.0004936520608854155,0.34062953641835264,34
34,0.6620437904221484,0.0006254210189033054,0.33733078855894827,34
35,0.6665827796663244,0.0006198607412653255,0.3327973595924103,34
36,0.671625522237665,0.0006894151968122964,0.32768506256552266,34
37,0.6745724972197322,0.0009675978885845984,0.3244599048916832,34
38,0.677925892166438,0.0013118684749228835,0.32076223935863923,34
39,0.6803534270023752,0.0024293201367493614,0.31721725286087543,34
40,0.683469073806445,0.0038924822812355297,0.31263844391231954,34
41,0.687785947165564,0.004800955007975192,0.30741309782646087,34
42,0.6914833718624549,0.0052036474859785365,0.3033129806515666,34
43,0.6933149726564781,0.0072882131731875546,0.2993968141703343,34
44,0.6923864553120196,0.011078511438700383,0.29653503324928004,34
45,0.6950266373003067,0.012689952427342345,0.292283410272351,34
46,0.6971419951533009,0.015704018225888548,0.28715398662081054,34
47,0.7013178260090943,0.015914913190490203,0.2827672608004155,34
48,0.6989415943964415,0.01913222935033234,0.28192617625322614,34
49,0.7048636021551484,0.015797209923081673,0.2793391879217699,34
50,0.6084973964197187,0.001748010871644149,0.3897545927086372,34
1,0.16404458985572642,0.0,0.8359554101442735,35
2,0.3856006268844767,0.01910326811068704,0.5952961050048363,35
3,0.4386917803564583,0.00849013371452232,0.5528180859290194,35
4,0.48028805186009393,0.0006376460052543633,0.5190743021346517,35
5,0.4897648818873621,0.0006139260284250732,0.5096211920842129,35
6,0.4880607321492692,0.0019909849424459636,0.5099482829082849,35
7,0.4978711760748563,0.0005641802389003549,0.5015646436862433,35
8,0.5066226226241682,0.004190526982331519,0.48918685039350024,35
9,0.5240718258281326,0.0012661381892807117,0.47466203598258666,35
10,0.525818151812794,0.006506634813163165,0.46767521337404283,35
11,0.5323503875464595,0.0068486469449014886,0.460800965508639,35
12,0.5430900053956618,0.004024100970131869,0.45288589363420634,35
13,0.5552182293181017,0.0012100208758211287,0.44357174980607716,35
14,0.5642923990351021,0.0006664102550030239,0.4350411907098949,35
15,0.5716328531621365,0.0006411826905618932,0.4277259641473016,35
16,0.5791299371412013,0.0003378563467059866,0.4205322065120927,35
17,0.5854641173850413,0.00042620126028723585,0.4141096813546714,35
18,0.5911379661405209,0.0005391490778401535,0.4083228847816389,35
19,0.5974086018551932,0.0005276365277465322,0.4020637616170603,35
20,0.6035664205817206,0.000321285479887401,0.396112293938392,35
21,0.6094480732706118,0.0002742962445021018,0.3902776304848862,35
22,0.6148356719163603,0.00029323491955306603,0.3848710931640866,35
23,0.6207914896465652,0.0002794963286646675,0.3789290140247702,35
24,0.6256519869094659,0.0003297367740328757,0.3740182763165013,35
25,0.6305805851235937,0.000308333207592177,0.3691110816688141,35
26,0.6358838722989466,0.00033264770244948805,0.3637834799986039,35
27,0.6403379283355106,0.00036396751705234466,0.3592981041474371,35
28,0.6452890600019838,0.00040248615706795074,0.3543084538409482,35
29,0.6508757434970536,0.0004482941102494509,0.34867596239269705,35
30,0.6545537688244385,0.0005013711789272665,0.3449448599966342,35
31,0.6586088323215967,0.0007546547388385823,0.3406365129395647,35
32,0.6627726352102701,0.0006885988522118108,0.33653876593751814,35
33,0.6663114108593524,0.0010244401320096015,0.33266414900863805,35
34,0.6694140812539149,0.001476210091878628,0.32910970865420647,35
35,0.6741006589866376,0.0014337922530496998,0.3244655487603127,35
36,0.6794611558315081,0.0012782831831320085,0.3192605609853599,35
37,0.6822108102906087,0.0020843033107944414,0.31570488639859684,35
38,0.6855404787605128,0.0026844027546722195,0.31177511848481493,35
39,0.6877513275676961,0.004286936068699538,0.30796173636360435,35
40,0.6907141769372818,0.006182647831553831,0.3031031752311645,35
41,0.6950433669840819,0.0073352187432423836,0.29762141427267574,35
42,0.698796059580145,0.0077909166027326626,0.2934130238171223,35
43,0.7005483502135875,0.010236781664455488,0.28921486812195707,35
44,0.6992534762258538,0.01442547099437951,0.2863210527797667,35
45,0.7019794947545396,0.01610462347482962,0.2819158817706308,35
46,0.7039116334190231,0.019388686899130023,0.2766996796818469,35
47,0.7081334719272697,0.019690064183910224,0.27217646388882005,35
48,0.7061378142565098,0.02248832647554042,0.27137385926794977,35
49,0.7117408028327559,0.01948268833874864,0.2687765088284956,35
50,0.614651629620473,0.0028309793446772433,0.3825173910348497,35
1,0.16716526720055622,0.0,0.8328347327994438,36
2,0.3852221413344684,0.020403246807474483,0.5943746118580571,36
3,0.4380736442172809,0.01016784353381478,0.5517585122489044,36
4,0.48155781451904567,0.0007921816232201198,0.5176500038577342,36
5,0.49127925566573705,0.0007710546033320082,0.5079496897309309,36
6,0.4890579187120686,0.003086158181831199,0.5078559231061002,36
7,0.49949281852296595,0.0007254551158808396,0.49978172636115326,36
8,0.5077864001924552,0.00571419307471964,0.4864994067328251,36
9,0.5261494047254218,0.0022337631225801324,0.4716168321519981,36
10,0.5276173080551927,0.008204949208213,0.4641777427365943,36
11,0.5342428817966396,0.008648451151049312,0.4571086670523111,36
12,0.5451142579161892,0.005634810143791885,0.44925093194001897,36
13,0.558047243480728,0.0021965711642585135,0.4397561853550135,36
14,0.5672812441246741,0.0014971218565616067,0.43122163401876434,36
15,0.5749014544745132,0.0014558289039605314,0.42364271662152625,36
16,0.5828774783423487,0.0007190024267669544,0.4164035192308843,36
17,0.5892440122692326,0.0011094110367111413,0.40964657669405624,36
18,0.5949504966956329,0.0013146644777742044,0.40373483882659283,36
19,0.6014618537648554,0.0013301342225886129,0.397208012012556,36
20,0.6079250570452545,0.0009623290756515276,0.391112613879094,36
21,0.6141340567529968,0.0007570840749644308,0.38510885917203874,36
22,0.6196758678964936,0.0009071350281615084,0.37941699707534493,36
23,0.6258688874827851,0.00082139560749472,0.37330971690972015,36
24,0.630866972723354,0.0010103440960363887,0.3681226831806096,36
25,0.6359919870178555,0.0009611186772572904,0.3630468943048872,36
26,0.6414485372082711,0.0009157393810399731,0.35763572341068894,36
27,0.6461212918398633,0.0010002575216546078,0.35287845063848206,36
28,0.6513247665293931,0.001014781866061736,0.3476604516045452,36
29,0.6572247985401305,0.0009153356137672581,0.34185986584610223,36
30,0.6609435225471385,0.0012158088840461938,0.3378406685688153,36
31,0.6650550694881027,0.0017309044263247551,0.3332140260855726,36
32,0.6693924471986282,0.0015770416855048599,0.3290305111158669,36
33,0.6728829359852004,0.0021762281991641493,0.32494083581563543,36
34,0.675952262249182,0.0029023103239714165,0.32114542742684654,36
35,0.6807504731061991,0.002872365931599983,0.3163771609622009,36
36,0.6863667906070283,0.0025552568127354845,0.3110779525802362,36
37,0.6889121971833512,0.0038505819444149764,0.30723722087223393,36
38,0.6922240258573371,0.00466358824858655,0.30311238589407635,36
39,0.6942849557728903,0.006660071890463595,0.29905497233664613,36
40,0.6970956863620578,0.00894713918701059,0.29395717445093167,36
41,0.7013855577145423,0.010353999939070132,0.2882604423463876,36
42,0.7052420768737185,0.010822516089276668,0.2839354070370048,36
43,0.7068980873787057,0.013609234597386907,0.27949267802390737,36
44,0.7052873535051206,0.01809616588035856,0.2766164806145208,36
45,0.7081045039371928,0.019830487137838727,0.27206500892496854,36
46,0.7098643384157801,0.02332736415225524,0.26680829743196466,36
47,0.7140935815788032,0.02373375152927633,0.26217266689192054,36
48,0.7125297446658763,0.026081089368774443,0.2613891659653493,36
49,0.7177462416317056,0.023436818655091167,0.2588169397132032,36
50,0.6204544581509283,0.004133669204551027,0.3754118726445208,36
1,0.170222727233782,0.0,0.8297772727662179,37
2,0.3847794838799449,0.021795776053175852,0.5934247400668793,37
3,0.4376366789976709,0.011825690510799913,0.5505376304915292,37
4,0.4827900859066235,0.0009839708737019236,0.5162259432196746,37
5,0.4926912475455697,0.0009682687201640211,0.5063404837342663,37
6,0.48988552634070753,0.004394762683975805,0.5057197109753166,37
7,0.5010181546856336,0.0009586792669540164,0.49802316604741237,37
8,0.5087632476163896,0.007429219549753242,0.4838075328338572,37
9,0.5279083119840104,0.0035093358895212368,0.4685823521264683,37
10,0.5291980952207186,0.010049034196803579,0.4607528705824778,37
11,0.5358820923240488,0.010614366245795676,0.4535035414301555,37
12,0.5468283694864386,0.007475612601686488,0.44569601791187485,37
13,0.5604934223776417,0.003510509962033018,0.43599606766032534,37
14,0.5698059947621706,0.002738473378067179,0.4274555318597622,37
15,0.5777129545905515,0.0026735507130727617,0.41961349469637577,37
16,0.5860865230199824,0.0015908040844898827,0.4123226728955277,37
17,0.5924893160927878,0.0022397976632358304,0.4052708862439764,37
18,0.5982502450401732,0.002515525616713501,0.3992342293431133,37
19,0.6049553153844514,0.0025788351896597955,0.39246584942588886,37
20,0.6116817383446246,0.002091394105785704,0.38622686754958974,37
21,0.6181942662374534,0.0017529724645754209,0.38005276129797116,37
22,0.6238903442903184,0.0020067676463078397,0.3741028880633737,37
23,0.6302776800918778,0.0018898901081700688,0.3678324297999521,37
24,0.6353980328974371,0.00221017131402089,0.36239179578854197,37
25,0.6406984404760852,0.0021516243655261913,0.35714993515838867,37
26,0.6462812403174552,0.002068614703704535,0.3516501449788404,37
27,0.6511826342332885,0.0021919802810029332,0.3466253854857086,37
28,0.6566035017542826,0.0022079458051455815,0.3411885524405719,37
29,0.6627864368565025,0.0019973441264300703,0.33521621901706744,37
30,0.6665441482103873,0.002521586573602545,0.33093426521601016,37
31,0.6706854750509135,0.0032950397018703293,0.3260194852472162,37
32,0.675182957291835,0.00307430694547667,0.32174273576268836,37
33,0.6786417963193776,0.0039041921129420376,0.3174540115676804,37
34,0.6816868323143085,0.004877211976897777,0.31343595570879373,37
35,0.6865695608248986,0.004895257484243137,0.30853518169085825,37
36,0.6923880446499837,0.004467815507807238,0.3031441398422091,37
37,0.6947381526630896,0.006211967941372019,0.2990498793955384,37
38,0.6980225206356838,0.007206585926107075,0.2947708934382091,37
39,0.6999952830203844,0.009515964404282021,0.2904887525753336,37
40,0.702668941406738,0.01214663991643365,0.28518441867682837,37
41,0.7068869892427976,0.013807915023884336,0.2793050957333181,37
42,0.7108555178013396,0.014274340743667943,0.27487014145499244,37
43,0.7124027346233139,0.017380962325777818,0.27021630305090827,37
44,0.7105467458619704,0.022060608458600202,0.2673926456794294,37
45,0.7134329522043472,0.02386213262744675,0.26270491516820604,37
46,0.7150035911170849,0.02753649633714696,0.25745991254576817,37
47,0.7192073663805464,0.028053258643301875,0.25273937497615173,37
48,0.7181510849251345,0.029909425667733386,0.2519394894071322,37
49,0.7229519605681377,0.027622682827194725,0.24942535660466758,37
50,0.625967018457383,0.005619889890528747,0.3684130916520883,37
1,0.17311449404861418,0.0,0.8268855059513858,38
2,0.3842823293821471,0.02327333363543503,0.5924443369824178,38
3,0.43736032669559755,0.013477907755877917,0.5491617655485246,38
4,0.4839814906811953,0.001218885165140925,0.5147996241536639,38
5,0.49388949658197445,0.0014091804560070692,0.5047013229620185,38
6,0.490546060481043,0.005906054292884399,0.5035478852260726,38
7,0.5022988990909005,0.0015832635294753556,0.4961178373796241,38
8,0.5095382887371179,0.009348504039864704,0.48111320722301737,38
9,0.5293332911556674,0.00510091177414386,0.46556579707018875,38
10,0.530565007060106,0.012043940236205775,0.4573910527036883,38
11,0.5372767120637816,0.01275028564816705,0.44997300228805137,38
12,0.5482598039034808,0.009536813869061437,0.4422033822274578,38
13,0.5625693172012578,0.005143265056709933,0.4322874177420323,38
14,0.5719108319272799,0.004357083162985871,0.42373208490973424,38
15,0.5800937039741483,0.004273451767969641,0.4156328442578821,38
16,0.5887883062761883,0.0029261847742885054,0.4082855089495232,38
17,0.5952283787382506,0.0037952510684189987,0.4009763701933304,38
18,0.6010744630242573,0.004117716997370777,0.39480781997837194,38
19,0.6079204962402394,0.004254557267297385,0.38782494649246324,38
20,0.6148692091516614,0.003687396834474779,0.3814433940138638,38
21,0.6216657001834066,0.003234100056384148,0.37510019976020925,38
22,0.6275015153608605,0.0035804051379523917,0.36891807950118716,38
23,0.6340570100549434,0.003460569494149171,0.3624824204509075,38
24,0.6392880955470694,0.003902671651714568,0.35680923280121596,38
25,0.6447399348723548,0.003853030264443984,0.3514070348632012,38
26,0.6504239698528445,0.003759276025354506,0.345816754121801,38
27,0.6555485512097999,0.003913060369496451,0.3405383884207036,38
28,0.6611397853842229,0.003966648775823185,0.3348935658399539,38
29,0.6676073905777213,0.0036487529967595086,0.3287438564255192,38
30,0.6714067199672837,0.004378746652938318,0.32421453337977796,38
31,0.6755404385010385,0.005414901088385273,0.3190446604105762,38
32,0.6801779808400072,0.0051525192276021805,0.3146694999323906,38
33,0.683633212849478,0.006172028722661625,0.3101947584278605,38
34,0.6866525948503854,0.007372924171485892,0.3059744809781287,38
35,0.6915900963035956,0.007470103265284025,0.3009398004311204,38
36,0.6975620434233613,0.006974373460325244,0.2954635831163135,38
37,0.6997497767243316,0.009113757805626139,0.29113646547004235,38
38,0.7029858565702758,0.010278634383019484,0.28673550904670475,38
39,0.7049008575535813,0.012844188235106684,0.28225495421131197,38
40,0.7074698629018783,0.01575791060701032,0.2767722264911114,38
41,0.711580774955616,0.017681046531320726,0.27073817851306325,38
42,0.7156568446241582,0.018138405317732215,0.2662047500581096,38
43,0.717088210495092,0.021530533041460582,0.26138125646344745,38
44,0.715090005319046,0.02629835012145311,0.2586116445595009,38
45,0.7180127204294627,0.028185430063051298,0.25380184950748597,38
46,0.7193845713715381,0.03200097683068678,0.24861445179777517,38
47,0.7235470615189752,0.03261601623770788,0.24383692224331693,38
48,0.7230297454307704,0.033980183384152575,0.24299007118507707,38
49,0.7274372127625433,0.031994249538549235,0.24056853769890751,38
50,0.6311978748750275,0.007291223687747917,0.3615109014372246,38
1,0.17567237626822113,0.0,0.8243276237317788,39
2,0.38379954587836673,0.02483185233497021,0.5913686017866631,39
3,0.4372670184834603,0.015123389537344288,0.5476095919791955,39
4,0.48506862230736125,0.0014979645140779704,0.5134334131785607,39
5,0.4947454913591445,0.002265550374070364,0.5029889582667851,39
6,0.49107496884693136,0.007566379082072853,0.5013586520709956,39
7,0.5033590821838498,0.0025580954264587835,0.49408282238969137,39
8,0.510100785903211,0.011475328267500515,0.4784238858292885,39
9,0.5304380182790082,0.006992638503860582,0.4625693432171313,39
10,0.5317187280465803,0.014196376547487795,0.45408489540593194,39
11,0.5384204368070312,0.01506878292634232,0.44651078026662644,39
12,0.5494268669471107,0.01181323893053574,0.4387598941223535,39
13,0.5642978621348511,0.0070801735473867665,0.4286219643177621,39
14,0.5736181840248092,0.006334520218412033,0.42004729575677874,39
15,0.5820689419052107,0.006233385089617873,0.41169767300517146,39
16,0.5910086626198148,0.0047016269415481515,0.4042897104386371,39
17,0.5974922382184389,0.005751143718086359,0.39675661806347484,39
18,0.6034255917668652,0.006121095302096302,0.3904533129310385,39
19,0.6103896012736318,0.0063337566043577195,0.38327664212201046,39
20,0.6175205314522947,0.005729292991908464,0.3767501755557969,39
21,0.6245728981905461,0.005181378274909268,0.37024572353454466,39
22,0.6305321458245355,0.005611057603804266,0.3638567965716602,39
23,0.6372364370024446,0.0055102514218847475,0.35725331157567075,39
24,0.6425713159423816,0.006064722012323365,0.351363962045295,39
25,0.648149758396581,0.006045181797420321,0.34580505980599874,39
26,0.6539021749398966,0.005963894702091965,0.3401339303580115,39
27,0.6592410710469416,0.006142601851479277,0.33461632710157907,39
28,0.6649802151713241,0.006251217907384801,0.3287685669212911,39
29,0.671717564284619,0.00584182628587361,0.32244060942950736,39
30,0.6755712843323535,0.006752310915044,0.3176764047526025,39
31,0.6796764695375064,0.00804641596000264,0.31227711450249107,39
32,0.684419536620128,0.007771196522963204,0.3078092668569088,39
33,0.6878957467204141,0.008947551433530994,0.3031567018460549,39
34,0.690879208244235,0.010366015801261182,0.29875477595450384,39
35,0.695848896808272,0.010567552300443685,0.2935835508912843,39
36,0.7019380675028615,0.010033133485481707,0.28802879901165684,39
37,0.7039871208325393,0.012514758258891501,0.2834981209085692,39
38,0.7071781667800308,0.013826535711763555,0.2789952975082057,39
39,0.709044859454486,0.01661431764315813,0.27434082290235584,39
40,0.7115513501138222,0.01974978137613678,0.26869886851004104,39
41,0.7155090277819528,0.02195135217595701,0.2625396200420902,39
42,0.7196952869814601,0.022380981730091704,0.25792373128844825,39
43,0.7210313834739571,0.026009432012181564,0.2529591845138613,39
44,0.718938557499956,0.03080381953607332,0.25025762296397064,39
45,0.7218867379645864,0.03277738515100482,0.24533587688440883,39
46,0.7230903340491579,0.03669009759685746,0.24021956835398464,39
47,0.7271490088881017,0.037414952193924864,0.23543603891797338,39
48,0.7271106257091524,0.03835149930307977,0.23453787498776782,39
49,0.7312155973167398,0.0365653836686989,0.2322190190145613,39
50,0.6361920422554209,0.009098408179255493,0.35470954956532363,39
1,0.17786516452872134,0.0,0.8221348354712786,40
2,0.3833074634759912,0.02647566209237769,0.5902168744316311,40
3,0.43728258283189253,0.01679522122189962,0.5459221959462079,40
4,0.4860485045829006,0.0018197370088857533,0.5121317584082137,40
5,0.49529222778720705,0.0034903595921237326,0.5012174126206692,40
6,0.4914654661103457,0.009380516343450343,0.499154017546204,40
7,0.5042002744514479,0.0038558149991226674,0.49194391054942943,40
8,0.5104506120500367,0.013801981647374251,0.47574740630258905,40
9,0.5312400556888845,0.00916362621796606,0.4595963180931494,40
10,0.5326603721498964,0.016513404651549615,0.45082622319855403,40
11,0.5393044955931597,0.01758081215883126,0.443114692248009,40
12,0.5503332342200092,0.014304527809029875,0.4353622379709609,40
13,0.5656930521445819,0.009310916011649458,0.42499603184376866,40
14,0.5749583305625687,0.008646925771195496,0.41639474366623574,40
15,0.5836592845784404,0.008535573826901168,0.4078051415946584,40
16,0.5927666574257833,0.006895143034853748,0.400338199539363,40
17,0.5993175996433598,0.008078343986542585,0.39260405637009765,40
18,0.6053237209094694,0.008511173817668615,0.3861651052728621,40
19,0.6123791384282578,0.008801010184283569,0.37881985138745866,40
20,0.6196683328119378,0.008189788687004138,0.37214187850105807,40
21,0.6269481863355774,0.007566860714655021,0.3654849529497676,40
22,0.6330211069289775,0.008071595458887231,0.35890729761213525,40
23,0.6398439650744125,0.008015751867622063,0.3521402830579654,40
24,0.64528337858532,0.008669672436691549,0.34604694897798843,40
25,0.6509599331628867,0.008701488367671501,0.3403385784694418,40
26,0.6567530535477613,0.008651774403898787,0.33459517204833994,40
27,0.6623007878540434,0.008848638132928867,0.32885057401302775,40
28,0.668168221318937,0.009025779796745655,0.3228059988843174,40
29,0.6751821143751784,0.008526332117731107,0.3162915535070905,40
30,0.6790722981833438,0.009616810189532395,0.3113108916271238,40
31,0.6831259695815217,0.01116315946475147,0.3057108709537268,40
32,0.687949619016254,0.010896288856708639,0.3011540921270374,40
33,0.6914683676498752,0.012198564836981538,0.29633306751314326,40
34,0.6944164584799599,0.013820612863828834,0.29176292865621123,40
35,0.6994030699890843,0.014140464449551122,0.28645646556136456,40
36,0.7055703356264416,0.013598482992212918,0.28083118138134555,40
37,0.7074972084828255,0.016378615715881437,0.27612417580129306,40
38,0.7106512501540273,0.017810083058288795,0.2715386667876839,40
39,0.7124808504172153,0.02078821284642747,0.2667309367363572,40
40,0.7149548287529648,0.024098494425754395,0.2609466768212808,40
41,0.7187049472325814,0.02659310619786035,0.25470194656955825,40
42,0.7230235291284579,0.026970741026489088,0.250005729845053,40
43,0.7242872750007557,0.03078408744199898,0.24492863755724528,40
44,0.722147105606959,0.03554782089075055,0.2423050735022904,40
45,0.7251169348906428,0.03760335012351827,0.23727971498583894,40
46,0.7261611993768675,0.04159163861052679,0.2322471620126057,40
47,0.7300280931828949,0.04243998614862559,0.22753192066847955,40
48,0.730416875364,0.04301384759294732,0.2265692770430527,40
49,0.7342866715847214,0.041356232006704685,0.22435709640857393,40
50,0.6409566228235365,0.011029257627110987,0.3480141195493526,40
1,0.17968770058589578,0.0,0.8203122994141041,41
2,0.38278115921688427,0.028209688280316603,0.5890091525027992,41
3,0.43734141790535785,0.018521238763365977,0.5441373433312762,41
4,0.4869120006016041,0.0021995910353130193,0.5108884083630827,41
5,0.495563107774015,0.005041492985524747,0.4993953992404602,41
6,0.4917128495462142,0.011349297699514036,0.49693785275427166,41
7,0.5048212022950848,0.005452815949120466,0.48972598175579485,41
8,0.5105956464610106,0.016315941546432067,0.4730884119925573,41
9,0.5317692437213617,0.011586447877300676,0.45664430840133763,41
10,0.5333890966239193,0.018996790888768676,0.44761411248731203,41
11,0.5399390543145414,0.02028328411865277,0.43977766156680587,41
12,0.5509978337771994,0.01699636303472253,0.43200580318807813,41
13,0.5667664569560708,0.011824992787123071,0.4214085502568062,41
14,0.5759615710286441,0.011267406318555868,0.4127710226528,41
15,0.5848898796266275,0.01115675914632882,0.40395336122704373,41
16,0.5941015245559544,0.00947002783086473,0.39642844761318086,41
17,0.600727381808378,0.010758255288960374,0.3885143629026616,41
18,0.6068014295360615,0.011260840715038335,0.3819377297489001,41
19,0.6139199797504449,0.011631511115643716,0.3744485091339114,41
20,0.6213439549567201,0.011043431822513279,0.3676126132207666,41
21,0.6288274268373615,0.0103616118570799,0.3608109613055586,41
22,0.635001301335337,0.010937115950211235,0.3540615827144517,41
23,0.6419198034476084,0.010944941209075422,0.34713525534331624,41
24,0.6474623226470781,0.011688318384692174,0.34084935896822965,41
25,0.653208026439253,0.011791161944544956,0.3350008116162021,41
26,0.6590223127369743,0.011787092538179375,0.3291905947248463,41
27,0.6647746467218589,0.011997009124973822,0.32322834415316726,41
28,0.6707527085409695,0.01225208172851852,0.3169952097305121,41
29,0.678031432958339,0.011674766251337862,0.3102938007903232,41
30,0.6819354330298923,0.01295165521866996,0.3051129117514377,41
31,0.6859209085822815,0.014740466782640937,0.29933862463507765,41
32,0.6908078291974261,0.014494405688168153,0.2946977651144058,41
33,0.6943911480070002,0.015892979088515957,0.28971587290448386,41
34,0.6973119618201248,0.017698551246993894,0.28498948693288134,41
35,0.7022830413333541,0.01816026912777577,0.27955668953887025,41
36,0.7085091707178426,0.01762749889628291,0.2738633303858745,41
37,0.710333119742817,0.020662045561536804,0.26900483469564623,41
38,0.7134468120706237,0.022198401026113125,0.2643547869032633,41
39,0.7152591888635029,0.02533229289991065,0.2594085182365865,41
40,0.7177066570291145,0.02879069145424336,0.25350265151664214,41
41,0.7212152317758889,0.03157355923389972,0.24721120899021143,41
42,0.7256933450454802,0.031872068830069725,0.24243458612445007,41
43,0.7269021036923575,0.03582587596046834,0.23727202034717415,41
44,0.7247472873497095,0.04052059788647453,0.23473211476381597,41
45,0.7277429540352619,0.04264724359435752,0.2296098023703806,41
46,0.7286414422775201,0.04669345110608162,0.22466510661639824,41
47,0.7322112867282131,0.04769101661868567,0.22009769665310122,41
48,0.7329699008812931,0.047964142780782995,0.21906595633792392,41
49,0.7366874577443328,0.04635893600591326,0.216953606249754,41
50,0.6453895413723707,0.013172620077195756,0.34143783855043364,41
1,0.18112018871336724,0.0,0.8188798112866327,42
2,0.3821943841630304,0.030042432174838603,0.587763183662131,42
3,0.43739211273512074,0.020325854151880006,0.5422820331129992,42
4,0.48746468998025333,0.003031948607072467,0.5095033614126743,42
5,0.4955791480961468,0.006888558911201227,0.497532292992652,42
6,0.49180550768479275,0.013479364401278478,0.4947151279139288,42
7,0.5052205539250938,0.007329426835867465,0.48745001923903875,42
8,0.5105413956981772,0.019011242745392766,0.47044736155642997,42
9,0.5320461867925094,0.01424383731399393,0.4537099758934967,42
10,0.5339026375352818,0.021651038245720493,0.4444463242189977,42
11,0.5403375871734819,0.02317023376136746,0.43649217906515064,42
12,0.5514301569069199,0.019885128899013067,0.42868471419406706,42
13,0.5675265888008001,0.014613100049433975,0.41786031114976596,42
14,0.5766491167607763,0.014176154142254288,0.4091747290969694,42
15,0.5857718039651448,0.014085958756955796,0.4001422372778994,42
16,0.5950448288019267,0.012394109983595657,0.3925610612144777,42
17,0.6017542825320477,0.013766122797874012,0.3844795946700784,42
18,0.6078861746056053,0.01434619217087486,0.3777676332235198,42
19,0.6150466683612595,0.014800450829600204,0.3701528808091403,42
20,0.6225823370219286,0.014259730791927487,0.36315793218614395,42
21,0.6302424748430554,0.013539943552909684,0.35621758160403494,42
22,0.6365112184848428,0.014178018502716048,0.34931076301244113,42
23,0.6434966374519815,0.014271999746408649,0.34223136280160993,42
24,0.6491357172535168,0.01509583126118503,0.33576845148529816,42
25,0.6549418119357027,0.015275884117106316,0.3297823039471911,42
26,0.6607661510035984,0.015326769727168581,0.32390707926923307,42
27,0.6667025862595152,0.01555464610470271,0.31774276763578213,42
28,0.6727717170022437,0.015901767259127918,0.3113265157386284,42
29,0.6803115173552772,0.015251255988998765,0.30443722665572404,42
30,0.6842102632537466,0.016718756990019255,0.2990709797562342,42
31,0.6881092406547621,0.01874147995213108,0.2931492793931068,42
32,0.6930344557154249,0.018533460934415283,0.28843208335015985,42
33,0.6967034041976926,0.020000327231685554,0.28329626857062185,42
34,0.6996084258603652,0.021967014309972124,0.27842455982966274,42
35,0.70455614553395,0.022576803075326116,0.2728670513907239,42
36,0.7108075555443214,0.022079137037949406,0.2671133074177292,42
37,0.7125372003944429,0.025329186028635122,0.262133613576922,42
38,0.7156152896553893,0.026955447638982444,0.2574292627056282,42
39,0.7174363928818905,0.03020866426236781,0.25235494285574167,42
40,0.7198555839759453,0.033796976591667076,0.24634743943238763,42
41,0.7230894037001028,0.03686193381929827,0.24004866248059897,42
42,0.7277398125487863,0.03706636366068382,0.2351938237905299,42
43,0.7289249859923613,0.041109436676839015,0.22996557733079964,42
44,0.7267988000035643,0.045695082212963284,0.22750611778347238,42
45,0.729794040894949,0.047899886436795845,0.2223060726682551,42
46,0.7305638459564523,0.05198271264358535,0.21745344139996237,42
47,0.7337897579844099,0.05312026599043981,0.21308997602515026,42
48,0.7348739786535234,0.0531469111364151,0.21197911021006147,42
49,0.7384652591126426,0.051561905537389666,0.20997283534996775,42
50,0.6494860507507056,0.015548942603717275,0.334965006645577,42
1,0.18216901053162568,0.0,0.8178309894683743,43
2,0.38152616482562673,0.03198064264416046,0.5864931925302128,43
3,0.43738982817689204,0.022228098170453858,0.5403820736526541,43
4,0.48773592299071644,0.004260088148106554,0.508003988861177,43
5,0.49536678900143855,0.008999017915078813,0.4956341930834826,43
6,0.491737317609197,0.015772820769453428,0.49248986162134956,43
7,0.505401589753888,0.009465726331525539,0.4851326839145864,43
8,0.51029391652467,0.021879775078095597,0.4678263083972344,43
9,0.532088604287204,0.0171187422435739,0.45079265346922215,43
10,0.5341979944989805,0.02448297148879807,0.4413190340122214,43
11,0.5405054928121049,0.026239317321429995,0.4332551898664651,43
12,0.5516365024971543,0.022965685254407838,0.4253978122484378,43
13,0.5679924529266805,0.017659325222448657,0.4143482218508708,43
14,0.5770413440671694,0.01735425545816585,0.40560440047466473,43
15,0.5863268544422144,0.017302743900739867,0.3963704016570457,43
16,0.5956369959228308,0.015634493997883372,0.3887285100792858,43
17,0.6024295010215072,0.017076394514201475,0.3804941044642914,43
18,0.6086005590572834,0.01774725768102089,0.3736521832616958,43
19,0.6157912090061115,0.018283236582958346,0.3659255544109302,43
20,0.6234239388630283,0.017806467121867262,0.35876959401510444,43
21,0.6312365866477552,0.017067919368045293,0.3516954939841995,43
22,0.6375821387522196,0.017771281075183526,0.34464658017259686,43
23,0.6446026771675486,0.017971710499194743,0.33742561233325674,43
24,0.6503429007395913,0.018863769967124647,0.33079332929328403,43
25,0.6562038680669803,0.019125808562113426,0.3246703233709063,43
26,0.6620288286007354,0.019240296764995408,0.3187308746342692,43
27,0.6681219769309059,0.019493266443274756,0.3123847566258193,43
28,0.6742644550262625,0.01994429579755593,0.3057912491761816,43
29,0.6820546938357662,0.019230278583027963,0.2987150275812058,43
30,0.685936852286761,0.02088909024260224,0.29317405747063674,43
31,0.689731510545136,0.023137781423833242,0.2871307080310307,43
32,0.6946727576193198,0.022981099885518403,0.2823461424951619,43
33,0.6984429084557436,0.02449410973863982,0.27706298180561656,43
34,0.7013447072136394,0.02659800964623083,0.2720572831401298,43
35,0.7062570590901754,0.027361286869320156,0.2663816540405044,43
36,0.7125122688376055,0.0269165914630338,0.26057113969936074,43
37,0.7141621562306357,0.030340482874283082,0.2554973608950812,43
38,0.7172091721183915,0.03204266416679665,0.25074816371481184,43
39,0.7190519447412291,0.03539026429040052,0.24555779096837035,43
40,0.7214591509956815,0.03908093158259778,0.23945991742172074,43
41,0.7243802014492323,0.04241819518000048,0.2332016033707672,43
42,0.729213569595176,0.0425273240619782,0.22825910634284577,43
43,0.7304113661329708,0.046605254575237544,0.2229833792917917,43
44,0.728349168188559,0.05105464397038624,0.22059618784105478,43
45,0.7312927583343476,0.053354308258804745,0.21535293340684766,43
46,0.7319684299511897,0.05744291412291845,0.21058865592589182,43
47,0.7348425440569096,0.05870063006390164,0.20645682587918873,43
48,0.7362177136530955,0.05851204698884817,0.20527023935805633,43
49,0.7396857338436169,0.05693600783665052,0.20337825831973255,43
50,0.653233353999893,0.01817861699776838,0.3285880290023386,43
1,0.18283920004816842,0.0,0.8171607999518317,44
2,0.38076449974048243,0.034021270628395515,0.585214229631122,44
3,0.4372945547681255,0.024242528686112236,0.5384629165457623,44
4,0.48774788322199925,0.005836830128657047,0.5064152866493437,44
5,0.4949420464223577,0.01134785943944295,0.49371009413819933,44
6,0.4915083126539191,0.018230501956539122,0.49026118538954183,44
7,0.5053776262256836,0.011836892344636191,0.4827854814296802,44
8,0.5098520901578604,0.024913499895764045,0.4652344099463756,44
9,0.5319119729263304,0.020192259788580393,0.4478957672850893,44
10,0.5342761074197542,0.027492821255211658,0.43823107132503425,44
11,0.5404559279047079,0.029480953180039376,0.43006311891525273,44
12,0.5516218041056167,0.02623232446761549,0.42214587142676785,44
13,0.568187408861184,0.020944759946649294,0.4108678311921667,44
14,0.5771591138843731,0.020782416766922863,0.402058469348704,44
15,0.5865781534842041,0.020786646550427307,0.39263519996536866,44
16,0.5959051714186803,0.019165149920300537,0.3849296786610192,44
17,0.6027633466929232,0.02067833812248486,0.37655831518459193,44
18,0.6089681606548845,0.02144079415284671,0.3695910451922688,44
19,0.6161901681188073,0.022050396412698563,0.3617594354684941,44
20,0.6239057315077505,0.02165048698366576,0.3544437815085837,44
21,0.631843631205893,0.0209176313961543,0.34723873739795275,44
22,0.6382460681743044,0.02169146284275611,0.34006246898293946,44
23,0.6452718643399162,0.022016496618202243,0.3327116390418815,44
24,0.6511153183774053,0.02296918938477753,0.32591549223781713,44
25,0.6570296908575674,0.023312700449818348,0.3196576086926143,44
26,0.6628426910681431,0.023497903120181136,0.3136594058116758,44
27,0.6690697028636913,0.023785014460248166,0.30714528267606056,44
28,0.6752799440723989,0.024339986723322465,0.3003800692042786,44
29,0.6833019277246724,0.023580668372259885,0.29311740390306784,44
30,0.6871548489043983,0.025431435453443167,0.28741371564215856,44
31,0.6908367335880392,0.027888265623189454,0.2812750007887713,44
32,0.6957778288821255,0.027791237048005415,0.2764309340698691,44
33,0.6996571717465883,0.029336249349038668,0.2710065789043731,44
34,0.7025632477699559,0.03156147307293167,0.2658752791571124,44
35,0.7074286636253017,0.032483078315125306,0.26008825805957303,44
36,0.7136779238867788,0.03209778059163828,0.254224295521583,44
37,0.715254182801548,0.03566096093160649,0.24908485626684557,44
38,0.7182800865398002,0.0374231639263377,0.24429674953386205,44
39,0.720144053044462,0.040846230827804454,0.2390097161277335,44
40,0.7225691248876701,0.04460622680027514,0.23282464831205474,44
41,0.7251579301164648,0.04820039580954957,0.22664167407398564,44
42,0.7301872998477744,0.048200886122035956,0.22161181403018967,44
43,0.7314053884431506,0.05228807005014029,0.21630654150670908,44
44,0.7294305101821861,0.05658855250983395,0.21398093730797996,44
45,0.7322888409361467,0.05898717090105811,0.20872398816279525,44
46,0.7328917950240768,0.06305409203771549,0.20405411293820774,44
47,0.7354037105483239,0.0644107376823822,0.20018555176929392,44
48,0.7370490750969005,0.0640324623088907,0.19891846259420876,44
49,0.7404666687855734,0.062422743426191335,0.19711058778823523,44
50,0.6567217260570547,0.02099428557938278,0.32228398836356253,44
1,0.18314556041310967,0.0,0.8168544395868904,45
2,0.3799021442345092,0.0361614132195199,0.5839364425459708,45
3,0.4370817562009529,0.02637725906042289,0.5365409847386242,45
4,0.48752807983302027,0.00771745169364875,0.5047544684733309,45
5,0.4943237803344356,0.013909435639569995,0.49176678402599444,45
6,0.491114675282039,0.02084878254553324,0.48803654217242776,45
7,0.5051563775534601,0.014421594444251817,0.48042202800228806,45
8,0.5092286136414375,0.02809732352175766,0.4626740628368049,45
9,0.5315245945931235,0.023452563338528246,0.44502284206834825,45
10,0.5341391620293416,0.03067834077394791,0.4351824971967104,45
11,0.5402149787743401,0.032877604672553594,0.4269074165531064,45
12,0.551399711152298,0.02967075993256588,0.4189295289151361,45
13,0.5681176846777112,0.024457991785218763,0.40742432353707003,45
14,0.5770268519426507,0.0244351275443103,0.398538020513039,45
15,0.5865454642920949,0.02451900300226074,0.3889355327056444,45
16,0.5958768831344708,0.022958728396860733,0.3811643884686684,45
17,0.6027862265512576,0.024544286491357703,0.3726694869573847,45
18,0.6090249269432988,0.025396622213566606,0.3655784508431347,45
19,0.6162660085389413,0.02608382999227801,0.3576501614687807,45
20,0.6240604795958011,0.0257627434340044,0.35017677697019445,45
21,0.6320952876676464,0.025057899609662704,0.34284681272269085,45
22,0.6385439164189819,0.025904145201792732,0.33555193837922537,45
23,0.6455407183706394,0.026374696374124897,0.32808458525523576,45
24,0.6514848705343601,0.027383233532144634,0.3211318959334953,45
25,0.657450527170964,0.027808699953449718,0.3147407728755863,45
26,0.6632527268407555,0.028064617580305457,0.30868265557893904,45
27,0.6695862763500765,0.028396924097953396,0.3020167995519701,45
28,0.6758498046366627,0.029059442450104684,0.29509075291323267,45
29,0.6840965097161924,0.028266440371600955,0.2876370499122066,45
30,0.6879025301495552,0.030313323847949665,0.2817841460024952,45
31,0.6914688208196611,0.03296185243059404,0.2755693267497449,45
32,0.6964024739894766,0.03292412148878439,0.270673404521739,45
33,0.700399346638308,0.034483153137176634,0.2651175002245153,45
34,0.7033100048522815,0.03682044984399031,0.2598695453037283,45
35,0.7081251383998747,0.03789957204243107,0.25397528955769433,45
36,0.7143471458345203,0.03758995776628084,0.24806289639919887,45
37,0.7158710798620429,0.04124709141637628,0.24288182872158082,45
38,0.7188737498301236,0.04306325142639594,0.23806299874348041,45
39,0.7207706015025876,0.04653655690633036,0.232692841591082,45
40,0.7232077559404047,0.05036034634720116,0.2264318977123942,45
41,0.7254911014721948,0.054167406110023485,0.22034149241778175,45
42,0.7306921614963786,0.05407402310696739,0.21523381539665398,45
43,0.7319461443338346,0.058141613670413816,0.20991224199575154,45
44,0.7300787339431315,0.06228227133101913,0.20763899472584937,45
45,0.7328357150840519,0.06477455128527476,0.20238973363067336,45
46,0.7333841047348559,0.06879372947676668,0.19782216578837739,45
47,0.7355510436982626,0.0702231704539541,0.19422578584778327,45
48,0.7374102514071728,0.06969754991925234,0.1928921986735749,45
49,0.7408326835199228,0.06803724454351262,0.19113007193656456,45
50,0.6598202029203093,0.024090857297674358,0.3160889397820164,45
1,0.183031263562292,0.00011943043282891461,0.8168493060048791,46
2,0.37894747510231586,0.038389836944725475,0.5826626879529586,46
3,0.436731147838331,0.02862338143480167,0.5346454707268673,46
4,0.4870787177556549,0.009870982794286122,0.503050299450059,46
5,0.4935532844283046,0.016654539837328806,0.4897921757343666,46
6,0.4905900997954712,0.023620654460799775,0.48578924574372906,46
7,0.5047603597872026,0.017199582180905806,0.47804005803189165,46
8,0.5083764228097142,0.03143990837782721,0.4601836688124586,46
9,0.5309181354538605,0.026879260558674477,0.4422026039874651,46
10,0.5338261144749618,0.03402765473956935,0.4321462307854689,46
11,0.5398020440018609,0.0364280818569883,0.42376987414115075,46
12,0.550906223079364,0.03335709275870792,0.4157366841619281,46
13,0.5678115717728893,0.028153564701244038,0.40403486352586665,46
14,0.5766689626995734,0.028288706712109205,0.39504233058831745,46
15,0.5862620454907557,0.028469926545062436,0.3852680279641819,46
16,0.5955785198975092,0.026988953150130043,0.37743252695236074,46
17,0.6025252721819838,0.02865253950305415,0.36882218831496205,46
18,0.6088008916433567,0.029586372974780235,0.36161273538186306,46
19,0.6160449885287339,0.0303617662400046,0.35359324523126157,46
20,0.6239126658024385,0.030122176580329854,0.3459651576172316,46
21,0.6320277062701141,0.02945881347998342,0.3385134802499025,46
22,0.6385127728855995,0.03037796662636579,0.33110926048803474,46
23,0.6454420503368672,0.031016687946016697,0.3235412617171161,46
24,0.6515022196310027,0.032064888893824806,0.31643289147517245,46
25,0.6575093497851506,0.032578486287807476,0.3099121639270419,46
26,0.6632853319866875,0.032915807885706375,0.30379886012760615,46
27,0.6697116330611379,0.033297718855746374,0.2969906480831157,46
28,0.6760131404982297,0.0340708161660745,0.2899160433356958,46
29,0.6844625743494436,0.03326594651945009,0.28227147913110634,46
30,0.6882205576978864,0.03549938717359695,0.27628005512851667,46
31,0.691679730012648,0.038318993648273236,0.2700012763390787,46
32,0.696606083778242,0.03833462219193074,0.2650592940298273,46
33,0.700700101922993,0.039913522420027006,0.25938637565698,46
34,0.7036232169195991,0.04234584220502132,0.25403094087537964,46
35,0.708399276153971,0.04356928328720814,0.24803144055882084,46
36,0.7145667748923871,0.04335259727686698,0.24208062783074596,46
37,0.7160628292328718,0.04706096052133148,0.23687621024579675,46
38,0.7190416036936136,0.04892421139189355,0.23203418491449287,46
39,0.7209596127818311,0.05244383769919821,0.2265965495189707,46
40,0.7234163002299498,0.056316885528616745,0.2202668142414334,46
41,0.7254097387283145,0.06030318694119358,0.21428707433049193,46
42,0.7307758793693622,0.06011802923251533,0.2091060913981225,46
43,0.7320708511836058,0.06414778147608115,0.20378136734031305,46
44,0.7303369236248582,0.06811073801863994,0.20155233835650183,46
45,0.7329799371925264,0.07069664954825457,0.19632341325921904,46
46,0.7334963871098802,0.07464005297770768,0.19186355991241213,46
47,0.7353550693913491,0.07610936374792357,0.18853556686072734,46
48,0.7373494382482665,0.07548649506834715,0.18716406668338637,46
49,0.7408027342104279,0.07376799670399634,0.1854292690855758,46
50,0.6625447640484938,0.027444481540281222,0.31001075441122505,46
1,0.18251295237640489,0.0003794237064299266,0.8171076239171652,47
2,0.3779147243974571,0.04067566795352109,0.5814096076490218,47
3,0.4362008299033747,0.030992424481742043,0.5328067456148833,47
4,0.4864284613860276,0.01226015801144718,0.5013113806025252,47
5,0.49264878882628627,0.019567895132238288,0.48778331604147535,47
6,0.48990189789652894,0.026571265049015164,0.48352683705445587,47
7,0.5041108609775591,0.020181727241087036,0.4757074117813539,47
8,0.5074299478871835,0.0348232859920671,0.4577467661207494,47
9,0.530220156420532,0.0303552928155038,0.4394245507639642,47
10,0.5333534355674082,0.037501992208403896,0.4291445722241879,47
11,0.5392337339981119,0.04011344598233671,0.4206528200195514,47
12,0.55017421963209,0.03725508874814587,0.4125706916197641,47
13,0.5672795896081588,0.0320245487324112,0.40069586165942994,47
14,0.5760989411759168,0.032327546670763534,0.3915735121533197,47
15,0.58573831141799,0.03262408649174749,0.38163760209026254,47
16,0.5950403816621528,0.031227079458734062,0.3737325388791132,47
17,0.6020156194485536,0.032972093538646885,0.3650122870127995,47
18,0.6083342360427232,0.033975898065407566,0.35768986589186924,47
19,0.6155744978175872,0.03484578591952515,0.34957971626288764,47
20,0.6234958952674472,0.03470117727419638,0.34180292745835644,47
21,0.6316728213674516,0.034093384337270244,0.3342337942952781,47
22,0.6381755371359327,0.03509159970957728,0.32673286315449007,47
23,0.6450160524045532,0.03591020239623895,0.3190737451992079,47
24,0.6511984189523576,0.03698972955691619,0.31181185149072616,47
25,0.6572368594333353,0.03759600072795505,0.30516713983870963,47
26,0.6629840978134889,0.03801795422928586,0.29899794795722523,47
27,0.6694818174719201,0.038458105193787305,0.29206007733429257,47
28,0.6758056838134354,0.03934503590019453,0.28484928028637,47
29,0.6844388342680484,0.038547446735872015,0.27701371899607957,47
30,0.6881575841867656,0.0409468038622784,0.27089561195095596,47
31,0.6915240282224377,0.043915738659364094,0.26456023311819815,47
32,0.6964401037065545,0.04398272897729322,0.25957716731615227,47
33,0.7006169919689464,0.0455859087101599,0.25379709932089367,47
34,0.7035335720733317,0.048113469871329057,0.24835295805533927,47
35,0.7082855058813385,0.04946687980431204,0.24224761431434944,47
36,0.7143880383479824,0.04934711770478852,0.2362648439472291,47
37,0.7158718015864324,0.05307345519081856,0.23105474322274905,47
38,0.7188187512317807,0.05498332198034671,0.22619792678787254,47
39,0.7207670745099017,0.05852919181246975,0.22070373367762852,47
40,0.7232325698213339,0.06245301427627498,0.21431441590239114,47
41,0.7249804191773355,0.06656788982505801,0.20845169099760652,47
42,0.7304916233791628,0.06630363912182063,0.20320473749901652,47
43,0.7318055262379879,0.07028723445271565,0.19790723930929652,47
44,0.7302384629831951,0.07406054547650365,0.1957009915403013,47
45,0.7327702933307637,0.07672777585247763,0.19050193081675865,47
46,0.7332618242642341,0.08057635352721487,0.186161822208551,47
47,0.7348903948153539,0.08203578863615901,0.1830738165484871,47
48,0.7369240509076966,0.08137739849222145,0.18169855060008192,47
49,0.7404084317995691,0.07960251191229357,0.17998905628813738,47
50,0.6648212292504249,0.03111354114039651,0.3040652296091787,47
1,0.18163507574813448,0.0007653110441558502,0.8175996132077097,48
2,0.3767946597034148,0.04302819109568735,0.5801771492008978,48
3,0.43549219028846065,0.03348452128570312,0.5310232884258362,48
4,0.4855949880059661,0.014858707836082534,0.49954630415795137,48
5,0.49162341069788873,0.022628001941457723,0.48574858736065357,48
6,0.48906768070549905,0.029678292501424675,0.48125402679307633,48
7,0.5032436821205089,0.023343896440718704,0.47341242143877243,48
8,0.506384491817855,0.038258939607326486,0.45535656857481854,48
9,0.5294196075672654,0.03389712889126382,0.4366832635414708,48
10,0.5327267175667048,0.04109910206693577,0.42617418036635946,48
11,0.5385217156469256,0.04392086071241188,0.4175574236406625,48
12,0.549242294823189,0.04132756860696729,0.40943013656984373,48
13,0.5665460365867612,0.0360532820725081,0.3974006813407307,48
14,0.5753299265594859,0.036537392905169816,0.3881326805353443,48
15,0.5849933902096733,0.03696404226827779,0.3780425675220489,48
16,0.5942923068816856,0.0356451940991738,0.3700624990191407,48
17,0.6012874738509936,0.03747614360932746,0.361236382539679,48
18,0.6076374433337077,0.038552014559535455,0.3538105421067569,48
19,0.61488416056663,0.039510210310872707,0.3456056291224973,48
20,0.6228458377402627,0.039471155156892285,0.33768300710284505,48
21,0.6310647270083032,0.03893391160499194,0.3300013613867049,48
22,0.6375630131535092,0.04001735511264877,0.3224196317338421,48
23,0.6442972794454573,0.041023379343700976,0.3146793412108417,48
24,0.650609330890332,0.042129181896037704,0.3072614872136303,48
25,0.6566688560738403,0.04283069297924442,0.3005004509469153,48
26,0.6623842561126723,0.04334017418752318,0.29427556969980456,48
27,0.6689299010402145,0.043849539879941404,0.28722055907984406,48
28,0.6752746070564672,0.044843905468982995,0.2798814874745498,48
29,0.6840586877719325,0.0440847846164841,0.2718565276115834,48
30,0.6877527174116295,0.046625599701701825,0.2656216828866687,48
31,0.6910443071732502,0.04971861707890691,0.25923707574784294,48
32,0.6959429522236548,0.04983707061684767,0.25421997715949757,48
33,0.7001920302766742,0.05146569201973588,0.2483422777035899,48
34,0.703082868872196,0.054088951566782575,0.24282817956102148,48
35,0.7078211697396467,0.05555984011430992,0.23661899014604337,48
36,0.7138614637279,0.05553139801958484,0.2306071382525151,48
37,0.7153377144485389,0.05925812857509722,0.2254041569763639,48
38,0.7182404824601214,0.06121719708766113,0.22054232045221747,48
39,0.7202361914142417,0.06476080583239084,0.21500300275336748,48
40,0.7227048562373289,0.06873489157055679,0.20856025219211427,48
41,0.724249910270063,0.07293510482914858,0.2028149849007884,48
42,0.7298863095756184,0.0726048341343797,0.19750885629000192,48
43,0.7311951295407825,0.07653755980411497,0.19226731065510255,48
44,0.7298101607161704,0.08012276858145073,0.19006707070237883,48
45,0.7322553345821323,0.08284510810992646,0.18489955730794122,48
46,0.7327318618222123,0.08658691410108511,0.18068122407670262,48
47,0.7341970661851708,0.08799874579073325,0.17780418802409598,48
48,0.7361848802535927,0.08734342144082931,0.17647169830557796,48
49,0.7396975300657063,0.08551873347666927,0.17478373645762446,48
50,0.6666471601761008,0.03508894734855305,0.2982638924753462,48
1,0.18039114154635266,0.001248272098001108,0.8183605863556462,49
2,0.37559415283926634,0.04543298864160003,0.5789728585191336,49
3,0.4346599196083749,0.03607483817698729,0.5292652422146378,49
4,0.4846351136345769,0.017619087040204314,0.4977457993252188,49
5,0.4903774301494155,0.025861617656877382,0.483760952193707,49
6,0.4881388879121342,0.03288034325533967,0.4789807688325261,49
7,0.50215439050707,0.026671137814118426,0.47117447167881166,49
8,0.5052351974612957,0.04175565558337443,0.4530091469553299,49
9,0.5285144900691803,0.037510620524163624,0.4339748894066561,49
10,0.5319525513233399,0.04481223506545379,0.42323521361120636,49
11,0.5376810699260124,0.04783329894745643,0.4144856311265312,49
12,0.5481421011710392,0.045539941448867666,0.40631795738009313,49
13,0.5656272955799366,0.04022438563710097,0.3941483187829624,49
14,0.5743697156736309,0.04090427074085225,0.38472601358551684,49
15,0.5840404437202378,0.041471874003766604,0.3744876822759956,49
16,0.5933644705553056,0.0402125131179295,0.3664230163267649,49
17,0.6003689715976307,0.04213981555326038,0.357491212849109,49
18,0.6067461741559823,0.04328272019621144,0.34997110564780626,49
19,0.6139977221451219,0.044333421582221665,0.3416688562726564,49
20,0.6219868601541662,0.04440696460833445,0.33360617523749947,49
21,0.6302341323871299,0.04395058870427879,0.3258152789085913,49
22,0.6367153807209663,0.04512035314800895,0.3181642661310247,49
23,0.6433354010710275,0.04631703182047843,0.3103475671084941,49
24,0.6497677199320928,0.04745159060895441,0.30278068945895276,49
25,0.6558419612729329,0.048251124964899104,0.29590691376216804,49
26,0.6615224058065454,0.04884820257894279,0.2896293916145118,49
27,0.668097178148339,0.04943696684275555,0.2824658550089054,49
28,0.6744634102145004,0.05053304003115605,0.27500354975434355,49
29,0.6833620994088049,0.04984180453899881,0.26679609605219634,49
30,0.687035070351045,0.05250581823643926,0.26045911141251576,49
31,0.6902756578434077,0.05569758351530378,0.2540267586412885,49
32,0.6951627003968586,0.05586118565043116,0.24897611395271027,49
33,0.6994689969914335,0.05752167737307476,0.24300932563549174,49
34,0.7023121647539605,0.06023866234727349,0.237449172898766,49
35,0.7070445727474665,0.06181748380856383,0.2311379434439697,49
36,0.7130187777674835,0.06187661403722511,0.22510460819529143,49
37,0.7145058530427404,0.06558203691316415,0.21991211004409544,49
38,0.7173604263336165,0.06758747610381313,0.21505209756257035,49
39,0.7193883052549097,0.0711226905702621,0.2094890041748282,49
40,0.721880112001771,0.07512637223655592,0.20299351576167302,49
41,0.7232548121697069,0.07938661790339281,0.19735856992690032,49
42,0.7289867906167691,0.07900694859385292,0.192006260789378,49
43,0.7302946144675778,0.08287237244568577,0.18683301308673642,49
44,0.7290931289832101,0.08627478936065934,0.18463208165613054,49
45,0.7314600222595948,0.08904093690396966,0.1794990408364355,49
46,0.7319339584799034,0.09265791956239969,0.17540812195769692,49
47,0.7333268484076223,0.09398031861363453,0.17269283297874316,49
48,0.7352239447673075,0.0933428588256481,0.17143319640704444,49
49,0.7386980009771833,0.09150401290388793,0.16979798611892877,49
50,0.6680417520785258,0.03935269622926324,0.2926055516922108,49
1,0.17882886777559168,0.001811227337724274,0.8193599048866841,50
2,0.37430175372484575,0.04789667990725542,0.5778015663678988,50
3,0.4337030612508193,0.03875825184771819,0.5275386869014626,50
4,0.48355841644984915,0.020520405832662906,0.4959211777174879,50
5,0.4889620346824594,0.029231476398363654,0.4818064889191769,50
6,0.48711479854770195,0.03617339046360432,0.47671181098869364,50
7,0.5008890873258506,0.0301326707017946,0.4689782419723548,50
8,0.5039827500993572,0.045315768188745505,0.4507014817118973,50
9,0.5275010964510063,0.041200802045734834,0.43129810150325887,50
10,0.5310413113622314,0.04863291292747634,0.4203257757102922,50
11,0.536708492028172,0.051850601799560136,0.4114409061722679,50
12,0.5468965081451165,0.049869560152118825,0.40323393170276467,50
13,0.5645445528066081,0.04452100364885202,0.3909344435445399,50
14,0.5732484250558667,0.045401718516560066,0.38134985642757324,50
15,0.5829059173421656,0.04612236316892012,0.37097171948891433,50
16,0.5922805313193985,0.04490739453959907,0.3628120741410024,50
17,0.599272480920716,0.04694706502736756,0.3537804540519164,50
18,0.6056882494849318,0.04813898815870034,0.34617276235636785,50
19,0.6129624325816344,0.04927733602397806,0.33776023139438754,50
20,0.6209549206958668,0.04947949122061412,0.3295655880835191,50
21,0.6291975855625083,0.04912925529765126,0.32167315913984046,50
22,0.6356472010508514,0.050387095057669806,0.3139657038914788,50
23,0.6421583116069397,0.05176368098483079,0.3060780074082295,50
24,0.6486998513885346,0.05293222026443803,0.2983679283470274,50
25,0.6547762488829902,0.05383607584295663,0.2913876752740531,50
26,0.6604326829173438,0.054513862037485636,0.28505345504517055,50
27,0.6670382746093398,0.055180639505224005,0.27778108588543615,50
28,0.6733920967618068,0.056391460419940614,0.27021644281825263,50
29,0.6823850063885337,0.0557814372120385,0.2618335563994278,50
30,0.6860497735336772,0.058548996137302606,0.2554012303290202,50
31,0.6892636201219589,0.06181702899860402,0.24891935087943712,50
32,0.6941208398011427,0.06203438888846665,0.2438447713103907,50
33,0.6984707897722111,0.06373282636790326,0.23779638385988563,50
34,0.7012587707873311,0.06653451153866048,0.2322067176740084,50
35,0.7059865517512176,0.06821587678788363,0.22579757146089877,50
36,0.7119152783133618,0.0683442903202921,0.21974043136634613,50
37,0.7134039378205127,0.0720216256401793,0.214574436539308,50
38,0.7162256746208334,0.07406231813181341,0.20971200724735317,50
39,0.7182679521371644,0.07759145763356404,0.20414059022927153,50
40,0.7207850960150779,0.08161306099662699,0.19760184298829517,50
41,0.7220030328648992,0.08591749327885445,0.19207947385624635,50
42,0.7278339640965708,0.08548107536518879,0.18668496053824046,50
43,0.7291685625451463,0.08925612054912455,0.18157531690572917,50
44,0.7281471031528155,0.09248449662276323,0.17936840022442127,50
45,0.7304205092368486,0.09529014626598217,0.17428934449716918,50
46,0.7308786190635556,0.0987904005702436,0.17033098036620084,50
47,0.7322933273353892,0.09999069759716851,0.1677159750674423,50
48,0.7340780281136132,0.09936174777897688,0.1665602241074099,50
49,0.7374246369139755,0.09755323585132943,0.16502212723469506,50
50,0.669025446271853,0.043883060169945684,0.2870914935582014,50
1,0.17701850664562835,0.002431177621355826,0.8205503157330158,51
2,0.3729207374406959,0.05041666925534563,0.5766625933039584,51
3,0.43262919810622524,0.04152658281143338,0.5258442190823414,51
4,0.4823792780903514,0.02354282289247702,0.4940778990171716,51
5,0.4874086945390379,0.03271207875757182,0.4798792267033904,51
6,0.48599927867253445,0.03954967486140293,0.4744510464660626,51
7,0.499476901342197,0.03370917874433887,0.4668139199134641,51
8,0.502641574455429,0.048932665876336726,0.4484257596682343,51
9,0.5263792170317,0.04496907369513891,0.4286517092731611,51
10,0.5299944907159904,0.05255431967368947,0.41745118961032024,51
11,0.5356151545840849,0.05595714077628353,0.4084277046396315,51
12,0.5455350678325714,0.05428693491287271,0.40017799725455583,51
13,0.5633222128241051,0.04892471691962907,0.3877530702562658,51
14,0.5719932579187441,0.05000154125149497,0.3780052008297609,51
15,0.5816187339994843,0.05088703351067227,0.3674942324898435,51
16,0.591071440117582,0.04970003482100762,0.35922852506141045,51
17,0.598011918979432,0.05188193798004725,0.3501061430405208,51
18,0.6044877565143043,0.053101040609872946,0.3424112028758227,51
19,0.6117947623047923,0.05432713019156441,0.3338781075036432,51
20,0.6197720920967815,0.054670791237575254,0.32555711666564324,51
21,0.627976051239655,0.0544479641411275,0.31757598461921743,51
22,0.6343875138443016,0.05579281605127245,0.30981967010442596,51
23,0.6407997770579923,0.057332289064639406,0.3018679338773683,51
24,0.6474336762910032,0.05854672440893921,0.29401959930005755,51
25,0.6535195216003558,0.05954984105662426,0.28693063734302,51
26,0.6591482715628252,0.06031006878880736,0.28054165964836747,51
27,0.6657815234577044,0.06105644996045176,0.27316202658184396,51
28,0.6720981637430512,0.06238938752947265,0.26551244872747615,51
29,0.6811658639991538,0.061873243227862584,0.2569608927729836,51
30,0.684831930434161,0.06472633637587444,0.25044173318996454,51
31,0.688048661952497,0.06804644215968633,0.24390489588781664,51
32,0.6928582869558012,0.06832687131616998,0.2388148417280288,51
33,0.6972393848176407,0.07006610451448815,0.23269451066787117,51
34,0.6999616753771769,0.07294905790019526,0.22708926672262783,51
35,0.7046835091827899,0.07472136943404648,0.22059512138316364,51
36,0.7105927332676262,0.0749038622378881,0.21450340449448574,51
37,0.7120754469126811,0.07854757252367803,0.20937698056364087,51
38,0.7148765049169294,0.08061622257123094,0.20450727251183962,51
39,0.7169067795610706,0.08414539620675127,0.1989478242321781,51
40,0.7194459751554689,0.0881757928514246,0.19237823199310652,51
41,0.720544476812516,0.09249563168963415,0.18695989149784986,51
42,0.7264773984578321,0.092001968993843,0.1815206325483249,51
43,0.7278609634320324,0.09567267414840572,0.17646636241956185,51
44,0.7269819796623492,0.09875149289978347,0.1742665274378673,51
45,0.7291529009937943,0.1015852763506136,0.16926182265559214,51
46,0.7296055117103116,0.10497297824667659,0.16542151004301178,51
47,0.73112461176434,0.10602330815662966,0.16285208007903038,51
48,0.7327698678464122,0.10540284116921589,0.16182729098437193,51
49,0.7359104567699335,0.10365208690037936,0.16043745632968714,51
50,0.6695955565814549,0.04867162189796605,0.281732821520579,51
1,0.17504675263559138,0.003084222960494482,0.8218690244039142,52
2,0.3714701688672096,0.052977965769507154,0.5755518653632832,52
3,0.43144700646532363,0.044369717279079075,0.5241832762555972,52
4,0.4811102254440922,0.02666878699024581,0.49222098756566196,52
5,0.48575035853668047,0.03627919403444265,0.47797044742887695,52
6,0.4848038904343256,0.04299908323304738,0.47219702633262706,52
7,0.4979512811960505,0.03737657236150027,0.46467214644244925,52
8,0.5012201747780137,0.052605100589686926,0.44617472463229935,52
9,0.5251621875758556,0.04880831709558112,0.4260294953285632,52
10,0.5288300682352443,0.056560465917790584,0.4146094658469652,52
11,0.5344165705347912,0.06013921863992067,0.40544421082528814,52
12,0.5440754031131878,0.05877151816578547,0.39715307872102673,52
13,0.56199221243257,0.053412402534729515,0.38459538503270047,52
14,0.5706339536661809,0.05468038289305384,0.3746856634407653,52
15,0.5802047953581558,0.055743420990530285,0.36405178365131385,52
16,0.5897550002436145,0.05457308079080335,0.35567191896558215,52
17,0.5966153209024155,0.05691752910441583,0.34646714999316863,52
18,0.6031643773306424,0.0581509452915799,0.3386846773777777,52
19,0.6105005091310265,0.059475751190576645,0.3300237396783969,52
20,0.618464895466555,0.059959104758557494,0.3215759997748875,52
21,0.6265966815840653,0.05988358586155604,0.3135197325543786,52
22,0.6329622243464991,0.0613147084663965,0.3057230671871044,52
23,0.6392882786633333,0.06300003164324665,0.2977116896934201,52
24,0.6459990022843947,0.0642698082590169,0.28973118945658843,52
25,0.652088277777307,0.06537528123878725,0.28253644098390573,52
26,0.6576928815575013,0.06621645676832383,0.2760906616741749,52
27,0.6643528793364937,0.06704170048494916,0.26860542017855715,52
28,0.6706113187702487,0.06850462436162205,0.2608840568681292,52
29,0.6797337458532531,0.06809327981361377,0.2521729743331331,52
30,0.6834172139450245,0.07101091043662053,0.245571875618355,52
31,0.6866614157205311,0.07436474904673063,0.2389738352327383,52
32,0.6914052003812232,0.07471459057215872,0.23388020904661805,52
33,0.69580396875779,0.07649520945542759,0.22770082178678236,52
34,0.698458074593874,0.07944989125590968,0.22209203415021633,52
35,0.703183774673483,0.08130220055870896,0.215514024767808,52
36,0.7090718546704677,0.08154365159027219,0.20938449373926007,52
37,0.7105621265919249,0.08513418962600446,0.2043036837820707,52
38,0.7133465653456905,0.08722112505914084,0.19943230959516864,52
39,0.7153476389436222,0.09075641595557865,0.19389594510079916,52
40,0.7178992589946448,0.09479084522394962,0.18730989578140564,52
41,0.7189051946761419,0.09910604317472349,0.18198876214913462,52
42,0.724950109904101,0.0985547177447105,0.17649517235118847,52
43,0.7264000207370238,0.10210914840105868,0.17149083086191752,52
44,0.7256160008269968,0.10506562478084419,0.16931837439215897,52
45,0.7276957042075671,0.10791026219165821,0.16439403360077465,52
46,0.7281809228518673,0.11116984987635073,0.16064922727178196,52
47,0.7298012538699994,0.11209043759846415,0.15810830853153646,52
48,0.7313481491148982,0.11144597611256327,0.15720587477253853,52
49,0.734167025298366,0.10979409969380544,0.1560388750078286,52
50,0.6697450266026346,0.053718245786779424,0.276536727610586,52
1,0.17298599249325877,0.0037409029352403773,0.8232731045715009,53
2,0.36996993785585075,0.05557170481558807,0.5744583573285612,53
3,0.43017963135980153,0.047272438945369505,0.522547929694829,53
4,0.47977219560282736,0.02987567936267197,0.49035212503450065,53
5,0.4840145956472323,0.03991127888674058,0.47607412546602706,53
6,0.48354882684698436,0.046504352109939036,0.46994682104307667,53
7,0.4963467272327873,0.041109883864139336,0.4625433889030734,53
8,0.4997361355097175,0.056321284334752364,0.4439425801555301,53
9,0.5238588803983708,0.05271204201372433,0.4234290775879049,53
10,0.5275612306352475,0.060641076749427925,0.41179769261532456,53
11,0.5331316151676149,0.06437892750332352,0.4024894573290616,53
12,0.5425412776673533,0.06330301731988647,0.39415570501276026,53
13,0.5605878913621329,0.05795917376369365,0.3814529348741734,53
14,0.5691858878741021,0.05942197393835707,0.37139213818754085,53
15,0.5786901602575161,0.06066981659104585,0.36064002315143806,53
16,0.5883507312575177,0.059509618184005034,0.3521396505584773,53
17,0.5951031307107821,0.062034303073246824,0.34286256621597105,53
18,0.6017309546926464,0.06327627041965973,0.3349927748876939,53
19,0.6090999118908393,0.06470225936078797,0.3261978287483728,53
20,0.6170557406574668,0.06532325153837527,0.3176210078041579,53
21,0.6250852662540086,0.06541113079007183,0.30950360295591955,53
22,0.6314082948530896,0.0669210750632105,0.30167063008369993,53
23,0.637660622253585,0.06873967044120452,0.29359970730521046,53
24,0.6444283211548547,0.0700749414452367,0.2854967373999086,53
25,0.6505207048050781,0.07128179246689353,0.2781975027280284,53
26,0.6561067828701828,0.07220413450000825,0.271689082629809,53
27,0.662767882982409,0.07311930758020163,0.2641128094373894,53
28,0.6689648498757895,0.07470961978492419,0.2563255303392863,53
29,0.6781289981134788,0.07440803084313616,0.24746297104338502,53
30,0.681842986098268,0.0773740953822864,0.2407829185194456,53
31,0.685124496487183,0.08075179073572808,0.23412371277708893,53
32,0.6897928971265028,0.08117060571301413,0.2290364971604831,53
33,0.6942053283021574,0.08298724844357092,0.22280742325427166,53
34,0.6967909447050328,0.0860093126854262,0.217199742609541,53
35,0.7015114835062233,0.08794379609455058,0.21054472039922614,53
36,0.7074022139801637,0.08822730638171691,0.2043704796381194,53
37,0.7088871245501588,0.09176690268328506,0.19934597276655613,53
38,0.7116513268405879,0.09386406908380626,0.1944846040756059,53
39,0.7136209498564593,0.09740498675666145,0.18897406338687925,53
40,0.7161823507564806,0.10144155083397542,0.18237609840954394,53
41,0.7171371350968434,0.10571596998295964,0.17714689492019697,53
42,0.7232851103467571,0.10512497732278991,0.17158991233045295,53
43,0.7247942202087803,0.1085638222631449,0.16664195752807484,53
44,0.7240830939575351,0.11141265479644157,0.1645042512460233,53
45,0.7260730835876423,0.11426303588094777,0.1596638805314099,53
46,0.7266315258424179,0.11737591262568903,0.15599256153189311,53
47,0.7283407040357998,0.11819186569681675,0.1534674302673835,53
48,0.7298263836925598,0.11749109892882928,0.1526825173786109,53
49,0.7322567988903002,0.1159625389062919,0.151780662203408,53
50,0.6694778403225918,0.05903852001484871,0.2714836396625595,53
1,0.17088231865705952,0.0043898249477246154,0.8247278563952157,54
2,0.3684367917680621,0.05818980834148794,0.57337339989045,54
3,0.4288393645799433,0.05022241622158043,0.5209382191984763,54
4,0.4783779181473796,0.03314756892115286,0.48847451293146754,54
5,0.48223064587387676,0.04358538137344972,0.47418397275267354,54
6,0.48224404871888094,0.050054614556180196,0.46770133672493885,54
7,0.4946868567169864,0.04488989997651564,0.46042324330649803,54
8,0.4982045525777591,0.060065060464244716,0.4417303869579962,54
9,0.5224923276202764,0.05666406560007863,0.42084360677964494,54
10,0.5262089551925541,0.06478132815538702,0.40900971665205893,54
11,0.5317787736286814,0.06865947923995748,0.3995617471313611,54
12,0.5409474608823059,0.06786779837592292,0.3911847407417711,54
13,0.5591189281956337,0.06255453902165964,0.37832653278270667,54
14,0.5676711197044533,0.0642072800143485,0.3681216002811982,54
15,0.5770965015786045,0.06564746384533021,0.3572560345760653,54
16,0.5868725765685489,0.06449576931230429,0.34863165411914687,54
17,0.5934985471530503,0.06721378202513208,0.33928767082181766,54
18,0.6002173635340508,0.06845350173561277,0.3313291347303365,54
19,0.6076133493814584,0.06998818361478816,0.32239846700375346,54
20,0.6155641980947865,0.07074225952566277,0.31369354237955077,54
21,0.6234726995691575,0.07100233475214154,0.3055249656787009,54
22,0.6297681394944056,0.07257850752708764,0.2976533529785068,54
23,0.6359413897724969,0.07453249501390231,0.2895261152136008,54
24,0.6427384225678807,0.07594553413001257,0.2813160433021067,54
25,0.6488403619821466,0.07724817806300643,0.273911459954847,54
26,0.6544258489871964,0.07824360251412685,0.26733054849867677,54
27,0.6610724631755455,0.07925104405360212,0.2596764927708524,54
28,0.6671904058318567,0.08097820246275356,0.2518313917053897,54
29,0.6763905728135432,0.08078595906825228,0.24282346811820452,54
30,0.6801390936674181,0.0837947190076728,0.2360661873249091,54
31,0.6834747959068176,0.08718318148219062,0.2293420226109918,54
32,0.6880377930816932,0.08768173747403886,0.22428046944426794,54
33,0.6924704235142264,0.08951851592307455,0.21801106056269906,54
34,0.6950089281479028,0.09259425220226718,0.21239681964982998,54
35,0.6997049039340555,0.0946213285406918,0.2056737675252527,54
36,0.7056106238563162,0.09493823703919833,0.19945113910448542,54
37,0.7070838619940004,0.09842563761347381,0.19449050039252577,54
38,0.7098153085766353,0.10053339223413793,0.18965129918922674,54
39,0.7117509249823375,0.10407769163051475,0.18417138338714775,54
40,0.7143239101430796,0.10811301877348536,0.17756307108343503,54
41,0.7152643571869757,0.11231649052707555,0.17241915228594878,54
42,0.7215116432793854,0.11169797595508114,0.16679038076553343,54
43,0.7230767583319381,0.11502663176122915,0.16189660990683277,54
44,0.7224047985628627,0.11779566586418125,0.1597995355729561,54
45,0.7242969733272969,0.12063345423314477,0.15506957243955832,54
46,0.7249398205583423,0.12361015668049188,0.1514500227611659,54
47,0.7267571548512821,0.1243248463696168,0.14891799877910109,54
48,0.7282496338531637,0.12353026473540196,0.14822010141143438,54
49,0.7302105265443003,0.12214117115294501,0.1476483023027547,54
50,0.6687747702957475,0.06465656017281986,0.26656866953143266,54
1,0.1687961898113089,0.005011453080011315,0.8261923571086798,55
2,0.3668848483580204,0.06082001856585135,0.5722951330761282,55
3,0.42744324708313786,0.053206711169945305,0.5193500417469168,55
4,0.4769513310803527,0.03646354769102223,0.4865851212286251,55
5,0.480426076245756,0.047280429536687506,0.47229349421755656,55
6,0.48090229321388667,0.05363884451863036,0.46545886226748306,55
7,0.4929962526640529,0.04869906838623891,0.4583046789497082,55
8,0.4966412029076953,0.06383012797560429,0.4395286691167004,55
9,0.5210719919681438,0.06065576715802631,0.41827224087382997,55
10,0.5247895725565316,0.06896844938647219,0.40624197805699624,55
11,0.5303749584931292,0.07296802961233148,0.3966570118945393,55
12,0.5393156669062283,0.07244662369775232,0.3882377093960194,55
13,0.5576015140701593,0.06718477459254475,0.3752137113372959,55
14,0.5661128046416237,0.0690175671647978,0.3648696281935785,55
15,0.5754480099644318,0.07065710126348146,0.35389488877208675,55
16,0.5853453038310751,0.06951019932946427,0.34514449683946063,55
17,0.5918384817650356,0.07242745596235639,0.335734062272608,55
18,0.598645051720815,0.07366430309154369,0.32769064518764135,55
19,0.6060584944101501,0.075319165203211,0.31862234038663884,55
20,0.6140154312421888,0.07619410028321476,0.3097904684745964,55
21,0.6217762420833869,0.07664216304674049,0.3015815948698726,55
22,0.6280672099618461,0.07826815350935379,0.29366463652880015,55
23,0.6341620352996583,0.08035402005123093,0.28548394464911075,55
24,0.6409556433701243,0.08186176419308386,0.2771825924367919,55
25,0.6470797717514996,0.08324752528018724,0.2696727029683132,55
26,0.6526784562550196,0.08431235931604988,0.2630091844289305,55
27,0.6592971879943802,0.08541679222883439,0.25528601977678544,55
28,0.6653154230177452,0.08728915555928474,0.2473954214229701,55
29,0.674547262994125,0.08720481065916716,0.2382479263467078,55
30,0.6783372445324489,0.09024827351175513,0.23141448195579595,55
31,0.6817244537128311,0.09364985227057118,0.22462569401659774,55
32,0.686163753023437,0.09422982454322557,0.21960642243333742,55
33,0.6906243921558564,0.09607247538764972,0.2133031324564939,55
34,0.6931323470831484,0.09919299036308277,0.20767466255376882,55
35,0.6977969535150287,0.1013132492517059,0.20088979723326542,55
36,0.7037169845265776,0.10166559959072544,0.19461741588269696,55
37,0.7051688948773511,0.1051054743352955,0.18972563078735338,55
38,0.7078543600252988,0.10721891344119205,0.18492672653350917,55
39,0.7097707116797888,0.1107539998590053,0.17947528846120592,55
40,0.7123551950126632,0.11479221949290637,0.17285258549443044,55
41,0.7133143591297182,0.1188985696695757,0.16778707120070613,55
42,0.7196350998716048,0.11827844037888374,0.16208645974951147,55
43,0.7212727460910362,0.12149470579208152,0.15723254811688228,55
44,0.7205886072721543,0.12421179239008212,0.15519960033776353,55
45,0.7223654609874797,0.12702634128366785,0.15060819772885248,55
46,0.7231199771149837,0.1298748852909608,0.14700513759405553,55
47,0.7250859187772142,0.13047741629532866,0.14443666492745716,55
48,0.726590708324246,0.1295794563434412,0.1438298353323128,55
49,0.7280779681267155,0.12831021371848148,0.14361181815480298,55
50,0.6677282121254987,0.07051265511686629,0.261759132757635,55
1,0.1668932530186952,0.005546033184665817,0.827560713796639,56
2,0.3653618577774996,0.0634140290263889,0.5712241131961115,56
3,0.42599594847424943,0.056214289770379886,0.5177897617553706,56
4,0.47558003842522845,0.03978288326785452,0.48463707830691705,56
5,0.4786929948034919,0.05094584854743177,0.4703611566490763,56
6,0.4794796185523173,0.0572845300776353,0.46323585137004736,56
7,0.4913079493588688,0.05251140834632244,0.45618064229480887,56
8,0.49506118787328895,0.06760660095057072,0.4373322111761404,56
9,0.519624276547961,0.06466777258567924,0.4157079508663598,56
10,0.5233277064543433,0.07318223132464008,0.4034900622210166,56
11,0.5289397004667168,0.07728963140542763,0.39377066812785566,56
12,0.5376681076073699,0.0770207307830432,0.3853111616095869,56
13,0.5560593275518015,0.07182991239382161,0.3721107600543768,56
14,0.5645332030211181,0.07383350571727874,0.36163329126160315,56
15,0.5737754992985539,0.07567191905146435,0.35055258164998176,56
16,0.5838023753817536,0.07452757935240198,0.34167004526584444,56
17,0.5901541639607469,0.07765055895053073,0.3321952770887223,56
18,0.5970347571791914,0.07889112187046748,0.3240741209503411,56
19,0.6044573141876202,0.08067415129006533,0.3148685345223145,56
20,0.612425829417407,0.08166098337070674,0.3059131872118863,56
21,0.6200372398757723,0.08229798782039266,0.29766477230383503,56
22,0.6263254788682799,0.08397503681162308,0.28969948432009696,56
23,0.6323373812994578,0.0861925703859722,0.28147004831457,56
24,0.6390999045959199,0.08780480129802767,0.2730952941060524,56
25,0.6452558458209283,0.0892680671535244,0.26547608702554726,56
26,0.6508849390964029,0.09039150587414012,0.258723555029457,56
27,0.6574579754038972,0.09159999786492552,0.2509420267311773,56
28,0.6633693388228943,0.0936154870181434,0.24301517415896232,56
29,0.6726351168147371,0.09363396200457377,0.23373092118068914,56
30,0.6764664536730571,0.09671373926817017,0.2268198070587727,56
31,0.6798984410211957,0.10012921708136938,0.21997234189743495,56
32,0.6841931804837122,0.10079995304468872,0.21500686647159903,56
33,0.6886905824896535,0.10263481016122208,0.20867460734912438,56
34,0.6911895168670303,0.1057875071977229,0.20302297593524676,56
35,0.6958082653745364,0.10799915311715905,0.19619258150830451,56
36,0.7017450215206245,0.10839080378136459,0.18986417469801095,56
37,0.7031800773679092,0.1117796159988336,0.18504030663325718,56
38,0.7057863563010613,0.11390093838720605,0.1803127053117326,56
39,0.7077287434860953,0.117405859921828,0.17486539659207673,56
40,0.7102861571912361,0.12147262659512978,0.16824121621363416,56
41,0.7113152843506831,0.12545476883069756,0.1632299468186193,56
42,0.7176812153369682,0.12485851687710577,0.1574602677859261,56
43,0.719395658056523,0.12796833138600833,0.15263601055746873,56
44,0.7186709133919266,0.13064064453150825,0.15068844207656518,56
45,0.7202971124762628,0.1334341948477284,0.14626869267600878,56
46,0.7211808388593037,0.13616414913516467,0.1426550120055316,56
47,0.7233064075786068,0.13667264316423075,0.1400209492571625,56
48,0.7248382482672409,0.1356596491729341,0.13950210255982504,56
49,0.7259210429496219,0.13444845902159094,0.13963049802878716,56
50,0.6663298401317379,0.07660599630553806,0.2570641635627241,56
1,0.1652062992467645,0.005981538548808111,0.8288121622044274,57
2,0.36388014928406953,0.06597226196296505,0.5701475887529655,57
3,0.4245246793003533,0.0592281813893809,0.5162471393102658,57
4,0.4742691707511715,0.0430937291237827,0.4826371001250459,57
5,0.47704116160191046,0.054572943726428944,0.4683858946716606,57
6,0.47801147539368694,0.06096362615452468,0.4610248984517884,57
7,0.4896481073532489,0.056309487092867164,0.45404240555388403,57
8,0.4934882409489557,0.07137646195533945,0.43513529709570486,57
9,0.5181725627148009,0.06867989178093592,0.41314754550426314,57
10,0.521845942478496,0.07740462264122418,0.4007494348802798,57
11,0.5275028991044577,0.08160019852821074,0.39089690236733154,57
12,0.5360291050632997,0.08157133194605411,0.3823995629906462,57
13,0.5545153378591778,0.07646821742028034,0.36901644472054185,57
14,0.56295582685318,0.07863502709466086,0.3584091460521591,57
15,0.5720953928101455,0.08067730965117983,0.34722729753867465,57
16,0.5822466004537623,0.07954442705750991,0.3382089724887278,57
17,0.5884601643508918,0.08286871615630205,0.3286711194928062,57
18,0.5953965608713481,0.08412160413897363,0.3204818349896783,57
19,0.6028336746409597,0.08602992725330316,0.3111363981057371,57
20,0.6108226307589355,0.08712510751097413,0.30205226173009037,57
21,0.6182788523099301,0.08795014975889481,0.2937709979311751,57
22,0.6245498356724524,0.08969065413220167,0.28575951019534596,57
23,0.6304857268907514,0.0920271526184692,0.2774871204907794,57
24,0.6371995949322783,0.09375078807866463,0.26904961698905705,57
25,0.6433850711651796,0.09529457263523641,0.26132035619958394,57
26,0.6490775469594441,0.09645533755439475,0.2544671154861612,57
27,0.6555780613412279,0.09778626442972473,0.24663567422904742,57
28,0.6613697730301713,0.09993851883365838,0.2386917081361703,57
29,0.6706804268801934,0.10005198468816606,0.22926758843164058,57
30,0.6745540570136239,0.10316841717831249,0.2222775258080636,57
31,0.6780181541485455,0.10659972495108308,0.21538212090037143,57
32,0.682153724760381,0.10736993415834714,0.21047634108127186,57
33,0.6867066121313343,0.10917662380416694,0.20411676406449875,57
34,0.6892131638308139,0.11235766894376131,0.1984291672254248,57
35,0.6937678553299743,0.11465880874493356,0.19157333592509213,57
36,0.6997146549289415,0.11509882627949158,0.18518651879156695,57
37,0.7011508506523049,0.11842447820433516,0.18042467114335997,57
38,0.7036455312351101,0.12056283453510414,0.17579163422978578,57
39,0.7056409783288097,0.12402726517913394,0.1703317564920564,57
40,0.7081578766287877,0.12812675711658403,0.16371536625462826,57
41,0.709296928265647,0.13197286374288758,0.15873020799146537,57
42,0.7156585939519753,0.1314394433902386,0.1529019626577861,57
43,0.7174560450039857,0.13444368718461114,0.14810026781140312,57
44,0.7166920184459521,0.13706332740967528,0.14624465414437263,57
45,0.7181113570080259,0.13984958576909928,0.14203905722287485,57
46,0.7191496254361037,0.1424545123317725,0.13839586223212377,57
47,0.7214206108637011,0.1429107872878021,0.13566860184849677,57
48,0.7230168881410167,0.14175564319613093,0.13522746866285235,57
49,0.723810789910419,0.1405400530400211,0.13564915704955988,57
50,0.6646930015021326,0.08284160261181647,0.252465395886051,57
1,0.16376707919684527,0.006316593553134239,0.8299163272500203,58
2,0.3624586510528636,0.068488555711055,0.5690527932360814,58
3,0.4230713589601829,0.06222459841670021,0.5147040426231169,58
4,0.47303085087276486,0.046381974170187454,0.48058717495704767,58
5,0.47547573504390916,0.05815376474414581,0.4663705002119451,58
6,0.47652490854125207,0.06465311130768456,0.45882198015106335,58
7,0.48804862753178097,0.060072676630924825,0.4518786958372942,58
8,0.49194699811191067,0.07512584706834707,0.43292715481974225,58
9,0.516728226210573,0.07268577899079122,0.4105859947986358,58
10,0.5203618128804267,0.0816214174651933,0.39801676965438,58
11,0.5260834517113322,0.08588504590015228,0.3880315023885155,58
12,0.5344214925627068,0.08608159400231902,0.3794969134349742,58
13,0.5529870928897516,0.08108546115301887,0.3659274459572296,58
14,0.5613941273711878,0.08341239466630296,0.3551934779625093,58
15,0.5704289949332425,0.08565446237205393,0.34391654269470356,58
16,0.5807038341271339,0.08453978936870607,0.33475637650416,58
17,0.5867694994787229,0.08806876277353,0.3251617377477471,58
18,0.5937433857511585,0.08934433072730422,0.31691228352153733,58
19,0.6012120634892966,0.09136648283486123,0.30742145367584217,58
20,0.6092101987690701,0.09258097753530414,0.29820882369562574,58
21,0.6165138020465426,0.0935857107358244,0.289900487217633,58
22,0.6227550965596964,0.09539818539861186,0.2818467180416917,58
23,0.6286302123988114,0.09783616522107935,0.2735336223801092,58
24,0.6352856962788753,0.09967305809440193,0.26504124562672277,58
25,0.6414964915010176,0.10130200242545487,0.25720150607352754,58
26,0.6472701469950005,0.10249031150643792,0.25023954149856154,58
27,0.653692518183435,0.1039448168679886,0.24236266494857642,58
28,0.6593407965109602,0.10623849786603548,0.2344207056230043,58
29,0.6686967946552286,0.10644845480071521,0.2248547505440562,58
30,0.6726174666057855,0.10959591620317574,0.21778661719103878,58
31,0.676097826658898,0.1130522342283024,0.21084993911279964,58
32,0.6800660971435337,0.11392073401232271,0.20601316884414356,58
33,0.6846945872623784,0.11568606986115723,0.19961934287646435,58
34,0.6871999003370247,0.11890758739855076,0.19389251226442453,58
35,0.6917005230757782,0.12127443471659555,0.18702504220762622,58
36,0.697650098759202,0.12177362336316544,0.18057627787763253,58
37,0.6990926679789223,0.12503202995513024,0.17587530206594743,58
38,0.7014631925734541,0.1271873295764873,0.17134947785005858,58
39,0.7035058279451941,0.13062218625000432,0.16587198580480156,58
40,0.7059896140594772,0.13474455648507017,0.1592658294554526,58
41,0.707268219648584,0.1384535325950521,0.1542782477563639,58
42,0.7135577330008058,0.13802180469614234,0.14842046230305184,58
43,0.7154541546880238,0.14092478192368424,0.143621063388292,58
44,0.7146729594983283,0.143465442711902,0.14186159778976967,58
45,0.715866940303629,0.14624671367979392,0.13788634601657712,58
46,0.7170417407557101,0.1487497685342956,0.13420849070999424,58
47,0.7194604420912711,0.14916845183254396,0.1313711060761849,58
48,0.7211548253260022,0.14784761452964193,0.1309975601443559,58
49,0.7217621606944138,0.14658447585366371,0.1316533634519225,58
50,0.6627459853289712,0.0892729293082587,0.2479810853627701,58
1,0.16259836493602023,0.006542325525656135,0.8308593095383237,59
2,0.3611231903221095,0.0709511952108034,0.5679256144670871,59
3,0.4216665807449722,0.06518544449172597,0.5131479747633019,59
4,0.47187393812511597,0.04963479524896864,0.47849126662591535,59
5,0.47400759327860986,0.061676920572192484,0.46431548614919765,59
6,0.4750707799546976,0.06831917502473486,0.45661004502056757,59
7,0.48652709378517245,0.06378470545126855,0.449688200763559,59
8,0.4904517816539595,0.07884205502839721,0.4307061633176433,59
9,0.5153189148282648,0.07666277524217525,0.40801830992956,59
10,0.5188990738734232,0.08580970338377375,0.3952912227428031,59
11,0.5247077409791967,0.09012486534718511,0.3851673936736182,59
12,0.5328621466009986,0.09053978739542708,0.3765980660035743,59
13,0.5514820533293336,0.08567100872631989,0.36284693794434647,59
14,0.5598591715267309,0.088152407871121,0.3519884206021481,59
15,0.5688018604081455,0.09058110617337209,0.3406170334184824,59
16,0.5791935869090945,0.08949633869902403,0.3313100743918815,59
17,0.5851116253746456,0.09322353314696774,0.3216648414783867,59
18,0.5921001140061577,0.09454085596853443,0.31335903002530785,59
19,0.5996018033463497,0.09667711030544837,0.30372108634820194,59
20,0.6076025411073838,0.09801054296377124,0.294386915928845,59
21,0.6147564474296532,0.09918802302976615,0.28605552954058067,59
22,0.6209670539178106,0.10107616383704787,0.27795678224514153,59
23,0.626792718840627,0.10360378191408998,0.269603499245283,59
24,0.6333842432261924,0.10555189412261275,0.2610638626511949,59
25,0.6396270891029686,0.10726323394553088,0.2531096769515005,59
26,0.6454711360073675,0.10848971139502644,0.24603915259760606,59
27,0.6518148585840455,0.1100641279856427,0.23812101343031178,59
28,0.6573127916011365,0.11249484243918205,0.2301923659596814,59
29,0.666699895912748,0.11280946689578163,0.22049063719147033,59
30,0.6706672119053754,0.11598609937967388,0.21334668871495074,59
31,0.6741697190892522,0.1194616531862881,0.20636862772445974,59
32,0.6779645732745947,0.12042911717368752,0.20160630955171777,59
33,0.6826735774165689,0.1221466581208554,0.19517976446257573,59
34,0.6851542890536835,0.12543090379715288,0.18941480714916364,59
35,0.6896370603333138,0.1278249760446397,0.18253796362204647,59
36,0.6955802666227663,0.12840047959693202,0.1760192537803017,59
37,0.6970228904448987,0.13159296347827593,0.17138414607682534,59
38,0.6992708915655674,0.13375766692104832,0.16697144151338425,59
39,0.7013274133993481,0.13719305090548461,0.16147953569516726,59
40,0.7037952928504908,0.1413172899322947,0.1548874172172145,59
41,0.7052392445881104,0.14489266707269838,0.14986808833919124,59
42,0.7113883332217952,0.14460179931555273,0.1440098674626521,59
43,0.7134200596372817,0.14739224915480145,0.13918769120791682,59
44,0.7126164402482713,0.14986133548378575,0.13752222426794294,59
45,0.7135819327377924,0.15262727994733655,0.1337907873148711,59
46,0.7148350970175366,0.15506354897042773,0.1301013540120357,59
47,0.717407827861651,0.15546148131589538,0.1271306908224536,59
48,0.7192286785555724,0.1539576492268613,0.12681367221756631,59
49,0.7197332975615247,0.15262099938112253,0.12764570305735276,59
50,0.6605330262204746,0.09584752258705045,0.24361945119247494,59
1,0.16170267704672417,0.006653833659785117,0.8316434892934907,60
2,0.3598848460878882,0.07335558927277326,0.5667595646393385,60
3,0.4203384835103343,0.06809352272366376,0.5115679937660019,60
4,0.47080810410062746,0.05283981136238537,0.4763520845369872,60
5,0.4726569670679144,0.06512839655270827,0.4622146363793773,60
6,0.4736812852571459,0.07194095260653105,0.45437776213632314,60
7,0.4851022680969541,0.06743112440721741,0.44746660749582856,60
8,0.4890107638250252,0.08251555294052626,0.42847368323444857,60
9,0.5139558995348655,0.08060043751469886,0.4054436629504356,60
10,0.5174820974353327,0.08995151987633163,0.39256638268833566,60
11,0.5233798946242734,0.09432001990278799,0.38230008547293864,60
12,0.531363105438531,0.09493827529480169,0.37369861926666725,60
13,0.5500278282790285,0.09020029922410511,0.3597718724968664,60
14,0.5583760682976278,0.09283320997218754,0.3487907217301847,60
15,0.5672375072214355,0.09544049237132297,0.33732200040724153,60
16,0.5777338546798345,0.09439733484944869,0.3278688104707168,60
17,0.5835071398568712,0.09831951924589918,0.3181733408972296,60
18,0.5904859232170405,0.0996962658665535,0.309817810916406,60
19,0.5980051230637509,0.10195236486270773,0.3000425120735414,60
20,0.6060171846690594,0.10340098210277104,0.29058183322816955,60
21,0.6130340058137665,0.10473527010661554,0.2822307240796179,60
22,0.6192042413663161,0.10670314539437747,0.2740926132393064,60
23,0.6249977978061577,0.1093074464773558,0.2656947557164865,60
24,0.6315174153292842,0.11137147364147895,0.2571111110292369,60
25,0.6377900633242047,0.11316545007938582,0.24904448659640943,60
26,0.6436984117793876,0.11443963263302218,0.24186195558759024,60
27,0.6499637685776006,0.11613290888226518,0.23390332254013418,60
28,0.6553115818208168,0.11868359822827812,0.22600481995090504,60
29,0.6646922918720766,0.11913146544329736,0.21617624268462607,60
30,0.6687040493827479,0.12233656799185648,0.20895938262539565,60
31,0.6722489389461807,0.12581573739691176,0.20193532365690758,60
32,0.6758744866336673,0.12687713528517458,0.19724837808115808,60
33,0.6806662365851737,0.12854720372195286,0.19078655969287348,60
34,0.6831098354005937,0.1319042296110863,0.18498593498832003,60
35,0.6875813183165909,0.13431571410093207,0.17810296758247707,60
36,0.6935098150966557,0.13497617253763966,0.17151401236570468,60
37,0.6949692717396376,0.13809235390929278,0.1669383743510696,60
38,0.697112855037951,0.14025012915025944,0.1626370158117896,60
39,0.6991291373526606,0.1437284366079128,0.15714242603942663,60
40,0.7015783559333794,0.14784985552395613,0.1505717885426645,60
41,0.7032131462226354,0.15129382860779395,0.14549302516957063,60
42,0.7091542140105052,0.1511763569008699,0.13966942908862495,60
43,0.7113760966443919,0.1538320700523437,0.13479183330326436,60
44,0.7105617816786352,0.15623287225971622,0.13320534606164863,60
45,0.7112466009112393,0.1589996125457553,0.12975378654300546,60
46,0.7125470372770938,0.1613834540503284,0.12606950867257782,60
47,0.7152943517781769,0.16177002366099408,0.12293562456082902,60
48,0.7172650901471102,0.16007177868663877,0.12266313116625108,60
49,0.7176718601340327,0.15867682364117336,0.12365131622479392,60
50,0.6580840325014745,0.10254858098738391,0.2393673865111416,60
1,0.16107900434073538,0.006654654144075253,0.8322663415151894,61
2,0.35875427063471393,0.07569818147193531,0.5655475478933507,61
3,0.4191112498197239,0.0709359193673776,0.5099528308128984,61
4,0.46984319931335855,0.05598717217014168,0.4741696285164999,61
5,0.47142612862524647,0.06850492276102776,0.46006894861372577,61
6,0.47237485289512177,0.0755049292477101,0.45212021785716816,61
7,0.4837828176523005,0.0710050255507647,0.4452121567969348,61
8,0.48764070984818275,0.08613533777969055,0.4262239523721267,61
9,0.5126592296643939,0.08448520036142028,0.4028555699741858,61
10,0.5161411255403918,0.09402674996434365,0.3898321244952646,61
11,0.522118705458557,0.0984559664263854,0.3794253281150576,61
12,0.5299443387786653,0.09926554037666556,0.3707901208446691,61
13,0.548629835848436,0.09467020281121588,0.3566999613403481,61
14,0.5569497994952615,0.09745147357417219,0.34559872693056637,61
15,0.5657521498909052,0.10022077123923702,0.33402707886985783,61
16,0.5763265789056377,0.09923673104738834,0.324436690046974,61
17,0.5819511305901746,0.1033563986546464,0.31469247075517903,61
18,0.5889175390205453,0.1047951676306349,0.30628729334881977,61
19,0.5964456865920651,0.10717245390390359,0.2963818595040314,61
20,0.6044760683723807,0.1087315784651711,0.2867923531624482,61
21,0.6113602545075971,0.11021853289489394,0.27842121259750896,61
22,0.617489458203898,0.1122584551663328,0.2702520866297692,61
23,0.6232463737862256,0.1149434092829417,0.26181021693083273,61
24,0.6296908522455108,0.11712601587459087,0.2531831318798983,61
25,0.6360145097486658,0.11898969595674658,0.24499579429458762,61
26,0.6419672330295568,0.12032806705786715,0.23770469991257603,61
27,0.6481434936405366,0.12214077095480666,0.22971573540465676,61
28,0.6533608326573908,0.12479024791534163,0.22184891942726762,61
29,0.6627116483313218,0.12538746488562438,0.21190088678305383,61
30,0.6667534985884036,0.12862653108405428,0.20461997032754212,61
31,0.6703439660442314,0.13211101615380694,0.19754501780196165,61
32,0.6738086006255077,0.13325309142327152,0.19293830795122074,61
33,0.6786914009275511,0.13488046453748287,0.18642813453496604,61
34,0.6810937057636127,0.13831191416654087,0.1805943800698464,61
35,0.6855345647960333,0.1407490304370596,0.17371640476690714,61
36,0.691445493168964,0.14149706256583058,0.16705744426520544,61
37,0.6929292635758743,0.14453165809455915,0.1625390783295666,61
38,0.6949724205643998,0.14668280517524016,0.15834477426036006,61
39,0.6969608291638683,0.15019487452591207,0.15284429631021967,61
40,0.69939087760762,0.15431755498976013,0.1462915674026199,61
41,0.7012078937194505,0.15764828213165422,0.1411438241488953,61
42,0.7068952239875518,0.15771683174771417,0.13538794426473405,61
43,0.7092925397314384,0.16026057378938002,0.13044688647918162,61
44,0.7085050170190382,0.16258587153225942,0.12890911144870235,61
45,0.7088526751930331,0.16536957575092376,0.12577774905604316,61
46,0.7101759845280451,0.16770716177076933,0.12211685370118558,61
47,0.7131317932504608,0.16807613668129712,0.11879207006824205,61
48,0.7153145083835634,0.16617587304263573,0.1185096185738009,61
49,0.7156260300233902,0.1647288738239797,0.11964509615263011,61
50,0.6555131378225895,0.10928294289306799,0.23520391928434253,61
1,0.16071192301544,0.006552343245121861,0.8327357337394382,62
2,0.35773733630301824,0.07797452656276188,0.5642881371342199,62
3,0.41800032938510373,0.07370103627580799,0.5082986343390883,62
4,0.4689890042734268,0.05906399953629894,0.47194699619027425,62
5,0.4703237371839588,0.07179724888031522,0.45787901393572594,62
6,0.47117237411076285,0.07899751604526102,0.44983010984397614,62
7,0.4825703573345391,0.07450348519322296,0.4429261574722379,62
8,0.48634817340872294,0.08969407423086223,0.42395775236041494,62
9,0.5114519756992427,0.08829828113873586,0.40024974316202144,62
10,0.5148816393976939,0.09802704144532665,0.3870913191569794,62
11,0.5209391696122804,0.10251770642601804,0.3765431239617016,62
12,0.5286168365528929,0.10351297656197321,0.36787018688513384,62
13,0.5472946963980045,0.09907253183123389,0.3536327717707616,62
14,0.5555801384266931,0.10200453361740217,0.3424153279559048,62
15,0.5643571851150411,0.10491074820035998,0.330732066684599,62
16,0.5749874233844523,0.10399922151231936,0.32101335510322837,62
17,0.5804696643522513,0.1083117145898024,0.3112186210579463,62
18,0.5874097375204139,0.10982556628092216,0.3027646961986639,62
19,0.5949551094980301,0.11231279145369118,0.29273209904827874,62
20,0.6029953490537765,0.11398956918176145,0.28301508176446205,62
21,0.6097533937308625,0.11562099692621178,0.2746256093429258,62
22,0.6158334271039132,0.11773323677316808,0.26643333612291875,62
23,0.6215544279856471,0.12050023156635786,0.25794534044799505,62
24,0.6279292946120593,0.12280090058124113,0.24926980480669966,62
25,0.6342916913554966,0.12474010191988938,0.24096820672461405,62
26,0.6402801448828535,0.12614931066320761,0.23357054445393893,62
27,0.6463712133687828,0.12807487075387097,0.22555391587734624,62
28,0.6514884629815821,0.13079566023520567,0.2177158767832122,62
29,0.6607603992601297,0.13157167724962193,0.20766792349024832,62
30,0.664832081767984,0.13484353634144708,0.2003243818905689,62
31,0.6684691209756846,0.13833239636599615,0.1931984826583193,62
32,0.6717948404261118,0.13953519006120987,0.1886699695126783,62
33,0.6767581150481194,0.14114044052683747,0.18210144442504309,62
34,0.6791208550542432,0.14464423534612308,0.17623490959963367,62
35,0.6835222662222689,0.14711094582634804,0.1693667879513831,62
36,0.68940134871414,0.14795247316008064,0.1626461781257793,62
37,0.6909063979058648,0.15091240538476197,0.1581811967093732,62
38,0.6928714105484562,0.1530399665025869,0.15408862294895687,62
39,0.694842048094797,0.15657703908619414,0.14858091281900887,62
40,0.6972379649893273,0.16071703555484357,0.1420449994558291,62
41,0.6992240176840897,0.16395185551845248,0.1368241267974578,62
42,0.7046526857373108,0.16420595945835448,0.13114135480433475,62
43,0.7071911947511711,0.16666727087157193,0.12614153437725698,62
44,0.7064624753414434,0.16890646076672064,0.12463106389183601,62
45,0.7064157692779643,0.171725692309015,0.12185853841302066,62
46,0.7077480945894452,0.1740255880950845,0.11822631731547029,62
47,0.7109314000241164,0.17438239853545656,0.11468620144042707,62
48,0.7133364937277538,0.17229374580031942,0.11436976047192682,62
49,0.7135732022631681,0.17078941934225758,0.1156373783945743,62
50,0.6528212506054514,0.11606516895553765,0.231113580439011,62
1,0.1606064130157354,0.006350209412836326,0.8330433775714283,63
2,0.3568465117890983,0.08017342923326701,0.5629800589776347,63
3,0.4170189193113125,0.07637816349629907,0.5066029171923883,63
4,0.4682489430191698,0.062062391331393206,0.46968866564943695,63
5,0.4693558940271399,0.0749965376349685,0.45564756833789166,63
6,0.4700929616392001,0.08240428279532899,0.4475027555654709,63
7,0.4814668213566309,0.07792173191873089,0.44061144672463826,63
8,0.4851421457469868,0.09318199411228073,0.4216758601407325,63
9,0.5103443709925146,0.09202836305576528,0.3976272659517201,63
10,0.5137236617951089,0.10193887244871452,0.3843374657561766,63
11,0.5198456814408746,0.10649826579779997,0.3736560527613254,63
12,0.5273922700136042,0.10767279866169521,0.36493493132470056,63
13,0.5460378925866318,0.10339540177959738,0.3505667056337708,63
14,0.5542815614309742,0.10648032905909283,0.339238109509933,63
15,0.5630502078752893,0.10951112763243556,0.3274386644922752,63
16,0.5737195494035789,0.10867907009914053,0.31760138049728054,63
17,0.5790783006549881,0.11317305349338538,0.30774864585162653,63
18,0.5859926642245328,0.11476640055111068,0.2992409352243566,63
19,0.5935479213525771,0.11736144617096878,0.28909063247645417,63
20,0.6015828507200007,0.11916611147148487,0.2792510378085144,63
21,0.6082359792031256,0.12092725944834623,0.2708367613485282,63
22,0.6142541372934935,0.12311545850726487,0.2626304041992416,63
23,0.619928972209981,0.1259704202401253,0.2541006075498937,63
24,0.626244509744587,0.12838718989592718,0.2453683003594858,63
25,0.632635185067439,0.13040113806862264,0.23696367686393838,63
26,0.6386526149612195,0.13188944724648838,0.22945793779229212,63
27,0.6446567648988203,0.13392857435129635,0.22141466074988336,63
28,0.6497053754602853,0.13669543660072392,0.2135991879389908,63
29,0.6588557546758029,0.13767147180164407,0.203472773522553,63
30,0.6629403836278852,0.14098158915616307,0.19607802721595172,63
31,0.6666450189547022,0.14446246400151286,0.18889251704378496,63
32,0.6698530162190661,0.14571262550681158,0.1844343582741223,63
33,0.6748891896401512,0.14730878364029615,0.17780202671955264,63
34,0.6772091925764763,0.1508881391660145,0.17190266825750922,63
35,0.6815573440479911,0.15338952187956423,0.1650531340724447,63
36,0.6873861040582299,0.15433156683055455,0.1582823291112156,63
37,0.6889197169071601,0.15721872105245804,0.15386156204038182,63
38,0.6908389955616197,0.15930931239057472,0.14985169204780563,63
39,0.6927950568020874,0.1628708915761906,0.14433405162172197,63
40,0.695118550311332,0.1670434894157647,0.13783796027290335,63
41,0.6972642933339941,0.17020325135210618,0.13253245531389973,63
42,0.702468083817452,0.17061457228076105,0.126917343901787,63
43,0.7050696273536052,0.17304836342239407,0.12188200922400069,63
44,0.7044151632031256,0.17519736069358754,0.12038747610328687,63
45,0.7040032396077014,0.17803023207039192,0.11796652832190668,63
46,0.7053269755618369,0.18030511658467002,0.1143679078534931,63
47,0.7086852349336212,0.18069367403646522,0.11062109102991355,63
48,0.7113432114337406,0.17841019878951153,0.1102465897767479,63
49,0.7115629474926806,0.17682957030138785,0.11160748220593159,63
50,0.65007208938605,0.12283811158469694,0.22708979902925305,63
1,0.16075529161659377,0.006047380341924146,0.8331973280414822,64
2,0.3560865443156159,0.08229233821497584,0.5616211174694082,64
3,0.4161652045048334,0.07896863194056543,0.5048661635546011,64
4,0.4676262664672186,0.06497889023031903,0.4673948433024624,64
5,0.4685282536591959,0.07809660430192723,0.4533751420388769,64
6,0.469144467186998,0.08571647345574701,0.445139059357255,64
7,0.4804689500824334,0.08126151617097842,0.43826953374658817,64
8,0.4840330733220185,0.09658940364698965,0.41937752303099185,64
9,0.5093405909364523,0.09566984846347175,0.3949895606000759,64
10,0.5126783468947766,0.10575193643701206,0.38156971666821127,64
11,0.5188547629077649,0.11038593604692981,0.3707593010453053,64
12,0.5262765078396093,0.11173804580166752,0.36198544635872315,64
13,0.5448671250255244,0.1076324559105808,0.34750041906389484,64
14,0.5530679059046102,0.11086536961101229,0.3360667244843775,64
15,0.5618332154260448,0.11401560302968748,0.3241511815442677,64
16,0.5725275055469208,0.11327299423693649,0.31419950021614274,64
17,0.5777866149654058,0.11793516833057237,0.3042782167040218,64
18,0.5846745156415445,0.11961163843406708,0.29571384592438843,64
19,0.5922318423170795,0.12231048183251823,0.28545767585040227,64
20,0.6002516600399812,0.12425101442640663,0.27549732553361217,64
21,0.6068269452913282,0.12612040284728349,0.2670526518613883,64
22,0.6127680634434833,0.12839347511988586,0.2588384614366308,64
23,0.618384310412543,0.13134369473520635,0.2502719948522506,64
24,0.6246383670223252,0.1338799661070131,0.24148166687066167,64
25,0.631049640093789,0.13596632493157468,0.23298403497463627,64
26,0.6370930422799799,0.13754079159304206,0.22536616612697807,64
27,0.6430135888980592,0.13968924159924356,0.21729716950269728,64
28,0.6480178040094934,0.14248366855253172,0.2094985274379749,64
29,0.6570210787486704,0.14367096342533592,0.19930795782599364,64
30,0.6611084962997693,0.14702233093788725,0.19186917276234344,64
31,0.6648892375602402,0.15048994250769432,0.18462081993206547,64
32,0.6679840390610214,0.1517874033940783,0.18022855754490025,64
33,0.6730885743514401,0.15338259493498066,0.17352883071357925,64
34,0.6753724133032436,0.1570315027340463,0.16759608396271009,64
35,0.6796478379694024,0.1595811489201382,0.16077101311045938,64
36,0.6854218778179365,0.16062197836950798,0.1539561438125555,64
37,0.6869807293523562,0.16344609925282272,0.14957317139482107,64
38,0.6888850866485796,0.16548263728250012,0.14563227606892026,64
39,0.6908352446010089,0.1690633200023552,0.14010143539663594,64
40,0.6930805879768912,0.1732679196645892,0.13365149235851959,64
41,0.6953288183918936,0.17640240993292844,0.12826877167517792,64
42,0.7003484871732328,0.17694577755436514,0.12270573527240203,64
43,0.7029645288775861,0.17936579372102696,0.11766967740138695,64
44,0.7023867671275815,0.18144147566917224,0.11617175720324624,64
45,0.7016603237348052,0.18425676525421136,0.11408291101098339,64
46,0.7029343404261097,0.18653439055861176,0.11053126901527854,64
47,0.7064366621040328,0.18697190929206853,0.1065914286038987,64
48,0.7093388080001362,0.18452847335846131,0.10613271864140253,64
49,0.7095932644967767,0.18284738986993077,0.1075593456332925,64
50,0.6473515627397792,0.12952199615464244,0.22312644110557836,64
1,0.16110923341489966,0.005660344215721368,0.8332304223693788,65
2,0.355458374236943,0.08432809225396926,0.5602135335090876,65
3,0.4154469450517859,0.08146661380805614,0.5030864411401579,65
4,0.46712050845840236,0.06780842648426164,0.465071065057336,65
5,0.4678364096276795,0.08109546811634274,0.4510681222559778,65
6,0.46831831535412405,0.08893659541436755,0.4427450892315084,65
7,0.47958904471214164,0.08451209421982338,0.43589886106803505,65
8,0.4830306493752387,0.09990713179543483,0.4170622188293264,65
9,0.508438464260774,0.0992231176411414,0.3923384180980846,65
10,0.5117469243278501,0.10945950846619089,0.378793567205959,65
11,0.5179690685336522,0.1141753828417697,0.3678555486245781,65
12,0.5252851420201065,0.11569297421149996,0.3590218837683936,65
13,0.5437850887363851,0.11177508050271606,0.34443983076089885,65
14,0.551942555758991,0.11515435187180337,0.3329030923692057,65
15,0.5607217676413266,0.11840537431671666,0.3208728580419567,65
16,0.5714031913184766,0.11778339428506199,0.3108134143964614,65
17,0.5766141847495536,0.12257943123872192,0.30080638401172444,65
18,0.583475769717603,0.12434931628956411,0.2921749139928329,65
19,0.5910306771000194,0.12714060058333798,0.2818287223166426,65
20,0.599007095818909,0.12923650423082964,0.27175639995026135,65
21,0.605530317886923,0.13119429053477275,0.26327539157830426,65
22,0.6113696143333532,0.13356745590923225,0.2550629297574145,65
23,0.6169362616337761,0.1366082298109432,0.24645550855528067,65
24,0.6231421364881192,0.13926052167336664,0.23759734183851414,65
25,0.6295559251157278,0.1414172827145035,0.22902679216976873,65
26,0.635613146975941,0.1430928178048517,0.22129403521920735,65
27,0.6414455104034996,0.1453492882518343,0.21320520134466608,65
28,0.6464317356365339,0.1481603077862479,0.20540795657721822,65
29,0.6552729440338623,0.14955580905921734,0.1951712469069204,65
30,0.6593354538551939,0.1529632104738542,0.18770133567095193,65
31,0.6632137680621296,0.15640327615459443,0.18038295578327596,65
32,0.6662097899002766,0.15775093058010398,0.17603927951961945,65
33,0.6713775205704283,0.1593540589079655,0.16926842052160618,65
34,0.673621320904341,0.16306793758892824,0.16331074150673075,65
35,0.6778082115525615,0.16566954638543333,0.15652224206200513,65
36,0.683529215079932,0.16680568306143576,0.14966510185863222,65
37,0.6850988423921752,0.169590170089335,0.14531098751848978,65
38,0.6870177423590028,0.1715599163631969,0.1414223412778003,65
39,0.6889578049500527,0.17516572052558327,0.13587647452436408,65
40,0.6911062770185126,0.1794063381394155,0.12948738484207192,65
41,0.6934151657417212,0.18253908653946965,0.12404574771880911,65
42,0.6983126291289878,0.18318686634317558,0.11850050452783659,65
43,0.7009022863591241,0.18560577743596662,0.11349193620490927,65
44,0.7004103393972438,0.1876267166627607,0.11196294393999545,65
45,0.6993981630489812,0.19040444015670244,0.1101973967943164,65
46,0.7006406093442841,0.1926757299725094,0.10668366068320653,65
47,0.7042355311053419,0.19318450641045742,0.1025799624842007,65
48,0.7072729446738281,0.19065358911412758,0.10207346621204436,65
49,0.7076329643733464,0.1888473398914272,0.10351969573522635,65
50,0.6446656641472605,0.13613667841247035,0.21919765744026926,65
1,0.16163213180695934,0.005197629313178159,0.8331702388798624,66
2,0.35495815310449486,0.08628410471337376,0.5587577421821314,66
3,0.41486226832989415,0.08387244844264083,0.5012652832274649,66
4,0.4667300469706336,0.07054903240931922,0.4627209206200472,66
5,0.46726894293022075,0.08399897438875865,0.44873208268102055,66
6,0.4676125769029484,0.0920606296684083,0.44032679342864345,66
7,0.47882767607257887,0.08766924527650752,0.43350307865091353,66
8,0.4821394169132056,0.10312981540098594,0.41473076768580847,66
9,0.5076351760779715,0.10268560059805126,0.38967922332397725,66
10,0.510933075481772,0.11305905739425454,0.37600786712397344,66
11,0.5171813911603662,0.11787125848413291,0.36494735035550085,66
12,0.5244251677293512,0.11953512042719303,0.35603971184345573,66
13,0.542792166085359,0.11581780445500192,0.34139002945963914,66
14,0.550909796975503,0.11933805219006685,0.3297521508344301,66
15,0.5597249674778599,0.12267090392662468,0.3176041285955154,66
16,0.5703456419669792,0.12220612284954227,0.3074482351834785,66
17,0.5755725970844661,0.12709206061424644,0.2973353423012875,66
18,0.5824108953645609,0.12896562532144157,0.2886234793139975,66
19,0.5899571138558273,0.13184365851300686,0.2781992276311659,66
20,0.5978674536819789,0.13411305887675384,0.26801948744126725,66
21,0.604329656217782,0.13615650636843712,0.25951383741378087,66
22,0.6100677484478361,0.1386301869581144,0.2513020645940495,66
23,0.6155993371737545,0.14175514907840525,0.24264551374784027,66
24,0.6217630517919529,0.14451973576889549,0.2337172124391516,66
25,0.6281671315633209,0.14674803537204728,0.22508483306463178,66
26,0.6342297789335058,0.14853021003438818,0.21724001103210597,66
27,0.6399642358521223,0.1508994970173851,0.20913626713049266,66
28,0.6449630331111109,0.15371318227800468,0.2013237846108844,66
29,0.6536200055190605,0.15532543017901715,0.19105456430192233,66
30,0.6576487828679181,0.1587892088109387,0.18356200832114325,66
31,0.6616203290463359,0.16220262664506374,0.17617704430860032,66
32,0.6645364999811849,0.16359797552036573,0.17186552449844936,66
33,0.6697774485641861,0.16520869892238582,0.1650138525134281,66
34,0.6719823714247435,0.1689815454791329,0.1590360830961236,66
35,0.6760639144893896,0.17164053487518016,0.1522955506354302,66
36,0.6817391289436786,0.17286199950276512,0.14539887155355627,66
37,0.6832948678688864,0.1756312764906915,0.14107385564042213,66
38,0.6852377826592981,0.1775450871527225,0.13721713018797937,66
39,0.6871808993339423,0.18116644391229042,0.13165265675376725,66
40,0.689216089200148,0.1854518248968946,0.1253320859029574,66
41,0.6915576053263635,0.1885896142411932,0.11985278043244335,66
42,0.696373404604247,0.18932252020551388,0.11430407519023911,66
43,0.6988915523310154,0.19176360325351888,0.10934484441546571,66
44,0.6985137615523745,0.19373679708278368,0.10774944136484177,66
45,0.6972405551467402,0.19646510147742574,0.10629434337583404,66
46,0.698411268394379,0.19874600797116052,0.10284272363446054,66
47,0.7021012209248514,0.19931211500743334,0.09858666406771527,66
48,0.7051895400665206,0.19674707488482673,0.0980633850486527,66
49,0.7056816764482559,0.1948152067522933,0.09950311679945084,66
50,0.6420802985643793,0.14263295424531255,0.21528674719030816,66
1,0.16227682374410357,0.004560449612902227,0.8331627266429942,67
2,0.35453140125931404,0.08814773605274064,0.5573208626879453,67
3,0.41449011694761995,0.08615073825655979,0.4993591447958203,67
4,0.4665377215008347,0.07317193851854109,0.4602903399806242,67
5,0.46685109094006644,0.08679922352998723,0.44634968552994625,67
6,0.46687678200488053,0.09511925925226694,0.4380039587428526,67
7,0.4781318421583459,0.09069163653019699,0.4311765213114571,67
8,0.4814758056533503,0.10621943545756388,0.4123047588890858,67
9,0.5069223262639224,0.1060558747949594,0.3870217989411182,67
10,0.5102544900091746,0.11653125826194324,0.37321425172888223,67
11,0.5165140270668036,0.12145496844014737,0.36203100449304904,67
12,0.5236836011649832,0.12326785711764172,0.35304854171737504,67
13,0.5418874114046566,0.11975164436385549,0.33836094423148794,67
14,0.5499917891640346,0.12339673991592953,0.3266114709200359,67
15,0.5588480791787992,0.12680583402672155,0.3143460867944793,67
16,0.5693545242237338,0.1265398072057389,0.30410566857052734,67
17,0.5746536947699871,0.1314776941742034,0.2938686110558095,67
18,0.5814749202643512,0.13346127493183776,0.285063804803811,67
19,0.5890166118954928,0.13641753892657738,0.2745658491779298,67
20,0.5968457668097872,0.1388673400995667,0.2642868930906461,67
21,0.603234673812161,0.14099915022599616,0.2557661759618428,67
22,0.6088628290404341,0.14357733326164487,0.24755983769792103,67
23,0.6143822257060542,0.14677932241523267,0.23883845187871316,67
24,0.6205094493972142,0.14965368333170592,0.22983686727107988,67
25,0.6268711815362352,0.15196664416837216,0.22116217429539262,67
26,0.632936697844812,0.15385181067236503,0.21321149148282298,67
27,0.6385933761796395,0.15631894519001244,0.20508767863034805,67
28,0.6436132905836197,0.15914041851363844,0.19724629090274184,67
29,0.6520745897274787,0.16097079367731607,0.18695461659520526,67
30,0.6560520670296498,0.1644955381917646,0.1794523947785856,67
31,0.6601130146254838,0.16788600546588023,0.172000979908636,67
32,0.6629748580389323,0.16931837687520526,0.16770676508586244,67
33,0.6682695526119762,0.17095182293887184,0.16077862444915197,67
34,0.6704379166881077,0.1747864160614178,0.1547756672504745,67
35,0.6744262311707359,0.17748559603969902,0.14808817278956513,67
36,0.6800690153182593,0.1787895490222286,0.14114143565951215,67
37,0.6815946821421046,0.18155673124220933,0.13684858661568605,67
38,0.6835639637871461,0.18341925758187927,0.1330167786309746,67
39,0.685515945699119,0.1870556664329651,0.1274283878679159,67
40,0.6874395157610236,0.19138451378930074,0.12117597044967568,67
41,0.6897824165723675,0.19453893676928502,0.11567864665834748,67
42,0.6945488360002682,0.19534479111311792,0.1101063728866139,67
43,0.6969585828098415,0.19782809291027703,0.1052133242798815,67
44,0.6966779888698881,0.19978064620812036,0.10354136492199156,67
45,0.6951924274199766,0.2024351210218869,0.10237245155813654,67
46,0.6962537065912278,0.20473752451794774,0.0990087688908245,67
47,0.7000308388836585,0.20536219013699292,0.09460697097934861,67
48,0.7031466501045753,0.20276618484914338,0.09408716504628128,67
49,0.7038067554659577,0.20071318030031607,0.09548006423372621,67
50,0.6395473042273568,0.1490781732398607,0.2113745225327825,67
1,0.1630120052430722,0.003877327193562786,0.833110667563365,68
2,0.3542369237285853,0.08992636255701301,0.5558367137144017,68
3,0.4142287408465193,0.08833568072977303,0.49743557842370767,68
4,0.4664293679985698,0.07570422456680895,0.45786640743462126,68
5,0.4665459994105511,0.08949551415721782,0.4439584864322311,68
6,0.46632089857281345,0.09804785620405934,0.43563124522312724,68
7,0.4775817796507739,0.09361271565572456,0.4288055046935015,68
8,0.48087854933574337,0.10922729732824231,0.4098941533360143,68
9,0.5063063683367055,0.10932755344442559,0.3843660782188689,68
10,0.5097100967872087,0.11987550874856917,0.37041439446422214,68
11,0.515958905908138,0.12492620663696472,0.3591148874548973,68
12,0.5230621782352689,0.12688586593655055,0.35005195582818055,68
13,0.5410907057321537,0.12356096669420494,0.3353483275736414,68
14,0.5492040254756603,0.12732066314337007,0.32347531138096963,68
15,0.5580927039420193,0.130812421476175,0.31109487458180574,68
16,0.5684357928593666,0.13077300001994407,0.3007912071206893,68
17,0.5738591710874228,0.13573282295984723,0.29040800595273,68
18,0.5806748177226851,0.1378281505008595,0.28149703177645535,68
19,0.5882159378811125,0.14085856681713632,0.2709254953017512,68
20,0.5959515222605054,0.14349070397258706,0.26055777376690753,68
21,0.6022456915429806,0.1457201818483101,0.25203412660870933,68
22,0.6077618731947797,0.14840274635476292,0.24383538045045738,68
23,0.613291127021613,0.15167516047472515,0.2350337125036618,68
24,0.6193741848224377,0.15466496778104658,0.22596084739651576,68
25,0.6256753092483158,0.1570649833807935,0.21725970737089068,68
26,0.631740121372532,0.1590535483938147,0.20920633023365331,68
27,0.6373487761887916,0.16159699633178487,0.20105422747942353,68
28,0.6423806126487668,0.16443999301706413,0.19317939433416909,68
29,0.6506354851049776,0.16649119907999813,0.18287331581502428,68
30,0.6545586095846782,0.17007294437248194,0.1753684460428399,68
31,0.6586975781597014,0.17344944249598462,0.16785297934431395,68
32,0.6615309433201256,0.1749071143247704,0.16356194235510396,68
33,0.6668771764414576,0.17657038305582184,0.15655244050272055,68
34,0.6690016573152562,0.180467418782636,0.15053092390210782,68
35,0.6728949304435266,0.1832035394349945,0.14390153012147894,68
36,0.6785354750487581,0.18458521338869002,0.13687931156255187,68
37,0.6800174382609157,0.1873546132190968,0.13262794851998755,68
38,0.6820075546100561,0.1891758084295456,0.12881663696039827,68
39,0.6839569411151286,0.19283016617345541,0.12321289271141597,68
40,0.6857939569147804,0.1971928018398485,0.1170132412453711,68
41,0.6881098219075604,0.2003796790247242,0.11151049906771537,68
42,0.6928522774370534,0.2012517917321151,0.10589593083083154,68
43,0.6951365365379106,0.20378671730672754,0.10107674615536183,68
44,0.6948988427959034,0.20574855850619744,0.09935259869789914,68
45,0.6932664178298676,0.20830024827398472,0.09843333389614764,68
46,0.6941854378338042,0.2106389208669845,0.09517564129921136,68
47,0.6980495000838562,0.21131661960553766,0.0906338803106061,68
48,0.7011846668484355,0.20869976709151858,0.09011556606004592,68
49,0.7020150539585878,0.2065384218646267,0.09144652417678553,68
50,0.6370163805588227,0.15547707814891323,0.2075065412922641,68
1,0.16380171464837098,0.003156214246281375,0.8330420711053477,69
2,0.3540650886144418,0.09162198843143529,0.5543129229541228,69
3,0.41408095311575965,0.09042399541704946,0.49549505146719086,69
4,0.46641149131359355,0.07814168496511265,0.45544682372129386,69
5,0.46634572677108466,0.0920909309011042,0.44156334232781114,69
6,0.46592654377509574,0.10085507615357978,0.4332183800713246,69
7,0.4771761226801407,0.09642698320032507,0.4263968941195342,69
8,0.4803515810260556,0.11214958880029657,0.40749883017364785,69
9,0.50577862128752,0.11250272230515762,0.38171865640732233,69
10,0.509292244026597,0.12309516085030833,0.36761259512309463,69
11,0.5155277627322469,0.1282770790142479,0.35619515825350523,69
12,0.5225671030945901,0.1303870519214562,0.34704584498395374,69
13,0.5403988664728394,0.12724146685786286,0.3323596666692977,69
14,0.5485454880432303,0.13110704057171102,0.32034747138505865,69
15,0.5574640652101338,0.13468451828310732,0.30785141650675885,69
16,0.5676029464023025,0.1348957376102583,0.29750131598743923,69
17,0.5731827768176221,0.13986117816533772,0.2869560450170402,69
18,0.5800092566326789,0.14206559858997206,0.2779251447773491,69
19,0.587556029424689,0.1451650745054322,0.2672788960698788,69
20,0.5951856755610809,0.14797984981038617,0.2568344746285329,69
21,0.6013539629517457,0.1503205402133425,0.24832549683491179,69
22,0.606775730176405,0.15309687899125557,0.24012739083233947,69
23,0.612338705443441,0.1564348145081893,0.23122648004836965,69
24,0.6183609483208448,0.15954842509770276,0.22209062658145248,69
25,0.6245876809172579,0.16203925577414718,0.2133730633085949,69
26,0.6306467523543497,0.16412867451364044,0.2052245731320098,69
27,0.6362274864247612,0.1667371796693563,0.19703533390588246,69
28,0.6412674844841977,0.16960702654296625,0.18912548897283607,69
29,0.6493070615237154,0.17188553159746373,0.17880740687882085,69
30,0.6531980472325548,0.17550136807666852,0.17130058469077666,69
31,0.6573845517132046,0.1788843044942585,0.16373114379253687,69
32,0.6602174161399645,0.18035505074011854,0.15942753311991692,69
33,0.6656039089849759,0.18206258830239233,0.15233350271263177,69
34,0.6676826615448952,0.18601694227147048,0.14630039618363433,69
35,0.6714781368250438,0.18878962180937603,0.1397322413655802,69
36,0.6771519941053739,0.1902409677502296,0.13260703814439653,69
37,0.6785634599162748,0.19302118264870544,0.1284153574350198,69
38,0.6805763611937306,0.19480662603778626,0.12461701276848319,69
39,0.6825404425339554,0.1984694136835229,0.1189901437825217,69
40,0.6842811331002562,0.2028760722930538,0.11284279460669003,69
41,0.6865326093529657,0.2061137707004439,0.10735361994659043,69
42,0.6913040558912735,0.20702238722012484,0.10167355688860163,69
43,0.6934278131737198,0.20962770718470936,0.09694447964157082,69
44,0.6931702018617054,0.2116346379515452,0.0951951601867494,69
45,0.691496594279942,0.21403545227332027,0.0944679534467377,69
46,0.6922368313839256,0.21642859105803727,0.09133457755803717,69
47,0.6961439837355387,0.21717580699637834,0.08668020926808301,69
48,0.6993210814430859,0.21452831235341888,0.08615060620349521,69
49,0.7003379494247145,0.212267855538634,0.0873941950366515,69
50,0.6345288197046828,0.1617849794049445,0.20368620089037276,69
1,0.16461968644095568,0.002405518119022737,0.8329747954400216,70
2,0.3540105121752095,0.09323589142610454,0.5527535963986859,70
3,0.4140416537367969,0.09242074917403745,0.49353759708916567,70
4,0.4664838676683256,0.08048482251662598,0.4530313098150484,70
5,0.4662411510514172,0.09459007310102624,0.4391687758475565,70
6,0.465677638605541,0.10354655360251239,0.4307758077919466,70
7,0.4769087636150833,0.09913458501041449,0.4239566513745022,70
8,0.47990184070540265,0.11498089761458972,0.4051172616800076,70
9,0.5053348856881462,0.11558461850877864,0.3790804958030751,70
10,0.5089936513985495,0.1261954390021046,0.3648109095993459,70
11,0.5152117200875369,0.1315110220148413,0.35327725789762177,70
12,0.5222073588633636,0.133763513140117,0.3440291279965194,70
13,0.5398095918124446,0.1307964066796048,0.3293940015079506,70
14,0.5480230634515899,0.13475470961600547,0.31722222693240465,70
15,0.5569568341751847,0.1384261492138397,0.3046170166109756,70
16,0.5668581725262438,0.1389074151794324,0.2942344122943238,70
17,0.5726288742671588,0.14386115033528735,0.28350997539755385,70
18,0.5794759802418467,0.1461747083274339,0.27434931143071944,70
19,0.5870321200902232,0.14934112149889223,0.26362675841088457,70
20,0.5945401860018262,0.152337981911501,0.25312183208667277,70
21,0.6005683976027428,0.1547958704207994,0.24463573197645777,70
22,0.6059084179920293,0.15765558029784393,0.23643600171012674,70
23,0.6115207934813074,0.16105801796534763,0.22742118855334498,70
24,0.6174673048165293,0.1643011827811411,0.21823151240232957,70
25,0.6236192261500735,0.16688126009674742,0.2094995137531791,70
26,0.6296687581438302,0.1690676338069704,0.20126360804919943,70
27,0.6352300006309886,0.17174070767503746,0.19302929169397398,70
28,0.6402845398272472,0.17462929160492613,0.18508616856782667,70
29,0.6481030613127147,0.17714330809883033,0.174753630588455,70
30,0.65197230392889,0.18077968278492834,0.1672480132861816,70
31,0.6561838967786422,0.18418259367731254,0.15963350954404526,70
32,0.6590389937721322,0.18566031954268933,0.15530068668517852,70
33,0.6644632925741469,0.18741971007767852,0.14811699734817454,70
34,0.6664943319213353,0.19142949197054665,0.142076176108118,70
35,0.6701713477420632,0.194240881426254,0.13558777083168277,70
36,0.6759005287974462,0.19576836350257038,0.1283311076999834,70
37,0.6772387136188747,0.19855385434283218,0.12420743203829315,70
38,0.6792765323413932,0.20030598298411634,0.12041748467449048,70
39,0.6812730699711632,0.20397145394071517,0.11475547608812162,70
40,0.6829167268334168,0.20842836279100205,0.1086549103755812,70
41,0.6850513021348928,0.21174303894258445,0.1032056589225227,70
42,0.6899039231967081,0.21266165631329426,0.09743442048999762,70
43,0.691845664988834,0.2153492760830305,0.09280505892813545,70
44,0.6915307603149893,0.21740875135021165,0.09106048833479907,70
45,0.6898846347245444,0.21964786064197542,0.09046750463348016,70
46,0.6903912258432371,0.22211739850737594,0.08749137564938697,70
47,0.6943152594175047,0.22292607803695902,0.08275866254553627,70
48,0.697562848049956,0.22026423332742612,0.08217291862261783,70
49,0.6988188058045867,0.21788465768450863,0.08329653651090471,70
50,0.6320667704947143,0.1679929007306027,0.199940328774683,70
1,0.1654300232166663,0.0016283586772771242,0.8329416181060566,71
2,0.3540627167624993,0.09477217035358762,0.5511651128839131,71
3,0.4141048238600732,0.09432651835960147,0.4915686577803253,71
4,0.4666452601054137,0.08273232477907835,0.45062241511550805,71
5,0.46622910502782755,0.09699351647774386,0.4367773784944286,71
6,0.46556151218329805,0.10612873929596972,0.42830974852073217,71
7,0.4767720782889321,0.10173577837482672,0.4214921433362412,71
8,0.4795253272365034,0.11772124622027504,0.40275342654322155,71
9,0.5049748980159673,0.11857193576732795,0.37645316621670477,71
10,0.5088070955425035,0.12918180986070393,0.3620110945967926,71
11,0.5150036521123393,0.1346295192722325,0.35036682861542817,71
12,0.5219641628685933,0.13702692952510379,0.341008907606303,71
13,0.5393291996646605,0.13421854047034998,0.3264522598649895,71
14,0.5476164778061632,0.13827712064655082,0.314106401547286,71
15,0.5565797597534108,0.14202812498283743,0.30139211526375176,71
16,0.5662143222636737,0.14279801976114875,0.2909876579751775,71
17,0.5721934883443714,0.14773149707092675,0.2800750145847018,71
18,0.5790700667245854,0.15015792885165075,0.27077200442376387,71
19,0.5866420981284326,0.15338937725111265,0.2599685246204547,71
20,0.5940128432057321,0.15656988760700372,0.24941726918726417,71
21,0.5998891187223554,0.1591457473790463,0.2409651338985983,71
22,0.6051601295055508,0.16207818015861042,0.23276169033583882,71
23,0.6108233770128083,0.16554820608956472,0.22362841689762697,71
24,0.6166933397573804,0.16892006414745675,0.21438659609516286,71
25,0.6227765854888075,0.17158765951770028,0.20563575499349218,71
26,0.6288063412594033,0.17387350651869998,0.19732015222189675,71
27,0.6343532634375482,0.17661310509557038,0.18903363146688146,71
28,0.6394252812254874,0.17951060552071268,0.18106411325379995,71
29,0.6470372917661693,0.18224991299256593,0.17071279524126476,71
30,0.6508825644622849,0.18590744725581893,0.1632099882818962,71
31,0.655099764868435,0.18934113948642717,0.1555590956451378,71
32,0.658011746236146,0.1908156466386785,0.1511726071251755,71
33,0.6634520480311155,0.19264259904977415,0.14390535291911039,71
34,0.6654434649245258,0.19670163265054877,0.13785490242492546,71
35,0.6689746659884227,0.1995594541212431,0.1314658798903342,71
36,0.674779387149401,0.20116229435808475,0.12405831849251425,71
37,0.6760592418013641,0.20394320662419704,0.11999755157443884,71
38,0.6781035190407887,0.20567602619876724,0.11622045476044407,71
39,0.6801559601720055,0.20933867063675005,0.11050536919124443,71
40,0.6817198949909621,0.21384134643825975,0.10443875857077817,71
41,0.6836793020167566,0.21725280119497564,0.09906789678826772,71
42,0.6886276699016483,0.2181871992742019,0.09318513082414984,71
43,0.6903957741018067,0.2209472201311406,0.08865700576705265,71
44,0.689983661658237,0.22306826489035894,0.08694807345140407,71
45,0.6884173832228193,0.22514074309024418,0.08644187368693651,71
46,0.6886814981149266,0.22768517285419315,0.08363332903088022,71
47,0.6925837017670776,0.22854880144332326,0.07886749678959912,71
48,0.6959290324126276,0.22588174716909531,0.07818922041827708,71
49,0.697431216460185,0.22339460419389262,0.07917417934592236,71
50,0.6297827702566677,0.17398095039811112,0.1962362793452211,71
1,0.1662210781881686,0.0008268584582372099,0.8329520633535943,72
2,0.3541990886568812,0.09624047220863842,0.5495604391344804,72
3,0.41424597939827523,0.09615385715677478,0.48960016344495,72
4,0.4668842693853214,0.08488988464615696,0.4482258459685218,72
5,0.46630056509386125,0.09930810433639349,0.4343913305697453,72
6,0.4655671398617942,0.1086074594823657,0.42582540065584007,72
7,0.47673050732863337,0.1042465767964989,0.4190229158748677,72
8,0.47922413681119436,0.12036716907043328,0.4004086941183724,72
9,0.5047152401063634,0.12145144330365015,0.3738333165899865,72
10,0.5087122431840471,0.13206732514706696,0.35922043166888595,72
11,0.5148841021250984,0.13764545724871588,0.3474704406261857,72
12,0.5218309728385246,0.14018401072037928,0.3379850164410961,72
13,0.5389570752549169,0.13751191976956237,0.3235310049755208,72
14,0.5473148482005692,0.14168168353428345,0.31100346826514735,72
15,0.5563316515261196,0.14549309520325301,0.2981752532706273,72
16,0.5656686348242926,0.14656854044937112,0.28776282472633624,72
17,0.5718664903363698,0.15147893107317964,0.2766545785904505,72
18,0.5787938106372974,0.1540146952281609,0.2671914941345417,72
19,0.5863753425986402,0.15731524603345515,0.25630941136790464,72
20,0.5935932690951441,0.1606816106409627,0.2457251202638932,72
21,0.5993125344887188,0.16337151836561703,0.23731594714566417,72
22,0.6045304373048693,0.1663641551467831,0.22910540754834757,72
23,0.6102436623491488,0.16990818749051742,0.21984815016033374,72
24,0.6160394311095982,0.17340424277642413,0.21055632611397762,72
25,0.6220513331021695,0.17616176570107156,0.2017869011967589,72
26,0.6280673906384207,0.17854079353844066,0.1933918158231387,72
27,0.6336092615820379,0.18134529499027005,0.18504544342769205,72
28,0.6386899095855483,0.18425617306331982,0.1770539173511319,72
29,0.6460916473244634,0.1872145537647952,0.16669379891074135,72
30,0.6499415888185586,0.19087970165679177,0.15917870952464966,72
31,0.6541410183597702,0.19435915932521453,0.15149982231501524,72
32,0.6571181923742094,0.19582894217246613,0.14705286545332444,72
33,0.6625713625563184,0.19773149776597326,0.1396971396777083,72
34,0.6645357381856165,0.20182975249116547,0.13363450932321802,72
35,0.667925711206492,0.20472425910163583,0.12735002969187215,72
36,0.6737939493355478,0.2064200192099238,0.11978603145452837,72
37,0.675009675241753,0.20919955009274915,0.11579077466549781,72
38,0.677063742761431,0.21091160338034148,0.11202465385822752,72
39,0.6792001392373253,0.21457324808879474,0.10622661267388,72
40,0.6806820270032016,0.21911740314454217,0.10020056985225625,72
41,0.6824349181742911,0.22263279777394995,0.09493228405175891,72
42,0.6874722621348115,0.2235931947874542,0.0889345430777343,72
43,0.6890813159124661,0.22641787215391762,0.08450081193361625,72
44,0.6885256273468918,0.22860700519416277,0.0828673674589454,72
45,0.6871018833446664,0.23050879350327858,0.08238932315205505,72
46,0.6871136186300035,0.23312256838683387,0.0797638129831626,72
47,0.690962945181016,0.23402936105993477,0.07500769375904925,72
48,0.6944341219081327,0.23136095725465988,0.07420492083720742,72
49,0.6961328846063554,0.2288234797446338,0.07504363564901084,72
50,0.6277866757386747,0.17969540640828244,0.1925179178530428,72
1,0.16696809597351786,6.633751980940328e-06,0.8330252702745012,73
2,0.35439889497627985,0.09765064059929845,0.5479504644244217,73
3,0.41444782820593296,0.09791154491196517,0.48764062688210186,73
4,0.4671914003449591,0.08696427821941745,0.4458443214356235,73
5,0.46643836147458073,0.10154535313773226,0.432016285387687,73
6,0.4656690163010001,0.11099564450724082,0.4233353391917591,73
7,0.4767702958518001,0.10667341377608411,0.41655629037211583,73
8,0.478999110722919,0.12291755004226956,0.39808333923481143,73
9,0.5045464678044963,0.12422696428643915,0.37122656790906455,73
10,0.5086901502766531,0.13486282909888908,0.3564470206244578,73
11,0.5148561113239524,0.1405569026020036,0.34458698607404403,73
12,0.5217871628600599,0.1432463273523525,0.33496650978758763,73
13,0.538683557951629,0.14068262132598802,0.32063382072238295,73
14,0.5471103402479196,0.14497233773257487,0.3079173220195055,73
15,0.5562020192975214,0.14883061945072448,0.29496736125175405,73
16,0.5652227156509366,0.150220624346802,0.2845566600022614,73
17,0.5716438803997399,0.15510655527326506,0.27324956432699504,73
18,0.5786336788870905,0.15775312693611193,0.26361319417679757,73
19,0.5862275994446533,0.1611193067377935,0.2526530938175532,73
20,0.5932872208289905,0.1646688727310664,0.24204390643994306,73
21,0.598839744391342,0.16747147895864886,0.23368877665000912,73
22,0.6040283504896758,0.17051237602291835,0.2254592734874058,73
23,0.6097726409108827,0.17414324467986383,0.21608411440925349,73
24,0.6155066548675117,0.17775326341814707,0.20674008171434127,73
25,0.6214462203514235,0.18060117603138967,0.19795260361718683,73
26,0.6274425203363183,0.1830757658385538,0.18948171382512788,73
27,0.6329796681603951,0.18594600934965028,0.18107432248995464,73
28,0.6380803489436695,0.18886630884985878,0.17305334220647173,73
29,0.6452942253252928,0.19202003705115744,0.16268573762354976,73
30,0.649149958702328,0.1957000486403065,0.15514999265736557,73
31,0.6533139525255862,0.19922791711838417,0.14745813035602962,73
32,0.6563696404368642,0.2006955803027805,0.1429347792603553,73
33,0.6618268637302136,0.20267925175126356,0.13549388451852284,73
34,0.6637535145220371,0.20682559001379075,0.12942089546417213,73
35,0.6670189075713678,0.20974321564742457,0.1232378767812076,73
36,0.6729455459516912,0.21153891170814082,0.11551554234016798,73
37,0.6740967372885338,0.21431508137618352,0.11158818133528267,73
38,0.6761626155536148,0.21600896166568923,0.10782842278069599,73
39,0.6784076300760888,0.2196650725192692,0.10192729740464196,73
40,0.6798150300814014,0.224247198405441,0.09593777151315758,73
41,0.6813166028873276,0.2278752271898849,0.09080816992278745,73
42,0.6864705450532085,0.22885434057082132,0.0846751143759702,73
43,0.6879136474451082,0.23174599722524575,0.08034035532964606,73
44,0.6872103489840886,0.23398663654635332,0.07880301446955806,73
45,0.6859411750750488,0.23574217732724537,0.07831664759770582,73
46,0.6857083185624943,0.2384084194525068,0.07588326198499895,73
47,0.6894765160759436,0.2393490516012074,0.07117443232284898,73
48,0.6930272787877645,0.23672099646381733,0.07025172474841818,73
49,0.6949481904694553,0.23414015672356248,0.0709116528069822,73
50,0.6261040856109954,0.1851325806735054,0.18876333371549922,73
1,0.16722866689085977,0.0,0.8327713331091403,74
2,0.35462212918801495,0.09905025026058528,0.5463276205513998,74
3,0.4146774984216828,0.09964521638339408,0.48567728519492315,74
4,0.46753779710106763,0.0889975010325781,0.4434647018663542,74
5,0.4666186488307489,0.10373993369314433,0.4296414174761068,74
6,0.4658326316051374,0.11333042686513328,0.4208369415297294,74
7,0.476867007228539,0.10904593734276198,0.414087055428699,74
8,0.47883385044661997,0.12540094521210016,0.3957652043412799,74
9,0.5044501608261367,0.12693019880119527,0.36861964037266803,74
10,0.5087178732009954,0.1375984706994527,0.35368365609955194,74
11,0.5149080652253539,0.14338024445335482,0.34171169032129123,74
12,0.5218177052090346,0.1462268320005531,0.3319554627904123,74
13,0.5384967453472138,0.1437497709754135,0.31775348367737266,74
14,0.5469984150572078,0.14815816117080582,0.30484342377198637,74
15,0.5561790254871282,0.15205745563739564,0.2917635188754762,74
16,0.5648829212726694,0.15375806941072506,0.28135900931660557,74
17,0.5715065280029723,0.1586338060598554,0.2698596659371723,74
18,0.5785644797352933,0.1613922714511758,0.26004324881353086,74
19,0.5861903946354028,0.16481214302601196,0.24899746233858525,74
20,0.5930928457739806,0.1685360139943915,0.23837114023162792,74
21,0.5984670099237407,0.17145220549116025,0.23008078458509906,74
22,0.6036522927974333,0.1745247819219028,0.22182292528066394,74
23,0.6094133783759541,0.17825094020343552,0.21233568142061038,74
24,0.615103655091263,0.18196243034671183,0.2029339145620252,74
25,0.6209491058706467,0.18491327859734868,0.19413761553200465,74
26,0.6269345107017275,0.1874739660062465,0.18559152329202605,74
27,0.6324733346252532,0.19041055993337339,0.17711610544137338,74
28,0.637595427432311,0.19334633363310688,0.1690582389345821,74
29,0.6446417269777557,0.19666869008275975,0.15868958293948457,74
30,0.648507185897821,0.2003696638286582,0.15112315027352083,74
31,0.6526204721242382,0.20394408965869743,0.14343543821706434,74
32,0.6557754506884117,0.20540590846921775,0.13881864084237056,74
33,0.6612106976765488,0.20748664275522063,0.13130265956823053,74
34,0.6631070948239388,0.21167440633455414,0.12521849884150704,74
35,0.6662580255082133,0.21461139507541185,0.11913057941637481,74
36,0.6722271508718206,0.2165151385101965,0.1112577106179829,74
37,0.6733197776639673,0.21928194055258493,0.10739828178344774,74
38,0.675419778212803,0.22094748362520678,0.10363273816199026,74
39,0.6777799686488928,0.22460240077272373,0.09761763057838349,74
40,0.6791261930804571,0.22922085869643627,0.09165294822310666,74
41,0.6803509621843771,0.23294905368629948,0.08669998412932345,74
42,0.6856365100371921,0.2339511726786444,0.08041231728416354,74
43,0.686895486739791,0.23691686506450693,0.07618764819570212,74
44,0.6860711907179858,0.2391729638989517,0.07475584538306246,74
45,0.6849390606520788,0.24082170574572626,0.07423923360219498,74
46,0.6844728338636018,0.24351452214399694,0.07201264399240126,74
47,0.6881284621550254,0.2444876590319282,0.06738387881304636,74
48,0.6917174885659884,0.24191903852833135,0.06636347290568029,74
49,0.6939202654204837,0.23927884712093084,0.06680088745858548,74
50,0.6247523003405994,0.19026580499702586,0.18498189466237477,74
1,0.1674109778378867,0.0,0.8325890221621134,75
2,0.3548534503294101,0.10044386991339987,0.5447026797571901,75
3,0.4149210239882676,0.10135888875543252,0.4837200872562999,75
4,0.467911339728139,0.09099685896490836,0.4410918013069527,75
5,0.4668314092915157,0.10589907966465846,0.4272695110438259,75
6,0.4660458300276613,0.11561684230994884,0.41833732766238985,75
7,0.47700090928612016,0.11137065371154461,0.4116284370023352,75
8,0.4787256602930481,0.12781952703141083,0.39345481267554105,75
9,0.5044258538525345,0.1295606845118716,0.3660134616355939,75
10,0.5087904174831153,0.14027447925760886,0.3509351032592759,75
11,0.515027143484097,0.1461264328195744,0.33884642369632867,75
12,0.5219123740716819,0.14912753794095238,0.32896008798736576,75
13,0.5383921130616145,0.14671882515982862,0.3148890617785569,75
14,0.5469750120621863,0.1512425355043294,0.3017824524334842,75
15,0.5562443740408067,0.1551860217820782,0.2885696041771151,75
16,0.5646452059744689,0.15718301210222413,0.278171781923307,75
17,0.5714478475447107,0.16206437627049594,0.26648777618479336,75
18,0.5785829042801861,0.16493452164037592,0.256482574079438,75
19,0.5862501744013188,0.16839803558417898,0.24535179001450225,75
20,0.5929990435160731,0.17228971929293632,0.23471123719099055,75
21,0.5982050337569343,0.17530756474299036,0.2264874015000753,75
22,0.6034003253963311,0.1784042744456839,0.21819540015798494,75
23,0.6091738241384883,0.18222729664030413,0.20859887922120757,75
24,0.6148188201072424,0.1860389556951733,0.19914222419758426,75
25,0.6205594724539744,0.18909884843204336,0.19034167911398228,75
26,0.6265466011248682,0.19173370802884215,0.1817196908462897,75
27,0.6320845526919896,0.19474348937282843,0.17317195793518197,75
28,0.6372247385265968,0.1976990578086234,0.16507620366477982,75
29,0.644140456293276,0.2011565745800057,0.15470296912671833,75
30,0.6480048378790391,0.20489565401061155,0.1470995081103494,75
31,0.652064353369792,0.20850112716031866,0.13943451946988938,75
32,0.6553293515056671,0.20996789110826536,0.13470275738606757,75
33,0.6607298714588692,0.2121468095351599,0.1271233190059709,75
34,0.6625941287413416,0.21637365804261294,0.12103221321604546,75
35,0.6656362201136925,0.21933170347879516,0.11503207640751234,75
36,0.671643495638328,0.22134259213263255,0.10701391222903942,75
37,0.6726917682783822,0.22409046195152232,0.1032177697700955,75
38,0.6748294367079574,0.22573543998412954,0.0994351233079131,75
39,0.6773092479127425,0.22938953275262278,0.09330121933463473,75
40,0.6785913244898696,0.23404629831362833,0.08736237719650208,75
41,0.6795378186956746,0.23784813909901548,0.08261404220530988,75
42,0.6849528907166293,0.23889166958222863,0.07615543970114202,75
43,0.6860384053859454,0.24191333026235523,0.07204826435169936,75
44,0.685124271977431,0.24415991252364339,0.07071581549892564,75
45,0.6841125763892126,0.24573614151426415,0.07015128209652322,75
46,0.683415445745919,0.24843341751595405,0.068151136738127,75
47,0.6869373805554122,0.2494290303219114,0.06363358912267639,75
48,0.6904968912576872,0.246946564688726,0.0625565440535868,75
49,0.6930623512518174,0.2442221307813566,0.06271551796682603,75
50,0.6237792689338764,0.19505336755480465,0.18116736351131899,75
1,0.16750510625007542,0.0,0.8324948937499245,76
2,0.3550771920965277,0.10184057854628611,0.5430822293571862,76
3,0.4151637757532604,0.10306198946990829,0.48177423477683123,76
4,0.46829725774024566,0.092970213987803,0.4387325282719513,76
5,0.46706226687126395,0.10803181546448504,0.424905917664251,76
6,0.46629360102620176,0.11786192104807579,0.41584447792572243,76
7,0.47715346679093584,0.11365793462555966,0.4091885985835046,76
8,0.47866547775898394,0.13018210586738882,0.39115241637362724,76
9,0.5044640709917078,0.1321259229894923,0.3634100060187999,76
10,0.5089041644528598,0.14289529848332594,0.34820053706381426,76
11,0.5151977256771301,0.1488038122846292,0.33599846203824074,76
12,0.5220650565731793,0.15194888645306684,0.32598605697375393,76
13,0.53837324002725,0.1495940897781568,0.31203267019459324,76
14,0.5470274590869098,0.15423633300618253,0.2987362079069077,76
15,0.5563905696798551,0.15822544126298863,0.28538398905715623,76
16,0.5644989124196624,0.1605035989420647,0.2749974886382729,76
17,0.5714622698011009,0.16540387345511506,0.263133856743784,76
18,0.5786712597503327,0.16839079532910334,0.25293794492056393,76
19,0.5863812643390953,0.1718905651858463,0.24172817047505837,76
20,0.593006825625768,0.1759280991612588,0.2310650752129732,76
21,0.5980511457872167,0.1790402958981126,0.22290855831467066,76
22,0.6032626211749772,0.18215913432233033,0.21457824450269247,76
23,0.6090364318381591,0.18608461099267343,0.20487895716916743,76
24,0.6146498508154717,0.18998560791429248,0.19536454127023578,76
25,0.6202899877448309,0.1931498127674545,0.1865601994877146,76
26,0.6262702706679124,0.19586104057201031,0.17786868876007728,76
27,0.6318122600953996,0.1989429603531978,0.1692447795514026,76
28,0.6369807897396047,0.20191292175530812,0.16110628850508718,76
29,0.6437783513952011,0.2054926205381698,0.15072902806662908,76
30,0.6476350957432113,0.20927879539099115,0.14308610886579753,76
31,0.6516573511328783,0.21289550576906302,0.13544714309805872,76
32,0.6550290964403583,0.21437914832415467,0.130591755235487,76
33,0.6603776044249564,0.21666201391464218,0.12296038166040141,76
34,0.662201884630965,0.22092879505991778,0.11686932030911726,76
35,0.665149244506398,0.22390450494684216,0.11094625054675983,76
36,0.671203306718877,0.2260106466956692,0.10278604658545384,76
37,0.6722280277532056,0.22873036640537636,0.09904160584141808,76
38,0.6743822807513511,0.2303669777797123,0.09525074146893661,76
39,0.6770039754511404,0.23401275554530904,0.08898326900355052,76
40,0.6782261655959797,0.23870721850091547,0.08306661590310482,76
41,0.6788882128763098,0.24256343415059817,0.07854835297309198,76
42,0.6844471470688497,0.24364906446513201,0.0719037884660183,76
43,0.6853417287861496,0.24672137346387185,0.06793689774997852,76
44,0.6843783831530192,0.24893778768184058,0.06668382916514018,76
45,0.6834869120801846,0.25046944689142026,0.0660436410283951,76
46,0.6825621282053027,0.2531420095294973,0.06429586226520001,76
47,0.6858949295389746,0.25416197429645276,0.05994309616457266,76
48,0.6894231976461869,0.2517541007363574,0.05882270161745573,76
49,0.6924661743170845,0.24891737179532875,0.058616453887586795,76
50,0.6232170817220547,0.19947230629081036,0.17731061198713496,76
1,0.1675197958809587,0.0,0.8324802041190413,77
2,0.355286178539995,0.1032419821568663,0.5414718393031387,77
3,0.4153953808137476,0.10476075449821481,0.4798438646880376,77
4,0.46868156278123013,0.09492780077574678,0.436390636443023,77
5,0.46729412733670334,0.11014794378490778,0.42255792887838894,77
6,0.46656279055515154,0.1200742872399469,0.4133629222049016,77
7,0.47731427148984973,0.1159136425339731,0.4067720859761772,77
8,0.47863743905104067,0.1325003204970275,0.38886224045193185,77
9,0.5045592093011169,0.13463053316765272,0.3608102575312304,77
10,0.5090490940935799,0.14546747458028353,0.34548343132613657,77
11,0.5154156198781803,0.15141708550146116,0.33316729462035855,77
12,0.5222592612205135,0.15470318286889112,0.3230375559105954,77
13,0.5384303792734486,0.15238633576846494,0.30918328495808645,77
14,0.5471527263907285,0.15714223675746503,0.29570503685180644,77
15,0.556608210749807,0.1611834917707894,0.28220829747940357,77
16,0.5644365958325743,0.1637263906797356,0.27183701348769007,77
17,0.5715533858347128,0.16864993412953858,0.25979668003574863,77
18,0.5788172091284594,0.1717714962834359,0.24941129458810474,77
19,0.5865739545142106,0.1752953563474392,0.23813068913835023,77
20,0.5930954222099571,0.17946385134332016,0.2274407264467227,77
21,0.5980041912085586,0.18265032554349825,0.21934548324794312,77
22,0.6032279675430394,0.18579670390415684,0.21097532855280374,77
23,0.6089965840118063,0.18982794536601683,0.20117547062217683,77
24,0.6145864518979565,0.19381172653002182,0.1916018215720217,77
25,0.620143116489346,0.19706670594164916,0.1827901775690049,77
26,0.6261032963782274,0.19985697503569988,0.17403972858607275,77
27,0.6316541955630541,0.2030100453944958,0.16533575904245007,77
28,0.63686939756103,0.20598787438634486,0.15714272805262514,77
29,0.6435420405180858,0.2096871380214375,0.14677082146047665,77
30,0.6473961999717932,0.21352124248470167,0.13908255754350513,77
31,0.6513998925741897,0.2171326816005464,0.13146742582526386,77
32,0.6548624176820403,0.21865251684644635,0.1264850654715133,77
33,0.6601503640696723,0.22102972872419652,0.11881990720613117,77
34,0.6619334978598739,0.2253369377577255,0.11272956438240062,77
35,0.6648034409221772,0.22831931800146268,0.10687724107636007,77
36,0.6709100182317098,0.23051567205906076,0.09857430970922942,77
37,0.6719166555387985,0.23320797622780276,0.0948753682333987,77
38,0.6740797194989309,0.2348364809022911,0.09108379959877805,77
39,0.6768485689042762,0.23847471860718233,0.08467671248854142,77
40,0.6780135381658623,0.24320755139082745,0.07877891044331026,77
41,0.678410597234391,0.2470861774795478,0.07450322528606118,77
42,0.6841299703745475,0.24821227243420876,0.06765775719124376,77
43,0.6848203562230281,0.2513314012525326,0.06384824252443932,77
44,0.6838345998647768,0.25350354959465904,0.06266185054056417,77
45,0.6830416777230107,0.255018972008765,0.06193935026822428,77
46,0.6819359404522359,0.2576217206094181,0.06044233893834594,77
47,0.6850358848984173,0.25867033523895916,0.05629377986262357,77
48,0.6885664100900777,0.25630169645216827,0.055131893457754044,77
49,0.6921195157995466,0.25336953189409583,0.05451095230635761,77
50,0.6230787177543062,0.20351366645303925,0.17340761579265457,77
1,0.16747055919012632,0.0,0.8325294408098738,78
2,0.35546785981208573,0.10465311155006468,0.5398790286378494,78
3,0.4156078444347611,0.10645756674425988,0.47793458882097906,78
4,0.46905851072450344,0.09687123301796334,0.4340702562575332,78
5,0.46752059116285927,0.11224997936661958,0.4202294294705213,78
6,0.46684383739308244,0.12225674433837228,0.41089941826854526,78
7,0.4774875828052783,0.11813235566186195,0.40438006153285977,78
8,0.4786449786925867,0.134773189923386,0.3865818313840273,78
9,0.504702125863068,0.13707884741237358,0.35821902672455846,78
10,0.5092118903728698,0.14799589974356228,0.34279220988356784,78
11,0.5156834448277738,0.1539644983158573,0.33035205685636887,78
12,0.5224914704610752,0.15739556537947405,0.3201129641594507,78
13,0.5385507301682328,0.1551073129247566,0.30634195690701055,78
14,0.547334997683666,0.15997483065437068,0.2926901716619633,78
15,0.5568885452267918,0.16406736774089875,0.2790440870323095,78
16,0.5644522805496468,0.16685735744236246,0.26869036200799074,78
17,0.5717114484891059,0.1718102937961697,0.2564782577147244,78
18,0.5790139129541906,0.17507714007491038,0.24590894697089904,78
19,0.5868263268714506,0.1786135814929491,0.23456009163560027,78
20,0.593264234702914,0.18289866697937185,0.22383709831771414,78
21,0.5980611313909506,0.18614401928955548,0.2157948493194939,78
22,0.6032923957904726,0.1893222327689832,0.20738537144054425,78
23,0.6090415165800985,0.1934635795023601,0.19749490391754138,78
24,0.6146224591379802,0.1975215960759089,0.1878559447861109,78
25,0.6201129487633585,0.20085514158706652,0.17903190964957494,78
26,0.6260419943409883,0.20372348784776184,0.17023451781124987,78
27,0.6316027070056396,0.20694863168249597,0.16144866131186444,78
28,0.6368808726699615,0.2099296287317316,0.15318949859830688,78
29,0.6434330358852475,0.21374068458076398,0.14282627953398855,78
30,0.6472889994585374,0.21762014778031916,0.1350908527611435,78
31,0.6512833222528456,0.22122203104734467,0.12749464669980975,78
32,0.6548272691661983,0.2227869621632751,0.12238576867052664,78
33,0.6600399672979238,0.22525406788348076,0.11470596481859544,78
34,0.6617738622178208,0.22960655482439385,0.1086195829577854,78
35,0.6646027659034665,0.23256971626487905,0.1028275178316545,78
36,0.6707380531469805,0.23486809185063307,0.0943938550023864,78
37,0.6717605277637456,0.23752186056946054,0.09071761166679385,78
38,0.6739244304035972,0.23914114161714306,0.08693442797925977,78
39,0.6768459665068671,0.24276918652353438,0.0803848469695985,78
40,0.6779572240123328,0.24753806718167048,0.07450470880599669,78
41,0.6781103202548007,0.25140886414611696,0.07048081559908237,78
42,0.6840034334316742,0.2525825183989293,0.06341404816939644,78
43,0.6844827695243054,0.25573656135316136,0.059780669122533214,78
44,0.6834789385274056,0.257868919018743,0.05865214245385142,78
45,0.682757514929659,0.25939646052846005,0.05784602454188098,78
46,0.6815240347551779,0.2618869270848642,0.056589038159957916,78
47,0.6843452640676757,0.2629667805861064,0.052687955346217896,78
48,0.6879327477164954,0.2605964737730651,0.05147077851043952,78
49,0.6920320614715956,0.2575841881917128,0.050383750336691624,78
50,0.6232304441498768,0.2072927361500196,0.1694768197001036,78
1,0.16735644597079793,0.0,0.8326435540292021,79
2,0.3556212537844782,0.10607385608637498,0.5383048901291468,79
3,0.4157981675638123,0.10815430294073479,0.4760475294954529,79
4,0.46942305573105325,0.09880322387423507,0.4317737203947117,79
5,0.4677387884180716,0.11433887747092905,0.4179223341109993,79
6,0.46712957145200656,0.12441185889591438,0.4084585696520791,79
7,0.4776624813013586,0.12032292202805063,0.4020145966705908,79
8,0.4786826892487771,0.13700596179264185,0.38431134895858104,79
9,0.5048857952098916,0.13947740493608762,0.35563679985402075,79
10,0.5093930177809293,0.15048145321773074,0.34012552900133997,79
11,0.5159903730284194,0.15645505015559774,0.3275545768159828,79
12,0.5227570264391403,0.16002982739565214,0.3172131461652075,79
13,0.5387210215565967,0.1577703946562142,0.30350858378718903,79
14,0.5475672631429156,0.16274076159367995,0.28969197526340446,79
15,0.557211391716502,0.166889823873545,0.27589878440995297,79
16,0.5645430311569589,0.1699006225070806,0.2655563463359605,79
17,0.571934415216383,0.1748853746013953,0.2531802101822217,79
18,0.5792621360099734,0.17830401314866862,0.24243385084135793,79
19,0.5871273985398116,0.18185357819748324,0.2310190232627052,79
20,0.5935112654686385,0.18623443138112028,0.2202543031502412,79
21,0.5982068464085165,0.1895355043802367,0.2122576492112468,79
22,0.6034479075781666,0.1927426729337448,0.20380941948808862,79
23,0.6091653434321781,0.19699257709768164,0.19384207947014026,79
24,0.6147444935231702,0.2011236613080063,0.18413184516882353,79
25,0.6201964663754942,0.204516821783842,0.1752867118406638,79
26,0.6260878786696926,0.2074597035634363,0.16645241776687109,79
27,0.6316610227958401,0.210754427956237,0.15758454924792287,79
28,0.6369994925741775,0.21374673358844926,0.1492537738373732,79
29,0.6434510922038227,0.21765354432141557,0.13889536347476175,79
30,0.6473087186794544,0.2215768769662734,0.1311144043542722,79
31,0.6512959695928101,0.225169787751961,0.12353424265522889,79
32,0.6549109447078326,0.2267889781971334,0.11830007709503398,79
33,0.6600304963203173,0.22934529207726734,0.11062421160241537,79
34,0.6617350550794577,0.23372231920432332,0.10454262571621895,79
35,0.6645332944916837,0.2366655886625389,0.09880111684577736,79
36,0.6706928510776946,0.2390562450545478,0.09025090386775758,79
37,0.6717586201978496,0.24167220761175834,0.08656917219039206,79
38,0.6739276145117699,0.24327233952743754,0.0828000459607926,79
39,0.676990129472949,0.2468991789254479,0.07611069160160308,79
40,0.6780477989578817,0.25170407634964675,0.07024812469247155,79
41,0.6779884011885655,0.2555401548660802,0.06647144394535426,79
42,0.6840482835643391,0.25677469906713424,0.05917701736852665,79
43,0.6843278534091035,0.2599356857525556,0.055736460838340884,79
44,0.6832914725717341,0.26204237060039426,0.05466615682787168,79
45,0.6826617197702017,0.2635885955118197,0.053749684717978585,79
46,0.6813289759763794,0.2659451158574869,0.05272590816613365,79
47,0.6838380492933339,0.26704243637705727,0.049119514329608815,79
48,0.6875288047804505,0.264645291993889,0.04782590322566049,79
49,0.6921693717525941,0.26157195326369315,0.04625867498371278,79
50,0.6236183786556312,0.21083088223944574,0.16555073910492313,79
1,0.1671804577571755,0.0,0.8328195422428245,80
2,0.35574988147807196,0.10749789363486424,0.5367522248870638,80
3,0.41596354463800544,0.10984985642795489,0.4741865989340397,80
4,0.4697663382857855,0.10072737245530561,0.4295062892589089,80
5,0.46794910077823093,0.1164118989479308,0.41563900027383827,80
6,0.4674140973010418,0.126538458213583,0.4060474444853752,80
7,0.47782987619404427,0.1224887108827403,0.39968141292321546,80
8,0.4787452994623474,0.13920071923433824,0.3820539813033144,80
9,0.5051073783721667,0.14182460981970663,0.3530680118081267,80
10,0.5095931561982039,0.15292258681670948,0.33748425698508666,80
11,0.5163287595539718,0.1588887058935858,0.3247825345524423,80
12,0.5230435798951161,0.16261240597538423,0.3143440141294997,80
13,0.5389462487929036,0.1603720573310453,0.30068169387605104,80
14,0.5478417388757575,0.16544739800214728,0.28671086312209526,80
15,0.5575671836836917,0.1696546003883248,0.27277821592798346,80
16,0.5647030834217436,0.1728602103551281,0.2624367062231283,80
17,0.5722241382825567,0.17787671943488664,0.24989914228255666,80
18,0.5795614008058324,0.1814537184302458,0.2389848807639218,80
19,0.5874698033032115,0.1850223536941205,0.22750784300266796,80
20,0.5938282476947442,0.18947782617503778,0.21669392613021804,80
21,0.5984284251262261,0.19283138192869953,0.2087401929450744,80
22,0.6036809556157297,0.1960674879244253,0.20025155645984505,80
23,0.6093601262556044,0.2004198353860368,0.19022003835835877,80
24,0.6149442648997395,0.20462296135340946,0.18043277374685102,80
25,0.620384109327037,0.20805614297450278,0.1715597476984602,80
26,0.6262371143012356,0.21107227933781447,0.1626906063609499,80
27,0.6318285389470742,0.21442995553608613,0.15374150551683963,80
28,0.6372225905088372,0.21744174441143999,0.1453356650797228,80
29,0.6435859064416415,0.22143931706976017,0.13497477648859835,80
30,0.6474491141890297,0.22539678429364324,0.12715410151732703,80
31,0.6514421658141906,0.22897395063267323,0.1195838835531362,80
32,0.6551104961518067,0.23065885979831266,0.11423064404988062,80
33,0.6601336927946693,0.23329561321596512,0.10657069398936561,80
34,0.6618239365032994,0.23768192511722197,0.10049413837947863,80
35,0.6645729018709391,0.24062608434775412,0.09480101378130679,80
36,0.6707794871293288,0.24307819796409985,0.08614231490657137,80
37,0.6718946854624379,0.24567076093312118,0.08243455360444091,80
38,0.6740887061991,0.24723096493871605,0.07868032886218396,80
39,0.6772772243241915,0.25086915826765455,0.07185361740815399,80
40,0.678283382678746,0.25570573252783974,0.06601088479341427,80
41,0.6780316696379318,0.2594907517414319,0.0624775786206363,80
42,0.6842543036133545,0.26079603432160714,0.054949662065038374,80
43,0.684356804063147,0.26393906909859904,0.05170412683825393,80
44,0.6832695769170997,0.26603461728818284,0.0506958057947175,80
45,0.6827391495794317,0.2675991997802904,0.04966165064027789,80
46,0.6813228897817352,0.269819861646558,0.04885724857170681,80
47,0.6835176863406305,0.27090285019393634,0.04557946346543318,80
48,0.6873238863991705,0.268481551976554,0.044194561624275486,80
49,0.6924818397843396,0.26537656392653275,0.042141596289127614,80
50,0.6241555787440543,0.21419335352980307,0.1616510677261427,80
1,0.16695614285650331,0.0,0.8330438571434966,81
2,0.3558466400107464,0.10892536839941905,0.5352279915898346,81
3,0.41611054170319994,0.11153979939974869,0.4723496588970514,81
4,0.47008836220165395,0.1026432804921051,0.42726835730624096,81
5,0.46814318945007416,0.11846989701676347,0.41338691353316237,81
6,0.46767506318352126,0.12864573034949683,0.4036792064669819,81
7,0.4779906308780434,0.12462930744134765,0.39738006168060896,81
8,0.4788497781802301,0.14134956339837734,0.3798006584213926,81
9,0.5053490477724476,0.14413122676680312,0.3505197254607493,81
10,0.5097874448402234,0.1553296437500109,0.33488291140976567,81
11,0.5166917120972396,0.16126612369494508,0.3220421642078153,81
12,0.5234015553379725,0.16510592691078507,0.3114925177512424,81
13,0.539203271722375,0.16292654722657,0.297870181051055,81
14,0.5481478074946415,0.16809591686529254,0.2837562756400659,81
15,0.5579432117163048,0.17236476848581214,0.26969201979788304,81
16,0.5649385404462026,0.17573429742351793,0.25932716213027945,81
17,0.5725700183759272,0.18079195284345354,0.24663802878061922,81
18,0.5799045279036892,0.18452943430611957,0.23556603779019125,81
19,0.5878514800469491,0.18811842655687772,0.2240300933961732,81
20,0.5942097548377073,0.1926329246180353,0.21315732054425737,81
21,0.5987230781851931,0.1960342753605278,0.2052426464542791,81
22,0.6039868971282153,0.19930096701219718,0.19671213585958752,81
23,0.6096323180131138,0.20374296607194065,0.18662471591494556,81
24,0.6152088413793081,0.20802449575168416,0.17676666286900775,81
25,0.6206683924719972,0.21147859106086014,0.16785301646714262,81
26,0.6264709125462967,0.21457470193811823,0.15895438551558505,81
27,0.6320998813579821,0.2179793895418059,0.14992072910021198,81
28,0.6375469333376529,0.2210175982018091,0.141435468460538,81
29,0.6438241411633504,0.2251040165477753,0.1310718422888743,81
30,0.6476933895487786,0.22908786260704306,0.1232187478441783,81
31,0.6517242188579906,0.23263582216165996,0.11563995898034946,81
32,0.6554128479348038,0.23440364212189568,0.1101835099433005,81
33,0.6603354674048447,0.23711222749421426,0.10255230510094102,81
34,0.6620422022104593,0.24148599787475233,0.09647179991478838,81
35,0.6647174976439383,0.24444683807900322,0.0908356642770585,81
36,0.6709913265736309,0.24693860544227642,0.08207006798409267,81
37,0.6721724159444027,0.24951447108030544,0.07831311297529187,81
38,0.6744140434165549,0.2510190891291866,0.07456686745425856,81
39,0.6777081466430208,0.2546852080801573,0.06760664527682186,81
40,0.6786337676231728,0.2595580589098972,0.06180817346692996,81
41,0.6782068121432803,0.2632834992289381,0.05850968862778161,81
42,0.6846032380058952,0.2646555511953205,0.0507412107987843,81
43,0.6845542699085049,0.2677619121042887,0.047683817987206445,81
44,0.683390450852562,0.26985026077399676,0.04675928837344123,81
45,0.6829666698731373,0.2714397443811129,0.04559358574574984,81
46,0.6814864911553318,0.2735261528969121,0.0449873559477561,81
47,0.6833763241308191,0.27455572106886383,0.04206795480031711,81
48,0.6872734635435327,0.27213154691679586,0.040594989539671444,81
49,0.6929595872854991,0.26900372206929796,0.03803669064520293,81
50,0.6248606875486669,0.2173548386701712,0.15778447378116195,81
1,0.16669165583263681,0.0,0.8333083441673632,82
2,0.35591162660888803,0.11035490404938587,0.5337334693417262,82
3,0.4162409621589883,0.11322077651845122,0.4705382613225605,82
4,0.4703933719504344,0.10454792398545745,0.4250587040641082,82
5,0.4683235453736255,0.12051202448907182,0.41116443013730264,82
6,0.46790969278243044,0.1307350514531428,0.40135525576442677,82
7,0.4781374307657842,0.12675036359858438,0.3951122056356315,82
8,0.4789929624420279,0.14345528754072828,0.3775517500172438,82
9,0.5056016151857567,0.1463990639682522,0.34799932084599106,82
10,0.5099745152283762,0.15770363087551573,0.332321853896108,82
11,0.5170822651843574,0.1635880369680652,0.31932969784757737,82
12,0.5238133990366453,0.16752867078126799,0.30865793018208676,82
13,0.5394811687186892,0.16544324573139924,0.29507558554991153,82
14,0.5484772833413659,0.17068819380684364,0.28083452285179045,82
15,0.5583392585619968,0.17502011753365435,0.26664062390434884,82
16,0.5652569123459776,0.17851685534275086,0.2562262323112715,82
17,0.5729542053541791,0.18364391463978275,0.24340188000603818,82
18,0.5802868311762388,0.18753333623682272,0.23217983258693847,82
19,0.5882661384175913,0.19114353748212148,0.22059032410028717,82
20,0.5946451934059072,0.1957080979067319,0.20964670868736093,82
21,0.5990898228495826,0.1991449422370834,0.20176523491333404,82
22,0.6043628068948965,0.20244598587650392,0.19319120722859956,82
23,0.6099733066771001,0.20696734224240804,0.18305935108049182,82
24,0.6155411986902557,0.21132493081646597,0.17313387049327833,82
25,0.6210440855634496,0.2147925757134454,0.164163338723105,82
26,0.626789096299935,0.21796726709007547,0.15524363660998958,82
27,0.6324660215650494,0.22141166521584224,0.14612231321910837,82
28,0.6379412330386058,0.22449202830983084,0.13756673865156333,82
29,0.6441592507102514,0.2286514061640293,0.12718934312571933,82
30,0.6480418689369468,0.23265253378001693,0.11930559728303625,82
31,0.6521231770191493,0.23617364693601564,0.11170317604483501,82
32,0.6557999173218618,0.23803498899565828,0.1061650936824799,82
33,0.6606289460767798,0.24079746874545233,0.09857358517776788,82
34,0.6623863402832996,0.2451396104923926,0.09247404922430782,82
35,0.6649689697068211,0.24812477205185823,0.0869062582413207,82
36,0.671323876280933,0.2506453239128097,0.07803079980625727,82
37,0.6725835369738564,0.2532079169685267,0.0742085460576169,82
38,0.6748841330497681,0.25465743027895155,0.07045843667128032,82
39,0.6782586196750058,0.2583663168436025,0.06337506348139171,82
40,0.6790924479827131,0.26326224518054686,0.05764530683674007,82
41,0.6785116185502038,0.26692196939673524,0.05456641205306095,82
42,0.6850830093728164,0.26835787938953887,0.046559111237644724,82
43,0.6848886604307006,0.27142322159943255,0.043688117969866824,82
44,0.6836507178080137,0.273489506101105,0.04285977609088132,82
45,0.6833399632394499,0.2751133262955284,0.041546710465021675,82
46,0.6818071223764384,0.27707673346923456,0.04111614415432707,82
47,0.6833862417893206,0.2780283792280197,0.03858537898265968,82
48,0.6873438632407487,0.2756134636817742,0.037042673077477106,82
49,0.6935815773339425,0.2724700534857295,0.03394836918032795,82
50,0.6256533704408411,0.2203702378224649,0.15397639173669397,82
1,0.16640521224522214,0.0,0.8335947877547778,83
2,0.3559479483788869,0.11178446840238451,0.5322675832187286,83
3,0.41635972788954506,0.11488847092515117,0.4687518011853038,83
4,0.4706804101938996,0.1064412024308082,0.4228783873752922,83
5,0.46848894980793465,0.12253913154737564,0.40897191864468974,83
6,0.4681196243089999,0.13280524880917655,0.39907512688182356,83
7,0.47827168774521034,0.1288508109969391,0.3928775012578506,83
8,0.4791719055162663,0.14551781271490336,0.3753102817688303,83
9,0.5058572987582162,0.14863208227694935,0.3455106189648345,83
10,0.5101490595018869,0.16005057404190612,0.3298003664562069,83
11,0.5174940484848023,0.16586177920211073,0.31664417231308695,83
12,0.5242536459760057,0.1698982132960294,0.30584814072796496,83
13,0.5397844893372444,0.1679184693420312,0.29229704132072437,83
14,0.5488227268080528,0.1732299143304568,0.2779473588614904,83
15,0.5587547189775358,0.1776197803072984,0.2636255007151658,83
16,0.5656537786670964,0.18121408263383457,0.25313213869906903,83
17,0.5733686285451325,0.18643809605401912,0.2401932754008484,83
18,0.5807088537475724,0.19046354051122014,0.22882760574120745,83
19,0.5887177806326298,0.19409753105599117,0.21718468831137902,83
20,0.5951352353955099,0.19870113242456364,0.20616363217992642,83
21,0.5995276618568475,0.20216542174120677,0.19830691640194575,83
22,0.6048042425110168,0.20550747312473594,0.18968828436424723,83
23,0.610363565974904,0.21010567443200395,0.179530759593092,83
24,0.6159437537044293,0.21452338113050665,0.16953286516506402,83
25,0.6214968211748884,0.21800587413019612,0.16049730469491552,83
26,0.6271871561597754,0.22125513032002608,0.15155771352019853,83
27,0.6329074499621161,0.22474336399576225,0.14234918604212163,83
28,0.6383881167256524,0.22787590590280515,0.1337359773715424,83
29,0.6445891374120318,0.23208221779216381,0.12332864479580435,83
30,0.6484755608699441,0.23610526664855275,0.11541917248150318,83
31,0.6526206390676564,0.23959757128002612,0.10778178965231744,83
32,0.6562655501982707,0.24155381079484647,0.10218063900688282,83
33,0.6610163429379854,0.24435249128392506,0.09463116577808955,83
34,0.6628507875697998,0.24865433829544703,0.08849487413475321,83
35,0.6653259583538358,0.25166614457808384,0.08300789706808037,83
36,0.6717668893108577,0.25421162007245823,0.07402149061668406,83
37,0.6730827453760317,0.2567800291426536,0.07013722548131468,83
38,0.6754708183454697,0.25816629734723406,0.0663628843072962,83
39,0.6789095390254081,0.2619209498092223,0.059169511165369615,83
40,0.6796496292214725,0.2668229875510827,0.05352738322744477,83
41,0.6789507245206872,0.2704031085571593,0.05064616692215351,83
42,0.6856954194600621,0.2719096472724586,0.04239493326747934,83
43,0.685367451932281,0.2749263962413221,0.03970615182639692,83
44,0.6840317152729269,0.2769676896906962,0.03900059503637687,83
45,0.683840698536739,0.2786256646183547,0.03753363684490629,83
46,0.6822801049662693,0.2804710338588576,0.03724886117487308,83
47,0.6835333157333078,0.28134188417705763,0.03512480008963459,83
48,0.6875442044438833,0.2789354125858235,0.033520382970293194,83
49,0.6943149856982536,0.2758024251875625,0.029882589114183955,83
50,0.6265225194346745,0.22325587117000564,0.15022160939531984,83
1,0.16612458744922168,0.0,0.8338754125507783,84
2,0.3559502341012711,0.11321051852207065,0.5308392473766583,84
3,0.4164660610507348,0.116540877492737,0.4669930614565282,84
4,0.470957188433751,0.108318156414055,0.420724655152194,84
5,0.4686507135802197,0.12454442710424861,0.4068048593155317,84
6,0.4683077820234761,0.13485423757872328,0.3968379803978006,84
7,0.47838728169750433,0.13093318484838778,0.3906795334541079,84
8,0.4793901712104572,0.14753576467202842,0.3730740641175144,84
9,0.5061095341034872,0.15083521724214677,0.343055248654366,84
10,0.5102953255076544,0.16238026300971492,0.32732441148263064,84
11,0.5179073029131505,0.16809975484182507,0.3139929422450245,84
12,0.524726778656692,0.1722146721152123,0.30305854922809566,84
13,0.5401077379553325,0.1703592353191305,0.289533026725537,84
14,0.5491754896022967,0.1757268546671508,0.27509765573055256,84
15,0.5591817549327713,0.18017191934157067,0.260646325725658,84
16,0.5661232488175225,0.18382901181487674,0.2500477393676007,84
17,0.5738109058608226,0.18917768975908789,0.2370114043800895,84
18,0.5811661625149753,0.19332280578016559,0.2255110317048591,84
19,0.589200086510524,0.19698795220965287,0.2138119612798231,84
20,0.5956680114189189,0.20162289547497714,0.20270909310610397,84
21,0.6000243767799467,0.20510451026915438,0.19487111295089893,84
22,0.6053022690893595,0.2084904187920729,0.18620731211856764,84
23,0.6108121949293434,0.21315318372102146,0.17603462134963518,84
24,0.6164034722949954,0.2176341200471428,0.16596240765786183,84
25,0.6220183788353723,0.22112651080808937,0.15685511035653837,84
26,0.6276628346218909,0.2244416098364105,0.14789555554169861,84
27,0.6334156257359258,0.22797739385177593,0.13860698041229827,84
28,0.6388709547455517,0.23117702804288767,0.12995201721156066,84
29,0.6450982413805897,0.23540832289811323,0.11949343572129709,84
30,0.6489922262810703,0.23944939936345894,0.11155837435547072,84
31,0.6532051516429183,0.24291630491069066,0.10387854344639108,84
32,0.6567979436753186,0.2449650425054845,0.09823701381919686,84
33,0.6614937003175667,0.24778070608861363,0.09072559359381965,84
34,0.6634168943283169,0.2520461324000949,0.08453697327158827,84
35,0.6657829661277981,0.2550788827680426,0.07913815110415934,84
36,0.6722916205445595,0.25765959960929213,0.07004877984614838,84
37,0.6736760128635956,0.2602265574792662,0.06609742965713822,84
38,0.676151828577369,0.26156313724936675,0.06228503417326425,84
39,0.6796465214854852,0.2653574405698866,0.05499603794462821,84
40,0.6802939604728668,0.2702535730911063,0.049452466436026854,84
41,0.6795049951153285,0.2737450245785954,0.04674998030607613,84
42,0.6864144286516265,0.2753308056009065,0.038254765747467,84
43,0.6859824745351033,0.27828278203136336,0.035734743433533334,84
44,0.684541411031831,0.280291016476546,0.035167572491623056,84
45,0.6844566978300126,0.28198666766980285,0.033556634500184535,84
46,0.6828686048958843,0.28373071879440254,0.03340067630971316,84
47,0.6837876130669523,0.2845164702824946,0.031695916650553047,84
48,0.6878735819494444,0.28210201649950856,0.030024401551047075,84
49,0.6951423995024606,0.2790090864465187,0.025848514051020732,84
50,0.6274310079278338,0.22605523902115507,0.1465137530510112,84
1,0.1658501357267142,0.0,0.8341498642732859,85
2,0.35592369078064856,0.11463159479913913,0.5294447144202123,85
3,0.41655914325995325,0.11817744120879764,0.4652634155312491,85
4,0.47122358073698295,0.11017707497034442,0.4185993442926727,85
5,0.4688133140971852,0.12652438751458547,0.4046622983882293,85
6,0.468481824430237,0.13687580264530513,0.39464237292445786,85
7,0.4784870385004836,0.13299732719292182,0.38851563430659464,85
8,0.47964078746822425,0.14951379121731254,0.3708454213144632,85
9,0.5063591129190219,0.1530045323903299,0.3406363546906482,85
10,0.5104330403571388,0.16467782775001913,0.3248891318928421,85
11,0.5183262710890274,0.17029972117996311,0.3113740077310095,85
12,0.525228358984376,0.1744813786220371,0.30029026239358686,85
13,0.540457070145973,0.17276015131620615,0.28678277853782086,85
14,0.5495237043281767,0.17818676558587565,0.2722895300859477,85
15,0.5596174201395507,0.18267848797197273,0.25770409188847654,85
16,0.5666592130063429,0.18636413034500832,0.24697665664864876,85
17,0.5742842489330756,0.19185612006734487,0.23385963099957952,85
18,0.5816627802633566,0.19610802598815813,0.22222919374848527,85
19,0.5897170037348356,0.19981287905783723,0.21047011720732717,85
20,0.5962405539358515,0.20447652315263248,0.199282922911516,85
21,0.6005764598464217,0.20796463887986294,0.19145890127371534,85
22,0.605848494229183,0.21139949223267335,0.1827520135381437,85
23,0.6113070031533409,0.2161219955670528,0.17257100127960634,85
24,0.6169231267449552,0.22065760548380065,0.16241926777124416,85
25,0.6226009586803696,0.22416315954865695,0.15323588177097347,85
26,0.6282012764362981,0.2275353682536826,0.14426335531001933,85
27,0.6339812819020911,0.23112082546991286,0.134897892627996,85
28,0.6393950013779428,0.234393046766621,0.12621195185543618,85
29,0.645675320092328,0.23863642834861468,0.11568825155905735,85
30,0.6495776682480405,0.24269622487053205,0.10772610688142742,85
31,0.6538487703366365,0.24614625534400203,0.1000049743193615,85
32,0.6573918373797338,0.24827236697281518,0.09433579564745098,85
33,0.6620510555006229,0.25109338060033026,0.0868555638990468,85
34,0.6640684673679821,0.25532953962208854,0.08060199300992937,85
35,0.6663259827915828,0.25837346651164284,0.07530055069677433,85
36,0.6728914152031944,0.26099011428033625,0.06611847051646935,85
37,0.6743429565286274,0.26356104061491625,0.062096002856456334,85
38,0.6769108841225542,0.2648595576658049,0.05822955821164094,85
39,0.6804601100880983,0.2686831902951001,0.050856699616801615,85
40,0.6810291771132491,0.2735549675383936,0.04541585534835735,85
41,0.6801648959323984,0.27696262822417506,0.04287247584342657,85
42,0.6872187633096862,0.2786359645175365,0.03414527217277724,85
43,0.686688871379006,0.2815218059765488,0.03178932264444517,85
44,0.6851550011020794,0.2834795021118148,0.03136549678610584,85
45,0.6851761207765912,0.28520899282092527,0.029614886402483553,85
46,0.6835468305335605,0.2868658989486757,0.02958727051776383,85
47,0.6841493964087666,0.2875493744525034,0.02830122913873001,85
48,0.6883484916152367,0.28511737362615985,0.026534134758603445,85
49,0.6961024501143799,0.2820720073021555,0.02182554258346464,85
50,0.6284037522085955,0.22875059291293104,0.14284565487847356,85
1,0.16558145230432958,0.0,0.8344185476956705,86
2,0.355874234726694,0.11604653577694393,0.5280792294963621,86
3,0.4166420027045066,0.11979793937416411,0.4635600579213293,86
4,0.47147995345648375,0.11201771897657549,0.4165023275669408,86
5,0.4689767111317056,0.12847886050392524,0.40254442836436927,86
6,0.46865198689607124,0.13886490080271546,0.3924831123012132,86
7,0.478583360908314,0.13503610252616272,0.3863805365655233,86
8,0.4799087919942785,0.15146296134905152,0.36862824665667,86
9,0.506604123914408,0.15514375470917247,0.3382521213764195,86
10,0.5105560105948239,0.16694929960703309,0.322494689798143,86
11,0.518746025908908,0.17246631514824667,0.3087876589428454,86
12,0.5257430698247525,0.17670819099861373,0.29754873917663377,86
13,0.5408253888379567,0.17512427550585813,0.28405033565618515,86
14,0.5498784203504571,0.18060412033937467,0.26951745931016824,86
15,0.5600592164206127,0.18514364878857772,0.25479713479080957,86
16,0.5672401656211141,0.18884087766424787,0.243918956714638,86
17,0.5747731373731566,0.1944820253744589,0.23074483725238448,86
18,0.5821935000821117,0.19882402105472566,0.21898247886316266,86
19,0.5902704638314835,0.20257369517356352,0.20715584099495296,86
20,0.5968498110947045,0.20726503049312953,0.195885158412166,86
21,0.6011755509978362,0.2107537460502173,0.18807070295194656,86
22,0.6064339107292729,0.21424169507651952,0.1793243941942076,86
23,0.6118457215768417,0.21901511820327663,0.16913916021988168,86
24,0.617495516101314,0.2236013931031863,0.15890309079549966,86
25,0.6232404300221621,0.22712047084934034,0.14963909912849754,86
26,0.6287920667604144,0.23054677960077513,0.14066115363881043,86
27,0.6345911721050169,0.23418303137171168,0.1312257965232714,86
28,0.6399609327753049,0.23752177488596884,0.1225172923387263,86
29,0.6463087872565045,0.24177545863672023,0.11191575410677523,86
30,0.6502286098759861,0.24584625498061458,0.10392513514339935,86
31,0.6545414904452596,0.24929886676594587,0.09615964278879457,86
32,0.6580458903192077,0.2514785933998284,0.0904755162809639,86
33,0.6626814990941146,0.25430369963647403,0.08301480126941141,86
34,0.6647879945481635,0.25851745872261017,0.07669454672922632,86
35,0.6669396255445578,0.26156162927116217,0.07149874518428007,86
36,0.6735557668176555,0.26421215964961187,0.062232073532732635,86
37,0.675070905916471,0.26679291713548214,0.05813617694804685,86
38,0.6777330004038513,0.2680631574816724,0.054203842114476264,86
39,0.6813236025854842,0.2719130795187521,0.04676331789576371,86
40,0.6818504755333965,0.2767311934484378,0.04141833101816572,86
41,0.6809138415880494,0.2800676966323723,0.03901846177957835,86
42,0.6880922808378107,0.2818415502045045,0.03006616895768477,86
43,0.6874594761882875,0.2846585733029174,0.027881950508795106,86
44,0.6858500980419872,0.2865523225825989,0.02759757937541396,86
45,0.6859698991508916,0.28831206915423846,0.02571803169486997,86
46,0.6843273472865284,0.2898720665591785,0.025800586154293037,86
47,0.6846167459324325,0.2904491027329279,0.02493415133463961,86
48,0.6889526139904046,0.28799951892237996,0.0230478670872154,86
49,0.6971534552165332,0.2850178203979591,0.017828724385507755,86
50,0.6293862316257656,0.23139138080425073,0.13922238756998379,86
1,0.1653297985687309,0.0,0.834670201431269,87
2,0.35580712009138904,0.11744538144566269,0.5267474984629483,87
3,0.4167107589025727,0.12139805822207721,0.4618911828753502,87
4,0.47172048906130226,0.11383916841097774,0.41444034252772,87
5,0.4691484299695581,0.13040531095038344,0.4004462590800585,87
6,0.4688434854952451,0.1408095960107148,0.3903469184940401,87
7,0.47864996075208116,0.13705634600090805,0.38429369324701085,87
8,0.4801392600510972,0.15341031447084885,0.36645042547805395,87
9,0.5068388235086749,0.1572533629374457,0.33590781355387933,87
10,0.5106483189675888,0.16920490813388966,0.32014677289852156,87
11,0.5191412749899807,0.17462684087967031,0.30623188413034896,87
12,0.5262640954984972,0.17888219500336539,0.29485370949813744,87
13,0.5412453006187408,0.17742389131269118,0.28133080806856803,87
14,0.5502760603388412,0.18294144154940606,0.2667824981117527,87
15,0.5604636064656563,0.18759143844133097,0.25194495509301273,87
16,0.5679410510939662,0.19120422736343207,0.24085472154260174,87
17,0.5752680476943353,0.19706481034045797,0.22766714196520677,87
18,0.582746483751821,0.2014798794306561,0.21577363681752287,87
19,0.5908480778889986,0.20527643010764007,0.2038754920033613,87
20,0.5974817334321969,0.20999608588275853,0.19252218068504456,87
21,0.6018192063656728,0.21347441141091444,0.1847063822234128,87
22,0.6070509477648783,0.21702449926513057,0.1759245529699911,87
23,0.6124197729355054,0.22183945860437593,0.16574076846011865,87
24,0.6181081881079622,0.22647380113688576,0.15541801075515205,87
25,0.6239299100322824,0.23000437377525385,0.14606571619246378,87
26,0.6294286902442515,0.23347940253035926,0.13709190722538922,87
27,0.6352549115597945,0.23715962811185545,0.12758546032835003,87
28,0.6405589294806893,0.24057093408402686,0.11887013643528388,87
29,0.646986597481677,0.24483720923263988,0.10817619328568315,87
30,0.6509284186259936,0.24891523315416653,0.10015634821983987,87
31,0.6552702813379774,0.2523810198883619,0.0923486987736607,87
32,0.6587495695214698,0.25459486180392,0.08665556867461022,87
33,0.6633814048758462,0.25741706028049266,0.07920153484366116,87
34,0.6655726268136424,0.26161669952141037,0.07281067366494726,87
35,0.667613284279847,0.2646513257501856,0.06773538996996742,87
36,0.6742725884118438,0.26734064949744785,0.058386762090708366,87
37,0.6758539210368396,0.2699262385196277,0.054219840443532674,87
38,0.6786103475229264,0.27117892468531496,0.05021072779175867,87
39,0.6822303501344811,0.275048075200956,0.042721574664562945,87
40,0.68273752104307,0.2798022039098135,0.037460275047116576,87
41,0.6817357862467092,0.28307501617854713,0.0351891975747437,87
42,0.68899728530775,0.28497218329048435,0.0260305314017657,87
43,0.6882892551752473,0.28770121104997004,0.024009533774782654,87
44,0.6866150332615037,0.2895211193531659,0.023863847385330372,87
45,0.6868254339471133,0.29130644996396504,0.021868116088921696,87
46,0.6851957806919261,0.29276616246523335,0.022038056842840548,87
47,0.6851974402794659,0.29322415836313026,0.021578401357403798,87
48,0.6896892857910237,0.2907652244720992,0.019545489736877086,87
49,0.6982541777678763,0.2878879328183283,0.013857889413795343,87
50,0.6302772542590246,0.23408425040372624,0.13563849533724898,87
1,0.16509373447038692,0.0,0.8349062655296131,88
2,0.35573155060614314,0.11882094674067391,0.525447502653183,88
3,0.4167775009430055,0.12296601812580091,0.46025648093119365,88
4,0.4719481345945691,0.11563538110539526,0.41241648430003564,88
5,0.4693294792166324,0.13229839222646406,0.39837212855690357,88
6,0.46905817875176725,0.14270869310217138,0.38823312814606137,88
7,0.47870105391842427,0.1390460041642989,0.3822529419172769,88
8,0.48034547247046966,0.155344766751282,0.36430976077824834,88
9,0.5070645663686897,0.159326166067057,0.33360926756425335,88
10,0.5107181936151743,0.1714370613597893,0.31784474502503635,88
11,0.5195185130084506,0.1767697204762592,0.3037117665152902,88
12,0.5267904878424909,0.1810053385191718,0.2922041736383373,88
13,0.5416926159303428,0.1796766827129746,0.2786307013566826,88
14,0.5507022207679384,0.18520876767407668,0.2640890115579849,88
15,0.56084920170542,0.19000775587928617,0.24914304241529386,88
16,0.5687342152744475,0.19347992614706527,0.23778585857848727,88
17,0.5757748785592516,0.19959897297493662,0.2246261484658118,88
18,0.5833201013921383,0.2040792829000873,0.2126006157077744,88
19,0.5914437531388738,0.20792629744616492,0.20062994941496132,88
20,0.5981309509033423,0.21267327013495863,0.18919577896169903,88
21,0.602482865072917,0.21614269879210335,0.1813744361349796,88
22,0.6076932669558082,0.21975294089826514,0.1725537921459267,88
23,0.6130363378623559,0.2245956967887496,0.1623679653488945,88
24,0.6187590007167042,0.22927236598962758,0.15196863329366822,88
25,0.6246613158631024,0.2328207227123345,0.14251796142456313,88
26,0.6301107582329983,0.23633427357825976,0.1335549681887419,88
27,0.6359554509797547,0.2400639066890119,0.1239806423312334,88
28,0.6411898325440911,0.24354220075085314,0.11526796670505574,88
29,0.6476979582733147,0.24782873851740084,0.1044733032092845,88
30,0.6516834492824809,0.25189864446411603,0.09641790625340307,88
31,0.6560300752719119,0.2553950980345596,0.08857482669352845,88
32,0.6594979624208182,0.2576251985743321,0.08287683900484977,88
33,0.6641339351455009,0.26044865996803046,0.07541740488646864,88
34,0.666403897057869,0.2646372322656995,0.06895887067643153,88
35,0.6683426224550243,0.26765195326981983,0.06400542427515588,88
36,0.6750212545759395,0.270391534472076,0.05458721095198449,88
37,0.6766790741256744,0.27297155484563007,0.05034937102869552,88
38,0.6795333332506863,0.2742164911604835,0.046250175588830156,88
39,0.6831620714559203,0.2781031194384982,0.03873480910558147,88
40,0.6836672401480729,0.28278636080654984,0.03354639904537726,88
41,0.6825963408155615,0.2860072075798347,0.03139645160460375,88
42,0.6899508817110835,0.2880264882009615,0.022022630087954964,88
43,0.6891673505693512,0.2906570908377043,0.02017555859294451,88
44,0.6874243400454618,0.2923987376676141,0.02017692228692408,88
45,0.6877295124032582,0.2941998845813524,0.01807060301538943,88
46,0.6861418595917979,0.2955652024679468,0.018292937940255327,88
47,0.6859264992711883,0.29586931963319846,0.018204181095613226,88
48,0.6905425002721708,0.29344444390525104,0.01601305582257817,88
49,0.6993666364236648,0.29070479488349177,0.00992856869284342,88
50,0.6310667310139046,0.23685690648919341,0.132076362496902,88
1,0.16488291767201174,0.0,0.8351170823279882,89
2,0.3556525294004672,0.1201690263534771,0.5241784442460556,89
3,0.4168518220889481,0.12449555797617978,0.4586526199348721,89
4,0.47216887260732454,0.11740124843573332,0.41042987895694216,89
5,0.4695189163318325,0.1341563799751013,0.39632470369306616,89
6,0.46928687647665157,0.14456715970646872,0.38614596381687977,89
7,0.47876127218579484,0.14099113533910443,0.38024759247510076,89
8,0.48053691859379594,0.15725564604996742,0.36220743535623656,89
9,0.5072736809302316,0.16136493818838268,0.33136138088138567,89
10,0.5107763247761563,0.17363570936444164,0.3155879658594021,89
11,0.5198949766072274,0.17888068069371182,0.3012243426990608,89
12,0.5273112937069573,0.18308805837963577,0.28960064791340695,89
13,0.5421542017782071,0.18188901882550407,0.2759567793962889,89
14,0.5511502722686874,0.18740980623360545,0.2614399214977071,89
15,0.5612340222780123,0.1923809288351041,0.24638504888688356,89
16,0.5695910116939444,0.1956877868032716,0.23472120150278397,89
17,0.5763031720564433,0.2020784824278517,0.22161834551570497,89
18,0.5839017363039953,0.20662959882391416,0.2094686648720905,89
19,0.5920672994357832,0.2105154453777675,0.19741725518644931,89
20,0.5987903305416478,0.21530360871123772,0.18590606074711452,89
21,0.6031616426132675,0.2187622622800744,0.17807609510665806,89
22,0.6083459429716256,0.22243489379697456,0.16921916323139985,89
23,0.6136830528518906,0.22729282577798765,0.15902412137012173,89
24,0.6194407865373994,0.23200683965523328,0.1485523738073673,89
25,0.6254296212662017,0.23557328759605095,0.13899709113774733,89
26,0.6308259414965001,0.2391194743340304,0.13005458416946952,89
27,0.6366914957792789,0.24289784495436528,0.12041065926635586,89
28,0.6418479353195486,0.24644311122908105,0.1117089534513703,89
29,0.6484300464611155,0.250760302439038,0.10080965109984652,89
30,0.6524680629472077,0.2548132319606533,0.09271870509213898,89
31,0.6568206366463392,0.258341764012904,0.08483759934075685,89
32,0.6602927440336904,0.260573266818325,0.07913398914798458,89
33,0.6649359639886129,0.263403330444423,0.07166070556696413,89
34,0.6672678161777481,0.2675882972914494,0.0651438865308025,89
35,0.6691198645781556,0.2705713328002501,0.06030880262159427,89
36,0.6758056704596371,0.2733636378532547,0.05083069168710819,89
37,0.6775468479013323,0.275934124364306,0.04651902773436167,89
38,0.6804958519334638,0.277184303648141,0.04231984441839515,89
39,0.684100036007504,0.2810926861776303,0.0348072778148657,89
40,0.6846263124697223,0.285698177312357,0.029675510217920698,89
41,0.6834883694070386,0.2888755255915715,0.02763610500138991,89
42,0.6909201216873873,0.29102067836004514,0.018059199952567606,89
43,0.6901020821492773,0.293526547796926,0.01637137005379674,89
44,0.6882941113204359,0.29518387281886493,0.016522015860699124,89
45,0.6886717755179693,0.29700643036504487,0.014321794116985809,89
46,0.6871408232749198,0.29828982498787787,0.014569351737202363,89
47,0.6867708009576089,0.29842254798252915,0.014806651059861953,89
48,0.6915107173539188,0.29604956839692675,0.012439714249154465,89
49,0.7005416407568932,0.29344305215943634,0.006015307083670485,89
50,0.6317408431072798,0.23972522325621398,0.1285339336365062,89
1,0.16470279798503518,0.0,0.8352972020149649,90
2,0.35558017317875923,0.12148268796902911,0.5229371388522117,90
3,0.41693682702227075,0.12598390871092754,0.4570792642668017,90
4,0.4723884905748839,0.11913124626875465,0.4084802631563615,90
5,0.4697161826699542,0.13597751017017223,0.3943063071598736,90
6,0.4695270880620482,0.1463845153157169,0.384088396622235,90
7,0.47882387535299076,0.14289477091016767,0.3782813537368416,90
8,0.48073061620235136,0.15912853238333652,0.3601408514143121,90
9,0.507481734343096,0.16335928468732003,0.329158980969584,90
10,0.5108286040163774,0.17579449815647435,0.3133768978271482,90
11,0.5202679318081078,0.1809569519051845,0.2987751162867077,90
12,0.5278267906582482,0.1851287482583169,0.28704446108343484,90
13,0.5426272368780245,0.18406145406519955,0.2733113090567759,90
14,0.551618796297926,0.18954972689783908,0.2588314768042349,90
15,0.5616138850268833,0.1947163084689767,0.24366980650414005,90
16,0.5704952811663269,0.19784145199234848,0.23166326684132466,90
17,0.5768486450170918,0.20450660175059754,0.2186447532323107,90
18,0.584486874421751,0.2091352694965485,0.20637785608170053,90
19,0.5927108093494948,0.21304817144716853,0.19424101920333664,90
20,0.599454512852843,0.21788870710300678,0.1826567800441502,90
21,0.6038479888480979,0.2213372732454424,0.17481473790645974,90
22,0.6090080053088576,0.22507091504623863,0.1659210796449038,90
23,0.6143509592046537,0.22993649195179894,0.1557125488435474,90
24,0.6201453079132613,0.23468344516585476,0.14517124692088396,90
25,0.6262258709769076,0.23826776851123005,0.13550636051186232,90
26,0.6315768863402416,0.24183522447939246,0.12658788918036598,90
27,0.6374701185629692,0.24566080897422485,0.11686907246280595,90
28,0.6425236690787625,0.24928010772932627,0.10819622319191127,90
29,0.64918310222143,0.2536307193629155,0.09718617841565447,90
30,0.6532716474743655,0.2576682358405238,0.08906011668511071,90
31,0.6576350416369148,0.26122798021413174,0.08113697814895349,90
32,0.6611248894789487,0.26345101306204977,0.07542409745900158,90
33,0.6657692024752135,0.26629597953047146,0.067934817994315,90
34,0.668156288684647,0.2704758501619651,0.061367861153387826,90
35,0.6699428202979967,0.2734183559491641,0.05663882375283924,90
36,0.6766235247276831,0.2762624567457589,0.047114018526558055,90
37,0.6784478698511462,0.27882733932252923,0.04272479082632452,90
38,0.6814888817448568,0.2800920092361694,0.03841910901897383,90
39,0.6850373140827204,0.2840262939698562,0.030936391947423425,90
40,0.6856108827010193,0.288546686579768,0.02584243071921266,90
41,0.6844016649767162,0.29169045784000736,0.02390787718327647,90
42,0.6919029077162119,0.29395770622524675,0.01413938605854137,90
43,0.6910897075761633,0.2963249232082105,0.012585369215626196,90
44,0.6892054500797793,0.297898865620725,0.012895684299495724,90
45,0.6896443944796187,0.29973975888665494,0.010615846633726389,90
46,0.6881856096410308,0.3009552128741675,0.010859177484801696,90
47,0.6877078616749526,0.30090847238146146,0.011383665943585974,90
48,0.6925458917579529,0.29861340862992153,0.00884069961212558,90
49,0.7017746734826605,0.29611300363498294,0.002112322882356521,90
50,0.6323262474021301,0.242669554449476,0.12500419814839397,90
1,0.16434655231842907,0.0,0.8356534476815709,91
2,0.35556248686479563,0.12280395916474036,0.521633553970464,91
3,0.41706964973077676,0.12740363382164283,0.4555267164475804,91
4,0.47238279537567257,0.12088447840083709,0.4067327262234904,91
5,0.4697270004993411,0.13781380312023875,0.39245919638042026,91
6,0.469850804952065,0.14806614204299107,0.38208305300494394,91
7,0.4788488719692786,0.14475637263714053,0.37639475539358086,91
8,0.48091595692742883,0.16093200407087738,0.3581520390016938,91
9,0.5076369554916085,0.16529257468734934,0.32707046982104215,91
10,0.510838992754928,0.1778764478382533,0.31128455940681876,91
11,0.5205995385620328,0.18296372620587292,0.2964367352320943,91
12,0.5283104984186235,0.187091846839617,0.28459765474175946,91
13,0.5430481478797506,0.18618839341634708,0.2707634587039023,91
14,0.5520507632450459,0.19162363436023688,0.25632560239471724,91
15,0.5619448044598618,0.19699149819007958,0.2410636973500586,91
16,0.5713613363391798,0.19995175356579425,0.2286869100950259,91
17,0.577359098821308,0.20687173751667237,0.21576916366201965,91
18,0.5850313692242279,0.21157860384373145,0.2033900269320406,91
19,0.5933226673034278,0.21551187975969446,0.19116545293687778,91
20,0.6000770602210252,0.22041070398783885,0.1795122357911359,91
21,0.6045106217954727,0.22384478017089754,0.1716445980336298,91
22,0.6096411256494323,0.22764469369293028,0.16271418065763743,91
23,0.615008243364765,0.23250897997221756,0.15248277666301743,91
24,0.6208439516900607,0.2372824339941466,0.1418736143157927,91
25,0.6270088734134993,0.24089360134339163,0.13209752524310905,91
26,0.6323285671757004,0.24446608634210412,0.12320534648219547,91
27,0.6382484106076068,0.24834334129266888,0.11340824809972427,91
28,0.6431834770722958,0.2520331509951974,0.10478337193250675,91
29,0.6499411274263905,0.2564080888095853,0.09365078376402414,91
30,0.6540705985263162,0.26043941719463354,0.08548998427905025,91
31,0.6584419338445593,0.26402826791170986,0.07752979824373085,91
32,0.6619701271750467,0.2662347031763827,0.07179516964857063,91
33,0.6666125679121893,0.26910284424916925,0.0642845878386415,91
34,0.6690463189574605,0.2732724524176887,0.05768122862485081,91
35,0.6707807999946975,0.27617312453221304,0.05304607547308943,91
36,0.6774509722826277,0.279064482566928,0.043484545150444254,91
37,0.679369290859884,0.2816253928045287,0.03900531633558735,91
38,0.6825033592214109,0.2829090494884256,0.03458759129016348,91
39,0.6859685250287043,0.2868681534511538,0.027163321520141892,91
40,0.6866138005880706,0.2912960323621412,0.022090167049788167,91
41,0.6853491040606624,0.29439792367051953,0.02025297226881806,91
42,0.6929172144572406,0.29678230042371195,0.010300485119047409,91
43,0.6921585211785337,0.2989985356142803,0.008842943207185983,91
44,0.6901916542398634,0.30049316354527716,0.009315182214859441,91
45,0.6907150221513888,0.3023193999404439,0.00696557790816732,91
46,0.6893442352854562,0.3034908936647588,0.0071648710497850265,91
47,0.6888145005081271,0.30325943989269066,0.007926059599182245,91
48,0.6937522003582902,0.30106017826567566,0.005187621376034124,91
49,0.703117431453356,0.29688256854664397,0.0,91
50,0.632815146131613,0.2456650070824994,0.12151984678588759,91
