horizon,stock_weight,bond_weight,t_bill_weight,iteration
1,0.0,0.24,0.76,0
2,0.06,0.29000000000000004,0.65,0
3,0.15,0.30500000000000005,0.545,0
4,0.195,0.37250000000000005,0.4325,0
5,0.2175,0.40625,0.37625,0
6,0.18875,0.503125,0.308125,0
7,0.144375,0.6115625,0.2440625,0
8,0.1521875,0.70578125,0.14203125,0
9,0.14609375000000002,0.7828906250000001,0.071015625,0
10,0.11304687500000002,0.8514453125000001,0.0355078125,0
11,0.0965234375,0.88572265625,0.01775390625,0
12,0.10826171875,0.882861328125,0.008876953125,0
13,0.114130859375,0.8814306640625,0.0044384765625,0
14,0.1470654296875,0.8507153320312499,0.00221923828125,0
15,0.18353271484375,0.815357666015625,0.001109619140625,0
16,0.211766357421875,0.7576788330078125,0.0305548095703125,0
17,0.24588317871093754,0.6788394165039062,0.07527740478515628,0
18,0.27294158935546875,0.6094197082519531,0.11763870239257812,0
19,0.2864707946777344,0.6047098541259766,0.10881935119628906,0
20,0.3132353973388672,0.5823549270629883,0.10440967559814454,0
21,0.3266176986694336,0.6011774635314941,0.07220483779907227,0
22,0.34330884933471684,0.610588731765747,0.046102418899536174,0
23,0.3516544246673584,0.5652943658828735,0.08305120944976807,0
24,0.3558272123336792,0.5626471829414368,0.08152560472488404,0
25,0.3779136061668396,0.5313235914707184,0.09076280236244202,0
26,0.38895680308341984,0.5056617957353592,0.10538140118122101,0
27,0.3944784015417099,0.5328308978676796,0.07269070059061043,0
28,0.39723920077085495,0.5664154489338398,0.03634535029530525,0
29,0.40861960038542744,0.5432077244669199,0.048172675147652624,0
30,0.4243098001927137,0.55160386223346,0.024086337573826312,0
31,0.44215490009635683,0.54580193111673,0.012043168786913156,0
32,0.4610774500481784,0.532900965558365,0.006021584393456578,0
33,0.4705387250240892,0.5264504827791825,0.003010792196728289,0
34,0.47526936251204466,0.5032252413895912,0.02150539609836418,0
35,0.4776346812560223,0.48161262069479566,0.0407526980491821,0
36,0.4788173406280111,0.4808063103473978,0.04037634902459103,0
37,0.4794086703140056,0.4504031551736989,0.07018817451229552,0
38,0.48970433515700285,0.43520157758684946,0.0750940872561478,0
39,0.49485216757850137,0.4176007887934247,0.08754704362807389,0
40,0.4974260837892507,0.4588003943967124,0.043773521814036945,0
41,0.5087130418946253,0.46940019719835624,0.02188676090701851,0
42,0.5143565209473127,0.46470009859917816,0.020943380453509273,0
43,0.5271782604736563,0.45235004929958905,0.020471690226754616,0
44,0.5335891302368282,0.4361750246497945,0.03023584511337731,0
45,0.5467945651184141,0.4380875123248973,0.015117922556688654,0
46,0.5633972825592071,0.39904375616244864,0.03755896127834433,0
47,0.5716986412796035,0.36952187808122433,0.05877948063917217,0
48,0.5758493206398017,0.3647609390406122,0.05938974031958612,0
49,0.5679246603199009,0.3923804695203061,0.039694870159793075,0
50,0.5739623301599504,0.4061902347601531,0.019847435079896558,0
1,0.0,0.24,0.76,1
2,0.08666665859565627,0.27666667082911905,0.6366666705752247,1
3,0.17666665388582117,0.2916666737450981,0.5316666723690807,1
4,0.22166665195551197,0.3591666756000601,0.41916667244442796,1
5,0.2441666508619852,0.3929166757656432,0.3629166733723716,1
6,0.21541665060656726,0.4897916757002706,0.2947916736931621,1
7,0.17104164815022427,0.5982291770790392,0.23072917477073637,1
8,0.17885414431196678,0.6924479286540162,0.12869792703401692,1
9,0.17276039357632375,0.769557303851891,0.05768230257178509,1
10,0.1397135175829831,0.8381119917436715,0.022174490673345308,1
11,0.123190077180894,0.8723893371835915,0.004420585635514458,1
12,0.13270017193385225,0.8672998280661477,0.0,1
13,0.136350072597587,0.863649927402413,0.0,1
14,0.16817502126970862,0.8318249787302914,0.0,1
15,0.20408749313906918,0.7959125068609307,0.0,1
16,0.23843297860089535,0.7443455245805929,0.017221496818511775,1
17,0.2725497928930255,0.6655061133425406,0.06194409376443396,1
18,0.2996081963820703,0.5960864114274238,0.10430539219050587,1
19,0.3131373959614409,0.5913765612159184,0.09548604282264068,1
20,0.33990199052526593,0.5690216385436722,0.09107637093106197,1
21,0.35328428639618,0.587844175836672,0.05887153776714798,1
22,0.3699754285173275,0.5972554475828895,0.03276912389978299,1
23,0.37832099402639374,0.5519610901644676,0.0697179158091387,1
24,0.38249377053864336,0.5493139169617557,0.0681923124996009,1
25,0.40458014510061324,0.517990338842409,0.07742951605697784,1
26,0.41562332484963005,0.49232855618529736,0.09204811896507259,1
27,0.4211449121389766,0.51949766022744,0.05935742763358337,1
28,0.4239057001196325,0.5530822155537212,0.023012084326646406,1
29,0.43528607427983423,0.5298745170617866,0.03483940865837913,1
30,0.4509762475138895,0.5382706710040528,0.010753081482057725,1
31,0.4681762681276285,0.5318237318723715,0.0,1
32,0.48408799061949287,0.5159120093805071,0.0,1
33,0.4920438406357392,0.5079561593642609,0.0,1
34,0.5019356425151228,0.48989216868907987,0.00817218879579748,1
35,0.5043009266548724,0.4682795555136099,0.027419517831517654,1
36,0.50548356439213,0.4674732628889658,0.027043172718904128,1
37,0.5060747893930262,0.4370702419881396,0.05685496861883423,1
38,0.5163702994648232,0.42186885324385354,0.06176084729132329,1
39,0.5215177625648983,0.4042686194127727,0.07421361802232898,1
40,0.5240914133666863,0.44546851922458697,0.030440067408726734,1
41,0.5353773876093741,0.45606994109483395,0.008552671295791896,1
42,0.5410116611155866,0.4513877395945546,0.007600599289858838,1
43,0.5374194194475059,0.462580580552494,0.0,1
44,0.5469216020360458,0.4495034753954388,0.0035749225685153133,1
45,0.554354768192087,0.44564523180791293,0.0,1
46,0.5633996324756333,0.3990453142420679,0.03755505328229877,1
47,0.5717001807022796,0.3695228968054081,0.0587769224923123,1
48,0.575848671185783,0.36476289839066856,0.059388430423548466,1
49,0.5679284075792643,0.3923778631688941,0.03969372925184151,1
50,0.5473387742484838,0.4195023871392627,0.03315883861225358,1
1,0.0,0.24,0.76,2
2,0.11328604124638436,0.26335188917976116,0.6233620695738545,2
3,0.20312716463056144,0.27843435661990495,0.5184384787495336,2
4,0.24819938784842924,0.34590266576414375,0.405897946387427,2
5,0.2705754603675144,0.3797071188076765,0.3497174208248091,2
6,0.24180052478080907,0.4765897843150527,0.28160969090413807,2
7,0.19756646627526553,0.5849541367799093,0.2174793969448252,2
8,0.20539713900861326,0.6791672061682164,0.11543565482317032,2
9,0.1993460895862215,0.7562558567277422,0.0443980536860362,2
10,0.16631121313161712,0.8248087774932383,0.00888000937514449,2
11,0.1453332626702845,0.8546667373297154,0.0,2
12,0.15263913430434722,0.8473608656956527,0.0,2
13,0.15630480845674483,0.8436951915432552,0.0,2
14,0.18814722291783395,0.811852777082166,0.0,2
15,0.2240455544275805,0.7759544455724194,0.0,2
16,0.26503193905444455,0.7310338095124348,0.00393425143312072,2
17,0.29914349629995357,0.6522010555567016,0.048655448143344875,2
18,0.3261908759261613,0.582790920200073,0.09101820387376573,2
19,0.3397224321764833,0.5780783863591809,0.08219918146433584,2
20,0.3664782535466968,0.5557276529214892,0.07779409353181403,2
21,0.3798653368924542,0.5745492174188562,0.04558544568868955,2
22,0.3965540825656062,0.5839565263461535,0.019489391088240278,2
23,0.4049095630189301,0.5386583595412872,0.05643207743978273,2
24,0.4090694577586029,0.5360270354088259,0.05490350683257122,2
25,0.4311307399062123,0.5047115862995987,0.06415767379418894,2
26,0.4421351857203707,0.4790792965610111,0.07878551771861818,2
27,0.4476767958490247,0.5062254674247104,0.046097736726264736,2
28,0.4504438691097151,0.5398316127194136,0.00972451817087136,2
29,0.4618187557847045,0.5166053594368355,0.02157588477846005,2
30,0.47624689446168395,0.523753105538316,0.0,2
31,0.488073509199309,0.5119264908006911,0.0,2
32,0.5040026975407684,0.49599730245923157,0.0,2
33,0.5119295581593204,0.4880704418406797,0.0,2
34,0.5258768884472556,0.4741231115527445,0.0,2
35,0.5308371907470858,0.45499390917812965,0.014168900074784548,2
36,0.5320183543551736,0.45420279911187117,0.013778846532955153,2
37,0.532638363997556,0.4237644462012294,0.043597189801214645,2
38,0.5427820100386563,0.4087573856885189,0.048460604272824774,2
39,0.5477555490491267,0.3914440734691354,0.06080037748173794,2
40,0.5497855776480957,0.43363136151729653,0.016583060834607935,2
41,0.5573228100900705,0.44267718990992955,0.0,2
42,0.5511868464791084,0.4488131535208916,0.0,2
43,0.5376769366088843,0.46232306339111573,0.0,2
44,0.5486118425046254,0.45138815749537464,0.0,2
45,0.554342537977086,0.4456574620229141,0.0,2
46,0.5633969974985075,0.39908687575743446,0.03751612674405819,2
47,0.5716896643936321,0.36955152484194553,0.058758810764422256,2
48,0.5758821969421587,0.3646988427563025,0.059418960301538815,2
49,0.568039132473673,0.39206628140398064,0.03989458612234634,2
50,0.5418928247874544,0.4219801040983393,0.03612707111420632,2
1,0.0,0.24,0.76,3
2,0.13968349368044727,0.25014816053102473,0.610168345788528,3
3,0.2293356686846744,0.265335470363796,0.5053288609515296,3
4,0.27443423013622364,0.3327768303564374,0.392788939507339,3
5,0.29670256751231344,0.3666335502370067,0.33666388225067984,3
6,0.2676160355724471,0.4636616448817819,0.2687223195457709,3
7,0.22376913104264648,0.5718237902689758,0.2044070786883778,3
8,0.23162411027178645,0.666018626022948,0.10235726370526549,3
9,0.22573905915986467,0.7430263404903993,0.031234600349735995,3
10,0.1905916331917823,0.8094083668082177,0.0,3
11,0.1651739619697618,0.8348260380302381,0.0,3
12,0.17248968859144936,0.8275103114085506,0.0,3
13,0.17619671599828526,0.8238032840017147,0.0,3
14,0.20805977676407944,0.7919402232359206,0.0,3
15,0.24394323566739642,0.7560567643326035,0.0,3
16,0.2868435329954801,0.71315646700452,0.0,3
17,0.3255993455017183,0.6389478589538572,0.03545279554442449,3
18,0.3526277452663516,0.5695622898867251,0.07780996484692328,3
19,0.36613378106263783,0.5648656981708582,0.06900052076650402,3
20,0.3928916274110043,0.542506890966213,0.06460148162278274,3
21,0.40628557330525933,0.5613166793755601,0.032397747319180624,3
22,0.42296246059807174,0.5707275603571786,0.006309979044749526,3
23,0.43133200933136345,0.5254390315822747,0.04322895908636191,3
24,0.43545087605677735,0.5228354130082626,0.041713710934959965,3
25,0.45746749689096033,0.4915349643133435,0.05099753879569624,3
26,0.46838736596806296,0.4659580507558182,0.0656545832761189,3
27,0.47394192898759674,0.4930914651424696,0.03296660586993366,3
28,0.4750318342987367,0.5249681657012633,0.0,3
29,0.48813417791816754,0.5034345488342968,0.008431273247535728,3
30,0.496012154614011,0.503987845385989,0.0,3
31,0.5078305372992559,0.4921694627007441,0.0,3
32,0.5237588480964408,0.47624115190355915,0.0,3
33,0.5316453464894394,0.4683546535105605,0.0,3
34,0.5454793678009296,0.45452063219907035,0.0,3
35,0.5570783452566852,0.4418432985426819,0.001078356200633024,3
36,0.5582257111398086,0.44110081780352806,0.0006734710566634059,3
37,0.5588480798837395,0.4106828030460386,0.03046911707022187,3
38,0.568628235633619,0.3962206948953784,0.03515106947100255,3
39,0.5729377668642239,0.3799559227077972,0.04710631042797884,3
40,0.5739068151250675,0.42397959876699864,0.0021135861079338058,3
41,0.5724272614195445,0.42757273858045564,0.0,3
42,0.5541215474204996,0.4458784525795005,0.0,3
43,0.5378860582740056,0.46211394172599435,0.0,3
44,0.5485524760137164,0.45144752398628374,0.0,3
45,0.5543316301359956,0.4456683698640044,0.0,3
46,0.563403496051989,0.3990967719142356,0.03749973203377541,3
47,0.5716634981025374,0.3695548964008718,0.05878160549659096,3
48,0.5758778203945619,0.36463895514959316,0.05948322445584503,3
49,0.5680990614177612,0.3918521101842559,0.04004882839798285,3
50,0.5397053846227318,0.4225754742778884,0.03771914109937981,3
1,0.0,0.24,0.76,4
2,0.1650904728620805,0.2374159905576524,0.597493536580267,4
3,0.2539334176633021,0.2530103959924802,0.4930561863442177,4
4,0.30028321810390646,0.31983634762027324,0.3798804342758202,4
5,0.32259163204762503,0.35370504653245927,0.32370332141991576,4
6,0.2931065791490601,0.4509133774352761,0.25598004341566377,4
7,0.2491187670596447,0.5590951018363938,0.19178613110396156,4
8,0.25722763161184864,0.653135880058202,0.08963648832994942,4
9,0.2517440537745592,0.7299513205448476,0.018304625680593302,4
10,0.2102815114405106,0.7897184885594895,0.0,4
11,0.18486015399647798,0.815139846003522,0.0,4
12,0.1922075896378467,0.8077924103621533,0.0,4
13,0.19601234345205865,0.8039876565479414,0.0,4
14,0.2278987859902858,0.7721012140097141,0.0,4
15,0.2637940153298765,0.7362059846701234,0.0,4
16,0.30653248716716835,0.6934675128328316,0.0,4
17,0.351815799176384,0.6257942820804484,0.02238991874316758,4
18,0.37882711864979535,0.5564370249853052,0.0647358563648993,4
19,0.3923368504559402,0.5517590328075072,0.05590411673655264,4
20,0.41905196471711964,0.5294023134563685,0.05154572182651187,4
21,0.4324670814550579,0.5481821104735798,0.019350808071362333,4
22,0.4457586280870967,0.5542413719129033,0.0,4
23,0.45750362944710604,0.5123467689004841,0.030149601652409912,4
24,0.46155031964099363,0.5097693914646451,0.02868028889436138,4
25,0.4834891497777226,0.47852091902952465,0.0379899311927527,4
26,0.4943079549875546,0.45300958522539664,0.052682459787048795,4
27,0.49980773755759694,0.480165643714235,0.020026618728167998,4
28,0.49449648658872297,0.5055035134112771,0.0,4
29,0.5118562401485953,0.48814375985140473,0.0,4
30,0.5155892068381414,0.4844107931618587,0.0,4
31,0.5273695371449593,0.4726304628550407,0.0,4
32,0.5432117596859026,0.45678824031409737,0.0,4
33,0.5509962316386414,0.4490037683613587,0.0,4
34,0.5647731446526313,0.4352268553473687,0.0,4
35,0.5769618892337821,0.42303811076621783,0.0,4
36,0.577813372298597,0.422186627701403,0.0,4
37,0.5842860826319829,0.39825286767863144,0.017461049689385725,4
38,0.5932695762350991,0.3849400391591785,0.021790384605722378,4
39,0.5954653005448832,0.37237028709351044,0.032164412361606325,4
40,0.587622006775687,0.4123779932243131,0.0,4
41,0.5825393650502465,0.4174606349497535,0.0,4
42,0.5559728657540285,0.4440271342459715,0.0,4
43,0.5380294452381211,0.4619705547618788,0.0,4
44,0.5485153011715775,0.4514846988284225,0.0,4
45,0.5543345633839036,0.4456654366160964,0.0,4
46,0.5634104361152253,0.3990729871169361,0.037516576767838566,4
47,0.5716797403326894,0.36950123566827564,0.05881902399903492,4
48,0.5756410922788451,0.3646791822467846,0.05967972547437027,4
49,0.5681366704988376,0.3917104576917706,0.04015287180939173,4
50,0.5383760312581254,0.4229713170190413,0.03865265172283332,4
1,0.0,0.24,0.76,5
2,0.18971869588163934,0.2250600935366656,0.5852212105816952,5
3,0.27648816480129124,0.24167684568637224,0.48183498951233666,5
4,0.3251432658245965,0.3073715299474291,0.3674852042279744,5
5,0.34806592704883366,0.34102000753731093,0.3109140654138553,5
6,0.31799761117777114,0.43846513004397525,0.24353725877825363,5
7,0.2737813838962796,0.5466713800624575,0.17954723604126296,5
8,0.2817881792972304,0.6407300978655207,0.07748172283724887,5
9,0.2773048993991999,0.7170745396999624,0.0056205609008377596,5
10,0.22976992493394258,0.7702300750660575,0.0,5
11,0.2043614733235533,0.7956385266764466,0.0,5
12,0.2118363440223342,0.7881636559776658,0.0,5
13,0.21571552726552626,0.7842844727344738,0.0,5
14,0.24763795415508144,0.7523620458449185,0.0,5
15,0.28355049050905934,0.7164495094909407,0.0,5
16,0.3260621104525077,0.6739378895474923,0.0,5
17,0.37771823751079386,0.6127761555733394,0.00950560691586665,5
18,0.4046922392065662,0.543459130593037,0.05184863020039681,5
19,0.4182509127174146,0.5387945265642611,0.042954560718324354,5
20,0.4449013658979194,0.5164513278696593,0.03864730623242124,5
21,0.45831786864235485,0.535197026391951,0.006485104965694144,5
22,0.4651654634030748,0.5348345365969253,0.0,5
23,0.48330059796008484,0.499418958301168,0.017280443738747098,5
24,0.4872978840790351,0.4968656275629284,0.01583648835803649,5
25,0.5091053842880041,0.46571737114966955,0.02517724456232636,5
26,0.5197398579900594,0.44030685442497486,0.039953287584965656,5
27,0.5252141162122537,0.467444965742103,0.007340918045643329,5
28,0.5136959044549594,0.48630409554504056,0.0,5
29,0.5310549866202272,0.4689450133797728,0.0,5
30,0.5348646279970665,0.46513537200293364,0.0,5
31,0.546579623460902,0.4534203765390979,0.0,5
32,0.5623225908478495,0.43767740915215037,0.0,5
33,0.570020237012113,0.42997976298788704,0.0,5
34,0.583698129441556,0.41630187055844403,0.0,5
35,0.5958177835859276,0.4041822164140725,0.0,5
36,0.596322988977893,0.403677011022107,0.0,5
37,0.608527002432064,0.38686270825381,0.00461028931412607,5
38,0.6158922450427148,0.37581715337525695,0.008290601582028333,5
39,0.6144834943652648,0.36979631143520314,0.015720194199532016,5
40,0.5956963423677827,0.40430365763221726,0.0,5
41,0.5883463142887799,0.41165368571121996,0.0,5
42,0.5574199016434856,0.4425800983565144,0.0,5
43,0.5381370717896456,0.46186292821035446,0.0,5
44,0.548512707752913,0.45148729224708706,0.0,5
45,0.5543806160399116,0.4456193839600883,0.0,5
46,0.5634469716239832,0.3990005143404974,0.03755251403551951,5
47,0.5717281070054208,0.36939310709576567,0.058878785898813416,5
48,0.5751667301540417,0.3648607255902601,0.059972544255698215,5
49,0.5679734202600122,0.391763423263729,0.04026315647625878,5
50,0.5375360028830245,0.42328630040319126,0.03917769671378425,5
1,0.0,0.24,0.76,6
2,0.21109627196768863,0.21427172462294786,0.5746320034093635,6
3,0.29659575164293445,0.23154861246439948,0.471855635892666,6
4,0.348756375670811,0.2955203886132203,0.3557232357159688,6
5,0.3728807812166998,0.3286916140091262,0.29842760477417385,6
6,0.34203339739456445,0.4264320416505517,0.2315345609548839,6
7,0.29772811138547395,0.534551683619316,0.16772020499520993,6
8,0.30526392810974684,0.6288215880935871,0.065914483796666,6
9,0.2989892804968756,0.7010107195031243,0.0,6
10,0.2490223365870637,0.7509776634129363,0.0,6
11,0.2236548111671413,0.7763451888328586,0.0,6
12,0.2313496570252766,0.7686503429747235,0.0,6
13,0.23531379376659994,0.7646862062334001,0.0,6
14,0.2672696320539655,0.7327303679460345,0.0,6
15,0.30317569422582585,0.6968243057741741,0.0,6
16,0.3454108691972575,0.6545891308027425,0.0,6
17,0.4016607601629223,0.5983392398370777,0.0,6
18,0.43013692506799983,0.530682044081595,0.039181030850405134,6
19,0.4437682700176156,0.5260351041509898,0.0301966258313947,6
20,0.47029911365279947,0.5037241149838743,0.02597677136332623,6
21,0.4806557018935312,0.5193442981064688,0.0,6
22,0.48434147438892766,0.5156585256110723,0.0,6
23,0.508657084986587,0.4867065370774274,0.004636377935985589,6
24,0.5125527415862109,0.484199386272112,0.003247872141676991,6
25,0.5341838891355315,0.45319205169749904,0.012624059166969532,6
26,0.544570575411665,0.42790348316921584,0.02752594141911925,6
27,0.5474796372711056,0.45252036272889445,0.0,6
28,0.5325601323908161,0.4674398676091839,0.0,6
29,0.5498248907172305,0.45017510928276955,0.0,6
30,0.5537758515008857,0.44622414849911424,0.0,6
31,0.5653444551270542,0.4346555448729458,0.0,6
32,0.5809939452263433,0.41900605477365677,0.0,6
33,0.5885401391926408,0.41145986080735913,0.0,6
34,0.6019924453681443,0.3980075546318557,0.0,6
35,0.6136630066303985,0.3863369933696016,0.0,6
36,0.6135824019039924,0.3864175980960077,0.0,6
37,0.6268419349712309,0.37315806502876914,0.0,6
38,0.6330757306173947,0.3669242693826052,0.0,6
39,0.6292400931044039,0.3707599068955961,0.0,6
40,0.6005648729986042,0.39943512700139583,0.0,6
41,0.5918595708998976,0.4081404291001023,0.0,6
42,0.5585169913383066,0.4414830086616935,0.0,6
43,0.5382064145340977,0.4617935854659022,0.0,6
44,0.548582246886174,0.45141775311382604,0.0,6
45,0.5544621839677879,0.44553781603221204,0.0,6
46,0.5635591156446463,0.3988409292113057,0.037599955144047945,6
47,0.5718308976362115,0.3692267667856778,0.058942335578110655,6
48,0.5747479594625404,0.36506453379109066,0.060187506746368954,6
49,0.5679313903169751,0.3919200104675984,0.04014859921542646,6
50,0.5369564606004575,0.42354767794728065,0.03949586145226189,6
1,0.0,0.24,0.76,7
2,0.2291190645226319,0.20511177787722226,0.5657691576001459,7
3,0.3138743833252057,0.22282364477547575,0.46330197189931865,7
4,0.37121993247487023,0.2842470891553595,0.3445329783697703,7
5,0.39672456103309534,0.31686182385270334,0.2864136151142012,7
6,0.36499889401584257,0.41492938719423733,0.22007171878992005,7
7,0.32075463508548996,0.5228042997933324,0.15644106512117775,7
8,0.32773702128991966,0.6173799206181395,0.05488305809194084,7
9,0.31748982934146847,0.6825101706585315,0.0,7
10,0.2680242815414556,0.7319757184585445,0.0,7
11,0.2427406389898118,0.7572593610101882,0.0,7
12,0.2507193585789628,0.7492806414210371,0.0,7
13,0.2548051424979099,0.7451948575020901,0.0,7
14,0.28676929041424554,0.7132307095857544,0.0,7
15,0.32266154750660303,0.6773384524933971,0.0,7
16,0.3645182287669208,0.6354817712330791,0.0,7
17,0.4205510428442062,0.5794489571557938,0.0,7
18,0.45506466803272716,0.5181630668407088,0.026772265126564047,7
19,0.46879623028974154,0.5135308157947146,0.01767295391554389,7
20,0.49509312823828217,0.49128598030974574,0.013620891451972084,7
21,0.49935940364674225,0.5006405963532577,0.0,7
22,0.503239026678743,0.49676097332125707,0.0,7
23,0.5295577237479101,0.47044227625208984,0.0,7
24,0.5326717524036105,0.4673282475963894,0.0,7
25,0.5586149911691529,0.44100055986450726,0.000384448966339785,7
26,0.5686374548003671,0.4158684327304066,0.015494112469226301,7
27,0.5655017570464712,0.43449824295352885,0.0,7
28,0.5510064702739932,0.44899352972600676,0.0,7
29,0.5680453903792784,0.4319546096207217,0.0,7
30,0.5721534054852044,0.4278465945147955,0.0,7
31,0.5835540781799783,0.41644592182002177,0.0,7
32,0.599009740402072,0.400990259597928,0.0,7
33,0.6063902856853376,0.3936097143146624,0.0,7
34,0.6193048874309843,0.38069511256901556,0.0,7
35,0.6300917474965217,0.3699082525034782,0.0,7
36,0.6291772225685346,0.3708227774314655,0.0,7
37,0.6404010839201334,0.35959891607986666,0.0,7
38,0.6427478594985405,0.3572521405014594,0.0,7
39,0.6336172052395511,0.3663827947604488,0.0,7
40,0.603712330189346,0.39628766981065405,0.0,7
41,0.5942042816969184,0.40579571830308164,0.0,7
42,0.5593596891079068,0.4406403108920932,0.0,7
43,0.5382538490987275,0.46174615090127247,0.0,7
44,0.5487817058683309,0.45121829413166903,0.0,7
45,0.5546048940618241,0.4453951059381759,0.0,7
46,0.5637747061541251,0.398666836827627,0.03755845701824795,7
47,0.5719613295897592,0.3690830562450353,0.058955614165205436,7
48,0.5745804867504393,0.3652152670565513,0.060204246193009625,7
49,0.5679479884443033,0.3921854530306839,0.03986655852501289,7
50,0.5367868038796585,0.4239768030770312,0.03923639304331031,7
1,0.0,0.24,0.76,8
2,0.24403626698849162,0.19746998337656418,0.5584937496349442,8
3,0.32839167809972863,0.21547670639245584,0.4561316155078155,8
4,0.3924699232714202,0.2735627468149522,0.33396732991362776,8
5,0.41931493912402107,0.3056406397518416,0.27504442112413724,8
6,0.3867465106814656,0.40403721939282655,0.2092162699257078,8
7,0.342239254848117,0.5117203131529614,0.14604043199892158,8
8,0.34945856562251476,0.6062751126494996,0.04426632172798552,8
9,0.3357300848332963,0.6642699151667038,0.0,8
10,0.28675428576643697,0.713245714233563,0.0,8
11,0.261625709094279,0.738374290905721,0.0,8
12,0.2698901993231492,0.7301098006768508,0.0,8
13,0.2742120162501596,0.7257879837498403,0.0,8
14,0.30611968862983263,0.6938803113701674,0.0,8
15,0.3419633507113136,0.6580366492886863,0.0,8
16,0.3833926478082314,0.6166073521917685,0.0,8
17,0.43913074417195014,0.5608692558280499,0.0,8
18,0.4793801429252301,0.5059584530509991,0.014661404023770794,8
19,0.4932433230731966,0.5013285256677658,0.0054281512590377765,8
20,0.5191498502287203,0.47919450329836505,0.0016556464729146946,8
21,0.5176491336392796,0.4823508663607205,0.0,8
22,0.5217980062324536,0.4782019937675463,0.0,8
23,0.5476170216430294,0.45238297835697056,0.0,8
24,0.5506306381707633,0.4493693618292367,0.0,8
25,0.5764413141372429,0.4235586858627571,0.0,8
26,0.5916877616354731,0.40434248652770244,0.003969751836824439,8
27,0.5829099506489194,0.4170900493510807,0.0,8
28,0.568906564853256,0.43109343514674403,0.0,8
29,0.585565386502444,0.414434613497556,0.0,8
30,0.5898414965147881,0.4101585034852118,0.0,8
31,0.6010610440326866,0.3989389559673134,0.0,8
32,0.6162185610434155,0.3837814389565845,0.0,8
33,0.623461570917264,0.37653842908273616,0.0,8
34,0.6352605170661044,0.3647394829338956,0.0,8
35,0.6446879241499502,0.35531207585004987,0.0,8
36,0.6428369476264487,0.3571630523735512,0.0,8
37,0.6512776398647597,0.3487223601352402,0.0,8
38,0.6493282252446936,0.35067177475530636,0.0,8
39,0.6360499862912248,0.3639500137087753,0.0,8
40,0.605794461872028,0.394205538127972,0.0,8
41,0.5958622776247288,0.4041377223752713,0.0,8
42,0.5600438740441248,0.4399561259558751,0.0,8
43,0.538300236186158,0.4616997638138419,0.0,8
44,0.5489799527325628,0.45102004726743716,0.0,8
45,0.5548506168871989,0.44514938311280106,0.0,8
46,0.5641178646448702,0.3984573391253447,0.03742479622978513,8
47,0.5721701245414557,0.36893226635972926,0.058897609098815154,8
48,0.5744459134991621,0.3654127517756912,0.06014133472514668,8
49,0.5680834619583826,0.3926134863145649,0.03930305172705244,8
50,0.5371350197598913,0.42467834321991726,0.038186637020191566,8
1,0.0,0.24,0.76,9
2,0.25644936369788596,0.19105382666563972,0.5524968096364744,9
3,0.34054233535826384,0.20931111536287922,0.45014654927885706,9
4,0.41214826446710956,0.263629793405816,0.32422194212707456,9
5,0.4399478075762158,0.29536374723167236,0.2646884451921119,9
6,0.4069100290314603,0.39394298818106327,0.19914698278747642,9
7,0.3619903373120286,0.5013902592093866,0.13661940347858476,9
8,0.3698412257295454,0.5958088538738021,0.034349920396652384,9
9,0.35359171321859545,0.6464082867814045,0.0,9
10,0.30514864238432715,0.6948513576156728,0.0,9
11,0.2803517053185529,0.7196482946814471,0.0,9
12,0.28889334995887367,0.7111066500411263,0.0,9
13,0.2934875809033451,0.7065124190966549,0.0,9
14,0.3253073305239898,0.6746926694760103,0.0,9
15,0.36105959790268544,0.6389404020973146,0.0,9
16,0.4020246844942061,0.5979753155057939,0.0,9
17,0.4573429173640627,0.5426570826359373,0.0,9
18,0.5030144570641362,0.4940867213975739,0.0028988215382898634,9
19,0.5137360841513282,0.48626391584867174,0.0,9
20,0.537428431140248,0.462571568859752,0.0,9
21,0.5354952454432079,0.464504754556792,0.0,9
22,0.5399349068686516,0.4600650931313484,0.0,9
23,0.5650969450419079,0.4349030549580921,0.0,9
24,0.5680043048277781,0.43199569517222197,0.0,9
25,0.5932821713271483,0.4067178286728517,0.0,9
26,0.6100332715991275,0.38996672840087254,0.0,9
27,0.5995753037671621,0.400424696232838,0.0,9
28,0.5861586320670902,0.41384136793290993,0.0,9
29,0.6021754843750283,0.39782451562497173,0.0,9
30,0.6066833212301468,0.3933166787698531,0.0,9
31,0.6176509850152763,0.3823490149847236,0.0,9
32,0.6323351069820496,0.36766489301795036,0.0,9
33,0.6394297735436139,0.3605702264563861,0.0,9
34,0.64961976192425,0.35038023807575003,0.0,9
35,0.6572524839343501,0.34274751606564996,0.0,9
36,0.6543157978876548,0.34568420211234524,0.0,9
37,0.6594733038015048,0.3405266961984951,0.0,9
38,0.6534590413827784,0.3465409586172216,0.0,9
39,0.6370947117073454,0.36290528829265467,0.0,9
40,0.6071551543354305,0.3928448456645695,0.0,9
41,0.5970458914478329,0.402954108552167,0.0,9
42,0.5605802223266579,0.439419777673342,0.0,9
43,0.5383042189264688,0.4616957810735311,0.0,9
44,0.5491225295863712,0.4508774704136288,0.0,9
45,0.5551165491743946,0.44488345082560543,0.0,9
46,0.564518105345163,0.3982279386226795,0.037253956032157365,9
47,0.5724228507736742,0.36878442461151123,0.05879272461481466,9
48,0.5744878578018094,0.36551205627956734,0.06000008591862323,9
49,0.5683882916646849,0.39313504017719075,0.03847666815812424,9
50,0.5378795994717873,0.4256076651236759,0.03651273540453659,9
1,0.0,0.24,0.76,10
2,0.26686714577374593,0.18561165749857744,0.5475211967276767,10
3,0.3506383156933362,0.20416616163495135,0.4451955226717125,10
4,0.4300726597696278,0.2545381225178965,0.31538921771247574,10
5,0.4583436679814192,0.2861692065047092,0.25548712551387165,10
6,0.42526179082251786,0.38476313477591617,0.18997507440156594,10
7,0.3801346661321184,0.4917615195474891,0.1281038143203925,10
8,0.3884891611608771,0.5861675500405373,0.02534328879858553,10
9,0.37098045236361993,0.6290195476363801,0.0,10
10,0.32323811867785385,0.6767618813221461,0.0,10
11,0.2988888407729226,0.7011111592270773,0.0,10
12,0.3077005899892173,0.6922994100107827,0.0,10
13,0.31261010629013414,0.6873898937098659,0.0,10
14,0.3443086267473741,0.6556913732526259,0.0,10
15,0.3799211463683492,0.6200788536316508,0.0,10
16,0.4203767635558219,0.5796232364441781,0.0,10
17,0.4751380625063016,0.5248619374936985,0.0,10
18,0.5216095533975798,0.47839044660242025,0.0,10
19,0.5309035760439732,0.46909642395602674,0.0,10
20,0.5542358873858264,0.44576411261417365,0.0,10
21,0.5528411834272635,0.4471588165727365,0.0,10
22,0.5575673877433394,0.44243261225666053,0.0,10
23,0.5819360014738075,0.4180639985261925,0.0,10
24,0.5847085295143949,0.4152914704856051,0.0,10
25,0.6092493473909223,0.3907506526090777,0.0,10
26,0.6252746406265463,0.3747253593734537,0.0,10
27,0.6154036410436731,0.3845963589563269,0.0,10
28,0.6025988595309357,0.3974011404690642,0.0,10
29,0.6177708040523091,0.38222919594769095,0.0,10
30,0.6225532952922173,0.3774467047077827,0.0,10
31,0.6330116566862563,0.3669883433137437,0.0,10
32,0.6471086217380991,0.3528913782619009,0.0,10
33,0.6537706281305921,0.34622937186940794,0.0,10
34,0.6620408011292839,0.33795919887071607,0.0,10
35,0.6676135057310686,0.33238649426893146,0.0,10
36,0.6636094317647164,0.3363905682352836,0.0,10
37,0.6653300984505338,0.33466990154946624,0.0,10
38,0.6557719051415677,0.34422809485843225,0.0,10
39,0.6372844245386511,0.362715575461349,0.0,10
40,0.6080291536457542,0.3919708463542457,0.0,10
41,0.5978702502741713,0.4021297497258287,0.0,10
42,0.5609534574494641,0.43904654255053577,0.0,10
43,0.5382761099265633,0.46172389007343667,0.0,10
44,0.5492140749279172,0.4507859250720829,0.0,10
45,0.5553681429281008,0.44463185707189923,0.0,10
46,0.5649696307874115,0.3979907808220931,0.03703958839049536,10
47,0.5727628720247867,0.36863226456737314,0.05860486340784021,10
48,0.5747075731939287,0.3655599236740312,0.05973250313204011,10
49,0.5688690108671256,0.39378449864081483,0.0373464904920596,10
50,0.5390080622682111,0.42658832964154786,0.03440360809024119,10
1,0.0,0.24,0.76,11
2,0.27580546451990506,0.18089025191473582,0.5433042835653591,11
3,0.3585588634424622,0.2000771917902467,0.44136394476729107,11
4,0.4457518578845957,0.24651673262743176,0.3077314094879725,11
5,0.4744641584192972,0.27807335361128355,0.24746248796941925,11
6,0.44160932270530606,0.37661721687084065,0.1817734604238533,11
7,0.39670732722459373,0.4828482869083608,0.12044438586704542,11
8,0.4050253433088742,0.5774533263804076,0.017521330310718293,11
9,0.3878973839205627,0.6121026160794373,0.0,11
10,0.3410682104905372,0.6589317895094629,0.0,11
11,0.3172111436772481,0.6827888563227519,0.0,11
12,0.3262860779886893,0.6737139220113106,0.0,11
13,0.33155955424107536,0.6684404457589246,0.0,11
14,0.36309640315701436,0.6369035968429856,0.0,11
15,0.39850852203446935,0.6014914779655307,0.0,11
16,0.4384275721411325,0.5615724278588675,0.0,11
17,0.49248132591019583,0.5075186740898042,0.0,11
18,0.538071279819177,0.46192872018082304,0.0,11
19,0.5474078620801084,0.45259213791989156,0.0,11
20,0.5703697766559491,0.42963022334405093,0.0,11
21,0.5696065893050578,0.43039341069494225,0.0,11
22,0.5746234158514069,0.42537658414859325,0.0,11
23,0.5980986847596392,0.40190131524036077,0.0,11
24,0.6006547681452359,0.39934523185476417,0.0,11
25,0.6241714176752109,0.37582858232478905,0.0,11
26,0.6392895872176811,0.36071041278231886,0.0,11
27,0.6301829054931646,0.3698170945068355,0.0,11
28,0.6181890371438327,0.38181096285616734,0.0,11
29,0.6322919816036044,0.3677080183963956,0.0,11
30,0.6373123829809811,0.36268761701901886,0.0,11
31,0.6469780945130771,0.353021905486923,0.0,11
32,0.6603040533293741,0.33969594667062575,0.0,11
33,0.6663313956621868,0.3336686043378132,0.0,11
34,0.6723946630156781,0.32760533698432204,0.0,11
35,0.6757683775623013,0.3242316224376986,0.0,11
36,0.6708589266547684,0.3291410733452316,0.0,11
37,0.6691598140725321,0.33084018592746783,0.0,11
38,0.6566692175423751,0.3433307824576249,0.0,11
39,0.6369195622516586,0.36308043774834153,0.0,11
40,0.6085772236733541,0.3914227763266459,0.0,11
41,0.5984390084308836,0.4015609915691165,0.0,11
42,0.5612084542017212,0.43879154579827884,0.0,11
43,0.5382264676040638,0.46177353239593627,0.0,11
44,0.5492982987272867,0.4507017012727133,0.0,11
45,0.5555838891020352,0.44441611089796484,0.0,11
46,0.5654431935338593,0.39773261556451783,0.036824190901623005,11
47,0.5731948070023858,0.3684489670833938,0.05835622591422039,11
48,0.575110442255528,0.3655698674513887,0.05931969029308329,11
49,0.5695348404363876,0.3944976445324102,0.035967515031202234,11
50,0.5402661041226877,0.4276335876467876,0.03210030823052476,11
1,0.0,0.24,0.76,12
2,0.2834956422766388,0.17677843033891175,0.5397259273844494,12
3,0.3647575645385137,0.1968224713662013,0.43841996409528505,12
4,0.45919938308892133,0.2395635158479474,0.30123710106313123,12
5,0.48835461047739526,0.27105729125198513,0.24058809827061958,12
6,0.45588960720248933,0.36953641176541085,0.1745739810320998,12
7,0.41160592528833045,0.4747078301076991,0.11368624460397042,12
8,0.41956785034821953,0.5696036769611585,0.010828472690621906,12
9,0.40437022647454945,0.5956297735254505,0.0,12
10,0.35862242931676663,0.6413775706832334,0.0,12
11,0.33530610628090335,0.6646938937190966,0.0,12
12,0.3446298044455312,0.6553701955544688,0.0,12
13,0.3503032941111046,0.6496967058888954,0.0,12
14,0.3816448817357857,0.6183551182642143,0.0,12
15,0.41679608218913944,0.5832039178108605,0.0,12
16,0.4561415961009432,0.5438584038990569,0.0,12
17,0.5093622405936402,0.49063775940635984,0.0,12
18,0.5538108877248263,0.4461891122751736,0.0,12
19,0.5632182591561502,0.4367817408438498,0.0,12
20,0.5857922752964608,0.4142077247035392,0.0,12
21,0.5857126231413533,0.41428737685864664,0.0,12
22,0.5910496571463681,0.4089503428536318,0.0,12
23,0.6135181022275575,0.3864818977724424,0.0,12
24,0.6157389693957858,0.38426103060421424,0.0,12
25,0.6379300971126153,0.3620699028873847,0.0,12
26,0.6519663401284324,0.3480336598715676,0.0,12
27,0.6438239394963008,0.3561760605036992,0.0,12
28,0.6327498328383676,0.36725016716163233,0.0,12
29,0.645639730072932,0.3543602699270681,0.0,12
30,0.6508022260273485,0.34919777397265145,0.0,12
31,0.6594062374351214,0.3405937625648787,0.0,12
32,0.6717175594471341,0.3282824405528659,0.0,12
33,0.6768793517165596,0.32312064828344056,0.0,12
34,0.6807189675529985,0.3192810324470014,0.0,12
35,0.6818928047836552,0.31810719521634473,0.0,12
36,0.6762209611558865,0.3237790388441135,0.0,12
37,0.6712698581408594,0.32873014185914073,0.0,12
38,0.6565407426352388,0.34345925736476135,0.0,12
39,0.6362373684998623,0.36376263150013777,0.0,12
40,0.6088919215060059,0.39110807849399415,0.0,12
41,0.5988216125184982,0.40117838748150175,0.0,12
42,0.5613673672613618,0.4386326327386383,0.0,12
43,0.5381353303309906,0.4618646696690095,0.0,12
44,0.549309916666582,0.4506900833334181,0.0,12
45,0.5557434490334872,0.44423235330954464,2.4197656968275028e-05,12
46,0.5659353214600477,0.3974631778769786,0.03660150066297395,12
47,0.573752423731257,0.3682031715030944,0.05804440476564851,12
48,0.5756648383188098,0.36557027763095895,0.058764884050231225,12
49,0.5704173272113104,0.39513356721875836,0.03444910556993121,12
50,0.5420374529090264,0.42856402886631856,0.029398518224655158,12
1,0.0,0.24,0.76,13
2,0.29013634706537256,0.17318386779638542,0.536679785138242,13
3,0.3693831645785256,0.19431618146167629,0.4363006539597981,13
4,0.47054505820085935,0.2335974131342773,0.29585752866486337,13
5,0.5003833294225541,0.2649143773009127,0.2347022932765333,13
6,0.46815739724647815,0.36349048953513435,0.16835211321838747,13
7,0.42487032901325333,0.46732362574941727,0.10780604523732934,13
8,0.43224502573676404,0.5625630498343636,0.005191924428872381,13
9,0.4203763280408707,0.5796236719591293,0.0,13
10,0.3758817976539072,0.6241182023460927,0.0,13
11,0.3531538996488974,0.6468461003511026,0.0,13
12,0.36271217376970916,0.6372878262302909,0.0,13
13,0.3688045049538828,0.6311954950461172,0.0,13
14,0.39993098501449703,0.600069014985503,0.0,13
15,0.43475078058255345,0.5652492194174465,0.0,13
16,0.47346843366400354,0.5265315663359964,0.0,13
17,0.5257288815721803,0.4742711184278197,0.0,13
18,0.5687909788934912,0.4312090211065089,0.0,13
19,0.5782951236448186,0.42170487635518145,0.0,13
20,0.600431714505573,0.399568285494427,0.0,13
21,0.6011221996520266,0.3988778003479734,0.0,13
22,0.6067679562216057,0.39323204377839416,0.0,13
23,0.6281125943006126,0.37188740569938744,0.0,13
24,0.6298778898454745,0.37012211015452556,0.0,13
25,0.6504049584825624,0.34959504151743764,0.0,13
26,0.6632259455503973,0.3367740544496028,0.0,13
27,0.6562131008354083,0.34378689916459176,0.0,13
28,0.6462371433318916,0.35376285666810836,0.0,13
29,0.6577279556586325,0.3422720443413675,0.0,13
30,0.6629880413736464,0.33701195862635347,0.0,13
31,0.6702630035503236,0.3297369964496764,0.0,13
32,0.681310816848523,0.31868918315147704,0.0,13
33,0.6854371611429543,0.31456283885704567,0.0,13
34,0.6870487546479079,0.31295124535209196,0.0,13
35,0.6861594872433803,0.31384051275661967,0.0,13
36,0.6799825767907647,0.3200174232092354,0.0,13
37,0.6720188746342082,0.3279811253657919,0.0,13
38,0.6556686312727144,0.3443313687272856,0.0,13
39,0.6353713929276558,0.3646286070723443,0.0,13
40,0.6090548187392174,0.3909451812607825,0.0,13
41,0.5990686912869252,0.40093130871307486,0.0,13
42,0.5614341298568237,0.4385658701431763,0.0,13
43,0.5380000277220975,0.46199997227790257,0.0,13
44,0.5492658762846179,0.450734123715382,0.0,13
45,0.5558116395421907,0.4440640034286339,0.00012435702917526492,13
46,0.5664034974130342,0.39717618065263993,0.036420321934326066,13
47,0.5743943402688697,0.36790781954671953,0.05769784018441085,13
48,0.5763114364551585,0.36554995785836536,0.058138605686476164,13
49,0.5713746445557555,0.39570281529175666,0.03292254015248791,13
50,0.5439492276333098,0.4293804721597931,0.026670300206897084,13
1,0.0,0.24,0.76,14
2,0.29586744801372905,0.170040849768111,0.5340917022181599,14
3,0.37279044877131173,0.19238815654930605,0.4348213946793822,14
4,0.4800594280702446,0.22849516075442616,0.2914454111753292,14
5,0.5106772216890678,0.25959011263781784,0.22973266567311437,14
6,0.47855692790567766,0.3584036265724648,0.16303944552185756,14
7,0.43658724374732133,0.4606567670089968,0.10275598924368179,14
8,0.44319079651942755,0.5562808788145367,0.0005283246660357042,14
9,0.43589707176712517,0.5641029282328749,0.0,14
10,0.3928375688784524,0.6071624311215476,0.0,14
11,0.37072384065428926,0.6292761593457108,0.0,14
12,0.3804971763768465,0.6195028236231535,0.0,14
13,0.3870204626929883,0.6129795373070117,0.0,14
14,0.4179161946532131,0.5820838053467869,0.0,14
15,0.45233471787477936,0.5476652821252206,0.0,14
16,0.4903746471044702,0.5096253528955297,0.0,14
17,0.5415524966403698,0.4584475033596302,0.0,14
18,0.5829657790441715,0.41703422095582854,0.0,14
19,0.5925818959658455,0.4074181040341544,0.0,14
20,0.6142141418892048,0.3857858581107952,0.0,14
21,0.6157755812054378,0.38422441879456215,0.0,14
22,0.6216927099979074,0.37830729000209257,0.0,14
23,0.6418041321126418,0.3581958678873582,0.0,14
24,0.6429967375110162,0.35700326248898395,0.0,14
25,0.6615563694930181,0.3384436305069819,0.0,14
26,0.6730207819713432,0.32697921802865687,0.0,14
27,0.6672898092423658,0.3327101907576341,0.0,14
28,0.6585132283694459,0.3414867716305542,0.0,14
29,0.6684663429867364,0.3315336570132637,0.0,14
30,0.6737592319651163,0.32624076803488367,0.0,14
31,0.6794399809268331,0.3205600190731669,0.0,14
32,0.6891560828217251,0.31084391717827486,0.0,14
33,0.6921143169309101,0.3078856830690899,0.0,14
34,0.6915904012805731,0.3084095987194268,0.0,14
35,0.6889136109675085,0.3110863890324915,0.0,14
36,0.6824471740688388,0.3175528259311612,0.0,14
37,0.67184493270029,0.32815506729970995,0.0,14
38,0.6543230089864344,0.3456769910135655,0.0,14
39,0.6344335367284073,0.36556646327159265,0.0,14
40,0.6091075473972051,0.39089245260279487,0.0,14
41,0.5992376618215759,0.4007623381784241,0.0,14
42,0.5614284356625112,0.4385715643374888,0.0,14
43,0.537833515467446,0.46216648453255404,0.0,14
44,0.54919745704538,0.45080254295461986,0.0,14
45,0.5558312142540803,0.4439038063040452,0.00026497944187443487,14
46,0.5668906302519302,0.3968783414333608,0.03623102831470901,14
47,0.5751396411905503,0.36759330062376644,0.05726705818568323,14
48,0.5770764920029758,0.3654927070004773,0.05743080099654674,14
49,0.5723355646081421,0.3962299005155694,0.031434534876288625,14
50,0.545929817926912,0.4300866496895113,0.023983532383576808,14
1,0.0,0.24,0.76,15
2,0.3008148404271758,0.16728819563298963,0.5318969639398345,15
3,0.3752297082027078,0.1909195912310538,0.4338507005662384,15
4,0.48799544988358134,0.22414158916762694,0.2878629609487917,15
5,0.5193762081124208,0.2550186519173575,0.2256051399702216,15
6,0.48720976774993446,0.3542078403939713,0.15858239185609424,15
7,0.4468545425217124,0.4546654943066615,0.09847996317162602,15
8,0.4509395619253744,0.5490604380746257,0.0,15
9,0.45090010136561826,0.5490998986343818,0.0,15
10,0.40946059759345504,0.590539402406545,0.0,15
11,0.3879951037267764,0.6120048962732236,0.0,15
12,0.3979514942377909,0.6020485057622091,0.0,15
13,0.40492314387756306,0.595076856122437,0.0,15
14,0.43556637876206206,0.5644336212379379,0.0,15
15,0.46951688746263226,0.5304831125373677,0.0,15
16,0.5068231593722887,0.4931768406277112,0.0,15
17,0.5567619135248073,0.44323808647519275,0.0,15
18,0.5963536512612988,0.40364634873870125,0.0,15
19,0.6060483194824259,0.39395168051757407,0.0,15
20,0.6270875176048059,0.37291248239519414,0.0,15
21,0.6295480333424983,0.37045196665750163,0.0,15
22,0.6356981266582047,0.3643018733417954,0.0,15
23,0.6544779723114983,0.3455220276885017,0.0,15
24,0.6550518296540772,0.3449481703459229,0.0,15
25,0.6713363716237096,0.3286636283762904,0.0,15
26,0.6813367037485717,0.31866329625142825,0.0,15
27,0.6770142814983848,0.32298571850161506,0.0,15
28,0.6694900808746452,0.3305099191253549,0.0,15
29,0.677787651110611,0.322212348889389,0.0,15
30,0.6830689553249286,0.31693104467507127,0.0,15
31,0.6868231737323395,0.31317682626766064,0.0,15
32,0.6951782626214148,0.30482173737858526,0.0,15
33,0.6970175004737803,0.30298249952621964,0.0,15
34,0.6945280769144913,0.3054719230855088,0.0,15
35,0.6904453269383193,0.30955467306168066,0.0,15
36,0.6837951616082848,0.3162048383917152,0.0,15
37,0.6709726786285073,0.32902732137149276,0.0,15
38,0.6527261571994678,0.3472738428005323,0.0,15
39,0.6334830068127292,0.3665169931872708,0.0,15
40,0.6090891435805453,0.3909108564194546,0.0,15
41,0.5993574824413062,0.4006425175586938,0.0,15
42,0.5613771888947052,0.4386228111052948,0.0,15
43,0.5376261724066412,0.4623738275933588,0.0,15
44,0.5491140468063106,0.4508859531936894,0.0,15
45,0.5558241878479243,0.4437575798365199,0.0004182323155557041,15
46,0.5673829665078018,0.39658178483978496,0.03603524865241306,15
47,0.5759606505986966,0.3672875757534037,0.05675177364789977,15
48,0.5779291395195514,0.3653793798700509,0.05669148061039769,15
49,0.5733866518207568,0.3965670153930284,0.030046332786214967,15
50,0.547977234404856,0.4305685381110876,0.021454227484056402,15
1,0.0,0.24,0.76,16
2,0.3050771664107987,0.1648795832028051,0.5300432503863962,16
3,0.3768954209419983,0.189820581648123,0.4332839974098787,16
4,0.4945456860460275,0.2204458764004125,0.2850084375535601,16
5,0.5266293823808581,0.251127666626364,0.22224295099277783,16
6,0.4942949711814777,0.35080857883522204,0.15489644998330018,16
7,0.45578521532624294,0.4493024666894075,0.09491231798434956,16
8,0.45743834466681993,0.5425616553331801,0.0,16
9,0.46533969071405773,0.5346603092859423,0.0,16
10,0.4257306419699591,0.574269358030041,0.0,16
11,0.40494045767885806,0.595059542321142,0.0,16
12,0.4150431980260522,0.5849568019739477,0.0,16
13,0.42247723316498303,0.5775227668350169,0.0,16
14,0.4528423533754685,0.5471576466245315,0.0,16
15,0.4862551236140101,0.5137448763859899,0.0,16
16,0.522761575487311,0.477238424512689,0.0,16
17,0.5713160527462504,0.4286839472537496,0.0,16
18,0.6089267135210922,0.3910732864789079,0.0,16
19,0.6186481626341999,0.38135183736580014,0.0,16
20,0.6389918112770854,0.3610081887229147,0.0,16
21,0.642352886450616,0.357647113549384,0.0,16
22,0.6486923254225413,0.3513076745774588,0.0,16
23,0.6660482475567522,0.33395175244324776,0.0,16
24,0.665994520438546,0.33400547956145393,0.0,16
25,0.679759681446378,0.320240318553622,0.0,16
26,0.6882203938529098,0.3117796061470902,0.0,16
27,0.6853821754361764,0.31461782456382353,0.0,16
28,0.6791282261444809,0.3208717738555191,0.0,16
29,0.6856590165121647,0.3143409834878353,0.0,16
30,0.6908194060334375,0.30918059396656256,0.0,16
31,0.6925481966351006,0.3074518033648994,0.0,16
32,0.6996313972239144,0.30036860277608557,0.0,16
33,0.7003687494773563,0.2996312505226437,0.0,16
34,0.6961628694045893,0.30383713059541073,0.0,16
35,0.690945625945631,0.30905437405436903,0.0,16
36,0.6843198985965595,0.31568010140344044,0.0,16
37,0.6696538384379792,0.33034616156202085,0.0,16
38,0.6510876619854642,0.3489123380145357,0.0,16
39,0.6325312394673744,0.3674687605326256,0.0,16
40,0.6090109754527941,0.39098902454720585,0.0,16
41,0.5994296443604883,0.4005703556395117,0.0,16
42,0.5613131343209253,0.43868686567907467,0.0,16
43,0.5373763468875674,0.46262365311243253,0.0,16
44,0.5490000848908955,0.4509999151091045,0.0,16
45,0.5558369667045642,0.4436464661994792,0.0005165670959567034,16
46,0.5679037534760049,0.39627782883425505,0.035818417689740145,16
47,0.5768357539198395,0.36700407807253116,0.05616016800762935,16
48,0.5788347105856994,0.3652354338312614,0.0559298555830393,16
49,0.5744139476975267,0.39685232055786324,0.028733731744609994,16
50,0.5498829180687803,0.4308722241965304,0.01924485773468929,16
1,0.0,0.24,0.76,17
2,0.30873700687516464,0.1627759030415328,0.5284870900833025,17
3,0.3779344309857846,0.1890247968647155,0.4330407721494999,17
4,0.4999088841172517,0.2173186831357223,0.28277243274702596,17
5,0.5325884866680451,0.2478436326520487,0.2195678806799061,17
6,0.5000007130004178,0.3481089683687744,0.15189031863080768,17
7,0.4635136628789805,0.4445082036498199,0.09197813347119972,17
8,0.4630857224383526,0.5369142775616473,0.0,17
9,0.47917980883294303,0.520820191167057,0.0,17
10,0.441617399426015,0.5583826005739849,0.0,17
11,0.4215272042156288,0.5784727957843712,0.0,17
12,0.43173427750378573,0.5682657224962142,0.0,17
13,0.43965685858135234,0.5603431414186477,0.0,17
14,0.46971210429203897,0.5302878957079611,0.0,17
15,0.5025218633923332,0.4974781366076669,0.0,17
16,0.538151814373272,0.461848185626728,0.0,17
17,0.5851836010618723,0.41481639893812766,0.0,17
18,0.6206321118691744,0.3793678881308256,0.0,17
19,0.6303564027159072,0.36964359728409274,0.0,17
20,0.6498704803951001,0.35012951960489985,0.0,17
21,0.6541100838234247,0.34588991617657533,0.0,17
22,0.6605870434050223,0.3394129565949777,0.0,17
23,0.6764335523034725,0.3235664476965276,0.0,17
24,0.675749627773501,0.3242503722264991,0.0,17
25,0.6868119374958451,0.3131880625041549,0.0,17
26,0.6936870074130741,0.30631299258692585,0.0,17
27,0.6923642566978525,0.30763574330214755,0.0,17
28,0.6874049189007507,0.3125950810992492,0.0,17
29,0.6920922745852787,0.30790772541472133,0.0,17
30,0.6970499384933723,0.30295006150662773,0.0,17
31,0.6967345624615922,0.30326543753840796,0.0,17
32,0.7026007497102543,0.2973992502897457,0.0,17
33,0.7023674653695873,0.29763253463041284,0.0,17
34,0.696739080671785,0.3032609193282149,0.0,17
35,0.6907210420589279,0.3092789579410722,0.0,17
36,0.6841994670701054,0.3158005329298947,0.0,17
37,0.6680226600185029,0.3319773399814971,0.0,17
38,0.6494896622338783,0.35051033776612184,0.0,17
39,0.6315954732140879,0.36840452678591207,0.0,17
40,0.6088647529089853,0.39113524709101455,0.0,17
41,0.5994599859745493,0.4005400140254508,0.0,17
42,0.5612078795675103,0.4387921204324896,0.0,17
43,0.5370979046675951,0.462902095332405,0.0,17
44,0.5488472357180778,0.4511527642819221,0.0,17
45,0.5558839479302731,0.4435179220911767,0.0005981299785502402,17
46,0.56842237559128,0.3959760047291135,0.03560161967960669,17
47,0.5777431416366533,0.3667335612572186,0.05552329710612809,17
48,0.5797376206369871,0.365089409774024,0.055172969588988915,17
49,0.575425819004219,0.39703698858146486,0.027537192414316024,17
50,0.5514340309660566,0.4311483373128066,0.01741763172113692,17
1,0.0,0.24,0.76,18
2,0.31186343032374864,0.16094439181022024,0.5271921778660311,18
3,0.3784722979593657,0.18847482997741535,0.43305287206321885,18
4,0.5042496237164318,0.21468414041602835,0.28106623586754,18
5,0.5373846919042852,0.24510486879492407,0.21751043930079075,18
6,0.5044787062760702,0.34602870820525294,0.14949258551867683,18
7,0.4701620974635903,0.44022057767815986,0.0896173248582499,18
8,0.4679830170524644,0.5320169829475355,0.0,18
9,0.4923906346260137,0.5076093653739864,0.0,18
10,0.45709695147965146,0.5429030485203485,0.0,18
11,0.43773374624610956,0.5622662537538905,0.0,18
12,0.4479982144335278,0.5520017855664723,0.0,18
13,0.4564392586573733,0.5435607413426267,0.0,18
14,0.486146993637552,0.513853006362448,0.0,18
15,0.5182790182473306,0.48172098175266936,0.0,18
16,0.552958879939017,0.447041120060983,0.0,18
17,0.598318734418484,0.401681265581516,0.0,18
18,0.6314385456558991,0.36856145434410087,0.0,18
19,0.6411259254407808,0.3588740745592191,0.0,18
20,0.659702083918185,0.34029791608181503,0.0,18
21,0.6647929241144958,0.3352070758855042,0.0,18
22,0.6713153050065261,0.3286846949934738,0.0,18
23,0.6855665168244983,0.31443348317550174,0.0,18
24,0.6842837494314412,0.3157162505685589,0.0,18
25,0.6925196627460295,0.30748033725397056,0.0,18
26,0.6977918876915987,0.3022081123084013,0.0,18
27,0.6979560047331866,0.30204399526681336,0.0,18
28,0.6942852702030143,0.3057147297969857,0.0,18
29,0.6971347527345637,0.3028652472654362,0.0,18
30,0.701835374120235,0.2981646258797651,0.0,18
31,0.699562882885345,0.300437117114655,0.0,18
32,0.7043159374285961,0.295684062571404,0.0,18
33,0.703265310185969,0.296734689814031,0.0,18
34,0.6964746676919018,0.3035253323080982,0.0,18
35,0.6899741939665676,0.3100258060334324,0.0,18
36,0.6836379897506445,0.31636201024935556,0.0,18
37,0.6662270941192832,0.3337729058807169,0.0,18
38,0.6480082662640719,0.351991733735928,0.0,18
39,0.6307136019212497,0.3692863980787503,0.0,18
40,0.6086702938568548,0.3913297061431453,0.0,18
41,0.5994564014085472,0.4005435985914527,0.0,18
42,0.5610866435418894,0.4389133564581105,0.0,18
43,0.536769970880279,0.463230029119721,0.0,18
44,0.5486313718736041,0.45136862812639594,0.0,18
45,0.5559568802414646,0.4434199617169738,0.000623158041561659,18
46,0.5689522673784255,0.39569919793961816,0.03534853468195635,18
47,0.5786808375484526,0.3664797881428042,0.054839374308743236,18
48,0.5806547208412322,0.36493738059029973,0.05440789856846821,18
49,0.57638720676422,0.39716112729670605,0.026451665939073953,18
50,0.5526520788937791,0.43140083787890526,0.01594708322731561,18
1,0.0,0.24,0.76,19
2,0.31443823929052134,0.15939455677965858,0.52616720392982,19
3,0.37871013490319994,0.188102342482087,0.43318752261471305,19
4,0.5079178017920783,0.21240871577021828,0.2796734824377035,19
5,0.5408517655418809,0.24301277321065165,0.21613546124746758,19
6,0.5078724444628875,0.34449852879862314,0.1476290267384893,19
7,0.47580919651767595,0.43639823556810053,0.08779256791422352,19
8,0.47221764676207917,0.5277823532379209,0.0,19
9,0.5049419714337698,0.49505802856623016,0.0,19
10,0.4721167837835984,0.5278832162164017,0.0,19
11,0.4535465302055552,0.5464534697944449,0.0,19
12,0.4637877304814405,0.5362122695185595,0.0,19
13,0.47279824980171165,0.5272017501982883,0.0,19
14,0.5021054023921677,0.4978945976078323,0.0,19
15,0.5334933749221349,0.46650662507786506,0.0,19
16,0.5671545763257653,0.4328454236742347,0.0,19
17,0.6106763121632516,0.3893236878367484,0.0,19
18,0.6413182810804816,0.3586817189195184,0.0,19
19,0.6509326729110962,0.3490673270889038,0.0,19
20,0.6684599075728774,0.3315400924271226,0.0,19
21,0.6743325678607877,0.32566743213921234,0.0,19
22,0.6808556757287811,0.31914432427121886,0.0,19
23,0.6934274544222783,0.3065725455777217,0.0,19
24,0.6915248577143398,0.3084751422856601,0.0,19
25,0.6969529759674477,0.3030470240325524,0.0,19
26,0.7006156249905655,0.29938437500943443,0.0,19
27,0.7021393683453503,0.29786063165464977,0.0,19
28,0.6998299809661872,0.3001700190338129,0.0,19
29,0.7009081233652256,0.29909187663477443,0.0,19
30,0.7052692575437826,0.2947307424562175,0.0,19
31,0.7011983785848122,0.2988016214151878,0.0,19
32,0.7049741668707573,0.2950258331292426,0.0,19
33,0.703200396788359,0.2967996032116409,0.0,19
34,0.6955692240740992,0.30443077592590073,0.0,19
35,0.6888517470788145,0.3111482529211855,0.0,19
36,0.6827462891647693,0.3172537108352308,0.0,19
37,0.6643981656674643,0.3356018343325356,0.0,19
38,0.6466692619549912,0.3533307380450088,0.0,19
39,0.6299049140261231,0.3700950859738768,0.0,19
40,0.6084494158816122,0.39155058411838783,0.0,19
41,0.5994561484993794,0.40054385150062066,0.0,19
42,0.5609575082763034,0.43904249172369664,0.0,19
43,0.5363857338928908,0.4636142661071092,0.0,19
44,0.5483850499300628,0.45161495006993724,0.0,19
45,0.5560498364388511,0.4433921039916885,0.0005580595694602147,19
46,0.5694704146567613,0.3954640783557864,0.0350655069874522,19
47,0.5796065900259537,0.3662580478881668,0.054135362085879477,19
48,0.581564054798196,0.36483061080653306,0.05360533439527103,19
49,0.5773030496212361,0.3972612764495062,0.025435673929257677,19
50,0.5536522963293701,0.431647045514946,0.014700658155683808,19
1,0.0,0.24,0.76,20
2,0.31652932610926754,0.1580935069600943,0.5253771669306382,20
3,0.378693829805927,0.1878827523892398,0.43342341780483323,20
4,0.5109936109510413,0.21045088290196648,0.2785555061469922,20
5,0.5432172704600879,0.24145804644546903,0.21532468309444303,20
6,0.5103276401880609,0.3434451570060717,0.14622720280586743,20
7,0.48058546854277595,0.43298490804638207,0.08642962341084204,20
8,0.4758897904624024,0.5241102095375976,0.0,20
9,0.516822049358102,0.48317795064189795,0.0,20
10,0.4866467503744781,0.513353249625522,0.0,20
11,0.46893975610498323,0.5310602438950167,0.0,20
12,0.4790883122953644,0.5209116877046356,0.0,20
13,0.48868663044658606,0.511313369553414,0.0,20
14,0.5175422587232963,0.48245774127670377,0.0,20
15,0.548133947022768,0.451866052977232,0.0,20
16,0.5807097563118185,0.4192902436881815,0.0,20
17,0.6221927919437507,0.3778072080562494,0.0,20
18,0.6502648102394655,0.34973518976053447,0.0,20
19,0.6597671035978305,0.3402328964021695,0.0,20
20,0.6761496605150126,0.32385033948498737,0.0,20
21,0.6827024210363123,0.31729757896368765,0.0,20
22,0.6891797888790673,0.3108202111209328,0.0,20
23,0.7000178639918643,0.29998213600813567,0.0,20
24,0.6974847065415165,0.3025152934584835,0.0,20
25,0.7001870956972938,0.2998129043027063,0.0,20
26,0.7023243505579495,0.29767564944205044,0.0,20
27,0.7050361606056822,0.2949638393943178,0.0,20
28,0.704104533177807,0.29589546682219303,0.0,20
29,0.7035241603213798,0.2964758396786203,0.0,20
30,0.707484353729868,0.29251564627013205,0.0,20
31,0.7018274460043179,0.2981725539956821,0.0,20
32,0.7047156530764321,0.2952843469235678,0.0,20
33,0.7023294741116349,0.297670525888365,0.0,20
34,0.6942223122921407,0.3057776877078594,0.0,20
35,0.687444116758307,0.312555883241693,0.0,20
36,0.6816681140155679,0.3183318859844321,0.0,20
37,0.6626455087961896,0.3373544912038104,0.0,20
38,0.6455244952655618,0.35447550473443823,0.0,20
39,0.6291717287435971,0.37082827125640294,0.0,20
40,0.6082052707794278,0.3917947292205721,0.0,20
41,0.5994379261421787,0.4005620738578213,0.0,20
42,0.5608570571465141,0.43914294285348593,0.0,20
43,0.5359576909625509,0.46404230903744903,0.0,20
44,0.5481106909006292,0.4518893090993708,0.0,20
45,0.5561455111679463,0.44343481925550876,0.000419669576544799,20
46,0.5699574265424361,0.3952795015005028,0.03476307195706106,20
47,0.5804974588734878,0.3660574542513382,0.05344508687517405,20
48,0.5824459380130813,0.3647685801043929,0.05278548188252566,20
49,0.5781656535840684,0.39736122424631243,0.024473122169619253,20
50,0.5546299236552036,0.43179470641271184,0.013575369932084674,20
1,0.0,0.24,0.76,21
2,0.31819625368532195,0.15701204587498438,0.5247917004396936,21
3,0.3784696120322902,0.1877930551227953,0.43373733284491467,21
4,0.5135376916919682,0.20877795261262885,0.277684355695403,21
5,0.544666838894618,0.24035214643953012,0.21498101466585193,21
6,0.5119864758950559,0.3427997287441816,0.14521379536076262,21
7,0.4845831771893312,0.4299384477355717,0.08547837507509704,21
8,0.479072137766178,0.520927862233822,0.0,21
9,0.5280196936735327,0.47198030632646726,0.0,21
10,0.5006638202109528,0.4993361797890472,0.0,21
11,0.4838791231994433,0.5161208768005567,0.0,21
12,0.4938580276236216,0.5061419723763784,0.0,21
13,0.504065278589493,0.49593472141050704,0.0,21
14,0.5324210497652988,0.46757895023470125,0.0,21
15,0.5621615845062466,0.4378384154937533,0.0,21
16,0.5935731162456074,0.40642688375439256,0.0,21
17,0.6328142216179032,0.36718577838209676,0.0,21
18,0.6582404635868613,0.3417595364131388,0.0,21
19,0.6676113428341671,0.3323886571658329,0.0,21
20,0.6827872245744668,0.3172127754255331,0.0,21
21,0.6899167253636344,0.31008327463636565,0.0,21
22,0.6962870805872365,0.30371291941276346,0.0,21
23,0.7053198254829747,0.2946801745170254,0.0,21
24,0.7022218585057687,0.2977781414942313,0.0,21
25,0.7022942205411442,0.2977057794588557,0.0,21
26,0.7030042645719368,0.2969957354280632,0.0,21
27,0.7067145346101087,0.29328546538989125,0.0,21
28,0.7072186533202923,0.29278134667970773,0.0,21
29,0.7050555400792162,0.2949444599207838,0.0,21
30,0.708565323364701,0.291434676635299,0.0,21
31,0.7015675361178583,0.2984324638821418,0.0,21
32,0.7036678889005071,0.29633211109949287,0.0,21
33,0.7008030640316399,0.29919693596836,0.0,21
34,0.6926099723696391,0.30739002763036083,0.0,21
35,0.6859091794867225,0.3140908205132774,0.0,21
36,0.6805100455062877,0.31948995449371226,0.0,21
37,0.6610375088460855,0.3389624911539144,0.0,21
38,0.6446110975072075,0.35538890249279254,0.0,21
39,0.6285169619989276,0.3714830380010724,0.0,21
40,0.6079657315545413,0.39203426844545863,0.0,21
41,0.5994259903155719,0.4005740096844282,0.0,21
42,0.5607644802670649,0.43923551973293506,0.0,21
43,0.5355353358179015,0.46446466418209864,0.0,21
44,0.5477948677984616,0.45220513220153835,0.0,21
45,0.5562689192644265,0.44354377798597466,0.00018730274959882776,21
46,0.5704365792384181,0.39512778433153845,0.034435636430043534,21
47,0.5813643288206728,0.36586453565653526,0.05277113552279196,21
48,0.583347734397727,0.36472732621586246,0.051924939386410504,21
49,0.5789257231696677,0.39752091518093513,0.023553361649397083,21
50,0.5555727891946347,0.43197923590238435,0.012447974902980968,21
1,0.0,0.24,0.76,22
2,0.3194913823630432,0.15612292393803542,0.5243856936989214,22
3,0.37806836472079214,0.18781512989724652,0.43411650538196145,22
4,0.515624984054277,0.20735665845758966,0.27701835748813336,22
5,0.5453774351084503,0.23961955071696953,0.21500301417458018,22
6,0.5129608047110326,0.3425059060017143,0.14453328928725304,22
7,0.4879083629148054,0.4272059285102308,0.08488570857496378,22
8,0.4818465455857821,0.5181534544142179,0.0,22
9,0.5385078431036965,0.4614921568963035,0.0,22
10,0.514110146416924,0.48588985358307596,0.0,22
11,0.4983110743114244,0.5016889256885756,0.0,22
12,0.5080790690425039,0.49192093095749617,0.0,22
13,0.518860956770634,0.48113904322936596,0.0,22
14,0.5467064627507923,0.4532935372492078,0.0,22
15,0.5755338488921302,0.4244661511078697,0.0,22
16,0.6057052546878243,0.3942947453121756,0.0,22
17,0.6425086418464215,0.3574913581535785,0.0,22
18,0.6652419047972815,0.33475809520271854,0.0,22
19,0.6744655188567023,0.3255344811432978,0.0,22
20,0.6883754053129802,0.3116245946870197,0.0,22
21,0.6959600643899816,0.30403993561001835,0.0,22
22,0.7021805397145654,0.29781946028543466,0.0,22
23,0.7093472370522621,0.29065276294773784,0.0,22
24,0.7057953402830849,0.29420465971691506,0.0,22
25,0.7034470314626542,0.29655296853734586,0.0,22
26,0.7027808206422641,0.2972191793577359,0.0,22
27,0.7072483275640291,0.2927516724359708,0.0,22
28,0.7092266932032917,0.2907733067967084,0.0,22
29,0.7056118362005318,0.2943881637994681,0.0,22
30,0.7086758469838172,0.29132415301618275,0.0,22
31,0.7005592988779336,0.29944070112206644,0.0,22
32,0.7020072708391353,0.2979927291608648,0.0,22
33,0.6987778029020799,0.30122219709792,0.0,22
34,0.6908329105856061,0.30916708941439397,0.0,22
35,0.6842664882734293,0.3157335117265707,0.0,22
36,0.6792825256544848,0.32071747434551534,0.0,22
37,0.6595666586929375,0.34043334130706254,0.0,22
38,0.6438896042192909,0.356110395780709,0.0,22
39,0.627959563234931,0.3720404367650689,0.0,22
40,0.6077478122136845,0.3922521877863156,0.0,22
41,0.5994229099756858,0.4005770900243142,0.0,22
42,0.5607004856877406,0.43929951431225944,0.0,22
43,0.5351382563247218,0.4648617436752782,0.0,22
44,0.5474540930614521,0.452545906938548,0.0,22
45,0.5563400253436245,0.4436599746563755,0.0,22
46,0.5709041173977137,0.3949974146543639,0.034098467947922345,22
47,0.5822261933786259,0.36567121485959525,0.05210259176177877,22
48,0.5842674891220306,0.36468330981032454,0.051049201067644934,22
49,0.5797527798102715,0.3976667484884711,0.022580471701257532,22
50,0.5566191885129362,0.43219411101410726,0.011186700472956477,22
1,0.0,0.24,0.76,23
2,0.32046130998385663,0.15540290432406623,0.5241357856920771,23
3,0.37752172890275865,0.1879294420634036,0.43454882903383785,23
4,0.5173003037186333,0.2061616622402072,0.2765380340411594,23
5,0.5454967116683623,0.239195527227108,0.21530776110452968,23
6,0.513370441267088,0.34250830808719335,0.14412125064571865,23
7,0.4906263509053422,0.4247605445983598,0.08461310449629794,23
8,0.4842761125298268,0.5157238874701732,0.0,23
9,0.548274917767592,0.45172508223240804,0.0,23
10,0.5269542514670765,0.4730457485329235,0.0,23
11,0.5121892500030236,0.4878107499969763,0.0,23
12,0.5217004020307442,0.4782995979692558,0.0,23
13,0.533042618280009,0.46695738171999107,0.0,23
14,0.5603598677566068,0.4396401322433932,0.0,23
15,0.5882030226366529,0.411796977363347,0.0,23
16,0.6170677204903959,0.382932279509604,0.0,23
17,0.6512797907488863,0.34872020925111363,0.0,23
18,0.6712683078526183,0.3287316921473818,0.0,23
19,0.6803255952765417,0.31967440472345837,0.0,23
20,0.6929545821587328,0.3070454178412671,0.0,23
21,0.7008421908863172,0.2991578091136828,0.0,23
22,0.706883342806958,0.293116657193042,0.0,23
23,0.7121445053527595,0.2878554946472404,0.0,23
24,0.7082471807273215,0.29175281927267854,0.0,23
25,0.7037218471488643,0.2962781528511357,0.0,23
26,0.7017749153958696,0.29822508460413055,0.0,23
27,0.7066909277319566,0.29330907226804337,0.0,23
28,0.7101798747274004,0.28982012527259965,0.0,23
29,0.70531210275811,0.29468789724189015,0.0,23
30,0.7079345564421492,0.29206544355785086,0.0,23
31,0.6989267341187632,0.30107326588123673,0.0,23
32,0.6998903441626564,0.30010965583734367,0.0,23
33,0.6963551847207842,0.30364481527921583,0.0,23
34,0.688957573253113,0.31104242674688704,0.0,23
35,0.6826021566067458,0.31739784339325416,0.0,23
36,0.6780187057935193,0.32198129420648064,0.0,23
37,0.6582662381730707,0.3417337618269292,0.0,23
38,0.6433624370807564,0.35663756291924364,0.0,23
39,0.6275223541789352,0.3724776458210648,0.0,23
40,0.6075644426627824,0.3924355573372176,0.0,23
41,0.5994484671628618,0.40055153283713824,0.0,23
42,0.5606793986369378,0.43932060136306217,0.0,23
43,0.5347588215483342,0.4652411784516658,0.0,23
44,0.5471188353482027,0.45288116465179723,0.0,23
45,0.556304164100656,0.44369583589934414,0.0,23
46,0.5713950963122421,0.3948972771987114,0.03370762648904667,23
47,0.5830717649035215,0.3654979380856497,0.05143029701082884,23
48,0.5852004278423767,0.3646463604956189,0.05015321166200451,23
49,0.5806297365464189,0.39778481790778897,0.021585445545792097,23
50,0.5580125699267774,0.43232614478541875,0.009661285287803804,23
1,0.0,0.24,0.76,24
2,0.3211471756115176,0.15483305121967195,0.5240197731688104,24
3,0.3768641758780276,0.18811768930350328,0.4350181348184692,24
4,0.5186127326624014,0.2051631304658897,0.276224136871709,24
5,0.5451199751855395,0.239024159028074,0.21585586578638655,24
6,0.5132938846985037,0.34276349900768943,0.14394261629380697,24
7,0.49286554463639365,0.4225552863273925,0.08457916903621387,24
8,0.48643560855702,0.5135643914429799,0.0,24
9,0.5572824873808432,0.4427175126191568,0.0,24
10,0.5391690400529641,0.4608309599470359,0.0,24
11,0.5255133276776995,0.4744866723223005,0.0,24
12,0.5346907419336969,0.46530925806630313,0.0,24
13,0.5465602841960646,0.45343971580393533,0.0,24
14,0.5733389017238999,0.4266610982761001,0.0,24
15,0.6001699529454189,0.3998300470545812,0.0,24
16,0.6276604740898166,0.37233952591018343,0.0,24
17,0.659097749355099,0.34090225064490104,0.0,24
18,0.676346459916879,0.32365354008312097,0.0,24
19,0.685210089371634,0.314789910628366,0.0,24
20,0.696515882504366,0.30348411749563403,0.0,24
21,0.7045738255819665,0.29542617441803354,0.0,24
22,0.7104074987164829,0.28959250128351705,0.0,24
23,0.7137947551962283,0.28620524480377174,0.0,24
24,0.7096584193000909,0.2903415806999092,0.0,24
25,0.703227928642357,0.29677207135764305,0.0,24
26,0.7001225146626414,0.29987748533735853,0.0,24
27,0.7051869861018706,0.29481301389812936,0.0,24
28,0.7101649347939583,0.28983506520604185,0.0,24
29,0.7042506507044517,0.29574934929554836,0.0,24
30,0.7064560739946719,0.29354392600532797,0.0,24
31,0.696792179151375,0.30320782084862496,0.0,24
32,0.697476397854253,0.30252360214574714,0.0,24
33,0.6936352833454473,0.3063647166545526,0.0,24
34,0.6870345528141593,0.31296544718584074,0.0,24
35,0.6810030149539101,0.31899698504609,0.0,24
36,0.6767438903409839,0.32325610965901613,0.0,24
37,0.6571395487719793,0.3428604512280207,0.0,24
38,0.6430241804126953,0.35697581958730484,0.0,24
39,0.6272229807838935,0.3727770192161066,0.0,24
40,0.6073899591906655,0.3926100408093345,0.0,24
41,0.5995145947809991,0.40048540521900095,0.0,24
42,0.5607282666515889,0.4392717333484112,0.0,24
43,0.5343979129601573,0.46560208703984285,0.0,24
44,0.5468318357362155,0.4531681642637845,0.0,24
45,0.5562707550795849,0.4437292449204152,0.0,24
46,0.571912543739725,0.39480738565289686,0.03328007060737806,24
47,0.5839208675363494,0.3653435197223608,0.05073561274128978,24
48,0.5861584524293876,0.3646133275214524,0.04922822004916014,24
49,0.5815254780235172,0.3978936564018175,0.020580865574665475,24
50,0.5595591614911541,0.4325526480010466,0.007888190507799268,24
1,0.0,0.24,0.76,25
2,0.32158988755840084,0.15439496811885278,0.5240151443227463,25
3,0.3761283991521684,0.18836267473756477,0.43550892611026676,25
4,0.5196036877432214,0.2043344705025961,0.2760618417541825,25
5,0.5443363554976072,0.23905354026327216,0.21661010423912075,25
6,0.512846443617853,0.343215295399536,0.1439382609826109,25
7,0.4947318596778034,0.4205497908387821,0.08471834948341449,25
8,0.4883147893552135,0.5116023799910103,8.283065377609304e-05,25
9,0.5655067227292881,0.43449327727071185,0.0,25
10,0.5507559076929254,0.4492440923070747,0.0,25
11,0.5382608203181589,0.461739179681841,0.0,25
12,0.5470238326903593,0.4529761673096407,0.0,25
13,0.5593655836806458,0.4406344163193541,0.0,25
14,0.5855992801639475,0.4144007198360526,0.0,25
15,0.6113840348685632,0.38861596513143687,0.0,25
16,0.6374242389623002,0.3625757610376998,0.0,25
17,0.6659465563839573,0.3340534436160427,0.0,25
18,0.6804735422741403,0.31952645772585975,0.0,25
19,0.6891260811859089,0.31087391881409115,0.0,25
20,0.6990786906449077,0.30092130935509226,0.0,25
21,0.7071996460495376,0.2928003539504625,0.0,25
22,0.7127782828505119,0.2872217171494881,0.0,25
23,0.7144153520406606,0.2855846479593394,0.0,25
24,0.7101451088648618,0.28985489113513824,0.0,25
25,0.7020691293288502,0.2979308706711497,0.0,25
26,0.6979443202625565,0.3020556797374435,0.0,25
27,0.7029462076570073,0.29705379234299273,0.0,25
28,0.7092724887282805,0.29072751127171953,0.0,25
29,0.7025423410918216,0.2974576589081783,0.0,25
30,0.7043757109123545,0.2956242890876455,0.0,25
31,0.694233929379757,0.30576607062024297,0.0,25
32,0.6948540236367993,0.3051459763632008,0.0,25
33,0.6907343080026815,0.30926569199731846,0.0,25
34,0.6850993681551605,0.3149006318448395,0.0,25
35,0.6795074859998538,0.32049251400014617,0.0,25
36,0.6754914341232965,0.3245085658767035,0.0,25
37,0.6561541147474409,0.34384588525255905,0.0,25
38,0.6428244026116575,0.3571755973883424,0.0,25
39,0.6270390999991071,0.3729609000008928,0.0,25
40,0.6072205670619614,0.39277943293803863,0.0,25
41,0.5996224755694212,0.40037752443057884,0.0,25
42,0.5608452400725022,0.43915475992749775,0.0,25
43,0.5340570260455114,0.4659429739544885,0.0,25
44,0.5465535975625442,0.4534464024374557,0.0,25
45,0.5562174337557706,0.4437825662442294,0.0,25
46,0.5724758259898286,0.3947336137620157,0.03279056024815563,25
47,0.5847664684644022,0.36521693259479615,0.05001659894080164,25
48,0.5871137928520386,0.36458205645008096,0.04830415069788048,25
49,0.5823634822994394,0.39806670487978896,0.019569812820771717,25
50,0.5612404788971336,0.4329803324943125,0.005779188608553837,25
1,0.0,0.24,0.76,26
2,0.32181808674920886,0.1540754823047762,0.524106430946015,26
3,0.3753397607646636,0.18865070723991254,0.43600953199542386,26
4,0.5203149122366981,0.20365160109616276,0.27603348666713906,26
5,0.543215443269815,0.2392434392492816,0.21754111748090338,26
6,0.5120937339935394,0.34382495323101775,0.1440813127754429,26
7,0.4963134208065385,0.4187095540324067,0.08497702516105468,26
8,0.4899671987624464,0.5097910565873772,0.00024174465017647202,26
9,0.5729308558178289,0.4270691441821712,0.0,26
10,0.561692339944273,0.438307660055727,0.0,26
11,0.5504062552166602,0.44959374478333985,0.0,26
12,0.5586909464793166,0.44130905352068345,0.0,26
13,0.571426841148227,0.42857315885177305,0.0,26
14,0.5971097612961468,0.4028902387038532,0.0,26
15,0.6218214396406887,0.37817856035931124,0.0,26
16,0.6463446475785815,0.3536553524214186,0.0,26
17,0.6718395855858574,0.3281604144141425,0.0,26
18,0.6837031045265645,0.31629689547343554,0.0,26
19,0.6921116002859867,0.3078883997140133,0.0,26
20,0.7006659562452158,0.2993340437547843,0.0,26
21,0.708751483337096,0.2912485166629039,0.0,26
22,0.7140558206578282,0.2859441793421717,0.0,26
23,0.7140960379411908,0.2859039620588091,0.0,26
24,0.7097976544694942,0.29020234553050595,0.0,26
25,0.700333255566814,0.2996667444331861,0.0,26
26,0.6953727677130069,0.30462723228699295,0.0,26
27,0.700131969289189,0.2998680307108111,0.0,26
28,0.707582944188602,0.292417055811398,0.0,26
29,0.7003114103456595,0.2996885896543405,0.0,26
30,0.7017967198337437,0.29820328016625625,0.0,26
31,0.6913687448721907,0.30863125512780937,0.0,26
32,0.6921325096480099,0.30786749035199,0.0,26
33,0.6877963212018485,0.3122036787981514,0.0,26
34,0.6832090524630481,0.31679094753695203,0.0,26
35,0.6781336903296177,0.32186630967038227,0.0,26
36,0.6742899593790646,0.3257100406209354,0.0,26
37,0.655337086612152,0.344662913387848,0.0,26
38,0.6427630936153053,0.35723690638469474,0.0,26
39,0.6269913751423166,0.37300862485768344,0.0,26
40,0.6070642998399122,0.39293570016008783,0.0,26
41,0.5997621664504409,0.4002378335495592,0.0,26
42,0.5610132155934385,0.43898678440656147,0.0,26
43,0.5337279267662632,0.46627207323373665,0.0,26
44,0.5462956456878645,0.45370435431213546,0.0,26
45,0.5561645611914354,0.4438354388085646,0.0,26
46,0.573090226394436,0.39467055794687717,0.03223921565868672,26
47,0.5856204485347122,0.3651058217802704,0.049273729685017406,26
48,0.5880749068770209,0.36456056158052363,0.04736453154245533,26
49,0.5831862905931947,0.3982554532718991,0.018558256134906196,26
50,0.5631783660475354,0.43357103465329866,0.0032505992991662125,26
1,0.0,0.24,0.76,27
2,0.32183987984878354,0.15386973838788146,0.524290381763335,27
3,0.3745335086892073,0.1889624458056359,0.43650404550515687,27
4,0.5207936749585903,0.20308388838595476,0.2761224366554549,27
5,0.5418400901956952,0.23954362295319812,0.21861628685110654,27
6,0.5110656705456307,0.34455097954343517,0.14438334991093416,27
7,0.49764995227884146,0.4170351699024546,0.08531487781870387,27
8,0.4916329784369595,0.5080433961606279,0.00032362540241255566,27
9,0.5794911891726194,0.4205088108273806,0.0,27
10,0.5718862511160023,0.4281137488839977,0.0,27
11,0.5619306350889203,0.4380693649110798,0.0,27
12,0.5696624952499794,0.4303375047500206,0.0,27
13,0.5827183528564828,0.4172816471435172,0.0,27
14,0.6078725489231164,0.3921274510768837,0.0,27
15,0.6314839147435012,0.3685160852564988,0.0,27
16,0.6544067440670578,0.34559325593294227,0.0,27
17,0.6768086834218324,0.3231913165781676,0.0,27
18,0.6860592789811872,0.3139407210188127,0.0,27
19,0.6942062654730936,0.3057937345269064,0.0,27
20,0.7013533243845986,0.2986466756154014,0.0,27
21,0.7093064755677503,0.29069352443224966,0.0,27
22,0.7143322512940059,0.28566774870599404,0.0,27
23,0.7129033524867616,0.2870966475132384,0.0,27
24,0.7086924979901489,0.2913075020098511,0.0,27
25,0.6981795640577962,0.30182043594220387,0.0,27
26,0.6925204427001644,0.3074795572998355,0.0,27
27,0.6968966109293521,0.30310338907064793,0.0,27
28,0.7052080697988163,0.29479193020118355,0.0,27
29,0.6976652743314251,0.30233472566857494,0.0,27
30,0.6988699458992933,0.3011300541007066,0.0,27
31,0.6883180547037662,0.3116819452962339,0.0,27
32,0.6893562984578805,0.3106437015421195,0.0,27
33,0.6848981470774002,0.3151018529225999,0.0,27
34,0.6814006796479216,0.31859932035207844,0.0,27
35,0.6769324647844591,0.3230675352155409,0.0,27
36,0.6732135130984939,0.32678648690150613,0.0,27
37,0.6546813123160332,0.3453186876839669,0.0,27
38,0.6428320101353299,0.3571679898646701,0.0,27
39,0.6270736224749348,0.3729263775250653,0.0,27
40,0.6069643326903412,0.39303566730965883,0.0,27
41,0.5999449349870187,0.4000550650129813,0.0,27
42,0.5612001395146194,0.4387998604853805,0.0,27
43,0.5334262629847227,0.4665737370152774,0.0,27
44,0.5460790728720648,0.4539209271279352,0.0,27
45,0.5561574371327657,0.4438425628672342,0.0,27
46,0.573771628940321,0.39458779175856756,0.031640579301111485,27
47,0.5865192406407458,0.36500994536195025,0.04847081399730403,27
48,0.5891213877216958,0.36456097359360023,0.04631763868470391,27
49,0.5840941206932356,0.3984713617669152,0.01743451753984913,27
50,0.5652350420938963,0.43450243152640067,0.00026252637970303194,27
1,0.0,0.24,0.76,28
2,0.3216956712204875,0.15375888688806452,0.524545441891448,28
3,0.37372663563270453,0.18928881664521158,0.43698454772208395,28
4,0.5210541611542032,0.2026226369845293,0.27632320186126746,28
5,0.5402679959698684,0.23992299931488167,0.2198090047152498,28
6,0.5098552090046251,0.3453441814868098,0.14480060950856505,28
7,0.49879838932696086,0.41550732232279447,0.08569428835024478,28
8,0.49329055329539045,0.5063658459821403,0.00034360072246914473,28
9,0.5852052743589606,0.4147947256410393,0.0,28
10,0.5813571404728819,0.41864285952711816,0.0,28
11,0.572775059369431,0.42722494063056904,0.0,28
12,0.5799190751684624,0.42008092483153764,0.0,28
13,0.5932191815851043,0.4067808184148957,0.0,28
14,0.6178779787847746,0.3821220212152255,0.0,28
15,0.6403573981902655,0.35964260180973456,0.0,28
16,0.6616060210085157,0.3383939789914842,0.0,28
17,0.6808670412632458,0.31913295873675424,0.0,28
18,0.6875766134913686,0.3124233865086314,0.0,28
19,0.6954699549759626,0.30453004502403735,0.0,28
20,0.7012335117335907,0.2987664882664092,0.0,28
21,0.7089605266202068,0.29103947337979325,0.0,28
22,0.7137101281127918,0.28628987188720817,0.0,28
23,0.7109476137791149,0.28905238622088514,0.0,28
24,0.7069463726451389,0.2930536273548612,0.0,28
25,0.6957146375016621,0.30428536249833793,0.0,28
26,0.6895492056588552,0.31045079434114475,0.0,28
27,0.6934010388179773,0.30659896118202273,0.0,28
28,0.7022665652123831,0.297733434787617,0.0,28
29,0.6947372985947772,0.3052627014052229,0.0,28
30,0.6957170565863442,0.30428294341365575,0.0,28
31,0.6851778742259548,0.3148221257740452,0.0,28
32,0.6866055236220204,0.3133944763779795,0.0,28
33,0.6821137981593199,0.31788620184068017,0.0,28
34,0.6797190199589371,0.3202809800410628,0.0,28
35,0.6758913049648507,0.3241086950351493,0.0,28
36,0.6722967271186813,0.3277032728813187,0.0,28
37,0.6541316574808583,0.3458683425191416,0.0,28
38,0.6430120633372738,0.35698793666272627,0.0,28
39,0.6272660422066912,0.3727339577933087,0.0,28
40,0.6069118055852242,0.3930881944147758,0.0,28
41,0.6001408971836428,0.3998591028163572,0.0,28
42,0.5614076378546957,0.4385923621453044,0.0,28
43,0.5331680649231256,0.46683193507687437,0.0,28
44,0.5458663418956358,0.4541336581043642,0.0,28
45,0.5561713762879835,0.4438286237120165,0.0,28
46,0.5745144228026884,0.394464732339496,0.031020844857815536,28
47,0.587470593572961,0.3649208001583271,0.04760860626871176,28
48,0.5902636432729781,0.36458077539859257,0.04515558132842935,28
49,0.5850292352694761,0.3987728258629374,0.016197938867586536,28
50,0.5658146136156252,0.4341853863843748,0.0,28
1,0.0,0.24,0.76,29
2,0.3214046194572555,0.1537323633409372,0.5248630172018073,29
3,0.372938870808603,0.18962058656867695,0.4374405426227201,29
4,0.5211157959370801,0.20225618059935294,0.2766280234635669,29
5,0.5385510427391844,0.24035589740360777,0.2210930598572079,29
6,0.5085192482105407,0.3461764716697347,0.14530428011972465,29
7,0.4997887536179179,0.41410614398985535,0.08610510239222668,29
8,0.4949549783323891,0.5047557545448125,0.00028926712279840963,29
9,0.5901258116068961,0.4098741883931038,0.0,29
10,0.5900927314424016,0.40990726855759846,0.0,29
11,0.5829251661799575,0.41707483382004246,0.0,29
12,0.5894524758568027,0.4105475241431973,0.0,29
13,0.6029205625237866,0.3970794374762135,0.0,29
14,0.6271156009209196,0.37288439907908044,0.0,29
15,0.6484261795168208,0.35157382048317914,0.0,29
16,0.6679566338536481,0.33204336614635194,0.0,29
17,0.6840541045982645,0.3159458954017355,0.0,29
18,0.6883363641797047,0.31166363582029527,0.0,29
19,0.695951097369063,0.3040489026309369,0.0,29
20,0.7003821498639493,0.29961785013605075,0.0,29
21,0.7077928495415164,0.2922071504584836,0.0,29
22,0.7122804281364293,0.2877195718635707,0.0,29
23,0.7083121433073368,0.2916878566926632,0.0,29
24,0.7046464213538086,0.2953535786461913,0.0,29
25,0.6930407521208859,0.30695924787911405,0.0,29
26,0.6865110622771953,0.31348893772280484,0.0,29
27,0.6897941043114243,0.31020589568857565,0.0,29
28,0.6988820266278708,0.30111797337212926,0.0,29
29,0.6916460700957525,0.3083539299042474,0.0,29
30,0.692445952993847,0.3075540470061531,0.0,29
31,0.6820506614759859,0.31794933852401397,0.0,29
32,0.6839497614605751,0.31605023853942493,0.0,29
33,0.6794710519760531,0.3205289480239468,0.0,29
34,0.6781509597669771,0.3218490402330229,0.0,29
35,0.6750099908088881,0.3249900091911119,0.0,29
36,0.6715085047593454,0.3284914952406546,0.0,29
37,0.6537047094809852,0.3462952905190148,0.0,29
38,0.64326232300729,0.3567376769927101,0.0,29
39,0.6275424980895109,0.3724575019104891,0.0,29
40,0.606901697539776,0.3930983024602241,0.0,29
41,0.6003694245718835,0.3996305754281164,0.0,29
42,0.5616180024611817,0.4383819975388184,0.0,29
43,0.5329718848137603,0.4670281151862397,0.0,29
44,0.5456891233623715,0.45431087663762837,0.0,29
45,0.5562006654425754,0.4437993345574247,0.0,29
46,0.5752772122980288,0.39433722184772146,0.030385565854249775,29
47,0.5884621915182802,0.3648511162564438,0.04668669222527605,29
48,0.591521077410586,0.36460875168495493,0.04387017090445905,29
49,0.5860608591362029,0.39911720862683003,0.014821932236967171,29
50,0.5661631286230128,0.43383687137698734,0.0,29
1,0.0,0.24,0.76,30
2,0.32105117706536546,0.1537470413157621,0.5252017816188725,30
3,0.37214238585109355,0.18995386815451912,0.4379037459943873,30
4,0.5208957253123443,0.20199746018444834,0.27710681450320734,30
5,0.5369202086943419,0.24072208624893165,0.22235770505672647,30
6,0.5070616225991952,0.34705172514682897,0.14588665225397582,30
7,0.500681951175989,0.41278266150319465,0.08653538732081636,30
8,0.49680477642110843,0.5031558525407223,3.937103816938764e-05,30
9,0.5941477586079671,0.40585224139203296,0.0,30
10,0.5980886882086659,0.40191131179133405,0.0,30
11,0.5923688138158919,0.40763118618410815,0.0,30
12,0.5982473418548137,0.4017526581451864,0.0,30
13,0.6118029471397244,0.38819705286027556,0.0,30
14,0.6355676683417484,0.3644323316582517,0.0,30
15,0.6556746252752473,0.34432537472475266,0.0,30
16,0.6734630286008787,0.32653697139912125,0.0,30
17,0.686420796921321,0.313579203078679,0.0,30
18,0.6884196151470652,0.31158038485293477,0.0,30
19,0.6957159899740353,0.3042840100259648,0.0,30
20,0.6988752517475627,0.30112474825243735,0.0,30
21,0.705889254229424,0.2941107457705761,0.0,30
22,0.7101390577696604,0.2898609422303397,0.0,30
23,0.7051039760875165,0.2948960239124835,0.0,30
24,0.7019186711596701,0.29808132884032984,0.0,30
25,0.690235162723237,0.30976483727676307,0.0,30
26,0.6835321004100345,0.3164678995899654,0.0,30
27,0.6861993874174673,0.31380061258253267,0.0,30
28,0.695197355670319,0.304802644329681,0.0,30
29,0.6884933283728831,0.3115066716271168,0.0,30
30,0.6891490641493594,0.31085093585064066,0.0,30
31,0.6789886390988605,0.3210113609011396,0.0,30
32,0.68144888053561,0.31855111946439,0.0,30
33,0.6769800156512603,0.32301998434873963,0.0,30
34,0.6766766308315377,0.3233233691684623,0.0,30
35,0.6742750268019126,0.32572497319808735,0.0,30
36,0.6708665361597894,0.32913346384021047,0.0,30
37,0.6533944565229844,0.3466055434770155,0.0,30
38,0.6435586684874537,0.35644133151254626,0.0,30
39,0.627879635208256,0.3721203647917441,0.0,30
40,0.6069474048030792,0.3930525951969207,0.0,30
41,0.6006135709880344,0.39938642901196564,0.0,30
42,0.5618188892647104,0.43818111073528954,0.0,30
43,0.5328541896548511,0.46714581034514885,0.0,30
44,0.5455437595419451,0.4544562404580549,0.0,30
45,0.5562597590532187,0.44374024094678133,0.0,30
46,0.5760443173634662,0.3942073154719002,0.02974836716463371,30
47,0.589498978571799,0.3647837506233134,0.04571727080488766,30
48,0.5929383696290843,0.3646300860473875,0.04243154432352812,30
49,0.5872003820352747,0.39952847944959224,0.013271138515133046,30
50,0.5662744843192062,0.43372551568079376,0.0,30
1,0.0,0.24,0.76,31
2,0.32064301091104175,0.15379852451574555,0.5255584645732126,31
3,0.37134902966707034,0.19028299724161354,0.4383679730913162,31
4,0.5204416447699465,0.20182391418921275,0.27773444104084083,31
5,0.5353902153269943,0.24101535803976354,0.22359442663324217,31
6,0.5055299747725353,0.3479493962308775,0.14652062899658733,31
7,0.5014959993550179,0.4115296458212787,0.08697435482370332,31
8,0.49862989244389905,0.5013701075561009,0.0,31
9,0.5973482280978719,0.40265177190212814,0.0,31
10,0.605356603413853,0.39464339658614705,0.0,31
11,0.6010990573192361,0.39890094268076387,0.0,31
12,0.6062908640082499,0.39370913599175,0.0,31
13,0.6198718075982214,0.38012819240177864,0.0,31
14,0.6432468749158036,0.3567531250841964,0.0,31
15,0.6620938442239583,0.33790615577604166,0.0,31
16,0.6781282445027849,0.3218717554972152,0.0,31
17,0.687995808358935,0.3120041916410649,0.0,31
18,0.6879176657651634,0.3120823342348365,0.0,31
19,0.6948465658013268,0.30515343419867325,0.0,31
20,0.6967844044739281,0.30321559552607186,0.0,31
21,0.7033138622601823,0.2966861377398176,0.0,31
22,0.7073684246146319,0.2926315753853681,0.0,31
23,0.7014277835831039,0.2985722164168961,0.0,31
24,0.6988760930175779,0.30112390698242203,0.0,31
25,0.6873910065970431,0.31260899340295695,0.0,31
26,0.6806709973121258,0.31932900268787423,0.0,31
27,0.6826775457881191,0.31732245421188077,0.0,31
28,0.6913312141817664,0.30866878581823354,0.0,31
29,0.6853482545243672,0.31465174547563274,0.0,31
30,0.6858859185836338,0.3141140814163662,0.0,31
31,0.6760448335521718,0.3239551664478282,0.0,31
32,0.6791466878310267,0.3208533121689732,0.0,31
33,0.6747082627187215,0.3252917372812784,0.0,31
34,0.6753129081807332,0.32468709181926675,0.0,31
35,0.6736870970779335,0.3263129029220665,0.0,31
36,0.6703647079372713,0.3296352920627286,0.0,31
37,0.6531853783921648,0.34681462160783527,0.0,31
38,0.64389233340036,0.3561076665996399,0.0,31
39,0.6282444003026374,0.3717555996973626,0.0,31
40,0.6070485127601929,0.39295148723980705,0.0,31
41,0.6008678758610164,0.3991321241389836,0.0,31
42,0.5620026946939529,0.4379973053060471,0.0,31
43,0.5327817381443231,0.46721826185567683,0.0,31
44,0.5454099537813031,0.45459004621869686,0.0,31
45,0.5563449628154935,0.4436550371845065,0.0,31
46,0.5768239862592263,0.3940576241211023,0.02911838961967141,31
47,0.5905710077979452,0.36472871143858304,0.044700280763471684,31
48,0.5944397377905162,0.364661797320463,0.04089846488902092,31
49,0.5882931814232613,0.40010180846284193,0.011605010113896686,31
50,0.5662355008986125,0.43376449910138754,0.0,31
1,0.0,0.24,0.76,32
2,0.320192695134554,0.15388022062420306,0.5259270842412429,32
3,0.37057391917483906,0.19060093264402722,0.4388251481811337,32
4,0.5197907862186649,0.20172151645396202,0.27848769732737305,32
5,0.5339696579311836,0.24123459242981743,0.22479574963899893,32
6,0.5039590819774591,0.34885374117042184,0.147187176852119,32
7,0.5022318446470848,0.4103475217191634,0.08742063363375191,32
8,0.500512716633868,0.499487283366132,0.0,32
9,0.5998154616012303,0.4001845383987697,0.0,32
10,0.611907949973765,0.388092050026235,0.0,32
11,0.6091108562098622,0.3908891437901379,0.0,32
12,0.6135777923441558,0.3864222076558443,0.0,32
13,0.627140434070804,0.372859565929196,0.0,32
14,0.6501653940487674,0.34983460595123256,0.0,32
15,0.667688711729527,0.332311288270473,0.0,32
16,0.6819793732454624,0.3180206267545375,0.0,32
17,0.6888321635429268,0.3111678364570732,0.0,32
18,0.686909956259531,0.31309004374046906,0.0,32
19,0.6934182156695619,0.3065817843304381,0.0,32
20,0.6942013390377513,0.3057986609622488,0.0,32
21,0.7001690922545385,0.29983090774546145,0.0,32
22,0.7040985550156068,0.2959014449843932,0.0,32
23,0.6974004381162877,0.30259956188371234,0.0,32
24,0.6956073660794694,0.30439263392053056,0.0,32
25,0.6845737733261726,0.3154262266738274,0.0,32
26,0.6780085623664643,0.3219914376335357,0.0,32
27,0.6793326253316871,0.3206673746683128,0.0,32
28,0.687404998014401,0.312595001985599,0.0,32
29,0.6822954623440469,0.317704537655953,0.0,32
30,0.6827364416605712,0.3172635583394287,0.0,32
31,0.6732772784329077,0.3267227215670922,0.0,32
32,0.6770532320825227,0.32294676791747723,0.0,32
33,0.6726836303004768,0.3273163696995232,0.0,32
34,0.6740626924448436,0.32593730755515643,0.0,32
35,0.6731988996137196,0.32680110038628035,0.0,32
36,0.6699757459766458,0.33002425402335417,0.0,32
37,0.6530609316402168,0.3469390683597831,0.0,32
38,0.6442473128737055,0.3557526871262945,0.0,32
39,0.6286537518404646,0.3713462481595354,0.0,32
40,0.6072074695030704,0.3927925304969296,0.0,32
41,0.6011450485560385,0.39885495144396144,0.0,32
42,0.5621352840850814,0.43786471591491866,0.0,32
43,0.5327582204056448,0.46724177959435514,0.0,32
44,0.5452985739066635,0.45470142609333647,0.0,32
45,0.5564791118196033,0.44352088818039664,0.0,32
46,0.5776071102173947,0.3939133551708654,0.028479534611740038,32
47,0.5916622086813785,0.3646909045458239,0.04364688677279764,32
48,0.5960058030462789,0.364725741178866,0.039268455774855035,32
49,0.5893288194896004,0.40079863515723185,0.009872545353167821,32
50,0.5660862786137384,0.4339137213862617,0.0,32
1,0.0,0.24,0.76,33
2,0.3197073228645057,0.15398465681733378,0.5263080203181605,33
3,0.369983163948778,0.1908485015999782,0.43916833445124376,33
4,0.5190283983613213,0.20167760575465044,0.2792939958840283,33
5,0.5325563408745914,0.24145899618863026,0.22598466293677835,33
6,0.5023708288758282,0.3497529793797682,0.1478761917444036,33
7,0.5028922484624436,0.4092341534133734,0.08787359812418294,33
8,0.5024675683567463,0.4975324316432537,0.0,33
9,0.6016322455181694,0.39836775448183065,0.0,33
10,0.6177473020317887,0.3822526979682113,0.0,33
11,0.6164054024429765,0.38359459755702346,0.0,33
12,0.6201180616395547,0.3798819383604452,0.0,33
13,0.6336269861677153,0.36637301383228466,0.0,33
14,0.6563353109557661,0.34366468904423386,0.0,33
15,0.6724818385228877,0.32751816147711227,0.0,33
16,0.6850504446901371,0.31494955530986296,0.0,33
17,0.6889814011701768,0.31101859882982325,0.0,33
18,0.6854680518256575,0.31453194817434244,0.0,33
19,0.6914919911898689,0.30850800881013113,0.0,33
20,0.6912159412242129,0.30878405877578713,0.0,33
21,0.6965704617728025,0.3034295382271975,0.0,33
22,0.7004395561500262,0.2995604438499739,0.0,33
23,0.6931077998458535,0.3068922001541465,0.0,33
24,0.692224583734071,0.3077754162659291,0.0,33
25,0.6818357669695636,0.3181642330304365,0.0,33
26,0.6755542645432634,0.3244457354567365,0.0,33
27,0.6762456521560525,0.32375434784394747,0.0,33
28,0.6835473359029185,0.31645266409708156,0.0,33
29,0.6793681268906497,0.3206318731093504,0.0,33
30,0.679751825903688,0.3202481740963119,0.0,33
31,0.670744751524025,0.32925524847597504,0.0,33
32,0.6751966606834288,0.3248033393165712,0.0,33
33,0.6709411443616942,0.3290588556383057,0.0,33
34,0.6729820383155967,0.3270179616844033,0.0,33
35,0.6728222590077145,0.32717774099228547,0.0,33
36,0.669697216360742,0.3303027836392579,0.0,33
37,0.6530109155261059,0.34698908447389415,0.0,33
38,0.6446346189724481,0.3553653810275519,0.0,33
39,0.6290859583952603,0.3709140416047396,0.0,33
40,0.6074031505947057,0.3925968494052943,0.0,33
41,0.6014365126085974,0.3985634873914025,0.0,33
42,0.5622302439986858,0.4377697560013141,0.0,33
43,0.5327748423672262,0.4672251576327738,0.0,33
44,0.5452058420396331,0.4547941579603669,0.0,33
45,0.5566343072030978,0.44336569279690213,0.0,33
46,0.578357682679295,0.3937952761902022,0.027847041130502747,33
47,0.5927036788038178,0.3646719432681671,0.042624377928015045,33
48,0.5975703828540664,0.36481280136450883,0.03761681578142462,33
49,0.5902454030110662,0.4015840957977437,0.008170501191190102,33
50,0.5658470871004025,0.43415291289959745,0.0,33
1,0.0,0.24,0.76,34
2,0.31919646163903237,0.15410799975091652,0.526695538610051,34
3,0.3695651811209368,0.19103015988484634,0.4394046589942168,34
4,0.5181848465193956,0.20167750666012962,0.28013764682047476,34
5,0.5311712435167625,0.24168032241004891,0.22714843407318872,34
6,0.5007831959964121,0.35064070356261934,0.14857610044096867,34
7,0.5034761185786115,0.40818934493943887,0.08833453648194964,34
8,0.5044764841784202,0.4955235158215798,0.0,34
9,0.6028638606132034,0.3971058951144216,3.024427237504658e-05,34
10,0.6228758168634743,0.3771241831365258,0.0,34
11,0.6229883936968874,0.37701160630311265,0.0,34
12,0.625936572609623,0.37406342739037707,0.0,34
13,0.6393520831218664,0.36064791687813363,0.0,34
14,0.6617705759156719,0.33822942408432816,0.0,34
15,0.6764948878864777,0.32350511211352223,0.0,34
16,0.6873784438006812,0.3126215561993187,0.0,34
17,0.6884921678116874,0.3115078321883126,0.0,34
18,0.683667167113378,0.316332832886622,0.0,34
19,0.6891595576708361,0.3108404423291638,0.0,34
20,0.6879211137207074,0.31207888627929253,0.0,34
21,0.6926027068611893,0.30739729313881065,0.0,34
22,0.696504384719753,0.303495615280247,0.0,34
23,0.6886914586498988,0.3113085413501012,0.0,34
24,0.6888167477996037,0.3111832522003962,0.0,34
25,0.6792550121780688,0.3207449878219313,0.0,34
26,0.6733769888824371,0.3266230111175628,0.0,34
27,0.6734855140446488,0.32651448595535126,0.0,34
28,0.6798494386522242,0.3201505613477757,0.0,34
29,0.6766171969865564,0.32338280301344363,0.0,34
30,0.6769785913157715,0.32302140868422846,0.0,34
31,0.6684285250944725,0.3315714749055275,0.0,34
32,0.6735417373279603,0.3264582626720397,0.0,34
33,0.6694571729011951,0.33054282709880495,0.0,34
34,0.6720482835185223,0.32795171648147764,0.0,34
35,0.6725243694052198,0.32747563059478024,0.0,34
36,0.6695075769297507,0.3304924230702493,0.0,34
37,0.6530228129142509,0.34697718708574915,0.0,34
38,0.6450433618383968,0.3549566381616031,0.0,34
39,0.6295307335723346,0.37046926642766537,0.0,34
40,0.6076476871550841,0.39235231284491595,0.0,34
41,0.6017310184833643,0.39826898151663565,0.0,34
42,0.5623091539801044,0.43769084601989555,0.0,34
43,0.5328746552577293,0.46712534474227085,0.0,34
44,0.545122591355866,0.45487740864413395,0.0,34
45,0.5568011811531751,0.44319881884682494,0.0,34
46,0.5790409612541024,0.3937111684115401,0.02724787033435754,34
47,0.593687078161758,0.3646705402719678,0.041642381566274186,34
48,0.5991066473852318,0.36493063698121736,0.03596271563355086,34
49,0.5910394474357993,0.40246776509613297,0.0064927874680677684,34
50,0.5654797202624285,0.4345202797375715,0.0,34
1,0.0,0.24,0.76,35
2,0.31866731958513095,0.15424696511573222,0.527085715299137,35
3,0.3692962262196883,0.19115448388056364,0.4395492898997481,35
4,0.5172747109567585,0.20171392834282845,0.28101136070041305,35
5,0.5298401167255654,0.2418869859682429,0.22827289730619177,35
6,0.49921906856085624,0.351508017765991,0.1492729136731527,35
7,0.5039828978236572,0.40721147569900257,0.08880562647734022,35
8,0.506522534980757,0.49347746501924294,0.0,35
9,0.6034479688792211,0.39618960034545725,0.0003624307753216198,35
10,0.6273113288186586,0.37268867118134136,0.0,35
11,0.6288644583602605,0.37113554163973944,0.0,35
12,0.6310351403576977,0.36896485964230225,0.0,35
13,0.6443342636609659,0.3556657363390341,0.0,35
14,0.6664800284911021,0.33351997150889795,0.0,35
15,0.6797617468866075,0.32023825311339255,0.0,35
16,0.6889996291438027,0.3110003708561973,0.0,35
17,0.6874337479013087,0.31256625209869127,0.0,35
18,0.6815811628997902,0.31841883710020974,0.0,35
19,0.6865254606971423,0.3134745393028578,0.0,35
20,0.684416665210968,0.315583334789032,0.0,35
21,0.6884063154026046,0.3115936845973954,0.0,35
22,0.6923842711949912,0.30761572880500876,0.0,35
23,0.6842872959784679,0.315712704021532,0.0,35
24,0.6854343180595551,0.3145656819404448,0.0,35
25,0.6768439247624604,0.32315607523753953,0.0,35
26,0.6714600082304747,0.3285399917695254,0.0,35
27,0.6711057291148423,0.32889427088515755,0.0,35
28,0.6763652565706834,0.3236347434293167,0.0,35
29,0.6740736327325821,0.32592636726741775,0.0,35
30,0.6744545178366048,0.32554548216339513,0.0,35
31,0.6663588225890058,0.3336411774109942,0.0,35
32,0.6721404170616653,0.32785958293833484,0.0,35
33,0.6681861192325094,0.3318138807674906,0.0,35
34,0.6712463201173661,0.3287536798826339,0.0,35
35,0.6722796615719675,0.32772033842803244,0.0,35
36,0.6693723102766526,0.3306276897233474,0.0,35
37,0.6530780398973502,0.34692196010264964,0.0,35
38,0.6454544917903133,0.3545455082096866,0.0,35
39,0.6299639137010211,0.37003608629897883,0.0,35
40,0.6079391428427456,0.39206085715725447,0.0,35
41,0.6020225710963695,0.3979774289036304,0.0,35
42,0.5623977323925423,0.43760226760745763,0.0,35
43,0.5330600112955819,0.466939988704418,0.0,35
44,0.5450142138839351,0.454985786116065,0.0,35
45,0.5569538306366673,0.4430461693633327,0.0,35
46,0.5796317075443852,0.393670446886395,0.026697845569219777,35
47,0.5946085681925426,0.3646976166335881,0.04069381517386919,35
48,0.6006476712393912,0.36508665291168046,0.034265675848928326,35
49,0.5917331462587155,0.4033877844905019,0.004879069250782405,35
50,0.5649882868196281,0.4350117131803719,0.0,35
1,0.0,0.24,0.76,36
2,0.3181300988249408,0.1543963249715746,0.5274735762034847,36
3,0.36916312930281037,0.1912261842623591,0.43961068643483053,36
4,0.516314508695066,0.2017785497948714,0.2819069415100626,36
5,0.528583669043243,0.2420712808885902,0.22934505006816674,36
6,0.4977025844085376,0.3523455897951149,0.14995182579634767,36
7,0.5044064960026606,0.40630203971284923,0.08929146428449011,36
8,0.508583213633462,0.4914167863665379,0.0,36
9,0.6034971886496633,0.39556280399637755,0.0009400073539591429,36
10,0.6310748654086981,0.368925134591302,0.0,36
11,0.6340328913448854,0.3659671086551146,0.0,36
12,0.635401053296409,0.3645989467035911,0.0,36
13,0.6485986161587161,0.351401383841284,0.0,36
14,0.6704787919224237,0.3295212080775763,0.0,36
15,0.6823006610814788,0.31769933891852126,0.0,36
16,0.6899554933283348,0.3100445066716652,0.0,36
17,0.6858750927334523,0.31412490726654774,0.0,36
18,0.6792675736944125,0.32073242630558746,0.0,36
19,0.6836541719383559,0.3163458280616442,0.0,36
20,0.6807891351937785,0.3192108648062214,0.0,36
21,0.6840689912351364,0.3159310087648636,0.0,36
22,0.6881815787048124,0.31181842129518766,0.0,36
23,0.6799817283802938,0.32001827161970625,0.0,36
24,0.6821364640880689,0.31786353591193095,0.0,36
25,0.6746270449143894,0.32537295508561065,0.0,36
26,0.6698468291146492,0.3301531708853507,0.0,36
27,0.6691201464721487,0.33087985352785126,0.0,36
28,0.6731374880207103,0.3268625119792896,0.0,36
29,0.671760064999394,0.32823993500060594,0.0,36
30,0.6722050835819966,0.3277949164180033,0.0,36
31,0.664570496441658,0.3354295035583421,0.0,36
32,0.6709827941716577,0.3290172058283423,0.0,36
33,0.6671197192692666,0.3328802807307333,0.0,36
34,0.6705844353574394,0.3294155646425607,0.0,36
35,0.6721045865777312,0.3278954134222688,0.0,36
36,0.6692729624033555,0.33072703759664446,0.0,36
37,0.6531593764951502,0.3468406235048498,0.0,36
38,0.6458735608870114,0.3541264391129885,0.0,36
39,0.6303547356736561,0.369645264326344,0.0,36
40,0.6082702213572847,0.39172977864271535,0.0,36
41,0.6022967921938732,0.39770320780612667,0.0,36
42,0.5624756871160187,0.4375243128839814,0.0,36
43,0.5333164762191731,0.46668352378082695,0.0,36
44,0.5448836186956618,0.4551163813043381,0.0,36
45,0.5570698511910737,0.4429301488089262,0.0,36
46,0.5800813179838419,0.3936748527496686,0.02624382926648942,36
47,0.5954436500852377,0.36473769911642817,0.039818650798334146,36
48,0.6021260664751099,0.36528879079244214,0.03258514273244785,36
49,0.5923233293854274,0.4043237700577807,0.003352900556791799,36
50,0.5643509104552434,0.4356490895447565,0.0,36
1,0.0,0.24,0.76,37
2,0.31759059605358864,0.15455241879351383,0.5278569851528975,37
3,0.36915009120775005,0.1912500599854521,0.43959984880679787,37
4,0.5153219828768592,0.2018629719142025,0.2828150452089383,37
5,0.5274202676548319,0.24222755850821345,0.23035217383695483,37
6,0.49625324302063417,0.35314677835009173,0.15059997862927418,37
7,0.5047399084948327,0.4054620525094187,0.08979803899574847,37
8,0.5106353489465518,0.4893646510534482,0.0,37
9,0.6031013916124636,0.3951795746616207,0.0017190337259156765,37
10,0.634196668649772,0.36580333135022797,0.0,37
11,0.6384918109609345,0.3615081890390654,0.0,37
12,0.6390396721010685,0.3609603278989315,0.0,37
13,0.652188751043357,0.3478112489566429,0.0,37
14,0.6738027186758023,0.3261972813241977,0.0,37
15,0.6841339067751431,0.31586609322485687,0.0,37
16,0.690286830320053,0.309713169679947,0.0,37
17,0.6838912769133934,0.3161087230866067,0.0,37
18,0.6767600184216152,0.3232399815783849,0.0,37
19,0.6806251179786706,0.31937488202132924,0.0,37
20,0.6771456804428705,0.32285431955712945,0.0,37
21,0.6797034808757139,0.32029651912428614,0.0,37
22,0.6840002368607312,0.3159997631392688,0.0,37
23,0.6758986842130706,0.3241013157869294,0.0,37
24,0.6789751716152145,0.32102482838478563,0.0,37
25,0.6726251363606975,0.32737486363930246,0.0,37
26,0.6685242305631843,0.33147576943681556,0.0,37
27,0.6675224936486401,0.33247750635135986,0.0,37
28,0.6702386047799934,0.3297613952200065,0.0,37
29,0.6697361954728646,0.33026380452713555,0.0,37
30,0.6702583214888301,0.32974167851116987,0.0,37
31,0.6630637268534655,0.33693627314653446,0.0,37
32,0.6700954175624235,0.3299045824375764,0.0,37
33,0.6662625719548324,0.33373742804516765,0.0,37
34,0.670051135508994,0.32994886449100597,0.0,37
35,0.6719601325036461,0.32803986749635405,0.0,37
36,0.6691910999077295,0.33080890009227054,0.0,37
37,0.653251345710782,0.34674865428921803,0.0,37
38,0.6462771904078025,0.3537228095921976,0.0,37
39,0.6307311760943038,0.3692688239056961,0.0,37
40,0.608619944059068,0.391380055940932,0.0,37
41,0.6025399338452758,0.3974600661547242,0.0,37
42,0.5625371049704722,0.43746289502952773,0.0,37
43,0.5335906687947364,0.4664093312052636,0.0,37
44,0.5447376349252,0.4552623650747999,0.0,37
45,0.5571627785282939,0.44283722147170607,0.0,37
46,0.5803794334001714,0.39372348841241356,0.025897078187415015,37
47,0.5962220083792131,0.3647934925758702,0.0389844990449168,37
48,0.6035639658817948,0.3655501461089437,0.030885888009261425,37
49,0.5928563317191596,0.4052599324247444,0.0018837358560959347,37
50,0.5635580127291842,0.4364419872708158,0.0,37
1,0.0,0.24,0.76,38
2,0.3170564343752236,0.15471238646837368,0.5282311791564028,38
3,0.36924038491867683,0.19123317138784096,0.43952644369348226,38
4,0.5143106507647911,0.201961961078208,0.28372738815700077,38
5,0.5263648933254349,0.2423484442087132,0.23128666246585186,38
6,0.49489089412873355,0.3539027823791342,0.1512063234921322,38
7,0.5049720846779167,0.40469323838108195,0.0903346769410013,38
8,0.5126467296950383,0.48735327030496167,0.0,38
9,0.6023373023038155,0.3950027341313342,0.0026599635648502703,38
10,0.6367189293268972,0.3632810706731027,0.0,38
11,0.6422621470296834,0.3577378529703165,0.0,38
12,0.6419750279540352,0.35802497204596484,0.0,38
13,0.6551418167368965,0.3448581832631035,0.0,38
14,0.676469251042999,0.3235307489570009,0.0,38
15,0.6852990095101724,0.3147009904898276,0.0,38
16,0.6900367553714931,0.30996324462850683,0.0,38
17,0.6814949373622102,0.31842214421124004,8.291842654971565e-05,38
18,0.6741023536080994,0.3258976463919005,0.0,38
19,0.6775056363245443,0.32249436367545575,0.0,38
20,0.6735451638770144,0.32645483612298554,0.0,38
21,0.6753868549327674,0.3246131450672327,0.0,38
22,0.6798880391738048,0.3201119608261951,0.0,38
23,0.6720976801415465,0.32790231985845353,0.0,38
24,0.6760042519032916,0.32399574809670834,0.0,38
25,0.6708688566136267,0.3291311433863732,0.0,38
26,0.6674916829613771,0.33250831703862294,0.0,38
27,0.6663562614918745,0.3336437385081255,0.0,38
28,0.6676826949959246,0.33231730500407536,0.0,38
29,0.6680739565691883,0.3319260434308116,0.0,38
30,0.6686525498801617,0.33134745011983835,0.0,38
31,0.6618388306031473,0.33816116939685276,0.0,38
32,0.6694662902295772,0.3305337097704228,0.0,38
33,0.6656099214359771,0.33439007856402286,0.0,38
34,0.6696598914221792,0.3303401085778208,0.0,38
35,0.6718577114980798,0.32814228850192023,0.0,38
36,0.6691277379364846,0.33087226206351544,0.0,38
37,0.6533545200629574,0.3466454799370426,0.0,38
38,0.6466781697245766,0.3533218302754234,0.0,38
39,0.631089136001275,0.36891086399872497,0.0,38
40,0.6089763044722937,0.3910236955277063,0.0,38
41,0.6027563355024089,0.39724366449759113,0.0,38
42,0.5625805317379245,0.4374194682620755,0.0,38
43,0.5338752613727575,0.4661247386272424,0.0,38
44,0.5446035605042183,0.4553964394957817,0.0,38
45,0.5572291215483045,0.4427708784516956,0.0,38
46,0.5805208772103143,0.39381516193592575,0.025663960853759927,38
47,0.5968954816573084,0.3648768242637773,0.03822769407891413,38
48,0.6048702728196365,0.3658666215594215,0.0292631056209421,38
49,0.5932923084385177,0.4062043990308507,0.0005032925306317701,38
50,0.5625997015066069,0.4374002984933931,0.0,38
1,0.0,0.24,0.76,39
2,0.31653040219732115,0.15487473018343978,0.528594867619239,39
3,0.36941440873316,0.1911829436817087,0.4394026475851312,39
4,0.5132867976928327,0.20207356276977573,0.2846396395373916,39
5,0.5254217399651225,0.24243300735045614,0.23214525268442138,39
6,0.49363508019704977,0.3546053653819461,0.1517595544210041,39
7,0.5051009142809625,0.4039950327217051,0.09090405299733244,39
8,0.5145924734857664,0.48540752651423363,0.0,39
9,0.6012745619935086,0.3949982997449091,0.0037271382615823613,39
10,0.6386759901911236,0.36132400980887636,0.0,39
11,0.6453560194498911,0.354643980550109,0.0,39
12,0.6442362719671625,0.3557637280328375,0.0,39
13,0.6574973243825577,0.3425026756174423,0.0,39
14,0.6785025667313578,0.3214974332686423,0.0,39
15,0.6858280603927436,0.31417193960725637,0.0,39
16,0.689255120751733,0.310744879248267,0.0,39
17,0.6786982488960854,0.32092095848524604,0.0003807926186685409,39
18,0.6713485589013802,0.3286514410986198,0.0,39
19,0.6743441492994984,0.3256558507005015,0.0,39
20,0.6700653185745659,0.32993468142543425,0.0,39
21,0.6711927448051593,0.3288072551948408,0.0,39
22,0.6758880463468813,0.32411195365311873,0.0,39
23,0.6686195885848732,0.33138041141512686,0.0,39
24,0.6732603840991669,0.32673961590083306,0.0,39
25,0.6693819207755511,0.3306180792244488,0.0,39
26,0.6667309718839213,0.3332690281160787,0.0,39
27,0.6656031690639991,0.33439683093600087,0.0,39
28,0.66548675526645,0.33451324473355015,0.0,39
29,0.666769460708379,0.33323053929162105,0.0,39
30,0.6673555402360104,0.3326444597639896,0.0,39
31,0.6608862731658091,0.339113726834191,0.0,39
32,0.669079271774583,0.33092072822541707,0.0,39
33,0.6651290944398959,0.3348709055601042,0.0,39
34,0.6693902114830186,0.3306097885169815,0.0,39
35,0.6717846725043173,0.3282153274956827,0.0,39
36,0.6691005617434942,0.3308994382565057,0.0,39
37,0.6534901277120473,0.34650987228795266,0.0,39
38,0.6471008969200004,0.3528991030799996,0.0,39
39,0.6314345954061698,0.3685654045938302,0.0,39
40,0.6093365323874884,0.39066346761251164,0.0,39
41,0.6029267007036948,0.39707329929630525,0.0,39
42,0.5625982698051328,0.4374017301948671,0.0,39
43,0.5341960336612763,0.4658039663387238,0.0,39
44,0.5444751466887541,0.455524853311246,0.0,39
45,0.5572653386176397,0.44273466138236023,0.0,39
46,0.5805246092056209,0.3939470609650802,0.025528329829298948,39
47,0.5974648283072437,0.36498902283286044,0.03754614885989603,39
48,0.6060401046405195,0.3662193857379441,0.02774050962153622,39
49,0.5932252396605583,0.4067747603394418,0.0,39
50,0.5614746388810201,0.4385253611189798,0.0,39
1,0.0,0.24,0.76,40
2,0.3160269716001523,0.15503923082542134,0.5289337975744263,40
3,0.36937078592314626,0.19121179605546665,0.43941741802138706,40
4,0.5121305741105185,0.2022179695438567,0.28565145634562467,40
5,0.5247810864518371,0.24235194177612382,0.23286697177203905,40
6,0.49255635787246044,0.35522066006532327,0.15222298206221627,40
7,0.5050997376866025,0.40339571345202396,0.09150454886137352,40
8,0.5163238332753566,0.48367616672464336,0.0,40
9,0.6001589281775087,0.3950263302866226,0.00481474153586872,40
10,0.6401132606057733,0.3598867393942267,0.0,40
11,0.647794649455416,0.3522053505445841,0.0,40
12,0.645858819960502,0.35414118003949807,0.0,40
13,0.6592934447974024,0.3407065552025977,0.0,40
14,0.6799322843921293,0.3200677156078707,0.0,40
15,0.6857618337284177,0.31423816627158224,0.0,40
16,0.6879949445658124,0.31200505543418755,0.0,40
17,0.6755953029573996,0.3235555405574777,0.0008491564851227707,40
18,0.6685387595790695,0.33146124042093056,0.0,40
19,0.671187261200542,0.328812738799458,0.0,40
20,0.6667994413075331,0.333200558692467,0.0,40
21,0.6672119210733868,0.3327880789266133,0.0,40
22,0.6720922530846734,0.3279077469153267,0.0,40
23,0.6655057991480456,0.33449420085195436,0.0,40
24,0.6707668426750871,0.3292331573249128,0.0,40
25,0.668165393023733,0.3318346069762669,0.0,40
26,0.6662254980913658,0.3337745019086342,0.0,40
27,0.6652331494661353,0.3347668505338647,0.0,40
28,0.6636608129737672,0.3363391870262327,0.0,40
29,0.6658394958691057,0.3341605041308943,0.0,40
30,0.6663555209308036,0.33364447906919636,0.0,40
31,0.6601951190543585,0.3398048809456415,0.0,40
32,0.6689095021369447,0.3310904978630553,0.0,40
33,0.6648037994066162,0.33519620059338384,0.0,40
34,0.6692174452597144,0.3307825547402857,0.0,40
35,0.6717167126879197,0.3282832873120803,0.0,40
36,0.669115328537409,0.33088467146259115,0.0,40
37,0.6536486687831535,0.3463513312168466,0.0,40
38,0.6475365892790097,0.3524634107209903,0.0,40
39,0.631769996214579,0.3682300037854209,0.0,40
40,0.6097065715659348,0.3902934284340653,0.0,40
41,0.6030504007661318,0.39694959923386824,0.0,40
42,0.562598001088444,0.43740199891155596,0.0,40
43,0.5345529186248869,0.46544708137511304,0.0,40
44,0.5443455866312962,0.4556544133687038,0.0,40
45,0.5572778909405726,0.4427221090594275,0.0,40
46,0.5804341079525611,0.3941222148639286,0.025443677183510264,40
47,0.5979270431153848,0.36515245948868763,0.03692049739592769,40
48,0.6070594343612924,0.3666146957815723,0.02632586985713533,40
49,0.5928959240262975,0.4071040759737025,0.0,40
50,0.5601955260721052,0.43980447392789485,0.0,40
1,0.0,0.24,0.76,41
2,0.3155476166014693,0.15520551142851652,0.5292468719700143,41
3,0.3691295500020558,0.19131125734654764,0.43955919265139665,41
4,0.5108763187181495,0.20238139957207246,0.286742281709778,41
5,0.52443187847453,0.2421113169038808,0.23345680462158935,41
6,0.49165019395757614,0.3557496778922033,0.15260012815022045,41
7,0.5049673577193092,0.40289381749600767,0.09213882478468313,41
8,0.5178430186628312,0.4821569813371688,0.0,41
9,0.5990311893157322,0.39507136786867797,0.0058974428155898675,41
10,0.6410642573546321,0.3589357426453679,0.0,41
11,0.6496060802599516,0.3503939197400484,0.0,41
12,0.6468694615626972,0.3531305384373028,0.0,41
13,0.6605618845377169,0.33943811546228314,0.0,41
14,0.68076248553405,0.31920270522619154,3.480923975832193e-05,41
15,0.6851543681214409,0.31484563187855913,0.0,41
16,0.686326350424643,0.3136736495753571,0.0,41
17,0.6723166820282991,0.3262476317034814,0.0014356862682195605,41
18,0.6657118378281097,0.33428816217189034,0.0,41
19,0.6680984606073751,0.331901539392625,0.0,41
20,0.6638066488050266,0.3361933511949734,0.0,41
21,0.6635113009955546,0.33648869900444556,0.0,41
22,0.66856399147755,0.33143600852245014,0.0,41
23,0.6628023679344321,0.3371976320655679,0.0,41
24,0.6685452774157229,0.3314547225842772,0.0,41
25,0.6672043661292046,0.33279563387079547,0.0,41
26,0.6659248551323093,0.3340751448676908,0.0,41
27,0.6652344985309442,0.33476550146905576,0.0,41
28,0.66222045579086,0.3377795442091401,0.0,41
29,0.6652931501278763,0.3347068498721236,0.0,41
30,0.665636859859655,0.3343631401403449,0.0,41
31,0.6597515248245941,0.340248475175406,0.0,41
32,0.6689136037810088,0.33108639621899105,0.0,41
33,0.6646414174910538,0.33535858250894635,0.0,41
34,0.669120148192385,0.33087985180761503,0.0,41
35,0.6716484334085094,0.3283515665914906,0.0,41
36,0.6691603774076392,0.33083962259236066,0.0,41
37,0.6538281088810278,0.3461718911189723,0.0,41
38,0.6479876131746584,0.35201238682534164,0.0,41
39,0.6321187513280166,0.36788124867198335,0.0,41
40,0.610110539859876,0.389889460140124,0.0,41
41,0.6031321622248123,0.3968678377751877,0.0,41
42,0.5625931756832142,0.43740682431678574,0.0,41
43,0.5349398259958765,0.4650601740041234,0.0,41
44,0.5442339566392967,0.45576604336070325,0.0,41
45,0.5573040195386979,0.4426959804613022,0.0,41
46,0.5802518580090749,0.39432139343366795,0.025426748557257257,41
47,0.5982924551890562,0.36534537463918143,0.03636217017176238,41
48,0.6078848124657278,0.36706814835442503,0.02504703917984724,41
49,0.5924929708731662,0.40750702912683373,0.0,41
50,0.5587079316021962,0.44129206839780377,0.0,41
1,0.0,0.24,0.76,42
2,0.3150946712832981,0.15536687505293725,0.5295384536637646,42
3,0.3689053163957752,0.1914022881520203,0.4396923954522045,42
4,0.5096085481356499,0.20255384761457035,0.2878376042497796,42
5,0.5242206572909648,0.24181711210041787,0.23396223060861732,42
6,0.4909116420653367,0.35619415663862264,0.15289420129604078,42
7,0.5047088447022968,0.40248535926101436,0.09280579603668877,42
8,0.5191546894427574,0.4808453105572425,0.0,42
9,0.5979295757902555,0.3951165089509101,0.0069539152588343894,42
10,0.6415628717024859,0.3584371282975141,0.0,42
11,0.650822483546601,0.34917751645339895,0.0,42
12,0.6473049719054447,0.35269502809455533,0.0,42
13,0.6613274190449117,0.3386725809550883,0.0,42
14,0.6808633585283932,0.3187130078715024,0.0004236336001044059,42
15,0.6839345681597756,0.3158120194871773,0.0002534123530470618,42
16,0.6843226535990561,0.3156773464009439,0.0,42
17,0.6689473858944098,0.32895176286626415,0.00210085123932596,42
18,0.6629081805154952,0.3370918194845048,0.0,42
19,0.6651280867492858,0.3348719132507143,0.0,42
20,0.661114723137394,0.338885276862606,0.0,42
21,0.6601208736556151,0.33987912634438494,0.0,42
22,0.6653379145875871,0.33466208541241305,0.0,42
23,0.6605123669766055,0.3394876330233945,0.0,42
24,0.666604865724566,0.33339513427543405,0.0,42
25,0.6664866402123062,0.3335133597876938,0.0,42
26,0.6658125271898493,0.3341874728101508,0.0,42
27,0.665575307347816,0.3344246926521841,0.0,42
28,0.6611629531430434,0.3388370468569567,0.0,42
29,0.6651151743818348,0.33488482561816535,0.0,42
30,0.6651758742400673,0.3348241257599326,0.0,42
31,0.6595505986536435,0.3404494013463564,0.0,42
32,0.6690732207444885,0.33092677925551145,0.0,42
33,0.6646298596580005,0.33537014034199963,0.0,42
34,0.6690691865941419,0.3309308134058581,0.0,42
35,0.671567550809375,0.3284324491906249,0.0,42
36,0.6692295981000408,0.33077040189995915,0.0,42
37,0.6540526638775791,0.3459473361224208,0.0,42
38,0.6484379799811631,0.3515620200188368,0.0,42
39,0.6324774643378491,0.36752253566215093,0.0,42
40,0.6105353793495867,0.3894646206504134,0.0,42
41,0.603181290768674,0.39681870923132606,0.0,42
42,0.5625789199420246,0.4374210800579754,0.0,42
43,0.5353591532417382,0.4646408467582618,0.0,42
44,0.5441404766213976,0.4558595233786023,0.0,42
45,0.5573516210650872,0.4426483789349127,0.0,42
46,0.5799868584311396,0.3945438353365659,0.025469306232294465,42
47,0.5985779998933727,0.36556060105623256,0.035861399050394684,42
48,0.6085208988251265,0.3675968276857505,0.023882273489122984,42
49,0.5920277422707777,0.4079722577292224,0.0,42
50,0.5570278766951898,0.4429721233048102,0.0,42
1,0.0,0.24,0.76,43
2,0.31466722089285326,0.15552299258203894,0.5298097865251078,43
3,0.3686984283321364,0.1914847875126588,0.4398167841552049,43
4,0.5083484545749983,0.20272529633025027,0.2889262490947514,43
5,0.5241391225718829,0.24147077369395537,0.2343901037341618,43
6,0.49032573936234497,0.3565609064744165,0.15311335416323843,43
7,0.5043297253048231,0.40216347221154314,0.09350680248363383,43
8,0.5202564653040118,0.4797435346959881,0.0,43
9,0.5968779951208937,0.39515248688985893,0.007969517989247265,43
10,0.641644227932795,0.3583557720672051,0.0,43
11,0.6514807990568381,0.34851920094316197,0.0,43
12,0.6472056047381046,0.3527943952618953,0.0,43
13,0.6616352218224247,0.3383647781775752,0.0,43
14,0.680291035288733,0.3185729203749244,0.0011360443363425694,43
15,0.6820962064583351,0.3170477019069541,0.0008560916347108401,43
16,0.6819535001833841,0.31786782538317593,0.000178674433439933,43
17,0.6655791516318955,0.3316173935388789,0.002803454829225564,43
18,0.6601620035439043,0.3398379964560957,0.0,43
19,0.6623117889653232,0.33768821103467683,0.0,43
20,0.658784094647308,0.34121590535269186,0.0,43
21,0.6571044513193671,0.34289554868063277,0.0,43
22,0.6624513314415261,0.337548668558474,0.0,43
23,0.6586247534004764,0.34137524659952345,0.0,43
24,0.6649372919901734,0.3350627080098265,0.0,43
25,0.6659805281445924,0.33401947185540765,0.0,43
26,0.6658577676997268,0.3341422323002733,0.0,43
27,0.6662150284122546,0.3337849715877454,0.0,43
28,0.6604940122109609,0.3395059877890391,0.0,43
29,0.665264288032686,0.33473571196731394,0.0,43
30,0.6649416509240252,0.3350583490759748,0.0,43
31,0.6595808614512719,0.3404191385487282,0.0,43
32,0.6693608739422533,0.3306391260577467,0.0,43
33,0.6647442586995886,0.33525574130041136,0.0,43
34,0.6690655386582364,0.33093446134176374,0.0,43
35,0.6714721091659307,0.32852789083406925,0.0,43
36,0.6693105470620091,0.330689452937991,0.0,43
37,0.6543385293453533,0.3456614706546467,0.0,43
38,0.6488850088346726,0.35111499116532746,0.0,43
39,0.6328410528388345,0.3671589471611655,0.0,43
40,0.6109899983339494,0.3890100016660505,0.0,43
41,0.6032162906523878,0.3967837093476122,0.0,43
42,0.5625559854896989,0.4374440145103012,0.0,43
43,0.5357763351829197,0.46422366481708044,0.0,43
44,0.5440454147884385,0.45595458521156146,0.0,43
45,0.5573959942568332,0.44260400574316694,0.0,43
46,0.5796625896813348,0.3947850709922019,0.025552339326463433,43
47,0.5987650024735145,0.3658113803921621,0.03542361713432329,43
48,0.6089894856266642,0.36819889432194425,0.02281162005139172,43
49,0.5915078380291968,0.40849216197080307,0.0,43
50,0.5551929063410893,0.44480709365891064,0.0,43
1,0.0,0.24,0.76,44
2,0.31426618214805563,0.1556730970945498,0.5300607207573946,44
3,0.368507058819598,0.19155952883881172,0.43993341234159034,44
4,0.5071037480462857,0.20289261991504076,0.29000363203867346,44
5,0.5241752496205166,0.2410761623551336,0.2347485880243498,44
6,0.4898863956965237,0.35685344571890193,0.15326015858457445,44
7,0.5038479962597868,0.40191592890800704,0.09423607483220604,44
8,0.521153738338342,0.47884626166165795,0.0,44
9,0.5958912000672728,0.39517605853531496,0.008932741397412215,44
10,0.641343006399129,0.35865699360087094,0.0,44
11,0.6516236264298831,0.3483763735701169,0.0,44
12,0.6466170673640201,0.3533829326359798,0.0,44
13,0.6615241491976975,0.33847585080230247,0.0,44
14,0.6791036474347375,0.31875159165349504,0.002144760911767473,44
15,0.6796992505636856,0.3185199221042295,0.0017808273320847655,44
16,0.6792747181596126,0.3201913252621696,0.0005339565782178386,44
17,0.6622966290582201,0.3341999558680132,0.003503415073766822,44
18,0.6575306963912013,0.3424693036087987,0.0,44
19,0.6596932766794145,0.3403067233205856,0.0,44
20,0.6568336122241933,0.34316638777580666,0.0,44
21,0.6544964651532454,0.3455035348467545,0.0,44
22,0.6599254745832367,0.3400745254167634,0.0,44
23,0.6571442226068603,0.3428557773931396,0.0,44
24,0.6635242317035014,0.3364757682964986,0.0,44
25,0.6656739917908141,0.33432600820918584,0.0,44
26,0.6660372977480256,0.33396270225197444,0.0,44
27,0.667096790842893,0.3329032091571071,0.0,44
28,0.6601816030621325,0.33981839693786753,0.0,44
29,0.6657048610035285,0.33429513899647145,0.0,44
30,0.6649006427050371,0.33509935729496293,0.0,44
31,0.6598173127959663,0.3401826872040337,0.0,44
32,0.6697526255125863,0.3302473744874136,0.0,44
33,0.6649632221389048,0.33503677786109526,0.0,44
34,0.6690991748777654,0.33090082512223473,0.0,44
35,0.6713496358337693,0.3286503641662307,0.0,44
36,0.6693924710024549,0.3306075289975451,0.0,44
37,0.6546502470909691,0.34534975290903086,0.0,44
38,0.6492924426348768,0.3507075573651232,0.0,44
39,0.6331806984309143,0.36681930156908577,0.0,44
40,0.6114780181190977,0.3885219818809023,0.0,44
41,0.6032609039229153,0.3967390960770846,0.0,44
42,0.5625369609189578,0.4374630390810422,0.0,44
43,0.5362117277629298,0.46378827223707025,0.0,44
44,0.5439704116073975,0.45602958839260255,0.0,44
45,0.5574615085402352,0.44253849145976465,0.0,44
46,0.5793303637591002,0.3950428162832822,0.025626819957617637,44
47,0.5988478551585222,0.3661082653825726,0.03504387945890511,44
48,0.6092876948220527,0.36886029121689584,0.021852013961051398,44
49,0.5909564031877784,0.4090435968122215,0.0,44
50,0.5532453043696666,0.4467546956303334,0.0,44
1,0.0,0.24,0.76,45
2,0.3138914064426162,0.15581662081460454,0.5302919727427793,45
3,0.3683308935766054,0.19162580490854675,0.4400433015148479,45
4,0.5058815454170964,0.20305516308362248,0.2910632914992811,45
5,0.5243168061670463,0.2406397892905541,0.23504340454239953,45
6,0.48959141937007994,0.35707233847707837,0.15333624215284172,45
7,0.5032722446212665,0.4017349145735612,0.09499284080517215,45
8,0.5218598213308124,0.4781401786691875,0.0,45
9,0.5949805607693743,0.395182685169978,0.009836754060647716,45
10,0.6406446264737417,0.3592451272958976,0.00011024623036080816,45
11,0.6512942085945932,0.34870579140540686,0.0,45
12,0.6455849642484441,0.3544150357515559,0.0,45
13,0.6609103603064714,0.33884536589593667,0.00024427379759194793,45
14,0.6773752867049481,0.3192121074215315,0.0034126058735205276,45
15,0.6768327519795813,0.32018889365735853,0.0029783543630602293,45
16,0.6763449984974936,0.3226122970651224,0.0010427044373840953,45
17,0.659128361847267,0.33668597442798587,0.004185663724747246,45
18,0.6550502158818853,0.3449497841181147,0.0,45
19,0.6573155353410882,0.34268446465891184,0.0,45
20,0.6552663955987075,0.3447336044012924,0.0,45
21,0.6523158192906575,0.34768418070934237,0.0,45
22,0.6577931722735184,0.3422068277264816,0.0,45
23,0.6560776748486477,0.34392232515135246,0.0,45
24,0.6623882705313148,0.3376117294686852,0.0,45
25,0.665556259783592,0.3344437402164081,0.0,45
26,0.666327399089714,0.33367260091028605,0.0,45
27,0.6681713992195406,0.33182860078045934,0.0,45
28,0.6601923070139154,0.3398076929860846,0.0,45
29,0.6664035687269999,0.33359643127300004,0.0,45
30,0.6650222714015277,0.33497772859847236,0.0,45
31,0.6602256692007922,0.3397743307992078,0.0,45
32,0.6702344610569918,0.3297655389430082,0.0,45
33,0.6652818264197286,0.33471817358027156,0.0,45
34,0.6691668499147834,0.3308331500852165,0.0,45
35,0.6712028093225871,0.32879719067741286,0.0,45
36,0.6694778623733508,0.33052213762664906,0.0,45
37,0.6549965703356455,0.34500342966435443,0.0,45
38,0.6496761067020191,0.35032389329798075,0.0,45
39,0.6335026352144729,0.36649736478552714,0.0,45
40,0.611975805501661,0.3880241944983389,0.0,45
41,0.6033134558110479,0.39668654418895216,0.0,45
42,0.562508229979314,0.43749177002068584,0.0,45
43,0.5366372426642847,0.46336275733571525,0.0,45
44,0.5439132213755284,0.45608677862447145,0.0,45
45,0.5575422976392496,0.4424577023607505,0.0,45
46,0.5789911377438585,0.39530357359670437,0.025705288659437168,45
47,0.5988201995353857,0.3664478506025235,0.03473194986209072,45
48,0.609407806170804,0.36955957269271683,0.021032621136479298,45
49,0.5903936886000329,0.40960631139996695,0.0,45
50,0.5510236351899178,0.4487387905416129,0.00023757426846922683,45
1,0.0,0.24,0.76,46
2,0.31354718182564567,0.1559513261457691,0.5305014920285852,46
3,0.3681735897405554,0.19168235280471674,0.44014405745472784,46
4,0.5047146636317126,0.2032061936847012,0.2920791426835862,46
5,0.5245450011345235,0.24017762085231428,0.23527737801316226,46
6,0.48942422972207505,0.3572223264422147,0.15335344383571023,46
7,0.5026213109179671,0.4016156417798106,0.09576304730222236,46
8,0.5223703768538381,0.4776296231461619,0.0,46
9,0.5941697154707973,0.39516884414237574,0.010661440386826935,46
10,0.6395858836876394,0.36003088479419854,0.0003832315181621082,46
11,0.6505563021085652,0.3494436978914348,0.0,46
12,0.6441783840341615,0.35582161596583856,0.0,46
13,0.6598528769608228,0.33943843934904133,0.0007086836901357193,46
14,0.675218149755349,0.31990587484482924,0.004875975399821665,46
15,0.6736447513899998,0.3219801445246768,0.004375104085323452,46
16,0.6732886912841329,0.3250535999051304,0.001657708810736625,46
17,0.6561749593709112,0.3390075845735425,0.00481745605554639,46
18,0.6527905152896007,0.34720948471039925,0.0,46
19,0.655240421584176,0.34475957841582405,0.0,46
20,0.654103819578701,0.34589618042129894,0.0,46
21,0.6506045327983528,0.3493954672016471,0.0,46
22,0.6560948251944339,0.34390517480556626,0.0,46
23,0.6554301135930999,0.3445698864069,0.0,46
24,0.6615458223390075,0.33845417766099245,0.0,46
25,0.6655945910619272,0.33440540893807275,0.0,46
26,0.6667036922385283,0.3332963077614717,0.0,46
27,0.6693926605088591,0.33060733949114074,0.0,46
28,0.6604945556412009,0.33950544435879904,0.0,46
29,0.6672853734288808,0.33271462657111905,0.0,46
30,0.6652666545533652,0.33473334544663474,0.0,46
31,0.6607896023151042,0.33921039768489575,0.0,46
32,0.6707791758439633,0.32922082415603676,0.0,46
33,0.6656703848798884,0.33432961512011167,0.0,46
34,0.669250019386056,0.33074998061394395,0.0,46
35,0.6710437667456312,0.32895623325436896,0.0,46
36,0.6695520827637774,0.3304479172362226,0.0,46
37,0.6553664231375835,0.3446335768624165,0.0,46
38,0.6500276046032881,0.34997239539671193,0.0,46
39,0.6337795273655544,0.3662204726344456,0.0,46
40,0.6124786536118051,0.387521346388195,0.0,46
41,0.6033682907440726,0.3966317092559275,0.0,46
42,0.5624714884781895,0.43752851152181055,0.0,46
43,0.5370349435084522,0.4629650564915479,0.0,46
44,0.5438684064112869,0.45613159358871314,0.0,46
45,0.5576336040737406,0.4423663959262594,0.0,46
46,0.5786567804384397,0.3955676636268906,0.025775555934669608,46
47,0.5986813281350047,0.3668237220355819,0.03449494982941341,46
48,0.6093354753662635,0.37029964633344153,0.020364878300294844,46
49,0.5898524280646219,0.4101475719353781,0.0,46
50,0.548651709128511,0.4506774164134275,0.0006708744580615766,46
1,0.0,0.24,0.76,47
2,0.3132882191076766,0.1560546285097584,0.5306571523825651,47
3,0.368055409614575,0.19172296189093568,0.4402216284944893,47
4,0.5038096776440557,0.20331841971964246,0.29287190263630186,47
5,0.5247895797021279,0.23978489048665522,0.23542552981121684,47
6,0.48938213333251906,0.35729317774430536,0.15332468892317555,47
7,0.5020392396418613,0.4015606549631346,0.09640010539500411,47
8,0.5226422554121498,0.47735774458785024,0.0,47
9,0.5935878956037858,0.39514312850811195,0.011268975888102268,47
10,0.6384811117793808,0.36080550849167337,0.0007133797289458517,47
11,0.649668351951961,0.3503316480480389,0.0,47
12,0.6427639524375844,0.35721763534894013,1.8412213475523485e-05,47
13,0.658680043444844,0.3400768760793744,0.001243080475781545,47
14,0.6731784687345691,0.32062533732044085,0.006196193944990058,47
15,0.6708602133216923,0.32351122938718613,0.005628557291121505,47
16,0.6707498275528261,0.3270304999082315,0.0022196725389423593,47
17,0.6539519124387169,0.3407635412809772,0.005284546280306002,47
18,0.6511341568510239,0.348865843148976,0.0,47
19,0.6537881696108283,0.34621183038917175,0.0,47
20,0.6534475892788354,0.3465524107211646,0.0,47
21,0.6495635929386533,0.35043640706134666,0.0,47
22,0.6550431451916371,0.3449568548083629,0.0,47
23,0.6552058295498315,0.3447941704501686,0.0,47
24,0.6610687541436174,0.33893124585638246,0.0,47
25,0.6657303537752542,0.3342696462247457,0.0,47
26,0.6670470723396983,0.33295292766030166,0.0,47
27,0.6704525876281854,0.3295474123718145,0.0,47
28,0.6609612204265745,0.33903877957342543,0.0,47
29,0.6681149439768259,0.33188505602317403,0.0,47
30,0.6655502163630467,0.3344497836369534,0.0,47
31,0.66133689561761,0.3386631043823899,0.0,47
32,0.6712613060615625,0.3287386939384374,0.0,47
33,0.6660285574099699,0.3339714425900301,0.0,47
34,0.6693277201536879,0.33067227984631214,0.0,47
35,0.670893821017912,0.3291061789820881,0.0,47
36,0.6696039449107098,0.3303960550892902,0.0,47
37,0.6556775147512325,0.34432248524876746,0.0,47
38,0.6502945566686682,0.34970544333133174,0.0,47
39,0.6339778834996251,0.36602211650037497,0.0,47
40,0.612886155628198,0.3871138443718019,0.0,47
41,0.6034208623491644,0.39657913765083563,0.0,47
42,0.562438762169573,0.437561237830427,0.0,47
43,0.5373132380505792,0.4626867619494209,0.0,47
44,0.5438160339666083,0.45618396603339184,0.0,47
45,0.5576979386237172,0.44230206137628275,0.0,47
46,0.5783760647641661,0.39578316415396714,0.025840771081866793,47
47,0.5984708773680381,0.3671649839781979,0.03436413865376412,47
48,0.6091311602246514,0.37092734816572753,0.019941491609620946,47
49,0.5894189984621626,0.41058100153783733,0.0,47
50,0.5466948560506755,0.45223884690388916,0.001066297045435382,47
1,0.0,0.24,0.76,48
2,0.3131051931786952,0.1561288657753683,0.5307659410459366,48
3,0.3679749525320668,0.1917492446717856,0.44027580279614753,48
4,0.5031558672038715,0.20339486115913383,0.2934492716369946,48
5,0.5250091876157393,0.23947673780589854,0.2355140745783623,48
6,0.4894116376708586,0.3573124258069383,0.1532759365222031,48
7,0.501571981664219,0.4015416054196832,0.09688641291609781,48
8,0.522740670482275,0.47723805048843815,2.1279029286924364e-05,48
9,0.5931960670989311,0.39511331821375756,0.011690614687311198,48
10,0.6374894193280415,0.3614795818546283,0.0010309988173302642,48
11,0.6488053551848759,0.3511946448151241,0.0,48
12,0.641464971713717,0.35839564688614595,0.00013938140013708324,48
13,0.6575830803514233,0.3406627638951199,0.0017541557534568042,48
14,0.6714456965232226,0.3212720069251373,0.007282296551640184,48
15,0.6686347544082377,0.32471458136686765,0.006650664224894635,48
16,0.6688003609779771,0.32852101992312244,0.0026786190989003867,48
17,0.6524088080418211,0.3419952837133591,0.005595908244819793,48
18,0.6500144707145684,0.3499855292854316,0.0,48
19,0.6528546200056898,0.3471453799943101,0.0,48
20,0.6531526643985925,0.3468473356014074,0.0,48
21,0.6490187803757287,0.35098121962427126,0.0,48
22,0.6544754976955487,0.3455245023044512,0.0,48
23,0.6552384011597676,0.34476159884023233,0.0,48
24,0.660854065961602,0.33914593403839804,0.0,48
25,0.6658995450781188,0.3341004549218811,0.0,48
26,0.6673243680873264,0.3326756319126736,0.0,48
27,0.6712782250369177,0.32872177496308236,0.0,48
28,0.6614412517535192,0.33855874824648086,0.0,48
29,0.6688133192902667,0.33118668070973334,0.0,48
30,0.6658203069165907,0.3341796930834093,0.0,48
31,0.6618055565318592,0.33819444346814087,0.0,48
32,0.671631857766248,0.32836814223375194,0.0,48
33,0.6663172524580081,0.333682747541992,0.0,48
34,0.6693851026513721,0.3306148973486279,0.0,48
35,0.6707699353487449,0.3292300646512551,0.0,48
36,0.6696409529420577,0.33035904705794233,0.0,48
37,0.6559196256297731,0.3440803743702268,0.0,48
38,0.65049043121375,0.34950956878625,0.0,48
39,0.6341209509282483,0.3658790490717518,0.0,48
40,0.6131923057378691,0.38680769426213085,0.0,48
41,0.6034690336235682,0.39653096637643187,0.0,48
42,0.5624225750231364,0.43757742497686364,0.0,48
43,0.5375061789626783,0.46249382103732173,0.0,48
44,0.5437715674983103,0.45622843250168954,0.0,48
45,0.5577447118071629,0.44225528819283705,0.0,48
46,0.5781676592575957,0.3959458604929061,0.02588648024949821,48
47,0.5982630050219622,0.3674422699974597,0.03429472498057805,48
48,0.6088817804135799,0.3714251274985558,0.01969309208786433,48
49,0.5890869177210112,0.4109130822789887,0.0,48
50,0.5452234132778925,0.4534030606469056,0.0013735260752019227,48
1,0.0,0.24,0.76,49
2,0.3129907957765336,0.1561759470901844,0.530833257133282,49
3,0.36792547884425364,0.19176443994422598,0.4403100812115203,49
4,0.5027376640616255,0.20344011115074656,0.293822224787628,49
5,0.5251763520925175,0.23926433439723077,0.2355593135102518,49
6,0.4894669268343414,0.35730518983561077,0.15322788333004775,49
7,0.5012429314626049,0.4015417010248477,0.09721536751254754,49
8,0.5227279339076347,0.4771949456348198,7.712045754552834e-05,49
9,0.5929626233897815,0.3950869004454362,0.01195047616478229,49
10,0.6367331657975989,0.3619838943817127,0.001282939820688383,49
11,0.6481121906039536,0.3518878093960463,0.0,49
12,0.6404582705307421,0.35925786344505195,0.0002838660242059608,49
13,0.6567254894088332,0.34111565073830197,0.002158859852864774,49
14,0.6701739409975241,0.32176433754284295,0.008061721459633,49
15,0.6670816853280451,0.32554453082235185,0.0073737838496030425,49
16,0.6674857303535188,0.3295123546330247,0.0030019150134565015,49
17,0.6514592299405544,0.34276600890786085,0.005774761151584788,49
18,0.6493473699846859,0.35065263001531405,0.0,49
19,0.6523348379439954,0.34766516205600456,0.0,49
20,0.6530711754721886,0.34692882452781143,0.0,49
21,0.6488002087466238,0.35119979125337625,0.0,49
22,0.6542364500715494,0.3457635499284506,0.0,49
23,0.6553783309362227,0.34462166906377734,0.0,49
24,0.660800645452001,0.33919935454799904,0.0,49
25,0.666053792055674,0.33394620794432595,0.0,49
26,0.6675139238923875,0.3324860761076124,0.0,49
27,0.6718422165635115,0.3281577834364885,0.0,49
28,0.661833614425158,0.3381663855748421,0.0,49
29,0.6693129929207621,0.33068700707923787,0.0,49
30,0.6660347134879833,0.3339652865120167,0.0,49
31,0.662147742682665,0.33785225731733504,0.0,49
32,0.6718860434743078,0.3281139565256922,0.0,49
33,0.6665208359664617,0.3334791640335384,0.0,49
34,0.6694293789102626,0.3305706210897374,0.0,49
35,0.6706766711476507,0.3293233288523492,0.0,49
36,0.6696628983215693,0.3303371016784306,0.0,49
37,0.6560792913706098,0.34392070862939006,0.0,49
38,0.6506192331591144,0.34938076684088554,0.0,49
39,0.6342090208306624,0.36579097916933756,0.0,49
40,0.6133959963972048,0.38660400360279523,0.0,49
41,0.6035021583638595,0.3964978416361405,0.0,49
42,0.5624165792965591,0.43758342070344086,0.0,49
43,0.5376247662222112,0.46237523377778866,0.0,49
44,0.5437413050600975,0.4562586949399024,0.0,49
45,0.557777648708637,0.4422223512913629,0.0,49
46,0.5780307513491117,0.39605857820112256,0.025910670449765638,49
47,0.5980956253679549,0.36763956327449093,0.03426481135755417,49
48,0.608654365016666,0.3717746955566633,0.01957093942667057,49
49,0.5888629772019481,0.411137022798052,0.0,49
50,0.5442410559364805,0.45418303466205623,0.001575909401463304,49
1,0.0,0.24,0.76,50
2,0.3129370696488763,0.15619833023576396,0.5308646001153599,50
3,0.3679027551002259,0.19177094416203577,0.4403263007377383,50
4,0.5025379292150123,0.20345959484508094,0.29400247593990675,50
5,0.5252684886573042,0.2391552358462717,0.23557627549642401,50
6,0.48950970571589353,0.3572927652944871,0.15319752898961927,50
7,0.5010716408913889,0.4015470185007088,0.09738134060790246,50
8,0.5226850787674452,0.47719022665038124,0.00012469458217350673,50
9,0.5928576332164777,0.395071136110659,0.012071230672863326,50
10,0.6363148054091573,0.36225954075502254,0.0014256538358201408,50
11,0.6477153766763433,0.3522846233236568,0.0,50
12,0.6398933958155476,0.3597221428899419,0.000384461294510495,50
13,0.6562408334166749,0.3413695936521577,0.002389572931167422,50
14,0.6694873406021781,0.3220366126290761,0.008476046768745832,50
15,0.6662796643496243,0.3259689272463257,0.007751408404049921,50
16,0.6668270441723878,0.3300042030751339,0.0031687527524783114,50
17,0.651025099106361,0.3431259895378066,0.00584891135583245,50
18,0.6490501718621315,0.3509498281378684,0.0,50
19,0.6521220192037543,0.34787798079624566,0.0,50
20,0.653080768590022,0.346919231409978,0.0,50
21,0.6487565107503338,0.3512434892496662,0.0,50
22,0.6541812993900622,0.3458187006099377,0.0,50
23,0.6555002411305202,0.3444997588694797,0.0,50
24,0.6608142699780487,0.3391857300219513,0.0,50
25,0.6661464258367924,0.3338535741632076,0.0,50
26,0.66760937444718,0.33239062555282,0.0,50
27,0.6721243859646191,0.32787561403538085,0.0,50
28,0.662060951914451,0.3379390480855491,0.0,50
29,0.669577911145902,0.330422088854098,0.0,50
30,0.666155030811392,0.333844969188608,0.0,50
31,0.6623291750756508,0.33767082492434913,0.0,50
32,0.6720171928880752,0.3279828071119249,0.0,50
33,0.6666262121171256,0.3333737878828745,0.0,50
34,0.6694532445664582,0.3305467554335418,0.0,50
35,0.6706253387600989,0.32937466123990106,0.0,50
36,0.6696713045406476,0.3303286954593525,0.0,50
37,0.6561569789241575,0.3438430210758424,0.0,50
38,0.6506813247950383,0.34931867520496174,0.0,50
39,0.6342480058092927,0.36575199419070725,0.0,50
40,0.6134968034206798,0.3865031965793203,0.0,50
41,0.6035191593680321,0.3964808406319678,0.0,50
42,0.562416406409024,0.4375835935909761,0.0,50
43,0.5376810724540383,0.46231892754596177,0.0,50
44,0.543725497885764,0.45627450211423604,0.0,50
45,0.5577915231478167,0.44220847685218334,0.0,50
46,0.5779600191184309,0.39611861900308476,0.025921361878484532,50
47,0.5979978809791442,0.3677429823271735,0.03425913669368231,50
48,0.6085155507056118,0.3719551531127115,0.019529296181676724,50
49,0.588750242333412,0.41124975766658806,0.0,50
50,0.5437511927708619,0.4545732173639849,0.0016755898651530272,50
