horizon,stock_weight,bond_weight,t_bill_weight,iteration
1,0.0,0.24,0.76,0
2,0.02040816326530612,0.23510204081632652,0.7444897959183674,0
3,0.04081632653061224,0.23020408163265305,0.7289795918367347,0
4,0.0612244897959184,0.2253061224489796,0.713469387755102,0
5,0.08163265306122448,0.2204081632653061,0.6979591836734694,0
6,0.1020408163265306,0.21551020408163266,0.6824489795918367,0
7,0.12244897959183673,0.21061224489795918,0.6669387755102041,0
8,0.14285714285714285,0.2057142857142857,0.6514285714285715,0
9,0.16326530612244897,0.20081632653061224,0.6359183673469389,0
10,0.18367346938775508,0.19591836734693877,0.6204081632653061,0
11,0.2040816326530612,0.19102040816326532,0.6048979591836735,0
12,0.22448979591836732,0.18612244897959185,0.5893877551020408,0
13,0.24489795918367346,0.18122448979591838,0.5738775510204082,0
14,0.26530612244897955,0.1763265306122449,0.5583673469387755,0
15,0.2857142857142857,0.17142857142857143,0.5428571428571429,0
16,0.3061224489795918,0.16653061224489796,0.5273469387755103,0
17,0.32653061224489793,0.16163265306122448,0.5118367346938776,0
18,0.3469387755102041,0.156734693877551,0.4963265306122449,0
19,0.36734693877551017,0.15183673469387754,0.4808163265306123,0
20,0.3877551020408163,0.14693877551020407,0.4653061224489796,0
21,0.4081632653061224,0.14204081632653062,0.449795918367347,0
22,0.42857142857142855,0.13714285714285715,0.43428571428571433,0
23,0.44897959183673464,0.13224489795918368,0.41877551020408166,0
24,0.4693877551020408,0.1273469387755102,0.403265306122449,0
25,0.4897959183673469,0.12244897959183673,0.3877551020408163,0
26,0.5102040816326531,0.11755102040816326,0.3722448979591837,0
27,0.5306122448979591,0.11265306122448981,0.3567346938775511,0
28,0.5510204081632653,0.10775510204081634,0.3412244897959184,0
29,0.5714285714285714,0.10285714285714287,0.32571428571428573,0
30,0.5918367346938775,0.0979591836734694,0.31020408163265306,0
31,0.6122448979591836,0.09306122448979595,0.2946938775510205,0
32,0.6326530612244897,0.08816326530612245,0.2791836734693878,0
33,0.6530612244897959,0.08326530612244898,0.26367346938775515,0
34,0.673469387755102,0.0783673469387755,0.24816326530612243,0
35,0.6938775510204082,0.07346938775510203,0.2326530612244898,0
36,0.7142857142857142,0.06857142857142859,0.2171428571428572,0
37,0.7346938775510203,0.06367346938775512,0.20163265306122458,0
38,0.7551020408163265,0.058775510204081644,0.18612244897959185,0
39,0.7755102040816326,0.05387755102040817,0.17061224489795923,0
40,0.7959183673469387,0.048979591836734726,0.15510204081632661,0
41,0.8163265306122448,0.04408163265306125,0.139591836734694,0
42,0.836734693877551,0.03918367346938778,0.12408163265306127,0
43,0.8571428571428571,0.03428571428571431,0.10857142857142865,0
44,0.8775510204081632,0.029387755102040808,0.09306122448979592,0
45,0.8979591836734693,0.024489795918367363,0.07755102040816331,0
46,0.9183673469387754,0.01959183673469389,0.06204081632653069,0
47,0.9387755102040816,0.014693877551020418,0.04653061224489796,0
48,0.9591836734693877,0.009795918367346945,0.031020408163265345,0
49,0.9795918367346939,0.004897959183673473,0.015510204081632617,0
50,1.0,0.0,0.0,0
1,0.0266666563996285,0.22666667121810113,0.7466666723822704,1
2,0.0485672351819248,0.22076252669303584,0.7306702381250394,1
3,0.0688356186137742,0.21597119233518938,0.7151931890510365,1
4,0.08910667349460846,0.21117985520818114,0.6997134712972104,1
5,0.10938004258229252,0.20638904321089957,0.6842309142068079,1
6,0.12965525327318733,0.20159938774553576,0.6687453589812768,1
7,0.1499316987635627,0.1968116310418568,0.6532566701945804,1
8,0.17020862232819475,0.1920266306878807,0.6377647469839245,1
9,0.1904851111901283,0.18724535340146514,0.6222695354084067,1
10,0.21076007407955788,0.18246887993764668,0.6067710459827954,1
11,0.23103225890379772,0.17769837305688763,0.5912693680393146,1
12,0.2513002465667572,0.17293506274231815,0.5757646906909246,1
13,0.27156246234910936,0.1681802179810789,0.5602573196698117,1
14,0.2918171963208842,0.1634351103557629,0.5447476933233529,1
15,0.3120626498249236,0.15870095138284515,0.5292363987922313,1
16,0.3322969798394324,0.15397883660912942,0.5137241835514382,1
17,0.3525183370709002,0.14926970925020258,0.49821195367889726,1
18,0.3727249501889428,0.14457427258318842,0.48270077722786875,1
19,0.3929151969963194,0.1398929335069808,0.4671918694966997,1
20,0.41308765810337894,0.13522578030618712,0.45168656159043397,1
21,0.43324122019031175,0.13057249800935225,0.4361862818003361,1
22,0.45337512512442535,0.12593238353193348,0.4206924913436412,1
23,0.47348905974453226,0.12130426878635994,0.4052066714691078,1
24,0.49358318591208605,0.11668656868365096,0.389730245404263,1
25,0.5136580711030674,0.11207746764851055,0.37426446124842205,1
26,0.5337148670634798,0.10747467986402165,0.35881045307249854,1
27,0.5537548050564739,0.10287642918137863,0.3433687657621475,1
28,0.5631159849650861,0.11918491215657226,0.3176991028783417,1
29,0.5831288395985974,0.1146097345641269,0.30226142583727567,1
30,0.6031329931789153,0.11003164621815475,0.2868353606029299,1
31,0.6231302512351815,0.10545000184121128,0.2714197469236072,1
32,0.62179953196882,0.11027263720997725,0.26792783082120275,1
33,0.6417855638865368,0.1056729234892009,0.2525415126242623,1
34,0.6617802698902014,0.10106046898445781,0.23715926112534075,1
35,0.6817789448255659,0.09643641281424478,0.22178464236018933,1
36,0.691122614264972,0.0806179119206189,0.2282594738144091,1
37,0.7111367897265853,0.07595207248149527,0.2129111377919194,1
38,0.7311624860641646,0.07127416902462476,0.1975633449112107,1
39,0.7512001421305232,0.06658366855452102,0.18221618931495576,1
40,0.7712504016959192,0.06188098636548331,0.1668686119385975,1
41,0.7913137507914942,0.05716697579295507,0.1515192734155507,1
42,0.8113904364676495,0.05244274681135315,0.13616681672099734,1
43,0.8314803716505326,0.04770955321319531,0.12081007513627212,1
44,0.8515831923997419,0.042968823591430214,0.10544798400882789,1
45,0.871698398735951,0.03822225363265121,0.09007934763139779,1
46,0.8918253243078209,0.03347192742090165,0.07470274827127743,1
47,0.9119632182982624,0.028720746149257143,0.059316035552480426,1
48,0.9321112058980362,0.02397384817986855,0.04391494592209525,1
49,0.9522685100151957,0.01924334926973849,0.028488140715065766,1
50,0.9733351468188456,0.013332375974456828,0.013332477206697599,1
1,0.05253244646454106,0.2130521910603181,0.7344153624751408,2
2,0.07789612146918781,0.20570676627312942,0.7163971122576828,2
3,0.09790130671106191,0.20112148254550835,0.7009772107434298,2
4,0.1179517880845551,0.19651061994957963,0.6855375919658653,2
5,0.13795874561108834,0.1919257250587697,0.670115529330142,2
6,0.15797832633643974,0.1873424463928727,0.6546792272706876,2
7,0.1779942147508718,0.18277094645663658,0.6392348387924914,2
8,0.19802757845348565,0.178196713761856,0.6237757077846584,2
9,0.21806451064497526,0.1736281118893002,0.6083073774657246,2
10,0.2380674300534182,0.16909563917916892,0.5928369307674128,2
11,0.25808807247397203,0.16456471334451173,0.5773472141815162,2
12,0.27804573838631363,0.16008853963395744,0.561865721979729,2
13,0.29804972496715726,0.15558478715670818,0.5463654878761346,2
14,0.31803217834306335,0.15110947394835342,0.5308583477085833,2
15,0.3379576992082782,0.1466978718205741,0.5153444289711477,2
16,0.3578943166216194,0.1422689780678505,0.4998367053105301,2
17,0.3777664405244636,0.13790747207455636,0.48432608740098004,2
18,0.397619626169351,0.13356520036330724,0.4688151734673418,2
19,0.4173382141707598,0.12935578765169314,0.4533059981775471,2
20,0.4370362377287388,0.12515134076668083,0.4378124215045804,2
21,0.456754713589288,0.12093177989180878,0.4223135065189032,2
22,0.47631918407927265,0.11684575391358094,0.4068350620071464,2
23,0.4958736624474814,0.11275030549510942,0.39137603205740923,2
24,0.5154333330438394,0.10863505881180645,0.3759316081443541,2
25,0.5349564716172822,0.10451292724805067,0.3605306011346671,2
26,0.5539046922837156,0.10132252642338091,0.34477278129290345,2
27,0.5694746270365542,0.10472709279673495,0.32579828016671086,2
28,0.5742934941708812,0.12902530702832027,0.2966811988007986,2
29,0.5934616210076783,0.1251880472191189,0.2813503317732028,2
30,0.6122372910480415,0.12136041728492708,0.26640229166703144,2
31,0.6291004534447043,0.1183769678970017,0.252522578658294,2
32,0.6312379252738022,0.12072501993337878,0.24803705479281904,2
33,0.6345351174111867,0.1235711284014639,0.24189375418734937,2
34,0.6519248328223852,0.1202714762397174,0.22780369093789737,2
35,0.670942834453121,0.11599495111033659,0.21306221443654244,2
36,0.679583044034873,0.09959192216947334,0.22082503379565366,2
37,0.6921382952326218,0.0886588691018308,0.21920283566554738,2
38,0.710310845773658,0.08324145292797042,0.2064477012983716,2
39,0.7294897544348891,0.07875633578945986,0.1917539097756511,2
40,0.7486994625757115,0.07430680555678368,0.1769937318675048,2
41,0.7681581168952591,0.06992680509856534,0.1619150780061755,2
42,0.7876391150590669,0.06548398772163799,0.1468768972192951,2
43,0.8070962159457438,0.06105334183131512,0.13185044222294112,2
44,0.826664152477039,0.05658790033220218,0.11674794719075887,2
45,0.846212390313372,0.05211944053603182,0.10166816915059615,2
46,0.8658101013941695,0.04764601991618166,0.08654387868964886,2
47,0.8854470707064536,0.04316281224952361,0.07139011704402282,2
48,0.905117338106818,0.03869028530978237,0.05619237658339958,2
49,0.9247882591412768,0.03427124290533748,0.040940497953385696,2
50,0.9467443108496338,0.0266176929252636,0.026637996225102517,2
1,0.07808169473964863,0.1993641427645302,0.7225541624958212,3
2,0.10812757050670202,0.1902018255256772,0.7016706039676208,3
3,0.1277796662983382,0.18589947893689915,0.6863208547647625,3
4,0.1475293049509795,0.18153615964364286,0.6709345354053776,3
5,0.16715707416882694,0.1772455397742893,0.6555973860568838,3
6,0.18679508689385327,0.17296605311186886,0.6402388599942779,3
7,0.20642933795612234,0.16870550937715362,0.6248651526667239,3
8,0.22609830849026386,0.16443926206072512,0.609462429449011,3
9,0.2458178833984933,0.16016340089299533,0.5940187157085114,3
10,0.26542268345656544,0.15598678547866918,0.5785905310647654,3
11,0.28501721207789665,0.1518427161881901,0.5631400717339132,3
12,0.3045300633412076,0.1477749362318665,0.547695000426926,3
13,0.3241828830123622,0.14359957762064318,0.5322175393669946,3
14,0.3437289875747238,0.13955868011189146,0.5167123323133848,3
15,0.3632555505308448,0.13554967361572023,0.501194775853435,3
16,0.3828293397974265,0.13146583175107068,0.4857048284515028,3
17,0.40214232713015857,0.12765158223056267,0.4702060906392788,3
18,0.4214234664933394,0.1238772363534884,0.4546992971531722,3
19,0.4405534670100093,0.12025622224282045,0.43919031074717035,3
20,0.45948117762382734,0.11680210172880554,0.4237167206473671,3
21,0.47857119240172363,0.11324311283306726,0.4081856947652091,3
22,0.49717969123339245,0.11023007884940907,0.3925902299171985,3
23,0.5159102262749382,0.10703027194906946,0.37705950177599235,3
24,0.534580035327712,0.10389018727769869,0.36152977739458925,3
25,0.5532517686780017,0.10062069652897492,0.34612753479302333,3
26,0.5688949354452759,0.10270092313908505,0.328404141415639,3
27,0.5798953875477388,0.11401551770488255,0.3060890947473786,3
28,0.584550612745973,0.1376002577654029,0.2778491294886241,3
29,0.6025255168426454,0.13506553238205787,0.2624089507752967,3
30,0.6188980792749742,0.1324756935004818,0.248626227224544,3
31,0.6278852980251823,0.13298781718868752,0.23912688478613014,3
32,0.6390494629036568,0.13105412843762151,0.22989640865872166,3
33,0.6338718919184692,0.13668719737847645,0.2294409107030544,3
34,0.644156421305727,0.13644509662899562,0.21939848206527734,3
35,0.6615207556661553,0.13276883738647816,0.20571040694736653,3
36,0.6707356193300565,0.11750295253230224,0.2117614281376412,3
37,0.6792777270142244,0.10381297910758357,0.21690929387819202,3
38,0.6934354917099753,0.09567076647638632,0.21089374181363835,3
39,0.7104653771809561,0.09069324774166095,0.19884137507738292,3
40,0.7284136175200115,0.08640217003068304,0.1851842124493054,3
41,0.7468588336114189,0.08239610830173005,0.17074505808685103,3
42,0.7654998903853332,0.07834041891747534,0.1561596906971915,3
43,0.784141766062199,0.07426957179156007,0.14158866214624094,3
44,0.8028515657444075,0.0701693047259141,0.12697912952967838,3
45,0.8216677243160764,0.06606840415339815,0.11226387153052547,3
46,0.84053832088581,0.061957910109855116,0.09750376900433484,3
47,0.8594712727934203,0.057834326634944935,0.08269440057163478,3
48,0.8784896585152064,0.05371846156990842,0.06779187991488521,3
49,0.8975237117071445,0.049677613418823846,0.05279867487403164,3
50,0.9203551712013954,0.039815095823553893,0.03982973297505068,3
1,0.10191701832326852,0.18534274901101827,0.7127402326657132,4
2,0.13884363750920423,0.17453517521486409,0.6866211872759317,4
3,0.1581179510320944,0.17057801851135077,0.6713040304565548,4
4,0.1774819576829025,0.16653599826153026,0.655982044055567,4
5,0.1966951869223046,0.16259847694224175,0.6407063361354537,4
6,0.215727723099109,0.1587659792087512,0.6255062976921397,4
7,0.2348556489265319,0.1548890794984617,0.6102552715750065,4
8,0.254020118162824,0.15106307312789488,0.5949168087092811,4
9,0.2734613328802785,0.14708714826781757,0.5794515188519039,4
10,0.2925716896229588,0.14335689557928494,0.5640714147977561,4
11,0.3116340747835904,0.13969732374010946,0.5486686014763001,4
12,0.33052932822646797,0.13619077125990076,0.5332799005136313,4
13,0.3497060008424305,0.1324573631900291,0.5178366359675405,4
14,0.3687661928496434,0.12890569594275922,0.5023281112075973,4
15,0.38776328265848475,0.12542240878622252,0.4868143085552928,4
16,0.40687145838017724,0.12177944466469291,0.47134909695512983,4
17,0.42539224095492567,0.11872841486565584,0.4558793441794185,4
18,0.44395626191527227,0.11566201995329667,0.44038171813143107,4
19,0.46244215675239386,0.11268812570538364,0.42486971754222247,4
20,0.48046808620689063,0.11009060673329514,0.40944130705981424,4
21,0.498537830516095,0.10769297177873637,0.3937691977051686,4
22,0.5155113747496738,0.1067853790414976,0.3777032462088286,4
23,0.5333408587471323,0.10461125710188338,0.3620478841509843,4
24,0.5504390620583667,0.10356012780751907,0.34600081013411427,4
25,0.5677638004139081,0.10195588346512918,0.33028031612096276,4
26,0.5796781343194624,0.10987964921146219,0.31044221646907544,4
27,0.5882513512997324,0.12475233618161226,0.28699631251865537,4
28,0.5936049223762838,0.1459579684609273,0.2604371091627889,4
29,0.6102542640283651,0.1445944138197215,0.24515132215191338,4
30,0.6239209455969462,0.14335534568501476,0.23272370871803902,4
31,0.6247421356036346,0.14704209196403276,0.22821577243233268,4
32,0.6425338505382918,0.14262191956984524,0.21484422989186294,4
33,0.6377501137724753,0.14681530224808287,0.21543458397944187,4
34,0.6393020562787152,0.14977701099121066,0.21092093273007417,4
35,0.6536818787605807,0.1475597770445446,0.1987583441948747,4
36,0.6635667861656865,0.13382193298450074,0.20261128084981272,4
37,0.6705233962848485,0.11969385110633822,0.2097827526088133,4
38,0.6802655664531282,0.10884825064337277,0.21088618290349903,4
39,0.6943940832451703,0.10277845027285146,0.20282746648197827,4
40,0.710489037480312,0.09834023702971764,0.19117072548997036,4
41,0.7275451258316517,0.09463920632747566,0.1778156678408727,4
42,0.7451419739351658,0.09100992954205525,0.16384809652277896,4
43,0.7627147971666912,0.08735187528370447,0.1499333275496043,4
44,0.7803574671907031,0.08366356110455288,0.13597897170474404,4
45,0.7982591416326857,0.07997113411789458,0.12176972424941968,4
46,0.8162195307051221,0.076273227509462,0.1075072417854159,4
47,0.8342886207087705,0.07256542339099704,0.09314595590023243,4
48,0.8524997872216579,0.06886556532893129,0.07863464744941084,4
49,0.8708036889233193,0.0652390100074085,0.06395730106927222,4
50,0.8941700467994804,0.05292446520583748,0.05290548799468209,4
1,0.1238422106405159,0.1708292364622293,0.7053285528972548,5
2,0.1694972061615163,0.15898704328473212,0.6715157505537516,5
3,0.18854984573393582,0.15540313434794123,0.656047019918123,5
4,0.20752602298764275,0.15173239750924655,0.6407415795031107,5
5,0.22627641303786294,0.148207115151622,0.6255164718105151,5
6,0.24453174787158488,0.14491264422303213,0.6105556079053829,5
7,0.2628904177245901,0.14159234530224626,0.5955172369731636,5
8,0.28156528529758384,0.13825266183472798,0.5801820528676882,5
9,0.3007530488531447,0.13458678695445075,0.5646601641924045,5
10,0.31924124421081956,0.13141632007693876,0.5493424357122416,5
11,0.33769959150604323,0.12831563190131087,0.5339847765926459,5
12,0.3558375863175194,0.12549890539075956,0.518663508291721,5
13,0.3744406953478993,0.12230291260918327,0.5032563920429174,5
14,0.3929394696787851,0.1193060465846623,0.48775448373655256,5
15,0.41139101863304073,0.11636382288134231,0.472245158485617,5
16,0.4298516183989083,0.11333005703117832,0.4568183245699134,5
17,0.44730006308193315,0.11132617007456863,0.4413737668434982,5
18,0.4652028693492014,0.10889492516817675,0.4259022054826219,5
19,0.4828481139852311,0.10678689264588787,0.41036499336888105,5
20,0.49991037590063536,0.10510231234054318,0.39498731175882146,5
21,0.5164109720846273,0.1046475790961981,0.37894144881917463,5
22,0.5313828810699353,0.10646182789375891,0.36215529103630584,5
23,0.5477913740757093,0.10615170272788482,0.34605692319640585,5
24,0.563210941184289,0.107289334807152,0.329499724008559,5
25,0.5789737875414018,0.10771332540149786,0.3133128870571003,5
26,0.5879772656473496,0.11972133349005665,0.2923014008625937,5
27,0.5953771829985657,0.1356938447769709,0.26892897222446344,5
28,0.601576770351274,0.15423691752492075,0.24418631212380526,5
29,0.6165827231037355,0.15403795608423973,0.22937932081202475,5
30,0.627392562752302,0.1541476204812033,0.21845981676649465,5
31,0.6249246360006921,0.1585492972001436,0.21652606679916425,5
32,0.6414251535541984,0.15542792327876764,0.20314692316703398,5
33,0.6412011302467228,0.15679217546981145,0.2020066942834658,5
34,0.6368457311766812,0.16118637111682418,0.20196789770649462,5
35,0.647521924863787,0.16058755032644428,0.1918905248097687,5
36,0.6577941441611415,0.14864164489320236,0.19356421094565618,5
37,0.6641447784450873,0.13508778568963156,0.2007674358652811,5
38,0.6703954103490475,0.12267132394634266,0.20693326570460985,5
39,0.6812899489637889,0.11521065998061363,0.20349939105559745,5
40,0.694928518112784,0.11031380122648195,0.19475768066073407,5
41,0.7102533430154773,0.10670992472276745,0.18303673226175526,5
42,0.7266643511392172,0.10352705569272574,0.16980859316805702,5
43,0.7429722435562383,0.10030186552177583,0.1567258909219859,5
44,0.7593069687549123,0.09703405071889452,0.14365898052619314,5
45,0.7761563028575303,0.09375666275678281,0.13008703438568686,5
46,0.7930124175955487,0.09051354768579259,0.11647403471865866,5
47,0.8100973154711065,0.08724101764541284,0.10266166688348063,5
48,0.8274476504966455,0.08398131908582408,0.08857103041753044,5
49,0.8448709379644945,0.0807987603317656,0.07433030170373987,5
50,0.8681361962857785,0.06597623487571609,0.06588756883850538,5
1,0.14437085369346658,0.1558740148302683,0.6997551314762651,6
2,0.19991495166516637,0.14371048228050684,0.6563745660543268,6
3,0.21876611919026734,0.1406074708697113,0.6406264099400214,6
4,0.23735696765061987,0.1373447981297507,0.6252982342196294,6
5,0.2555872904784604,0.13427023253009418,0.6101424769914454,6
6,0.272995706946338,0.13156352563348447,0.5954407674201775,6
7,0.29047777616385967,0.12890255012693205,0.5806196737092082,6
8,0.30848573728305095,0.12618852562203325,0.5653257370949156,6
9,0.32740886523153945,0.12286137007556037,0.5497297646929,6
10,0.3452297727155269,0.12031727168353376,0.5344529556009393,6
11,0.3629989990057899,0.1178679979859356,0.5191330030082745,6
12,0.38022639587843743,0.11589697435809362,0.5038766297634689,6
13,0.3982524442240249,0.11323035099044466,0.4885172047855304,6
14,0.4161459567879172,0.1108345536007399,0.4730194896113429,6
15,0.434063480032029,0.10842392224295314,0.45751259772501784,6
16,0.45162890617960794,0.10623233164138216,0.44213876217900994,6
17,0.4677812854990636,0.10548801331862212,0.42673070118231426,6
18,0.4849902455620268,0.10375190272353696,0.4112578517144363,6
19,0.5016409835095424,0.10264786475544141,0.39571115173501614,6
20,0.5176057535762344,0.10208535957420013,0.3803088868495655,6
21,0.5323744218099222,0.10384506597103876,0.363780512219039,6
22,0.5450548191529913,0.10889006279275655,0.3460551180542522,6
23,0.5597051383648936,0.11097917702854289,0.3293156846065636,6
24,0.5734273984078477,0.11414524279591987,0.3124273587962324,6
25,0.5874054065291983,0.11680227915533513,0.2957923143154666,6
26,0.5946877769364608,0.1306157083838139,0.27469651467972533,6
27,0.6015495334260728,0.14648207456374004,0.25196839201018717,6
28,0.6085546184630694,0.16259450291948307,0.22885087861744757,6
29,0.6220163362206366,0.1633638728574275,0.21461979092193592,6
30,0.630548530763184,0.16444907047476837,0.20500239876204768,6
31,0.627633847366819,0.1683474133951473,0.20401873923803365,6
32,0.6389104609404742,0.16799487719777417,0.19309466186175162,6
33,0.6428636431103302,0.16726722227233798,0.18986913461733185,6
34,0.6367383692705078,0.17108540231921954,0.1921762284102727,6
35,0.643532283954591,0.17187033921085798,0.18459737683455107,6
36,0.6532903214343678,0.16217556636810287,0.1845341121975293,6
37,0.6594065673240967,0.14967282141988986,0.1909206112560134,6
38,0.6634911536350232,0.13677700300710113,0.19973184335787567,6
39,0.6714916257292091,0.12822574842887197,0.20028262584191897,6
40,0.681653511230697,0.12243709012244441,0.19590939864685863,6
41,0.6948472406220202,0.11866933183274495,0.18648342754523486,6
42,0.7100340792939178,0.11592423547913921,0.17404168522694297,6
43,0.7249989515639274,0.1131206930652555,0.16188035537081713,6
44,0.7399220172934202,0.11023522838593233,0.14984275432064745,6
45,0.7554591851398781,0.10739935547095655,0.13714145938916536,6
46,0.7710656285300649,0.1045998410862059,0.12433453038372921,6
47,0.7870930140439748,0.1017795032889216,0.1111274826671036,6
48,0.8035118533762108,0.09896308188726033,0.09752506473652889,6
49,0.8199634177733386,0.0962139160880158,0.08382266613864561,6
50,0.8423737828249729,0.0789080637979359,0.07871815337709118,6
1,0.16387586180503824,0.14095628072034183,0.69516785747462,7
2,0.2293292635891336,0.1291645368003687,0.6415061996104976,7
3,0.24852118492482045,0.1263435292343146,0.625135285840865,7
4,0.26678174659149756,0.12351573221956345,0.609702521188939,7
5,0.28441834374778374,0.12094374052786946,0.5946379157243468,7
6,0.30090285308136,0.11888906624067355,0.5802080806779665,7
7,0.31743069137876084,0.11695872317533572,0.5656105854459035,7
8,0.33460623659011746,0.11500601624373968,0.5503877471661429,7
9,0.35326509850588705,0.11203020389903585,0.5347046975950771,7
10,0.37037392982479855,0.11018376054094295,0.5194423096342585,7
11,0.3873422158839797,0.10852154239472785,0.5041362417212925,7
12,0.4035441313101778,0.10748142490261661,0.48897444378720567,7
13,0.4209730046237323,0.10536840216124702,0.47365859321502074,7
14,0.43833465912089836,0.1035087594575899,0.4581565814215118,7
15,0.455690889008079,0.10165837119328101,0.4426507397986399,7
16,0.4722075754102823,0.10044594203468662,0.42734648255503105,7
17,0.4869484003068516,0.10106224568302202,0.4119893540101264,7
18,0.5032619486634072,0.10028776149293468,0.3964502898436581,7
19,0.5187984709534225,0.10029727613091653,0.380904252915661,7
20,0.5335248397346357,0.10109891039311295,0.36537624987225137,7
21,0.5464389864191207,0.10524488260895744,0.3483161309719219,7
22,0.5569613342714272,0.11337205582247215,0.32966660990610064,7
23,0.569671390667943,0.11804010347169977,0.3122885058603573,7
24,0.5817069818393645,0.12299439191145807,0.2952986262491774,7
25,0.5942499764817909,0.12729014755059023,0.2784598759676189,7
26,0.6005377035096849,0.14162017658846465,0.2578421199018504,7
27,0.6071330361706153,0.15691205172938733,0.23595491209999736,7
28,0.614696017597711,0.17102356776464223,0.2142804146376468,7
29,0.6266230089015464,0.17265064126617113,0.20072634983228244,7
30,0.6331927079377108,0.1744713414716968,0.19233595059059244,7
31,0.6323886904931675,0.17695997654016865,0.19065133296666387,7
32,0.6379814171776081,0.1791192270912396,0.18289935573115226,7
33,0.6444245005442684,0.1774609425033309,0.17811455695240075,7
34,0.6381318281015739,0.180174817575593,0.18169335432283312,7
35,0.6416815585029791,0.18182621821766332,0.17649222327935754,7
36,0.6505509474537011,0.1742886096327731,0.17516044291352578,7
37,0.6563674292503864,0.16315461246811117,0.18047795828150245,7
38,0.6588669542648733,0.15062566068236183,0.19050738505276488,7
39,0.6643681820679136,0.14151458044278478,0.19411723748930163,7
40,0.670611319446426,0.1347075266089024,0.19468115394467156,7
41,0.6816322651963304,0.13054697267558488,0.18782076212808477,7
42,0.6955019834511127,0.1282241224004671,0.1762738941484202,7
43,0.7089141084605879,0.12580084599206298,0.16528504554734913,7
44,0.722170062078288,0.1232372911555886,0.15459264676612336,7
45,0.7362683395253411,0.12081889074817909,0.14291276972647982,7
46,0.7505489147397734,0.11843674453935045,0.1310143407208762,7
47,0.765548065383801,0.11606352032738826,0.1183884142888107,7
48,0.7809546591495332,0.11365694319158545,0.10538839765888133,7
49,0.7962351024074361,0.11137796151323953,0.09238693607932436,7
50,0.8169560275450481,0.09170650601390236,0.0913374664410494,7
1,0.18180343724623316,0.12606442913757288,0.692132133616194,8
2,0.2575193216928884,0.1154976215643273,0.6269830567427843,8
3,0.27757936369560265,0.11276941962468716,0.6096512166797102,8
4,0.29564958626357535,0.11033936187093349,0.5940110518654912,8
5,0.3124513667595492,0.10842951897309389,0.5791191142673568,8
6,0.32802574683321906,0.10701527274700282,0.5649589804197781,8
7,0.34357994284625487,0.1058640368975934,0.5505560202561517,8
8,0.35980090097941647,0.10479105115083852,0.5354080478697449,8
9,0.3781719951885515,0.10218411490713418,0.5196438899043143,8
10,0.39451727388575586,0.10111102485081516,0.504371701263429,8
11,0.41056700101128635,0.10037530888538455,0.48905769010332917,8
12,0.42571417101882025,0.10027754685552644,0.4740082821256533,8
13,0.44256303155319365,0.09871458496823633,0.45872238347857003,8
14,0.4593602912562699,0.09741620817174619,0.44322350057198384,8
15,0.47609316920380107,0.0961883632478556,0.4277184675483433,8
16,0.49154994754631587,0.09596190483604655,0.4124881476176376,8
17,0.5048283820481254,0.09800656740114015,0.3971650505507344,8
18,0.5199570740806633,0.09853817309285143,0.3815047528264853,8
19,0.5342794147968153,0.09977393712099054,0.3659466480821942,8
20,0.5476764701098767,0.10208861233184187,0.3502349175582814,8
21,0.5586934323382399,0.10867463753799,0.3326319301237701,8
22,0.5674592537948404,0.11936338276269468,0.31317736344246494,8
23,0.5785247709144189,0.12606743311542004,0.2954077959701611,8
24,0.5890648231789891,0.13241250798862142,0.27852266883238946,8
25,0.6001448851432308,0.13823035395293842,0.26162476090383074,8
26,0.6059700660447904,0.1522980704020222,0.24173186355318738,8
27,0.6124593896156614,0.16681503583388094,0.2207255745504577,8
28,0.6202025717285429,0.17947203078393192,0.2003253974875252,8
29,0.6305698475582345,0.181875277673188,0.18755487476857746,8
30,0.635917706779738,0.1840648786006329,0.18001741461962908,8
31,0.6379735432226478,0.18514972074640537,0.17687673603094686,8
32,0.6394274904035928,0.18874352448228154,0.17182898511412564,8
33,0.6460382375120032,0.18739022919372283,0.166571533294274,8
34,0.6408767285069796,0.1886357914564233,0.17048748003659706,8
35,0.6419234923095037,0.1906957912873058,0.16738071640319047,8
36,0.6498255670006577,0.18503872108475333,0.16513571191458892,8
37,0.6547226825026401,0.17565190604870115,0.16962541144865875,8
38,0.6559622729183159,0.1639478371234186,0.18008988995826553,8
39,0.6594997432820465,0.15479173748061376,0.18570851923733972,8
40,0.6620567904112622,0.14708158447972258,0.19086162510901522,8
41,0.6706104651278849,0.14234960210604647,0.18703993276606862,8
42,0.683005679183901,0.14037407769772636,0.17662024311837266,8
43,0.694784545353447,0.1382860875434054,0.16692936710314757,8
44,0.7062450016282203,0.13598600526622254,0.15776899310555711,8
45,0.7187322841959873,0.13390765067514207,0.1473600651288706,8
46,0.731646980630401,0.13192850172535323,0.13642451764424576,8
47,0.7456300007822055,0.12998768285283852,0.12438231636495595,8
48,0.7599356201723103,0.12797338223957877,0.11209099758811092,8
49,0.7740037074971114,0.12614447811259452,0.09985181439029403,8
50,0.792125223149804,0.10430374534631882,0.10357103150387723,8
1,0.19808848536508677,0.11116918816842959,0.6907423264664836,9
2,0.28437062582574135,0.10281856187048938,0.6128108123037692,9
3,0.3057869307062281,0.09999870401290707,0.5942143652808648,9
4,0.323571417084877,0.09802066729056871,0.5784079156245543,9
5,0.33936224777354995,0.09690086864276848,0.5637368835836816,9
6,0.35408592989423804,0.09610370746045936,0.5498103626453026,9
7,0.36878997116111334,0.09567199453133704,0.5355380343075496,9
8,0.3839785845966447,0.09556075105534068,0.5204606643480146,9
9,0.4019054701526754,0.0934651967715868,0.5046293330757377,9
10,0.417319635975608,0.09332591731159007,0.489354446712802,9
11,0.432408139059823,0.09358439132500655,0.47400746961517043,9
12,0.446615797745612,0.09438027831193879,0.4590039239424492,9
13,0.46296189488919476,0.09323807490316957,0.4438000302076358,9
14,0.4791691210992406,0.09253992342799906,0.42829095547276047,9
15,0.49517134307687893,0.09206056191659802,0.41276809500652306,9
16,0.5095927728424579,0.09279942476008693,0.3976078023974552,9
17,0.5214109600814509,0.09630107354779834,0.38228796637075074,9
18,0.5350206720412428,0.09851095446844704,0.36646837349031014,9
19,0.5481045052111522,0.10099562067896578,0.35089987410988205,9
20,0.5601972567388588,0.10486333625176765,0.3349394070093736,9
21,0.5694769118675868,0.1136531878160803,0.31686990031633294,9
22,0.576719854861503,0.12649249591956863,0.29678764921892836,9
23,0.5863489090975679,0.13483257471462995,0.2788185161878022,9
24,0.5958699883230383,0.14188530656098874,0.262244705115973,9
25,0.6055133483665219,0.14907526093091894,0.24541139070255913,9
26,0.6111825894022864,0.16251981227577142,0.22629759832194216,9
27,0.6176560584214096,0.17620483438285683,0.20613910719573358,9
28,0.6253422776943117,0.18780764714199608,0.1868500751636922,9
29,0.6343284262815498,0.19083622428496866,0.1748353494334815,9
30,0.639151659481063,0.19313514954033711,0.16771319097859988,9
31,0.6439608622347348,0.19321243222412854,0.16282670554113665,9
32,0.6428476277782476,0.19732276560899337,0.15982960661275908,9
33,0.6484805466962336,0.19674681315874434,0.1547726401450221,9
34,0.6445494763370561,0.1967461184912911,0.15870440517165285,9
35,0.6437961177084458,0.19889897235917853,0.15730490993237567,9
36,0.6511242140875526,0.1946048466242472,0.15427093928820018,9
37,0.6545984001172649,0.18713663362113542,0.1582649662615997,9
38,0.6544984394624528,0.17660891392591388,0.16889264661163333,9
39,0.6562916488748759,0.16780135281285424,0.17590699831226986,9
40,0.655915119968145,0.15944074245573656,0.18464413757611844,9
41,0.6618677869685617,0.15407738863126763,0.18405482440017062,9
42,0.6725733445582784,0.1523288646356705,0.17509779080605106,9
43,0.6828072221393273,0.1505182711983381,0.16667450666233458,9
44,0.6923556718522116,0.14839348926245005,0.15925083888533836,9
45,0.7031196763460827,0.14659136725524458,0.15028895639867268,9
46,0.7144840140821194,0.14499452677350097,0.14052145914437966,9
47,0.7274780404883618,0.14347012935363124,0.12905183015800692,9
48,0.7407045932981942,0.14179956084552567,0.11749584585628017,9
49,0.753579820621842,0.14037745470675744,0.10604272467140052,9
50,0.768122050246836,0.11658455166310155,0.11529339809006252,9
1,0.21236043440710015,0.09628567471501501,0.6913538908778848,10
2,0.3095761043360435,0.09122238974306472,0.5992015059208918,10
3,0.3328299076613247,0.08817013959158329,0.578999952747092,10
4,0.35040851009543117,0.08662665115406405,0.5629648387505047,10
5,0.36510197557090596,0.08637509422213277,0.5485229302069613,10
6,0.37890147416059516,0.08623694379729863,0.5348615820421062,10
7,0.39284281290698797,0.08645714478418055,0.5207000423088315,10
8,0.4069157464354084,0.08742599559146731,0.5056582579731242,10
9,0.42430573879232025,0.08595986247326459,0.48973439873441516,10
10,0.4387721445072844,0.08680578027322444,0.47442207521949115,10
11,0.45264461192584304,0.08826843324954313,0.4590869548246138,10
12,0.46620182499332574,0.08974299793987145,0.4440551770668028,10
13,0.48216264771679984,0.08888225236189923,0.42895509992130093,10
14,0.4976354358306452,0.0889440352953455,0.4134205288740093,10
15,0.5128392679862933,0.08930809865206144,0.3978526333616452,10
16,0.5264263997813494,0.09081157445114299,0.3827620257675076,10
17,0.5365337598865441,0.09605203099519175,0.36741420911826417,10
18,0.5486230926246166,0.09996181511626473,0.35141509225911866,10
19,0.5604281289734343,0.10374319603615732,0.33582867499040836,10
20,0.5711907543481899,0.10924371399384668,0.3195655316579634,10
21,0.5791031114083557,0.11971852159857259,0.3011783669930717,10
22,0.5851555935736359,0.13414619193140565,0.28069821449495846,10
23,0.5936191808784981,0.14369708078137317,0.26268373834012876,10
24,0.6022022784708119,0.15133061493428265,0.24646710659490548,10
25,0.6104718462325146,0.15967138615854778,0.2298567676089376,10
26,0.6161690969553089,0.17234119748019022,0.21148970556450092,10
27,0.6227925917064225,0.1851270496070255,0.19208035868655196,10
28,0.6300487663584863,0.1960795985893722,0.1738716350521415,10
29,0.6381087882834826,0.19946473385789137,0.16242647785862602,10
30,0.6427333104971513,0.20185188783037977,0.1554148016724689,10
31,0.6495323349624925,0.2015184273548446,0.14894923768266288,10
32,0.6479920070307562,0.2051605471238377,0.1468474458454061,10
33,0.6519395844642872,0.20551766219528253,0.14254275334043023,10
34,0.6489720898262639,0.2046428655919466,0.14638504458178953,10
35,0.646988684065143,0.2066934715798392,0.14631784435501782,10
36,0.6538763662650905,0.20348182184249006,0.14264181189241945,10
37,0.6556169530808611,0.1979079994316148,0.1464750474875241,10
38,0.6542342674137425,0.18862645142322387,0.15713928116303366,10
39,0.6542715299700308,0.18041661698005648,0.16531185304991272,10
40,0.6520180684519196,0.1716804843578668,0.17630144719021362,10
41,0.6555912847363551,0.1656593517358334,0.1787493635278115,10
42,0.6643797444598811,0.16404814449003977,0.1715721110500791,10
43,0.6730314077454542,0.16247793354377082,0.16449065871077495,10
44,0.6807007259720969,0.16042934742607845,0.1588699266018247,10
45,0.6895860419369146,0.15884694959605847,0.1515670084670269,10
46,0.6993455025382547,0.15756179304309398,0.14309270441865135,10
47,0.7112437342468204,0.15645160146433595,0.13230466428884363,10
48,0.7234718264305331,0.15507438116608047,0.12145379240338644,10
49,0.735107608499151,0.1540338506373093,0.11085854086353969,10
50,0.7449500178278717,0.12856268824936254,0.12648729392276575,10
1,0.22485736025241615,0.08142367753623975,0.6937189622113441,11
2,0.3330329074704175,0.08074724602516573,0.5862198465044168,11
3,0.358499499323816,0.07738231310535927,0.5641181875708248,11
4,0.376026433063759,0.07621410016875615,0.5477594667674848,11
5,0.3895668646868524,0.07688485904541599,0.5335482762677316,11
6,0.40236561583969177,0.07743481608805261,0.5201995680722556,11
7,0.41555292003051225,0.07829829563201392,0.5061487843374738,11
8,0.42848982304719063,0.08043561953903822,0.49107455741377115,11
9,0.445277944293368,0.07970828745333751,0.4750137682532945,11
10,0.4588188563289123,0.08154721514773546,0.4596339285233523,11
11,0.47133997103108743,0.08430492949514899,0.4443550994737635,11
12,0.48447515183818013,0.08627784734830032,0.4292470008135195,11
13,0.5000384895542149,0.08571266424108476,0.4142488462047003,11
14,0.5147387096026559,0.08659066809700575,0.39867062230033834,11
15,0.5291139010725778,0.08787185786155431,0.38301424106586784,11
16,0.5419349284484422,0.09008813017193566,0.36797694137962217,11
17,0.5502185267603595,0.09717593601027374,0.3526055372293667,11
18,0.5607757864335376,0.10281274971460728,0.33641146385185505,11
19,0.5714768914698033,0.10768313015371776,0.32083997837647893,11
20,0.5811331730483245,0.1145900044654196,0.3042768224862559,11
21,0.5879144870668502,0.1264151254822194,0.2856703874509304,11
22,0.5928400022993234,0.14219089809236882,0.2649690996083077,11
23,0.6004936837020303,0.15249962459763922,0.24700669170033052,11
24,0.6081044106068313,0.16066428374141908,0.23123130565174962,11
25,0.6152723816448087,0.16977817998103642,0.2149494383741549,11
26,0.621031579027111,0.18171487436476075,0.19725354660812822,11
27,0.6279327957343452,0.1936177421753753,0.17844946209027945,11
28,0.6344498554970966,0.20422390120728312,0.16132624329562023,11
29,0.642040209705414,0.20774580666146542,0.1502139836331206,11
30,0.646871422285274,0.21015038637359326,0.1429781913411328,11
31,0.6546586301423049,0.21004736008525504,0.1352940097724401,11
32,0.6539348175990113,0.21279458072212054,0.13327060167886817,11
33,0.6563764735079841,0.21385288376577535,0.12977064272624053,11
34,0.6540001993141811,0.21240435781694603,0.1335954428688729,11
35,0.6512579306955073,0.21427285446764072,0.13446921483685198,11
36,0.657536282008204,0.21205623253764777,0.1304074854541482,11
37,0.6577170385405651,0.20805905183308435,0.13422390962635058,11
38,0.6552007888065693,0.19995524806515502,0.1448439631282757,11
39,0.6536132226279078,0.19251502237163337,0.15387175500045885,11
40,0.6501830468160691,0.18370237273333967,0.16611458045059124,11
41,0.6515510362159844,0.17708750678461282,0.17136145699940275,11
42,0.6584716678798094,0.17553138773852045,0.16599694438167018,11
43,0.6653791974853568,0.17415902564087032,0.1604617768737729,11
44,0.6711904433284285,0.17211315511471237,0.15669640155685916,11
45,0.6781481220477785,0.17067453843632438,0.1511773395158971,11
46,0.686359891250583,0.16960605954243013,0.14403404920698681,11
47,0.6970717755705599,0.16887788399089423,0.13405034043854588,11
48,0.7083662895392792,0.16773972527638306,0.12389398518433778,11
49,0.7186497780058059,0.16707004302137912,0.114280178972815,11
50,0.7227169466421047,0.14021512709952919,0.13706792625836617,11
1,0.23458655264213696,0.06799656441313624,0.6974168829447268,12
2,0.3544173040962658,0.07152741572138677,0.5740552801823474,12
3,0.38252838583466003,0.06776478356118826,0.5497068306041517,12
4,0.4001882339284806,0.0668969694833812,0.5329147965881382,12
5,0.41257667401425113,0.06852930552034013,0.5188940204654088,12
6,0.4242840876655487,0.06978235924961217,0.5059335530848391,12
7,0.4366120479923623,0.0713576401087827,0.492030311898855,12
8,0.44840354445128644,0.07479303715688268,0.47680341839183094,12
9,0.46467466846449434,0.07474246910974207,0.4605828624257636,12
10,0.4774241310762933,0.07752296259957152,0.44505290632413524,12
11,0.48860256876174923,0.08154914544599391,0.4298482857922569,12
12,0.501375403297192,0.08396401832521516,0.41466057837759285,12
13,0.5165543530170048,0.08368791644311237,0.39975773053988284,12
14,0.5305252501882846,0.0853875744002151,0.38408717541150034,12
15,0.5440167318693443,0.08767033632774804,0.3683129318029077,12
16,0.5559787620027808,0.0907121023385523,0.35330913565866684,12
17,0.5624663941469896,0.09962792636257907,0.3379056794904313,12
18,0.5716564142847961,0.10680168112364487,0.32154190459155907,12
19,0.5815160752355946,0.11250713402351403,0.3059767907408914,12
20,0.5902772252169499,0.12054737793421874,0.2891753968488313,12
21,0.5960909394390771,0.1334992884829042,0.2704097720780187,12
22,0.5999043312360262,0.15042559155727905,0.2496700772066948,12
23,0.6070223846561336,0.16116736369221107,0.23181025165165536,12
24,0.6136738460981583,0.16979190419809873,0.21653424970374294,12
25,0.6199077046644682,0.17942924374199892,0.20066305159353287,12
26,0.6257990835604402,0.19067872044006182,0.18352219599949796,12
27,0.6328955938304346,0.20186209766074492,0.1652423085088205,12
28,0.6385132988028988,0.21227163729718654,0.1492150638999147,12
29,0.6462586587117698,0.21567812225541583,0.13806321903281438,12
30,0.6517594335750476,0.21800892439870218,0.1302316420262502,12
31,0.6594468934747475,0.21868162538653002,0.12187148113872248,12
32,0.6601103832350597,0.22046868269830705,0.11942093406663329,12
33,0.6616013436904417,0.22189981538207543,0.11649884092748292,12
34,0.6594261306412069,0.22016448765061317,0.12040938170817991,12
35,0.6561157887675124,0.2218933618196345,0.12199084941285307,12
36,0.6620347578297977,0.2203816259280734,0.1175836162421289,12
37,0.6606626752886194,0.21774233948207572,0.12159498522930484,12
38,0.6573908015253722,0.21060043667182204,0.13200876180280574,12
39,0.6542992483142306,0.20399997318396546,0.14170077850180396,12
40,0.650064057300053,0.1953459477474166,0.1545899949525304,12
41,0.6495450667916989,0.18827797428081594,0.16217695892748518,12
42,0.654727214948649,0.18668137016749423,0.15859141488385672,12
43,0.6600136352688181,0.18550888605896781,0.15447747867221412,12
44,0.66382944899404,0.18342164395213537,0.15274890705382468,12
45,0.6688554562519842,0.18203315131934547,0.14911139242867036,12
46,0.6754701971851929,0.18110572857276758,0.14342407424203957,12
47,0.6850162091675621,0.18071109094493398,0.1342726998875039,12
48,0.6953870995535378,0.179774561095852,0.12483833935061017,12
49,0.704222933286116,0.17943478480585998,0.11634228190802406,12
50,0.7013854329099674,0.15157757930954188,0.14703698778049082,12
1,0.24154985561024753,0.05595992685122425,0.7024902175385282,13
2,0.3736174727481575,0.06363669968517187,0.5627458275666707,13
3,0.40475924579325717,0.059396313517845085,0.5358444406888977,13
4,0.42272875030340445,0.058767055166548045,0.5185041945300475,13
5,0.43397477207022084,0.061404071799354955,0.5046211561304242,13
6,0.4445592067519033,0.0632877760959204,0.4921530171521763,13
7,0.45603160332447024,0.065576620538563,0.47839177613696676,13
8,0.4665759302570452,0.07052103406875058,0.46290303567420427,13
9,0.4824678477950048,0.07105283827350378,0.4464793139314914,13
10,0.49456822828708086,0.07470172099717359,0.4307300507157455,13
11,0.5044143383972677,0.07996785935625943,0.4156178022464729,13
12,0.5168203095106143,0.08284317078179718,0.40033651970758855,13
13,0.5316575119849389,0.08282770878343708,0.38551477923162397,13
14,0.5449987521169559,0.0852963335209866,0.3697049143620575,13
15,0.5575545340901551,0.08864971702659685,0.35379574888324805,13
16,0.56863544611253,0.09256252399325349,0.3388020298942165,13
17,0.5733357312951353,0.1032915840840228,0.32337268462084195,13
18,0.5814015881459575,0.11171226577554197,0.3068861460785005,13
19,0.5906051774482254,0.11809495438355425,0.2912998681682204,13
20,0.5986515116382832,0.12704060347702462,0.27430788488469215,13
21,0.6036883996771469,0.1408666907029314,0.25544490961992167,13
22,0.6065776230733473,0.15858227099769884,0.23484010592895388,13
23,0.6132187069402499,0.16967669032023702,0.21710460273951304,13
24,0.6190280267514556,0.17862692099822675,0.20234505225031763,13
25,0.6244439968401294,0.1886256161827042,0.18693038697716638,13
26,0.6304893603480034,0.19928831576996411,0.17022232388203248,13
27,0.6376457678549843,0.20994273940767644,0.15241149273733928,13
28,0.6424701776630268,0.22012608979709303,0.13740373253988014,13
29,0.6510152508973355,0.22317091379328396,0.12581383530938056,13
30,0.6572216602840601,0.22559077422012533,0.11718756549581452,13
31,0.664036333546943,0.22732309719716237,0.1086405692558946,13
32,0.6660373023700886,0.22836424969569918,0.10559844793421219,13
33,0.6669113177048611,0.22999385902410802,0.10309482327103087,13
34,0.6648730951596108,0.22813124256527376,0.10699566227511545,13
35,0.661323265138614,0.22964494151133258,0.10903179335005347,13
36,0.6670117047938116,0.22867929347481586,0.10430900173137259,13
37,0.664266970784644,0.22708019217141553,0.10865283704394044,13
38,0.6605128595316284,0.22070361845846942,0.11878352200990216,13
39,0.6562353551204281,0.21485588444714598,0.12890876043242594,13
40,0.6514753027138555,0.20654805403689716,0.1419766432492474,13
41,0.6493597250973007,0.19919836047784953,0.1514419144248498,13
42,0.6529550539552798,0.19749855186978504,0.1495463941749352,13
43,0.656774948169957,0.19647975720891978,0.14674529462112326,13
44,0.658550712032365,0.19433316780210477,0.1471161201655302,13
45,0.6615808577654918,0.19292537761734616,0.14549376461716204,13
46,0.6666718722582832,0.19205770313372084,0.141270424607996,13
47,0.6750217737925136,0.19193268224334548,0.13304554396414092,13
48,0.6844593451566725,0.19116571085240125,0.12437494399092625,13
49,0.6918758807163494,0.1911032987649092,0.11702082051874138,13
50,0.6811767793700232,0.16251104232953822,0.15631217830043861,13
1,0.24590449228918762,0.0454163844268612,0.7086791232839512,14
2,0.3906454000448064,0.05713716984242444,0.5522174301127691,14
3,0.42489959942873723,0.052381398384165036,0.5227190021870978,14
4,0.44351573520891696,0.05182671810659576,0.5046575466844873,14
5,0.4536106242286849,0.0555783254204989,0.4908110503508162,14
6,0.4631644208531593,0.058028892157941554,0.4788066869888991,14
7,0.47380071621055053,0.060949875392456,0.46524940839699347,14
8,0.482945304161813,0.06761140174862373,0.44944329408956335,14
9,0.498641994503375,0.06861993853307682,0.4327380669635482,14
10,0.510233593072999,0.07305228476362567,0.41671412216337533,14
11,0.5187504563740102,0.07955318583397389,0.40169635779201596,14
12,0.5306716016604288,0.08303572259627848,0.38629267574329273,14
13,0.5454219780190495,0.08300720223608124,0.3715708197448693,14
14,0.5580357060617274,0.0863807953752969,0.3555834985629757,14
15,0.5697574002684579,0.09073898907400275,0.33950361065753937,14
16,0.5799695675889318,0.09552899689840237,0.3245014355126658,14
17,0.5829106805679204,0.10802835202490678,0.3090609674071728,14
18,0.590154662350415,0.11735930644565672,0.29248603120392824,14
19,0.5987064002518219,0.12445048153818339,0.27684311820999474,14
20,0.6062196542889695,0.1340775849294281,0.25970276078160237,14
21,0.610696714930272,0.14849003737431019,0.24081324769541781,14
22,0.6128671249073082,0.16666069325569466,0.22047218183699713,14
23,0.6190489108137164,0.17805325770221547,0.20289783148406815,14
24,0.6242667726860502,0.1871249366623149,0.18860829065163487,14
25,0.6290521953105683,0.1972956402377265,0.17365216445170517,14
26,0.6351344683258121,0.2075350486266389,0.15733048304754899,14
27,0.6421837779673287,0.21787309344111372,0.13994312859155755,14
28,0.6464709018625585,0.22774577940704294,0.12578331873039855,14
29,0.6561439589593754,0.23042732734249066,0.11342871369813395,14
30,0.6627087386553617,0.23320104509293377,0.1040902162517045,14
31,0.6684488358201173,0.23590260644921707,0.09564855773066566,14
32,0.6717558465521846,0.2363962094086523,0.09184794403916313,14
33,0.6725387226359214,0.23805774416632508,0.08940353319775352,14
34,0.6698987346965664,0.23646684956503092,0.09363441573840273,14
35,0.6666503959071437,0.23758756358968464,0.09576204050317166,14
36,0.6722329223093216,0.23704809627022955,0.09071898142044882,14
37,0.6682713225582343,0.23622670197552847,0.09550197546623723,14
38,0.6642018907024374,0.23046072296724912,0.10533738633031348,14
39,0.6593177310735286,0.22510542316857254,0.11557684575789881,14
40,0.6541200542040198,0.2173069368340851,0.12857300896189514,14
41,0.650666861253642,0.2098124660971166,0.13952067264924137,14
42,0.6530972704170129,0.20798655421071713,0.13891617537226994,14
43,0.6554860186140937,0.20707405331362874,0.13743992807227753,14
44,0.6551858638255745,0.20483518264157102,0.13997895353285444,14
45,0.6563359427779175,0.2033247359853977,0.1403393212366848,14
46,0.6598953844068569,0.20244827464268222,0.13765634095046086,14
47,0.667187071009753,0.20251839364798757,0.13029453534225938,14
48,0.6756565589469263,0.20188339254581425,0.12246004850725942,14
49,0.6816494534096728,0.20205753358313264,0.1162930130071946,14
50,0.6622051417715052,0.17295835625802097,0.1648365019704738,14
1,0.24793336213555422,0.03622389397790696,0.7158427438865389,15
2,0.4054793740523497,0.052048361065155604,0.5424722648824948,15
3,0.44285080230818663,0.04679253867369997,0.5103566590181134,15
4,0.462457321014478,0.04612919818497398,0.49141348080054803,15
5,0.47128872588200954,0.05113338649401172,0.47757788762397874,15
6,0.4797681122201401,0.054161592104398054,0.466070295675462,15
7,0.4897364692082957,0.057527126847760006,0.45273640394394415,15
8,0.49770744859897587,0.06585776329145335,0.4364347881095708,15
9,0.5133129649537834,0.06729362000599415,0.41939341504022243,15
10,0.5243162537338109,0.07260586794697202,0.40307787831921715,15
11,0.5315983339811177,0.08027157696146442,0.3881300890574179,15
12,0.5429127641788619,0.08449274333833535,0.37259449248280274,15
13,0.5577792660188414,0.08426870276604712,0.35795203121511154,15
14,0.5696636635046863,0.08857738350211476,0.3417589529931989,15
15,0.5805228630159659,0.09400058250079965,0.32547655448323454,15
16,0.5900013899512855,0.09950918353855118,0.3104894265101633,15
17,0.5915939925326057,0.11340588683600772,0.2950001206313866,15
18,0.5980838361524672,0.12351754178503423,0.2783986220624986,15
19,0.6060249287643023,0.13132948177703824,0.2626455894586595,15
20,0.6130305328240974,0.14155322963088002,0.24541623754502262,15
21,0.6171297827631279,0.15630106136398458,0.2265691558728875,15
22,0.618779925267726,0.17462855101156644,0.2065915237207076,15
23,0.6245434666195381,0.18626782152530058,0.18918871185516134,15
24,0.6293440049215162,0.19534990104548103,0.17530609403300276,15
25,0.6336656924709883,0.20552712775945176,0.16080717976956,15
26,0.6396879772579114,0.21546052079788802,0.1448515019442006,15
27,0.646701043200565,0.22556821495891388,0.12773074184052113,15
28,0.6506544733460322,0.23507200557078528,0.1142735210831825,15
29,0.6613946975894942,0.2376093093548098,0.10099599305569598,15
30,0.6682558812115644,0.24082439088311802,0.09091972790531755,15
31,0.6730944021187127,0.24422760737803992,0.08267799050324734,15
32,0.6772387388722185,0.24454111891559666,0.07822014221218482,15
33,0.678213743525341,0.24622517887757045,0.07556107759708852,15
34,0.6746566234780055,0.2450215107807015,0.08032186574129302,15
35,0.6719906059300623,0.24572970865865107,0.08227968541128661,15
36,0.6775265664471655,0.24552733800200027,0.07694609555083426,15
37,0.6725539717237182,0.24521486047436408,0.08223116780191769,15
38,0.6683494408292371,0.23992535125879388,0.09172520791196903,15
39,0.663402505304382,0.2348583026640786,0.10173919203153936,15
40,0.6578008322252678,0.22765729962170805,0.1145418681530242,15
41,0.6533065178193955,0.22009126039516502,0.12660222178543945,15
42,0.6547738336476613,0.21817082627133466,0.12705534008100405,15
43,0.6557616004720174,0.21731934870761027,0.12691905082037236,15
44,0.6535016793173914,0.2149192359232372,0.13157908475937136,15
45,0.652978000693385,0.21325971999932952,0.13376227930728551,15
46,0.6550908336854536,0.2122954211901834,0.13261374512436297,15
47,0.6614021982498489,0.21253306681513418,0.1260647349350169,15
48,0.6689558523660114,0.21195156760813483,0.11909258002585377,15
49,0.6735564798188058,0.2123048882712379,0.11413863190995627,15
50,0.6444870769737459,0.18294091455947303,0.17257200846678117,15
1,0.24790721802361196,0.028277038411747495,0.7238157435646404,16
2,0.4182397996833508,0.048320546921244475,0.5334396533954048,16
3,0.45863014341430897,0.042622639152306546,0.49874721743338446,16
4,0.47952163723480534,0.041681979364461,0.47879638340073366,16
5,0.4870261389405163,0.048026521318213306,0.46494733974127045,16
6,0.4944111160606418,0.051637524863225245,0.45395135907613293,16
7,0.5038320464962525,0.05532516419972897,0.44084278930401855,16
8,0.5108369734393692,0.06525057192117426,0.4239124546394566,16
9,0.5264591760299793,0.06707125920158861,0.4064695647684321,16
10,0.5368090962064135,0.07332047409364209,0.38987042969994445,16
11,0.5429758566110289,0.08206152789677745,0.3749626154921937,16
12,0.5536247522577329,0.0870850591931954,0.3592901885490717,16
13,0.5687116637514011,0.08660135791824633,0.34468697833035256,16
14,0.5799236678953819,0.09180824478361835,0.3282680873209999,16
15,0.5898525617459488,0.09837846238754008,0.3117689758665112,16
16,0.5989491239271347,0.10424903914076537,0.2968018369320999,16
17,0.5994591936754495,0.11931864391175794,0.2812221624127925,16
18,0.6052860067467363,0.13006891623845618,0.26464507701480755,16
19,0.6125984099722401,0.1386304023488908,0.24877118767886908,16
20,0.6191956186237838,0.14931229989305722,0.23149208148315897,16
21,0.6230396482081201,0.16421092665332881,0.2127494251385511,16
22,0.6242693354565196,0.18253739293468307,0.1931932716087973,16
23,0.6295816976210697,0.1944353322846023,0.17598297009432795,16
24,0.6342799975689262,0.20330659998819323,0.1624134024428806,16
25,0.6384134408480084,0.21329250336154384,0.14829405579044772,16
26,0.6441753445038704,0.22311850781305081,0.1327061476830788,16
27,0.6511305488868457,0.23310546954583555,0.11576398156731871,16
28,0.654985684107349,0.24219572041164739,0.10281859548100358,16
29,0.6667027537252032,0.24476609579703396,0.08853115047776289,16
30,0.673525723609793,0.24861362846553464,0.07786064792467234,16
31,0.678031529303911,0.25234986672974535,0.06961860396634367,16
32,0.6823330898468264,0.252854349473558,0.0648125606796156,16
33,0.6830548775572889,0.25480920637175836,0.06213591607095276,16
34,0.6791661386539574,0.2536982837223565,0.06713557762368616,16
35,0.6773837086301084,0.254001892798135,0.06861439857175655,16
36,0.682725484204649,0.25413310039209236,0.06314141540325868,16
37,0.6770789804881125,0.25406243133251943,0.06885858817936802,16
38,0.6729182031816744,0.24914448662949407,0.07793731018883154,16
39,0.6682723537336612,0.24424654095557835,0.08748110531076042,16
40,0.6622397181804289,0.23771303721189335,0.10004724460767772,16
41,0.6570490033937934,0.23008901378251512,0.11286198282369153,16
42,0.657544313809481,0.2280982327240853,0.11435745346643372,16
43,0.6572127432492152,0.22723142818543074,0.11555582856535407,16
44,0.6532230028950488,0.2246246589004497,0.12215233820450155,16
45,0.6514292360884147,0.2227708994681492,0.12579986444343605,16
46,0.6521362707099164,0.22165117027834594,0.12621255901173764,16
47,0.6575150461741207,0.22203351378616076,0.12045144003971853,16
48,0.6642071980815005,0.22142893102064884,0.11436387089785063,16
49,0.667619199544202,0.22183043197800714,0.11055036847779084,16
50,0.6281401382590986,0.19239920585305115,0.17946065588785004,16
1,0.24616754425549528,0.02145820554312526,0.7323742502013796,17
2,0.42897286646723876,0.0458974366439909,0.5251296968887703,17
3,0.47222130995633665,0.039859840537547264,0.48791884950611614,17
4,0.49478326633009195,0.03844024715751816,0.4667764865123899,17
5,0.5008900829800802,0.046204692550445514,0.4529052244694743,17
6,0.5070755306357364,0.05048111101778577,0.44244335834647786,17
7,0.5161435966373902,0.05431562494760157,0.42954077841500826,17
8,0.5223896686373705,0.06572936266956092,0.4118809686930686,17
9,0.5380825568421361,0.06793042362143754,0.39398701953642634,17
10,0.5477084758111883,0.07516138858968699,0.37713013559912467,17
11,0.552976437316312,0.0848094309570156,0.36221413172667244,17
12,0.5628452078714297,0.09074727493854182,0.3464075171900286,17
13,0.5782272571101931,0.08998209197249088,0.3317906509173161,17
14,0.5888223206193395,0.09604558713606509,0.31513209224459543,17
15,0.5978001662358507,0.10377498853966449,0.29842484522448476,17
16,0.6067665030278224,0.10977837599225262,0.283455120979925,17
17,0.6064715084310612,0.12576399318271547,0.2677644983862233,17
18,0.611719563336804,0.13704443372238662,0.2512360029408094,17
19,0.6184432804623268,0.1463177329814351,0.23523898655623812,17
20,0.624721047521108,0.15733195343098505,0.21794699904790693,17
21,0.6284028017226108,0.17222459178313348,0.19937260649425576,17
22,0.6293240201681753,0.19040344674618997,0.18027253308563468,17
23,0.6342373059153756,0.20253555924972455,0.1632271348348998,17
24,0.6390192115965538,0.2111100970631017,0.14987069134034448,17
25,0.6431763121398605,0.22077232949338732,0.1360513583667522,17
26,0.6486174538195353,0.2305597894801622,0.12082275670030251,17
27,0.6554979815090368,0.24048010932790903,0.10402190916305415,17
28,0.659456042155975,0.2491787180059075,0.09136523983811753,17
29,0.6719345713222871,0.2519927956171158,0.07607263306059714,17
30,0.6784240472685176,0.2565655493645197,0.06501040336696273,17
31,0.6827770006376295,0.2605290685075341,0.05669393085483643,17
32,0.6867719123797897,0.2613840725795291,0.051844015040681146,17
33,0.6873751161621001,0.263557116375903,0.04906776746199687,17
34,0.6833949447825406,0.26245796834895796,0.05414708686850145,17
35,0.6829058532142303,0.2623184870923312,0.05477565969343856,17
36,0.6879194578202359,0.2627888939285235,0.049291648251240605,17
37,0.6817608798571378,0.26280816158504977,0.05543095855781238,17
38,0.6777337655582636,0.2581865133962915,0.0640797210454449,17
39,0.6735462056462986,0.25345708434491143,0.07299671000878993,17
40,0.667337548211397,0.24750562163472517,0.08515683015387782,17
41,0.6617307608334562,0.2398415051369363,0.09842773402960753,17
42,0.6612970662497433,0.2377845431577834,0.10091839059247332,17
43,0.6596550483693185,0.23685658449012914,0.10348836714055232,17
44,0.6542511196792378,0.23397215071127755,0.11177672960948468,17
45,0.6515805525963144,0.23188812823102017,0.1165313191726654,17
46,0.650943516636537,0.23056599423270055,0.1184904891307624,17
47,0.6554838553770838,0.23105372554020556,0.11346241908271068,17
48,0.6613798679182009,0.2303622583902859,0.10825787369151318,17
49,0.6636694918084244,0.23068932281917118,0.10564118537240444,17
50,0.6132692034408412,0.20123816150081333,0.18549263505834535,17
1,0.24295928049742316,0.015657635867989492,0.7413830836345873,18
2,0.43782234267248576,0.0446989992659812,0.517478658061533,18
3,0.48368730855432085,0.03845505849042288,0.4778576329552563,18
4,0.5082374301752806,0.03639704055971367,0.4553655292650058,18
5,0.5129171967232882,0.04563113711963189,0.4414516661570799,18
6,0.5178361361299569,0.05062521107634402,0.4315386527936991,18
7,0.5267168953106542,0.054457341403657517,0.4188257632856882,18
8,0.5324164760224646,0.06723334135857954,0.4003501826189559,18
9,0.5482266584632363,0.06981363458409051,0.38195970695267323,18
10,0.5570172545527845,0.07810306170755381,0.3648796837396617,18
11,0.5616855126204602,0.08841974052877273,0.3498947468507671,18
12,0.5706019624948326,0.09539877309664437,0.333999264408523,18
13,0.5863395233675647,0.09436015303895397,0.31930032359348137,18
14,0.5964367824823107,0.10120160690141816,0.30236161061627115,18
15,0.6044696998022034,0.11005691381806754,0.285473386379729,18
16,0.613532865860194,0.11600294479555262,0.2704641893442534,18
17,0.61263826514912,0.13271018668515824,0.2546515481657218,18
18,0.6174113228934464,0.14440631800563256,0.2381823591009211,18
19,0.6236168027472672,0.1543084866689306,0.22207471058380224,18
20,0.6296163787407261,0.16557767113764227,0.20480595012163166,18
21,0.63320791118871,0.18034641026779885,0.18644567854349114,18
22,0.6339815749302199,0.19821564133424285,0.16780278373553725,18
23,0.6384724470847719,0.2106259199481249,0.15090163296710318,18
24,0.6435281125445875,0.21882775567077048,0.137644131784642,18
25,0.6478074019635178,0.22814174452501684,0.12405085351146533,18
26,0.6529182543364687,0.23788887671024042,0.10919286895329092,18
27,0.6597381548875014,0.24778366482256312,0.09247818028993546,18
28,0.6639558352837143,0.2561474912553079,0.07989667346097784,18
29,0.6769502605713742,0.2593792363223759,0.06367050310624989,18
30,0.6827316077060439,0.26470955144128494,0.05255884085267115,18
31,0.6872287597463936,0.26878305652623724,0.04398818372736912,18
32,0.6906636071757623,0.2700259450826651,0.03931044774157266,18
33,0.6913783278071417,0.2723561148583987,0.036265557334459575,18
34,0.6873727467807542,0.2712315883817424,0.0413956648375034,18
35,0.6883084765705065,0.2707418862826816,0.04094963714681188,18
36,0.6929756901360847,0.271489563514466,0.03553474634944925,18
37,0.6865285221215839,0.27144688795700384,0.04202458992141228,18
38,0.6827577133907436,0.26707469453034505,0.050167592078911305,18
39,0.6792107314719229,0.26251010328280994,0.05827916524526716,18
40,0.6728064978315095,0.25714462757608847,0.07004887459240206,18
41,0.6669561771780229,0.24942647504900445,0.08361734777297264,18
42,0.6658234160077643,0.247262273753094,0.0869143102391417,18
43,0.66295653693136,0.24618822226817022,0.09085524080046975,18
44,0.6564551621481722,0.24299644478074836,0.1005483930710794,18
45,0.6531987496525743,0.24066985345971365,0.10613139688771206,18
46,0.651419005293606,0.2390851488155112,0.10949584589088282,18
47,0.6551195315772592,0.23965471371735836,0.10522575470538242,18
48,0.6602384367525064,0.23882624242195832,0.1009353208255353,18
49,0.6615157673805707,0.2389610690993892,0.09952316352004009,18
50,0.6000039658927883,0.20939191211991098,0.1906041219873007,18
1,0.23856740217680247,0.01079379567224387,0.7506388021509536,19
2,0.44492134631460406,0.04466796926303672,0.5104106844223593,19
3,0.49297040627723826,0.038407100411582476,0.46862249331117933,19
4,0.5197991731366204,0.03559170594501944,0.4446091209183602,19
5,0.5231306585018594,0.046267875364497384,0.43060146613364325,19
6,0.5267545890299662,0.05202780297404564,0.4212176079959882,19
7,0.5356269998859342,0.055732520738870056,0.40864047937519576,19
8,0.5409495016224608,0.06965960507130775,0.38939089330623144,19
9,0.5569265998011308,0.072683138732083,0.3703902614667862,19
10,0.5647427834260053,0.08212802963146347,0.35312918694253126,19
11,0.5690424664883798,0.09291531142921036,0.33804222208240986,19
12,0.577125618375875,0.1008095396451221,0.322064841979003,19
13,0.5930458746574045,0.09970896506436497,0.30724516027823046,19
14,0.6027843323165456,0.1072361275331955,0.2899795401502589,19
15,0.6099246333087445,0.11713556650229426,0.27293980018896125,19
16,0.6192565734702937,0.12290932376149606,0.2578341027682102,19
17,0.6179908586548584,0.14009980447152307,0.24190933687361857,19
18,0.6223642964496854,0.1521274865932649,0.22550821695704973,19
19,0.6281255818416693,0.16256683532981242,0.20930758282851825,19
20,0.633832111427173,0.17408498003749528,0.19208290853533172,19
21,0.6374678762019854,0.18859457131163992,0.17393755248637466,19
22,0.638177651142497,0.20609544506391064,0.15572690379359233,19
23,0.6422950729235569,0.21870106567929215,0.13900386139715093,19
24,0.6477159561341149,0.22656259024929634,0.12572145361658874,19
25,0.6521884469919486,0.23551050123624673,0.11230105177180472,19
26,0.65705590298446,0.2451595347136673,0.09778456230187266,19
27,0.6637525788438949,0.25511574790197444,0.08113167325413062,19
28,0.6682971306183054,0.2632369972155246,0.06846587216616995,19
29,0.6818343706358316,0.2668860513502286,0.051279578013939786,19
30,0.6864539396094559,0.2729983083679657,0.04054775202257843,19
31,0.6909562200360821,0.27724358813246663,0.03180019183145122,19
32,0.6935929341382212,0.2788491774784365,0.027557888383342277,19
33,0.6949647217939149,0.28118434580306007,0.02385093240302505,19
34,0.691199858991364,0.27995377861590554,0.028846362392730418,19
35,0.6932444442983795,0.27934915815001093,0.027406397551609563,19
36,0.6977771619770112,0.2802713160319072,0.02195152199108158,19
37,0.6914180906077529,0.27997668917977014,0.02860522021247691,19
38,0.6877625067490984,0.27590824870588027,0.03632924454502129,19
39,0.6849303730013419,0.27153930467120724,0.04353032232745091,19
40,0.6784378351113808,0.26662138284429004,0.05494078204432917,19
41,0.6725226013488,0.2588667785767798,0.06861062007442015,19
42,0.6709052586338917,0.25658386744869727,0.07251087391741101,19
43,0.6669993091388272,0.2552566522216967,0.0777440386394761,19
44,0.6597679127950116,0.25171395951494996,0.08851812769003847,19
45,0.6559916615215909,0.24917269311882295,0.09483564535958611,19
46,0.6532923461665553,0.2472886432656346,0.0994190105678101,19
47,0.6562437718887407,0.2478854931825937,0.09587073492866557,19
48,0.660575331615919,0.24689691612765613,0.0925277522564249,19
49,0.6610110156913189,0.24670936638394994,0.09227961792473113,19
50,0.588620761421266,0.2167724911177351,0.19460674746099887,19
1,0.23318598982270491,0.00677258260493689,0.7600414275723582,20
2,0.4503608912278555,0.04574229740757228,0.5038968113645722,20
3,0.5002012450067255,0.03964019143061317,0.4601585635626614,20
4,0.5295385144476326,0.035982265847742924,0.4344792197046245,20
5,0.5316290827181465,0.048042729317343394,0.42032818796451016,20
6,0.5339480985428747,0.05459018777411043,0.4114617136830149,20
7,0.5429334643578777,0.05808460086577907,0.39898193477634325,20
8,0.5480258637333675,0.07299106942092694,0.3789830668457056,20
9,0.5642074548886722,0.07651285311804948,0.35927969199327836,20
10,0.5709647325396161,0.08716320286533788,0.34187206459504604,20
11,0.5750937467835007,0.09824084248152862,0.3266654107349707,20
12,0.5824582601995902,0.10692097622473065,0.31062076357567914,20
13,0.5984311404013088,0.1059350012748839,0.2956338583238073,20
14,0.6078874028789285,0.11409191084571937,0.27802068627535215,20
15,0.6143108252789055,0.12484178576010813,0.2608473889609864,20
16,0.623983962747958,0.13043862452060545,0.24557741273143657,20
17,0.6225133999946013,0.14792188184383367,0.229564718161565,20
18,0.6266208243926112,0.16015644375192084,0.21322273185546792,20
19,0.6319725716970278,0.17107899347471553,0.19694843482825666,20
20,0.6373964115478928,0.1828092743160745,0.17979431413603267,20
21,0.6411898638951253,0.19698115285005746,0.1618289832548172,20
22,0.6419352143677781,0.21403066047481184,0.14403412515741004,20
23,0.6457098892087303,0.22677646293121584,0.12751364786005387,20
24,0.651501621964861,0.23438071369589836,0.11411766433924059,20
25,0.656212917073452,0.24298077835434756,0.10080630457220047,20
26,0.660959123373776,0.25244539606392,0.08659548056230393,20
27,0.6675837995407867,0.26247090423650155,0.06994529622271173,20
28,0.6724038194304438,0.27049487579843257,0.05710130477112363,20
29,0.68634742489655,0.27465489259667114,0.038997682506778875,20
30,0.689692979325151,0.2813514282481012,0.028955592426747834,20
31,0.6937145064551361,0.28588351978090476,0.020401973763959136,20
32,0.695816573708281,0.28765013218320595,0.016533294108513064,20
33,0.6981463501167204,0.2900047525223003,0.011848897360979271,20
34,0.6946665790632875,0.28867685540796106,0.016656565528751388,20
35,0.6978094224079644,0.2880499934252897,0.014140584166745906,20
36,0.7021369487766567,0.2891476159942599,0.008715435229083413,20
37,0.6961487889660256,0.28851423462997017,0.015336976404004221,20
38,0.6927655461100013,0.2846708154647519,0.02256363842524678,20
39,0.6905323747195966,0.28058850774972643,0.028879117530676957,20
40,0.6840799974087209,0.275973488007559,0.03994651458372006,20
41,0.67829492678534,0.2682091924296998,0.053495880784960204,20
42,0.6763159919996803,0.26578891112205427,0.05789509687826544,20
43,0.6716553922395058,0.2641113227358747,0.06423328502461956,20
44,0.6640342087122143,0.26018886158825066,0.07577692969953503,20
45,0.6597264158478036,0.2574440934148912,0.08282949073730522,20
46,0.6563575163761408,0.25522064709166226,0.08842183653219693,20
47,0.6586561352956305,0.2558062035176657,0.0855376611867038,20
48,0.6622850757300283,0.2546051645011462,0.08310975976882556,20
49,0.6619840493018987,0.25402358946315556,0.08399236123494574,20
50,0.579071388861001,0.22340235576585574,0.19752625537314328,20
1,0.2270794849876586,0.003499933486092446,0.7694205815262489,21
2,0.4542770049850249,0.04784316765070225,0.4978798273642729,21
3,0.5054249513516187,0.04210011335378259,0.4524749352945987,21
4,0.5374563006947813,0.03756127792430981,0.42498242138090886,21
5,0.5384777407897094,0.05090131960810114,0.4106209396021894,21
6,0.5394923137980141,0.05825337457016543,0.40225431163182046,21
7,0.5487119763489086,0.061468891698156704,0.3898191319529347,21
8,0.5536637859798461,0.07716243306143075,0.3691737809587231,21
9,0.5701351155058885,0.08121550761221386,0.3486493768818977,21
10,0.5757571032554631,0.09313074559111215,0.33111215115342474,21
11,0.5798960757966278,0.10431484532876512,0.31578907887460705,21
12,0.5867134622403378,0.11361522781923417,0.299671309940428,21
13,0.6025621308229747,0.1129280012051908,0.2845098679718345,21
14,0.611743790439307,0.1217187441182011,0.26653746544249185,21
15,0.6177665379682646,0.13299615547005453,0.24923730656168083,21
16,0.6276343829453831,0.13861632483429862,0.2337492922203183,21
17,0.626226899504619,0.15607819022704097,0.21769491026834006,21
18,0.6302745764960282,0.1683798624459138,0.20134556105805795,21
19,0.6353371345717447,0.17962883183571246,0.18503403359254286,21
20,0.640422181290713,0.19161087292935894,0.16796694577992802,21
21,0.6442887721811206,0.20551412879443282,0.1501970990244466,21
22,0.6451266060087925,0.22207629731439243,0.1327970966768151,21
23,0.6486530497348839,0.23482221325314506,0.11652473701197102,21
24,0.6547120064759493,0.24233887337043358,0.10294912015361712,21
25,0.6597678953867642,0.25056322720917323,0.0896688774040626,21
26,0.6644568861603708,0.25981656821478905,0.07572654562484016,21
27,0.6710097109124018,0.2699327607711439,0.05905752831645428,21
28,0.6760590233578037,0.2779534962790955,0.04598748036310085,21
29,0.6903207305209605,0.28265914769354794,0.027020121785491513,21
30,0.6924382825135078,0.2896811252797333,0.017880592206758916,21
31,0.6953165678853747,0.2945568968825626,0.01012653523206275,21
32,0.6969842057641191,0.2953130830102788,0.007702711225602066,21
33,0.6981100957363189,0.29516204876351615,0.00672785550016497,21
34,0.6972664817900702,0.29651336077337664,0.006220157436553131,21
35,0.700193539720715,0.29478078603486074,0.005025674244424294,21
36,0.7024549971253425,0.29352005567996753,0.004024947194689932,21
37,0.6998960811976686,0.2960622604270709,0.004041658375260548,21
38,0.697622983713319,0.2933519773719476,0.009025038914733385,21
39,0.6958673091019087,0.28959400647037337,0.014538684427717885,21
40,0.6895261408253842,0.28517212300823497,0.025301736166380817,21
41,0.6840008731131633,0.2774352341640404,0.03856389272279631,21
42,0.6819141762836294,0.2748228066273345,0.043263017089036127,21
43,0.67673011957552,0.2727325447269397,0.05053733569754032,21
44,0.6689484826756154,0.26844042526411327,0.06261109206027138,21
45,0.6641829518958686,0.2654707488882508,0.07034629921588059,21
46,0.6603253170410126,0.2628968511367905,0.07677783182219688,21
47,0.661979864076903,0.263450108892358,0.074570027030739,21
48,0.6650507765156874,0.2619756583838997,0.07297356510041286,21
49,0.6642674693079746,0.2609275718422681,0.07480495884975724,21
50,0.5713540579748988,0.22928986006330782,0.19935608196179336,21
1,0.22055979138427545,0.0008739139852311857,0.7785662946304933,22
2,0.45675308083438826,0.05091498438253057,0.4923319347830812,22
3,0.5087969245643849,0.045708921691204205,0.4454941537444109,22
4,0.5436420832459004,0.04026700628009492,0.4160909104740047,22
5,0.5436972058794736,0.054779341426959643,0.4015234526935668,22
6,0.5434322373588283,0.06296494851818593,0.3936028141229858,22
7,0.5530254259216005,0.06583725898358711,0.38113731509481236,22
8,0.5579639783221795,0.08212064820814091,0.3599153734696796,22
9,0.5747289181690202,0.08674715336886787,0.338523928462112,22
10,0.5791185798579291,0.09997403302453481,0.3209073871175361,22
11,0.5835022518909082,0.11104724291313287,0.30545050519595895,22
12,0.5899283257469392,0.12081349924208994,0.28925817501097084,22
13,0.6054935368009317,0.12062450331497954,0.2738819598840888,22
14,0.6143253625279681,0.1300278817547928,0.2556467557172391,22
15,0.620342471026688,0.14147688614311266,0.2381806428301993,22
16,0.6302463497578892,0.14729344919675103,0.2224602010453598,22
17,0.6291100506681122,0.16449362279386248,0.2063963265380253,22
18,0.6332121383605154,0.1767955424796954,0.18999231915978923,22
19,0.6381370414176694,0.1881948483830766,0.17366811019925404,22
20,0.6428482213438329,0.20041979275208333,0.15673198590408377,22
21,0.6467110957938427,0.21408501516100104,0.1392038890451563,22
22,0.6475945021324958,0.23018497586241568,0.12222052200508851,22
23,0.6510278096673197,0.2427836118454094,0.10618857848727095,22
24,0.6572098800487423,0.25037284849551134,0.09241727145574641,22
25,0.6626746544334325,0.25819249815146045,0.07913284741510701,22
26,0.6674043302238909,0.2671718275223012,0.06542384225380793,22
27,0.673773434528343,0.2774462958246405,0.04878026964701648,22
28,0.678966832030943,0.2855680443874121,0.035465123581644886,22
29,0.6935361556883579,0.2907931269936687,0.01567071731797337,22
30,0.6939036069837933,0.29734868531915426,0.008747707697052465,22
31,0.6927529363345303,0.2991690707263513,0.008077992939118428,22
32,0.6948914112508339,0.2982785033600002,0.0068300853891659075,22
33,0.6967152162985354,0.29756403293255956,0.005720750768905047,22
34,0.6953904430671571,0.2992979421241192,0.005311614808723664,22
35,0.6987460622051762,0.2972231539673237,0.004030783827500106,22
36,0.7014373197640462,0.29562228046198236,0.002940399773971425,22
37,0.6988752180394144,0.2981737975890699,0.0029509843715156414,22
38,0.6991526860609658,0.2984108749888058,0.002436438950228381,22
39,0.7002357612293542,0.29796821371108256,0.0017960250595632776,22
40,0.6944609095118935,0.29412177638154563,0.011417314106560827,22
41,0.6892653841867886,0.28646527155283064,0.024269344260380743,22
42,0.6872333452919921,0.2836301166257143,0.029136538082293606,22
43,0.6818500070014206,0.28107610111266523,0.037073891885914145,22
44,0.6741716031940042,0.276420388437918,0.04940800836807785,22
45,0.668995029456839,0.27319121270206664,0.05781375784109438,22
46,0.6647991760416652,0.2702618935758734,0.06493893038246146,22
47,0.6658943273251968,0.2707379668060258,0.06336770586877738,22
48,0.6685541039110255,0.268963527410327,0.06248236867864748,22
49,0.6674789362090462,0.26742800422207885,0.06509305956887496,22
50,0.5654785553198036,0.23439675168500224,0.20012469299519417,22
1,0.21324269865897766,0.0,0.7867573013410223,23
2,0.4577467346001081,0.054960811598831316,0.4872924538010606,23
3,0.5103863327994242,0.05042129344672987,0.4391923737538459,23
4,0.5481606140653776,0.044080123100348215,0.40775926283427416,23
5,0.5474174369175735,0.05962663674587442,0.3929559263365521,23
6,0.5458733052771579,0.06865878660059563,0.3854679081222464,23
7,0.5558787752099152,0.07118511904246372,0.37293610574762104,23
8,0.5609723409722072,0.08784387141576597,0.35118378761202684,23
9,0.5780255528628917,0.09306159409756677,0.32891285303954154,23
10,0.581133028052224,0.10758409239753312,0.31128287955024286,23
11,0.5859694654995347,0.11838030729443144,0.2956502272060339,23
12,0.5921491288667712,0.12846399462462993,0.2793868765085989,23
13,0.6072910848795685,0.1289244288681448,0.2637844862522867,23
14,0.6157273038193469,0.13887924472124907,0.245393451459404,23
15,0.6220871273236432,0.15020435200095375,0.227708520675403,23
16,0.6318831409312209,0.15635903266612106,0.21175782640265806,23
17,0.6311480197647834,0.17314522623038506,0.19570675400483153,23
18,0.6354037852696124,0.18537063650140426,0.17922557822898336,23
19,0.640297972181047,0.1967960705708291,0.1629059572481239,23
20,0.6446600215078488,0.20919157983840617,0.146148398653745,23
21,0.6484375929773115,0.22264614756197126,0.12891625946071722,23
22,0.6493127939992083,0.2382996566573739,0.11238754934341783,23
23,0.6528777209340934,0.2505448070934271,0.09657747197247957,23
24,0.6590312358979198,0.25834950652424626,0.08261925757783395,23
25,0.6648941186881024,0.26578160291011965,0.0693242784017779,23
26,0.6696518881529556,0.2745207719039344,0.055827339943109955,23
27,0.6758361475883519,0.28489589856608477,0.039267953845563364,23
28,0.6811956600733506,0.29313876103334857,0.02566557889330079,23
29,0.6942483249823961,0.2972572446062241,0.008494430411379816,23
30,0.6910863284252667,0.30074486192713784,0.00816880964759542,23
31,0.6903711020043775,0.30219527700625415,0.007433620989368395,23
32,0.6939817794936175,0.30010838039756477,0.005909840108817732,23
33,0.6962313446007528,0.2990382166868236,0.004730438712423624,23
34,0.6940310814527912,0.3014612320757995,0.004507686471409256,23
35,0.6975127007745869,0.299278354856635,0.003208944368778055,23
36,0.7008473329882472,0.29715956880854366,0.0019930982032091427,23
37,0.6981871856975609,0.29979035425593326,0.0020224600465058584,23
38,0.6982725918114834,0.3001858272508655,0.0015415809376511103,23
39,0.6990445191019234,0.3000005297326749,0.000954951165401674,23
40,0.6977870772626871,0.3014142488562249,0.0007986738810880079,23
41,0.6939525289038302,0.29517322358079784,0.010874247515371971,23
42,0.6922018809769606,0.2920696163378096,0.01572850268522985,23
43,0.686786745451028,0.2890637887584357,0.024149465790536284,23
44,0.6794389972023758,0.2840374245137901,0.036523578283834124,23
45,0.6739309831065178,0.28051488542839065,0.045554131465091574,23
46,0.6695627519401546,0.27722494126915814,0.05321230679068728,23
47,0.6702036275065694,0.27756107792204315,0.05223529457138748,23
48,0.6726306979438987,0.27546483697045576,0.0519044650856455,23
49,0.6714414237713062,0.273444372750667,0.05511420347802676,23
50,0.5613272407688604,0.23878537903542685,0.1998873801957127,23
1,0.20661381393567146,0.0,0.7933861860643285,24
2,0.45710379994814926,0.05990115124393247,0.4829950488079182,24
3,0.5103968724581374,0.056128140447677215,0.4334749870941854,24
4,0.5510719763925217,0.048965627237715484,0.39996239636976283,24
5,0.5497018644427998,0.06540117939330467,0.3848969561638955,24
6,0.5470152408747389,0.07520022197269928,0.3777845371525619,24
7,0.5574363614231618,0.07738722879672949,0.36517640978010873,24
8,0.5627143406277919,0.09433996725169236,0.34294569212051573,24
9,0.5799990544569903,0.10011947476464758,0.31988147077836215,24
10,0.5821438905590215,0.11566996440319109,0.3021861450377874,24
11,0.5874042643379518,0.12621926621620783,0.2863764694458404,24
12,0.5934377811830152,0.1365093580940244,0.2700528607229604,24
13,0.6080869900930208,0.13769127804072162,0.25422173186625757,24
14,0.6160609786477292,0.14814615301440368,0.23579286833786708,24
15,0.6230665107623485,0.15911981083979787,0.2178136783978536,24
16,0.6326403213063041,0.1656925412016033,0.2016671374920926,24
17,0.6323949862092972,0.18196441503454386,0.1856405987561589,24
18,0.6368761113051986,0.19405502536717673,0.16906886332762466,24
19,0.6418224249067125,0.205414916711955,0.15276265838133252,24
20,0.6458337825726064,0.21791846436609352,0.1362477530613001,24
21,0.6495111711079116,0.23113262735197826,0.11935620154011017,24
22,0.6504265882541312,0.24627983236249834,0.10329357938337042,24
23,0.654285591604699,0.25806089496239065,0.08765351343291033,24
24,0.6602169480698592,0.2661655535878037,0.0736174983423371,24
25,0.6663527662029453,0.27332214395723,0.060325089839824764,24
26,0.6711153743206821,0.2818253180761568,0.04705930760316107,24
27,0.6771776742070915,0.2922104390339783,0.030611886758930174,24
28,0.682701048135471,0.3005472266202198,0.016751725244309235,24
29,0.6917610649617973,0.3003053799347146,0.007933555103488033,24
30,0.6888208585380622,0.3035825160650853,0.007596625396852519,24
31,0.6893057523054168,0.30404284541306026,0.0066514022815229445,24
32,0.6939736189759496,0.3010838293869711,0.004942551637079351,24
33,0.6963638780455623,0.29987880881970164,0.00375731313473604,24
34,0.6930903627798968,0.30314250874921345,0.00376712847088978,24
35,0.6965368348467647,0.3009744048931923,0.0024887602600430214,24
36,0.7006904967743396,0.29819168443670263,0.0011178187889577806,24
37,0.6978190189365359,0.3009873998141229,0.0011935812493412135,24
38,0.6978205342201044,0.3014502634383435,0.0007292023415521043,24
39,0.6982360190130046,0.30155455676158355,0.00020942422541186945,24
40,0.6966193418792467,0.30326393434897086,0.00011672377178245652,24
41,0.6975282762541124,0.3024717237458876,0.0,24
42,0.6966767544074881,0.300070738031155,0.0032525075613568655,24
43,0.6913716591770124,0.29662553397422103,0.01200280684876659,24
44,0.6845887540981241,0.2912556992292957,0.024155546672580186,24
45,0.6789622836294094,0.28737970130318935,0.03365801506740129,24
46,0.6744815534074843,0.2837597203774506,0.0417587262150651,24
47,0.6747107395542049,0.28389179842920964,0.04139746201658545,24
48,0.6770944250979991,0.28148300987292074,0.04142256502908015,24
49,0.6758890505048752,0.2789882506316925,0.04512269886343223,24
50,0.5588687067405563,0.24244192119897875,0.1986893720604649,24
1,0.20113682921284023,0.0,0.7988631707871597,25
2,0.4551097392576692,0.06560816587901692,0.4792820948633139,25
3,0.5090443065499977,0.06267736873497008,0.42827832471503224,25
4,0.5525451438599897,0.05480559768718225,0.3926492584528281,25
5,0.5507135708540967,0.07198397347337393,0.3773024556725294,25
6,0.5469783561275421,0.0824836249818133,0.37053801889064464,25
7,0.5578107155356288,0.08433974350584279,0.35784954095852844,25
8,0.5633283405974573,0.10149439005180025,0.33517726935074243,25
9,0.5807725166678135,0.10781255859696492,0.3114149247352216,25
10,0.5822528507691404,0.12414270971772964,0.29360443951313,25
11,0.5879089781096131,0.13446842340187098,0.27762259848851595,25
12,0.5938700079029166,0.14488403288308208,0.2612459592140014,25
13,0.6079932094011926,0.14681033172060307,0.24519645887820432,25
14,0.615481247541869,0.1576698967842374,0.22684885567389365,25
15,0.6233362085463815,0.16816352797873713,0.20850026347488138,25
16,0.6326355666320327,0.17516804288250146,0.19219639048546586,25
17,0.6329140281842383,0.19088832406311218,0.17619764775264957,25
18,0.6376949990385722,0.20278166487319121,0.1595233360882366,25
19,0.6427014887514337,0.2140459124712114,0.14325259877735486,25
20,0.6464588664097212,0.22651241225525615,0.1270287213350227,25
21,0.6500520397310854,0.239438822361897,0.11050913790701761,25
22,0.6510376428952434,0.25404604139633347,0.09491631570842318,25
23,0.655254379285463,0.2653546210578047,0.07939099965673224,25
24,0.6608513771115356,0.27373579568769335,0.06541282720077102,25
25,0.6671195034074509,0.2807257698807486,0.05215472671180055,25
26,0.6719387111060376,0.2889379836449799,0.03912330524898244,25
27,0.6778419713122144,0.29928080087427567,0.02287722781350998,25
28,0.6831136341554709,0.3072233714423519,0.009662994402177216,25
29,0.6896675484767003,0.30293918179245594,0.0073932697308437545,25
30,0.6874534223398603,0.3055927208860414,0.0069538567740983215,25
31,0.6892482681967818,0.3049655592319019,0.005786172571316361,25
32,0.6945600256763912,0.3014557132071284,0.003984261116480425,25
33,0.6968283638156287,0.3003168175663195,0.0028548186180517576,25
34,0.6925774760807277,0.30433567692263036,0.003086846996641912,25
35,0.6957423786671756,0.3023710005933254,0.001886620739499023,25
36,0.7008445648213719,0.2988126512246168,0.00034278395401127204,25
37,0.6977257274378891,0.3017944488734861,0.00047982368862481417,25
38,0.6977498475253244,0.3022323020618427,1.7850412832864926e-05,25
39,0.6977786018588201,0.3022213981411799,0.0,25
40,0.6958774390027125,0.3041225609972875,0.0,25
41,0.6962441978432683,0.3037558021567317,0.0,25
42,0.6976154480636028,0.30238455193639724,0.0,25
43,0.6954916350797526,0.3036642612934924,0.0008441036267549662,25
44,0.6893530878481796,0.29803753774313607,0.012609374408684315,25
45,0.6838416134148085,0.2937763444548317,0.02238204213035977,25
46,0.679352626728888,0.28983665031424943,0.030810722956862602,25
47,0.6792214487264236,0.2897002938124193,0.031078257461157055,25
48,0.6817404182406193,0.28700746997112436,0.031252111788256376,25
49,0.6806201592859995,0.28404665948483737,0.035333181229163124,25
50,0.5581777934481605,0.2453196504564095,0.19650255609543,25
1,0.19675075527948813,0.0,0.803249244720512,26
2,0.4521712287740276,0.07190341896285715,0.4759253522631153,26
3,0.5064915159766243,0.06992769661683179,0.42358078740654387,26
4,0.5526118771016273,0.061547986280051176,0.3858401366183215,26
5,0.5506088407400294,0.0792286645249279,0.37016249473504276,26
6,0.5459073418298677,0.09038424384242315,0.3637084143277092,26
7,0.5571243508783021,0.09192343043211003,0.3509522186895878,26
8,0.5629273855703971,0.10920201722078621,0.32787059720881667,26
9,0.5804656256622822,0.11602407853226482,0.30351029580545297,26
10,0.5815258675644974,0.13292860653862132,0.28554552589688126,26
11,0.5875785844451473,0.14302908800646583,0.2693923275483868,26
12,0.5935099404193231,0.15351471797201602,0.25297534160866086,26
13,0.6071150308027781,0.15616298961328032,0.23672197958394162,26
14,0.6141511441673723,0.16727995815263458,0.21856889767999316,26
15,0.6229608533477557,0.17726783556945735,0.1997713110827869,26
16,0.6319773455824691,0.18465859333157542,0.1833640610859555,26
17,0.6327198261849887,0.1998707448578869,0.16740942895712443,26
18,0.6378983917995698,0.21148763975375096,0.1506139684466793,26
19,0.642989032408048,0.22260709846787352,0.13440386912407853,26
20,0.6465937200733971,0.23491028736474695,0.11849599256185595,26
21,0.6501484549819994,0.2474979336464606,0.10235361137154003,26
22,0.6512153228091686,0.2615328560492204,0.08725182114161101,26
23,0.655790350345475,0.2724194121612564,0.07179023749326863,26
24,0.6610545856229316,0.2809483383578662,0.057997076019202176,26
25,0.6673834922127606,0.2878126183847315,0.0448038894025079,26
26,0.6721598676226154,0.29575736677497844,0.032082765602406194,26
27,0.6779835141012889,0.30594926751341633,0.01606721838529479,26
28,0.6804774298259177,0.310228574120317,0.009293996053765241,26
29,0.688017661552708,0.3051028042739725,0.006879534173319435,26
30,0.686926830804502,0.3068079967500015,0.006265172445496514,26
31,0.6899091520948182,0.30518466152299506,0.004906186382186761,26
32,0.6954067750044868,0.3014840462690642,0.0031091787264490023,26
33,0.6975332760546074,0.3004211418754884,0.0020455820699042393,26
34,0.6924626336329038,0.3050632805138529,0.0024740858532432686,26
35,0.6951596012695542,0.30344560701493006,0.0013947917155157086,26
36,0.701151695031885,0.298848304968115,0.0,26
37,0.6978730758908355,0.30212692410916453,0.0,26
38,0.6979668158467002,0.3020331841532998,0.0,26
39,0.6977776522261231,0.3022223477738769,0.0,26
40,0.6956599868514743,0.30434001314852566,0.0,26
41,0.6954429506288949,0.30455704937110506,0.0,26
42,0.6974277939279511,0.30257220607204893,0.0,26
43,0.6958931797844383,0.3041068202155617,0.0,26
44,0.693638454205679,0.30427980015898703,0.0020817456353339203,26
45,0.6884405195642516,0.2996580721257389,0.01190140831000952,26
46,0.6840632172489153,0.29542422206535296,0.020512560685731762,26
47,0.6836341713071478,0.2949586258625535,0.021407202830298733,26
48,0.6864068123361606,0.29202519485387857,0.0215679928099608,26
49,0.6854499461168081,0.2886260259430682,0.025924027940123717,26
50,0.5591103189998005,0.24747863944537163,0.19341104155482797,26
1,0.19344240106559704,0.0,0.8065575989344029,27
2,0.44845941878916473,0.07868063583336465,0.4728599453774706,27
3,0.5029406078659521,0.077731548274903,0.419327843859145,27
4,0.5514615128055931,0.06905445413038558,0.37948403306402134,27
5,0.5495136523796501,0.08704025694625601,0.3634460906740939,27
6,0.5439510222533316,0.09878160822732046,0.35726736951934795,27
7,0.5555040683423652,0.10002671298624546,0.34446921867138935,27
8,0.5615902901952068,0.11738170760344632,0.32102800220134686,27
9,0.5791968186062008,0.12464308601424581,0.29616009537955346,27
10,0.5800801399873619,0.14193194816738627,0.27798791184525184,27
11,0.5865411419168718,0.15179803734144026,0.26166082074168795,27
12,0.5924141990417591,0.16234304268669178,0.24524275827154915,27
13,0.6055894742911008,0.16561953409636415,0.22879099161253508,27
14,0.6122400442325265,0.17683620550339985,0.21092375026407362,27
15,0.6219980186943497,0.18638090735427032,0.19162107395138,27
16,0.630790325576499,0.19405474450098747,0.17515492992251358,27
17,0.6319108494061865,0.20882434909230213,0.1592648015015114,27
18,0.6375643021220636,0.2201091836374982,0.14232651424043818,27
19,0.6427662511185634,0.23102294817958008,0.12621080070185647,27
20,0.646332155384161,0.24305364769108756,0.11061419692475144,27
21,0.6499181275360117,0.25522488627165774,0.09485698619233052,27
22,0.6510304941777023,0.26871635084577283,0.08025315497652485,27
23,0.6559156265695434,0.2792515328725641,0.06483284055789251,27
24,0.6608849862677739,0.2877893644256513,0.051325649306574794,27
25,0.667289238869492,0.29449441642722607,0.038216344703281946,27
26,0.6719082996638566,0.3021862628217341,0.025905437514409324,27
27,0.6778072896437357,0.3120662083362715,0.010126502019992767,27
28,0.6783564087487397,0.312748508849184,0.008895082402076315,27
29,0.6867720619751482,0.30686443072242575,0.006363507302426075,27
30,0.6868743958341708,0.3075599511682464,0.005565652997582826,27
31,0.6909252150662781,0.3050301945817736,0.004044590351948263,27
32,0.6962825227258207,0.30139431461182553,0.0023231626623537727,27
33,0.6984116056751727,0.3002864103543207,0.001301983970506626,27
34,0.6928241162225528,0.30530403007484896,0.0018718537025982362,27
35,0.6948749689744019,0.3041704203508888,0.0009546106747092553,27
36,0.7017298278455089,0.29827017215449114,0.0,27
37,0.698278053059519,0.30172194694048105,0.0,27
38,0.6986648518150524,0.30133514818494755,0.0,27
39,0.6982629375427989,0.3017370624572011,0.0,27
40,0.6959753276151955,0.30402467238480446,0.0,27
41,0.695107217652449,0.304892782347551,0.0,27
42,0.6976497468900767,0.30235025310992325,0.0,27
43,0.6962655104498785,0.3037344895501215,0.0,27
44,0.695437729517415,0.304562270482585,0.0,27
45,0.692754809970384,0.3049462047411855,0.002298985288430533,27
46,0.6886158710996351,0.30044798224164954,0.010936146658715395,27
47,0.6879316103795431,0.2996379107781877,0.012430478842269221,27
48,0.690986417050155,0.29650977520782273,0.01250380774202231,27
49,0.6902631136596648,0.29269259204087217,0.01704429429946308,27
50,0.5615274603578487,0.24895758413697056,0.1895149555051808,27
1,0.19119254981771086,0.0,0.8088074501822892,28
2,0.4441045244463904,0.08584190891494711,0.4700535666386626,28
3,0.49873184447297736,0.08591284704194126,0.4153553084850814,28
4,0.5493862767690173,0.07712896167995145,0.3734847615510313,28
5,0.547465666112934,0.09537585352569541,0.35715848036137054,28
6,0.5412680210135419,0.10754416653792584,0.35118781244853225,28
7,0.5530938967087803,0.10852030323007933,0.3383858000611404,28
8,0.5594253366196359,0.12592842344276298,0.3146462399376011,28
9,0.5771249410612505,0.13353480127311876,0.28934025766563076,28
10,0.5780252301693984,0.1510572715735554,0.27091749825704614,28
11,0.5848669425655674,0.1607133038209899,0.2544197536134427,28
12,0.5906598719994576,0.17128970960177506,0.23805041839876737,28
13,0.6035083580524964,0.17508545387090696,0.22140618807659668,28
14,0.6098710450186114,0.1862283225815477,0.20390063239984085,28
15,0.6205165886491596,0.1954296227024622,0.1840537886483782,28
16,0.6292017284709537,0.2032342587993164,0.16756401272972993,28
17,0.6305942176385713,0.21764213820035788,0.15176364416107085,28
18,0.6367699737035695,0.2285661597495321,0.13466386654689844,28
19,0.642089206289691,0.23924109938902471,0.11866969432128427,28
20,0.6457442139072868,0.25088795214590187,0.10336783394681137,28
21,0.6493955510186967,0.2626066181511503,0.087997830830153,28
22,0.6504970347884438,0.27559027687895055,0.07391268833260567,28
23,0.6556366616185676,0.2858092528916447,0.05855408548978769,28
24,0.6604340796900992,0.29419601176226995,0.0453699085476309,28
25,0.6669369616514036,0.30070312125838433,0.032359917090212076,28
26,0.6713886551868056,0.30808173093169,0.020529613881504427,28
27,0.675274480515766,0.31508386813316386,0.009641651351070146,28
28,0.6767998492315523,0.3147221120331365,0.008478038735311166,28
29,0.6859756698066172,0.3081677824658985,0.00585654772748434,28
30,0.6870219586381634,0.3080489831261313,0.004929058235705275,28
31,0.6918492026247205,0.3048425356250375,0.003308261750242014,28
32,0.6971514273656421,0.3011993214464821,0.0016492511878758442,28
33,0.699381193117609,0.2999640577460196,0.0006547491363713687,28
34,0.6934635932131143,0.305203860740244,0.001332546046641625,28
35,0.6948970365303144,0.3045273846036116,0.0005755788660739558,28
36,0.7027158680627281,0.2972841319372719,0.0,28
37,0.6990018202504118,0.3009981797495882,0.0,28
38,0.6996446912610572,0.3003553087389428,0.0,28
39,0.6991347148969069,0.30086528510309307,0.0,28
40,0.6967300435685627,0.3032699564314373,0.0,28
41,0.6951364339210057,0.30486356607899434,0.0,28
42,0.6982067371289569,0.30179326287104313,0.0,28
43,0.6969888477614792,0.3030111522385208,0.0,28
44,0.6964711109436985,0.3035288890563015,0.0,28
45,0.6955599891076152,0.3044400108923848,0.0,28
46,0.6929052313560697,0.304868701349938,0.002226067293992273,28
47,0.6920473077127494,0.3036920489440069,0.00426064334324372,28
48,0.695408882064,0.3004062937124449,0.004184824223555095,28
49,0.6950161684584979,0.296199180816528,0.008784650724974086,28
50,0.5652473905021123,0.24982837517999865,0.18492423431788918,28
1,0.18997680264746694,0.0,0.8100231973525331,29
2,0.4392563844444367,0.09328116512257574,0.46746245043298756,29
3,0.494019724693721,0.09434198079794542,0.41163829450833356,29
4,0.5464845158375309,0.08567196261413104,0.3678435215483381,29
5,0.5446096838625346,0.10413107542907664,0.35125924070838876,29
6,0.5379812400965882,0.11656876623321885,0.3454499936701929,29
7,0.549885359190005,0.11734334030127697,0.332771300508718,29
8,0.556500662777925,0.13473439012870894,0.3087649470933661,29
9,0.5744527675538298,0.14251933320012636,0.2830278992460439,29
10,0.5754742880645272,0.16021607457042442,0.2643096373650484,29
11,0.5826689001161556,0.1696795560820146,0.24765154380182983,29
12,0.5883352254937679,0.18027579173502517,0.2313889827712069,29
13,0.6009712983216633,0.18447829624793927,0.21455040543039744,29
14,0.6071249598137645,0.19539582632460506,0.19747921386163048,29
15,0.6186274009532228,0.20432549972352648,0.17704709932325075,29
16,0.627315935962363,0.21212802955085863,0.16055603448677835,29
17,0.6288647648213256,0.22626072194600605,0.14487451323266837,29
18,0.6355944889396241,0.23680138763948147,0.12760412342089442,29
19,0.6410375228485186,0.24721698005200576,0.11174549709947568,29
20,0.6448777454652228,0.25839782677353546,0.09672442776124174,29
21,0.6486550808417794,0.2696300604510502,0.08171485870717043,29
22,0.6497120035913371,0.28211714737887655,0.06817084902978637,29
23,0.6551032930256967,0.29199336270910936,0.05290334426519394,29
24,0.6597536030162514,0.3001699715545524,0.040076425429196205,29
25,0.6664747904750127,0.30637680691529356,0.027148402609693756,29
26,0.6707230485736493,0.31342351062854723,0.015853440797803486,29
27,0.6731356631002474,0.31752564266933153,0.009338694230421052,29
28,0.6757375388540208,0.3162355762006206,0.008026884945358637,29
29,0.6855190039755215,0.309131775798261,0.005349220226217533,29
30,0.6873170737690382,0.308349416272269,0.0043335099586928605,29
31,0.6926935523043325,0.3046448599218174,0.002661587773850116,29
32,0.697910749875288,0.30101486459927695,0.0010743855254350398,29
33,0.7002727898160719,0.2996233006422704,0.00010390954165773181,29
34,0.6942795641004682,0.304877742942089,0.00084269295744277,29
35,0.6951070803395176,0.30464495722355095,0.00024796243693142594,29
36,0.7039094970618929,0.2960905029381071,0.0,29
37,0.6999204491594364,0.3000795508405636,0.0,29
38,0.7007691650382126,0.2992308349617874,0.0,29
39,0.7002477480818825,0.2997522519181175,0.0,29
40,0.697807734356459,0.30219226564354096,0.0,29
41,0.6954600560845876,0.3045399439154124,0.0,29
42,0.6989889992668064,0.30101100073319365,0.0,29
43,0.6979856494541132,0.30201435054588677,0.0,29
44,0.6977158386823235,0.30228416131767655,0.0,29
45,0.6973963864625579,0.30260361353744214,0.0,29
46,0.6964180038954197,0.30358199610458025,0.0,29
47,0.6959575187006999,0.3040424812993001,0.0,29
48,0.6996229869404553,0.3003770130595447,0.0,29
49,0.6996356986746928,0.29912116857438853,0.0012431327509186962,29
50,0.5702294561377095,0.25008946927448783,0.17968107458780275,29
1,0.18969502078744283,0.0,0.8103049792125572,30
2,0.43404397205649686,0.10091043151435047,0.4650455964291527,30
3,0.48893313746111017,0.1029167422880298,0.40815012025086006,30
4,0.542906201554458,0.09455942618424992,0.36253437226129204,30
5,0.5410852336511003,0.11318220811438429,0.34573255823451543,30
6,0.5342041661563564,0.1257495588499358,0.3400462749937079,30
7,0.5460494951391563,0.12636318146311404,0.3275873233977296,30
8,0.5529635115867737,0.14367862070242907,0.3033578677107972,30
9,0.5712730296816976,0.15152537637911742,0.277201593939185,30
10,0.5725152000379529,0.16933135063068266,0.25815344933136447,30
11,0.5800627204813826,0.17860144752664597,0.2413358319919714,30
12,0.5855565876148183,0.18921491335327986,0.2252284990319018,30
13,0.5980778256660473,0.19371312737514038,0.20820904695881234,30
14,0.6041216205543076,0.20425836796116223,0.19162001148453014,30
15,0.6163977145360138,0.2130137946245908,0.17058849083939542,30
16,0.6251744028944849,0.22071350609102222,0.15411209101449289,30
17,0.6268021094831507,0.23462590915421963,0.13857198136262963,30
18,0.6341507597861431,0.24474244188349997,0.12110679833035692,30
19,0.6396748889239792,0.25491117104428157,0.10541394003173926,30
20,0.6437601176762071,0.2655726147487142,0.0906672675750787,30
21,0.6477791048153451,0.2762550893681168,0.07596580581653811,30
22,0.6488496007882414,0.28817305499719,0.06297734421456863,30
23,0.654389718741536,0.2977618016145432,0.04784847964392086,30
24,0.6589756248345391,0.30565264903818057,0.035371726127280345,30
25,0.6659791249926734,0.3115132138761102,0.022507661131216383,30
26,0.6700731895067753,0.3181454013818222,0.011781409111402519,30
27,0.6715408221270193,0.3194651888204413,0.008993989052539453,30
28,0.6750375642875603,0.31738894700026044,0.007573488712179222,30
29,0.6853437007565917,0.30979689314170145,0.004859406101706876,30
30,0.6875821983689829,0.30859602768771643,0.0038217739433006326,30
31,0.6933914673150741,0.3044819467657961,0.002126585919129842,30
32,0.6985151184111633,0.30086680719662284,0.000618074392213841,30
33,0.7011635492035164,0.2988364507964836,0.0,30
34,0.6953117572331355,0.3042787157206042,0.0004095270462602385,30
35,0.6955253703651085,0.30447462963489147,0.0,30
36,0.7051677797431398,0.2948322202568602,0.0,30
37,0.7009816791246108,0.29901832087538915,0.0,30
38,0.7019326687932237,0.2980673312067763,0.0,30
39,0.7015274999951681,0.29847250000483194,0.0,30
40,0.6991110026639791,0.3008889973360209,0.0,30
41,0.6960205441112162,0.30397945588878383,0.0,30
42,0.6999431451409558,0.3000568548590442,0.0,30
43,0.6991890100525147,0.30081098994748534,0.0,30
44,0.6991002967946267,0.3008997032053733,0.0,30
45,0.6993587666398492,0.3006412333601508,0.0,30
46,0.6988493633564401,0.3011506366435599,0.0,30
47,0.6988731107897591,0.3011268892102409,0.0,30
48,0.7033600390279808,0.29663996097201917,0.0,30
49,0.7040121619822652,0.29598783801773476,0.0,30
50,0.5762202747739162,0.24984341222298903,0.17393631300309473,30
1,0.1900216674777489,0.0,0.809978332522251,31
2,0.42874708576275444,0.1085807268588073,0.46267218737843824,31
3,0.4837379722275841,0.1114822654284918,0.4047797623439241,31
4,0.5386747811932628,0.10371220729249095,0.3576130115142462,31
5,0.5369361255031269,0.12242733185617488,0.34063654264069826,31
6,0.5300852364195583,0.13491246546090171,0.33500229811953997,31
7,0.5416382834401947,0.13552683421306447,0.32283488234674085,31
8,0.5490370528479316,0.15257008099216846,0.29839286615989996,31
9,0.5678263876410158,0.16036838751346802,0.27180522484551617,31
10,0.5691189338825224,0.178383219481647,0.2524978466358305,31
11,0.5771648323807255,0.1873833600022975,0.23545180761697704,31
12,0.5824366705676581,0.19801787436776147,0.2195454550645804,31
13,0.5949190993712423,0.2027149228814786,0.20236597774727907,31
14,0.6009778971416619,0.2127384001704929,0.18628370268784517,31
15,0.6139545714862682,0.22140866556809097,0.16463676294564084,31
16,0.6228503016182512,0.2289493269473038,0.14820037143444503,31
17,0.624484589114347,0.24268652031044596,0.13282889057520703,31
18,0.6324832063868655,0.2523687569448727,0.11514803666826179,31
19,0.6381140689693584,0.262234232534342,0.09965169849629957,31
20,0.6425191854051366,0.2723408895286622,0.08513992506620116,31
21,0.6467796770480451,0.28250302861912197,0.07071729433283297,31
22,0.6478890219706145,0.29382213445805977,0.058288843571325744,31
23,0.6535871825006628,0.3030906748267652,0.04332214267257195,31
24,0.6581522358894112,0.3106571253415167,0.031190638769072132,31
25,0.6654799920653081,0.31612586999638137,0.018394137938310573,31
26,0.6688277240475476,0.3215138809904413,0.009658394962011041,31
27,0.6705441910023255,0.3208623986373964,0.008593410360278053,31
28,0.6746137918675683,0.31825691071117135,0.007129297421260339,31
29,0.6853319862233691,0.3102658240632278,0.004402189713403115,31
30,0.6877274979791645,0.30887202954414245,0.003400472476693006,31
31,0.6938754665232673,0.30442217024632034,0.001702363230412396,31
32,0.6988781519941973,0.3008418401476068,0.00028000785819587426,31
33,0.7020089149002395,0.29799108509976047,0.0,31
34,0.6964591135567648,0.3035119660070681,2.892043616709028e-05,31
35,0.6962682712534131,0.30373172874658694,0.0,31
36,0.7064189494653934,0.2935810505346066,0.0,31
37,0.7020627816158254,0.29793721838417464,0.0,31
38,0.7030830815915857,0.2969169184084143,0.0,31
39,0.7028821455708689,0.2971178544291311,0.0,31
40,0.7005644211699009,0.2994355788300991,0.0,31
41,0.6967687784684866,0.3032312215315134,0.0,31
42,0.7010436217659588,0.2989563782340412,0.0,31
43,0.7005454225009631,0.2994545774990369,0.0,31
44,0.7005836697160547,0.2994163302839453,0.0,31
45,0.701371911543146,0.29862808845685396,0.0,31
46,0.7012991806283828,0.2987008193716172,0.0,31
47,0.7017363531611207,0.2982636468388793,0.0,31
48,0.7069572671464186,0.2930427328535814,0.0,31
49,0.7082002841433117,0.2917997158566883,0.0,31
50,0.5830650578505292,0.2491675153848519,0.16776742676461887,31
1,0.19087991803972865,0.0,0.8091200819602713,32
2,0.42339752386807306,0.11624087023649862,0.4603616058954283,32
3,0.4784975019175165,0.11997215317233591,0.4015303449101476,32
4,0.533942638684989,0.11299572236919256,0.35306163894581843,32
5,0.5323014389582112,0.13174494124978273,0.335953619792006,32
6,0.5257206268679623,0.14398020573556183,0.3302991673964759,32
7,0.536817485348436,0.14469526754902665,0.3184872471025374,32
8,0.5448126718200164,0.161341750285794,0.29384557789418964,32
9,0.5641686966236212,0.1690145903710124,0.26681671300536636,32
10,0.565397251918588,0.18728037241123235,0.24732237567017962,32
11,0.5740230424700392,0.19597671720585363,0.23000024032410715,32
12,0.5790705997048886,0.20660550358043042,0.21432389671468097,32
13,0.5915949452964107,0.21140994647170866,0.19699510823188068,32
14,0.5977484644291539,0.22082185347223296,0.18142968209861318,32
15,0.6113681610509678,0.2294530300619388,0.1591788088870934,32
16,0.6204311646048298,0.23677432743192037,0.1427945079632498,32
17,0.622063095586792,0.2503374608832095,0.12759944352999852,32
18,0.6306755779757502,0.2596231387064666,0.10970128331778317,32
19,0.6363707130696558,0.2691844150202256,0.09444487191011863,32
20,0.6411923007476925,0.2786928725446369,0.08011482670767056,32
21,0.6456740197107967,0.2883757884854583,0.06595019180374495,32
22,0.646818325370974,0.2991260554351026,0.05405561919392343,32
23,0.6526657438196095,0.30804881544014373,0.03928544074024676,32
24,0.6572639195225979,0.3152543438341404,0.0274817366432617,32
25,0.6650436310991839,0.32024905926494185,0.0147073096358743,32
26,0.6671735007337659,0.32345587558684574,0.009370623679388346,32
27,0.670017519040955,0.3218323140006071,0.008150166958437954,32
28,0.6742987862581551,0.3189886562884554,0.0067125574533895005,32
29,0.6854551319704625,0.3105799059544998,0.003964962075037715,32
30,0.6878510832490734,0.309120747464365,0.0030281692865615772,32
31,0.6942240366922466,0.3044283886529906,0.001347574654762762,32
32,0.699111103914295,0.3008808412763446,8.054809360391602e-06,32
33,0.7026402292161599,0.2973597707838401,0.0,32
34,0.6975194657288962,0.3024805342711038,0.0,32
35,0.6973060142417421,0.3026939857582579,0.0,32
36,0.7075548670930989,0.2924451329069011,0.0,32
37,0.7031079475062075,0.29689205249379247,0.0,32
38,0.7042391391278577,0.29576086087214226,0.0,32
39,0.7041837289697251,0.29581627103027486,0.0,32
40,0.702107836145849,0.29789216385415096,0.0,32
41,0.6976584807661799,0.30234151923382013,0.0,32
42,0.7022590460286262,0.2977409539713738,0.0,32
43,0.7019689525809214,0.2980310474190786,0.0,32
44,0.702153853453399,0.297846146546601,0.0,32
45,0.7034185116314441,0.2965814883685559,0.0,32
46,0.7037590247255229,0.2962409752744771,0.0,32
47,0.7045063370438631,0.2954936629561369,0.0,32
48,0.7104006876688733,0.2895993123311267,0.0,32
49,0.7121922876820878,0.28780771231791225,0.0,32
50,0.5906557462341929,0.2481027108308027,0.1612415429350044,32
1,0.19211740694727683,0.0,0.8078825930527231,33
2,0.41801965604093283,0.12385647839208755,0.4581238655669796,33
3,0.47323791649508173,0.12835360005457014,0.3984084834503481,33
4,0.5289100169912196,0.12226456527783632,0.34882541773094405,33
5,0.5273272880274327,0.1410008364865796,0.33167187548598775,33
6,0.5212272503348683,0.15284943352873429,0.32592331613639747,33
7,0.5319500364610601,0.15368332665294152,0.3143666368859984,33
8,0.5403911969251731,0.16994927839800195,0.28965952467682493,33
9,0.5602354902265994,0.17753849045699677,0.2622260193164039,33
10,0.5615144353104731,0.1958994005100644,0.24258616417946252,33
11,0.5706860489878838,0.20434217617510636,0.22497177483700986,33
12,0.5755642111494955,0.21490169371373846,0.20953409513676602,33
13,0.5881895693970853,0.21973587665975425,0.19207455394316042,33
14,0.594499969782574,0.22848252778221345,0.17701750243521253,33
15,0.6086999918789487,0.2371105225216676,0.15418948559938367,33
16,0.6179626363488533,0.24416915720341084,0.13786820644773587,33
17,0.6196443926774047,0.2575167777386514,0.12283882958394393,33
18,0.6288042403931522,0.266454519063217,0.10474124054363082,33
19,0.634541643750941,0.2757159497497509,0.08974240649930809,33
20,0.6398250217222579,0.2846210666676645,0.07555391161007763,33
21,0.6444703353395735,0.2938707885279741,0.061658876132452356,33
22,0.6456992136167455,0.30406844300826885,0.05023234337498561,33
23,0.6517509373754483,0.31258662517725627,0.035662437447295414,33
24,0.656474265360682,0.3193634892548998,0.02416224538441819,33
25,0.664695605733446,0.32391353912990917,0.01139085513664484,33
26,0.6660125855798993,0.324959565728684,0.009027848691416707,33
27,0.6698537560985067,0.32247107688141835,0.0076751670200749245,33
28,0.6740259396630419,0.3196487929464869,0.006325267390471179,33
29,0.6855832949725702,0.31085509278152756,0.003561612245902235,33
30,0.6879627380267446,0.30934713243644063,0.0026901295368148004,33
31,0.6945556600288552,0.3044192434989345,0.0010250964722103295,33
32,0.6993285833634744,0.30067141663652563,0.0,33
33,0.7030518135256016,0.29694818647439836,0.0,33
34,0.6985693273255262,0.30143067267447377,0.0,33
35,0.6983365872309871,0.3016634127690129,0.0,33
36,0.7084934472575162,0.2915065527424838,0.0,33
37,0.7041033416007928,0.2958966583992072,0.0,33
38,0.7052797983393995,0.29472020166060053,0.0,33
39,0.7054056650213287,0.29459433497867127,0.0,33
40,0.703686585261821,0.29631341473817896,0.0,33
41,0.6986464371144937,0.3013535628855063,0.0,33
42,0.7035052415859158,0.29649475841408424,0.0,33
43,0.7034365732884558,0.29656342671154423,0.0,33
44,0.7037731617620385,0.2962268382379615,0.0,33
45,0.7054703862427507,0.2945296137572493,0.0,33
46,0.7062033115688902,0.29379668843110984,0.0,33
47,0.7071871590712457,0.29281284092875426,0.0,33
48,0.7136730635448283,0.2863269364551717,0.0,33
49,0.7160131060663921,0.2839868939336079,0.0,33
50,0.5988815529689231,0.24670721833550532,0.15441122869557167,33
1,0.19367545476221004,0.0,0.8063245452377901,34
2,0.41264996813795785,0.1313665860484934,0.45598344581354877,34
3,0.46799372352808044,0.13656771458637057,0.395438561885549,34
4,0.5237075328915337,0.13140912579838857,0.3448833413100777,34
5,0.5221553681884914,0.15008973950620097,0.32775489230530763,34
6,0.5167491169897046,0.16142478890790346,0.32182609410239194,34
7,0.5271572711191554,0.1623714432382521,0.31047128564259246,34
8,0.5357997008088959,0.178353621336516,0.28584667785458806,34
9,0.5560531923460915,0.18590259680775803,0.2580442108461505,34
10,0.5577158108874289,0.20408724748449408,0.23819694162807697,34
11,0.5672137127337364,0.21242560304165364,0.22036068422460992,34
12,0.5719935116442594,0.2228473524500683,0.20515913590567234,34
13,0.5847951335413051,0.2276315245333611,0.18757334192533381,34
14,0.5913634240479881,0.23564745286756067,0.1729891230844512,34
15,0.6059637327884089,0.244380954614688,0.14965531259690312,34
16,0.6154765618446401,0.2511321294723736,0.13339130868298632,34
17,0.6173222698203458,0.26418174649141646,0.11849598368823777,34
18,0.6268990851041059,0.272859854460573,0.10024106043532116,34
19,0.6327014640896175,0.28177952821402813,0.0855190076963544,34
20,0.6384601680378541,0.29011392450331297,0.07142590745883293,34
21,0.6432272302405657,0.2989646138517912,0.0578081559076431,34
22,0.6446109639576272,0.3086034227886842,0.04678561325368863,34
23,0.6508743984820063,0.3167357381866126,0.03238986333138105,34
24,0.6558287689955463,0.3229983898582046,0.021172841146249066,34
25,0.6638546973294976,0.32661859023688833,0.009526712433614026,34
26,0.6651983017049801,0.326136782170218,0.008664916124801914,34
27,0.6699919330637407,0.3228224416578437,0.007185625278415597,34
28,0.6737469505374947,0.3202714416912522,0.005981607771253117,34
29,0.6857295796482723,0.31107689154722107,0.003193528804506629,34
30,0.6881895971522078,0.3094459867257503,0.002364416122041857,34
31,0.6947950736544029,0.3044519819632164,0.0007529443823807713,34
32,0.6996154717831308,0.30038452821686923,0.0,34
33,0.7032995605446952,0.2967004394553048,0.0,34
34,0.6995688568879505,0.30043114311204955,0.0,34
35,0.6993276511152895,0.3006723488847105,0.0,34
36,0.7092577599524843,0.2907422400475157,0.0,34
37,0.7049497623750551,0.29505023762494487,0.0,34
38,0.7062366946936192,0.29376330530638084,0.0,34
39,0.7065607881969397,0.2934392118030603,0.0,34
40,0.7052183890055153,0.29478161099448474,0.0,34
41,0.6996784283395185,0.30032157166048146,0.0,34
42,0.7048140295114872,0.2951859704885128,0.0,34
43,0.7049400207866133,0.29505997921338667,0.0,34
44,0.7054003233992497,0.29459967660075026,0.0,34
45,0.7074954706700793,0.29250452932992066,0.0,34
46,0.7086347069909175,0.29136529300908254,0.0,34
47,0.709797565212329,0.29020243478767105,0.0,34
48,0.7167618137988369,0.28323818620116314,0.0,34
49,0.7196113442597727,0.2803886557402273,0.0,34
50,0.6074926932174642,0.2450704331688767,0.14743687361365918,34
1,0.1954846215311768,0.0,0.8045153784688232,35
2,0.40734242642327684,0.13870912452964387,0.4539484490470793,35
3,0.46282140940823013,0.14455291148675956,0.39262567910501034,35
4,0.5184418991774395,0.14033152548756464,0.3412265753349958,35
5,0.5169105729450815,0.15892068276334195,0.3241687442915766,35
6,0.5123429380663675,0.1696675013105302,0.31798956062310224,35
7,0.5224536476456138,0.17072979556504922,0.30681655678933706,35
8,0.5311427048054587,0.18647055196113055,0.2823867432334108,35
9,0.551788762659422,0.19397294998689835,0.25423828735367965,35
10,0.5539930663259678,0.2118618262446997,0.2341451074293325,35
11,0.5636948700336273,0.22015653213307226,0.21614859783330045,35
12,0.5684200010662496,0.23040230369523812,0.2011776952385123,35
13,0.5814571698027334,0.23507157333354203,0.18347125686372454,35
14,0.588413709401663,0.24228351364767164,0.1693027769506653,35
15,0.6032001940943974,0.25125054901739097,0.14554925688821163,35
16,0.6130040049885835,0.25766597916648254,0.12933001584493392,35
17,0.6150822877221813,0.27036929330514103,0.11454841897267765,35
18,0.6250187567838744,0.2788089964613777,0.09617224675474789,35
19,0.6309544532559705,0.28732907999978574,0.08171646674424371,35
20,0.6371817864395385,0.29511597191666394,0.06770224164379757,35
21,0.6419983990036175,0.3036353040634099,0.05436629693297257,35
22,0.6436416125066464,0.3126905879516815,0.0436677995416721,35
23,0.6500153168132512,0.320549804040678,0.02943487914607079,35
24,0.6553240120405517,0.326189516575922,0.018486471383526326,35
25,0.6625849263289441,0.3281725381066361,0.00924253556441984,35
26,0.6647312783180969,0.3269873671960864,0.008281354485816739,35
27,0.6703281765546507,0.3229704159205872,0.006701407524762115,35
28,0.6735198679800964,0.3208116229064881,0.005668509113415432,35
29,0.6858232197256867,0.3113039108594383,0.002872869414874968,35
30,0.6884378432735355,0.30949487872445686,0.002067278002007622,35
31,0.6947925701305839,0.3046493845911653,0.0005580452782507628,35
32,0.6999861804244709,0.3000138195755291,0.0,35
33,0.7035736333217396,0.2964263666782604,0.0,35
34,0.7003595245195111,0.2996404754804889,0.0,35
35,0.7001927276012738,0.2998072723987262,0.0,35
36,0.7097592348922528,0.2902407651077472,0.0,35
37,0.7056191119585634,0.2943808880414366,0.0,35
38,0.7071575451641599,0.29284245483584015,0.0,35
39,0.7076702044135562,0.2923297955864438,0.0,35
40,0.7066578490863846,0.2933421509136154,0.0,35
41,0.7006826369277134,0.2993173630722866,0.0,35
42,0.7061042994993225,0.2938957005006775,0.0,35
43,0.7064199284466077,0.2935800715533923,0.0,35
44,0.7070045641414195,0.29299543585858046,0.0,35
45,0.7095201539427453,0.29047984605725474,0.0,35
46,0.7110186778975809,0.2889813221024191,0.0,35
47,0.7123095126928255,0.2876904873071745,0.0,35
48,0.7196694017597791,0.2803305982402209,0.0,35
49,0.7229564197049566,0.2770435802950434,0.0,35
50,0.6163124813372515,0.24328409164368595,0.1404034270190627,35
1,0.19747104969238854,0.0,0.8025289503076114,36
2,0.40215532450170166,0.14582558961688466,0.4520190858814137,36
3,0.45779118837246324,0.1522481568009577,0.38996065482657905,36
4,0.5131985524201796,0.14895714004047278,0.3378443075393476,36
5,0.5116798697187142,0.16743121602402525,0.3208889142572606,36
6,0.5080465468566984,0.17755433689773426,0.3143991162455674,36
7,0.5178844794458003,0.17872379422362558,0.3033917263305741,36
8,0.5264887591893548,0.19425011490397914,0.2792611259066661,36
9,0.5475413063046426,0.2016808787736139,0.2507778149217435,36
10,0.5503698859390753,0.2192195845795345,0.23041052948139018,36
11,0.5601908413266417,0.2275066184262119,0.21230254024714645,36
12,0.5649053295032873,0.23753612239100488,0.1975585481057078,36
13,0.5782039433932624,0.2420534621822471,0.17974259442449048,36
14,0.5857153692588759,0.24837906569140145,0.16590556504972265,36
15,0.6004518170643343,0.2577088772852423,0.14183930565042346,36
16,0.6106285090748265,0.2637343033497323,0.12563718757544123,36
17,0.6130080907895219,0.27604943458061787,0.11094247462986023,36
18,0.6231512637288729,0.28434762656719026,0.09250110970393688,36
19,0.6293310016840933,0.2923928552904882,0.07827614302541852,36
20,0.6359504576159983,0.29971012629499777,0.0643394160890039,36
21,0.6408527735978731,0.30787235759249665,0.05127486880963028,36
22,0.6427927521237938,0.3163858503010065,0.04082139757519965,36
23,0.649182713606767,0.3240561205749277,0.026761165818305233,36
24,0.6549021968066385,0.3290340423811093,0.016063760812252192,36
25,0.6616706014392343,0.3294045706877129,0.00892482787305282,36
26,0.6645044887477802,0.32761235678735084,0.007883154464868924,36
27,0.6706160378407258,0.3231278715215463,0.006256090637727918,36
28,0.6732632549888176,0.32135037053044513,0.00538637448073731,36
29,0.6858348151326646,0.31157560743646356,0.0025895774308717923,36
30,0.6887162594132576,0.3095026625227283,0.0017810780640140633,36
31,0.6943607460588079,0.3051771031339474,0.0004621508072446545,36
32,0.7002822946510809,0.29971770534891906,0.0,36
33,0.7039799989599221,0.29602000104007786,0.0,36
34,0.7009406679542152,0.29905933204578483,0.0,36
35,0.7009608393349271,0.29903916066507286,0.0,36
36,0.7100493857403003,0.2899506142596997,0.0,36
37,0.7060948995890924,0.29390510041090756,0.0,36
38,0.7079609782622815,0.29203902173771845,0.0,36
39,0.7086647841521241,0.2913352158478759,0.0,36
40,0.7078984003311312,0.29210159966886884,0.0,36
41,0.7015946177961092,0.2984053822038908,0.0,36
42,0.7073273389405947,0.29267266105940526,0.0,36
43,0.7078705585793563,0.2921294414206437,0.0,36
44,0.708549705605376,0.291450294394624,0.0,36
45,0.711511132072077,0.28848886792792305,0.0,36
46,0.7132923134723567,0.28670768652764334,0.0,36
47,0.7146898647548392,0.2853101352451608,0.0,36
48,0.7223785182040324,0.2776214817959676,0.0,36
49,0.726055614523834,0.27394438547616595,0.0,36
50,0.6252121789933616,0.24142917333127512,0.1333586476753632,36
1,0.19956426179167425,0.0,0.8004357382083258,37
2,0.3971381381354125,0.15266501197779364,0.4501968498867939,37
3,0.45295017285698774,0.15960450819194572,0.3874453189510665,37
4,0.5080534891133411,0.15722127816810977,0.3347252327185491,37
5,0.5065501575856693,0.17556039516385558,0.3178894472504751,37
6,0.5038892653937705,0.18506516236936035,0.31104557223686913,37
7,0.5134628912271788,0.18633502926569173,0.30020207950712946,37
8,0.5219068885954175,0.20164291861543643,0.2764501927891461,37
9,0.5433937594069516,0.20897434431927794,0.2476318962737705,37
10,0.5468704506115358,0.22615666543884158,0.2269728839496226,37
11,0.5567779968831866,0.23443552832197112,0.20878647479484225,37
12,0.5615145096875804,0.24421862948394285,0.19426686082847672,37
13,0.5750877077638362,0.24856263024310918,0.1763496619930546,37
14,0.5832908817789035,0.2539646234933654,0.16274449472773106,37
15,0.5977551715690596,0.26376286244118907,0.13848196598975138,37
16,0.6084001259785405,0.26933547258922286,0.1222644014322366,37
17,0.6111022837323442,0.281251837258964,0.10764587900869177,37
18,0.6213353618258983,0.2894683351185121,0.08919630305558957,37
19,0.627848589063003,0.2970060936038703,0.07514531733312668,37
20,0.6347862107542589,0.3039315084921066,0.06128228075363451,37
21,0.6397803186739379,0.3117358995066268,0.0484837818194353,37
22,0.6420655751880566,0.3197374689884213,0.03819695582352206,37
23,0.648413381449099,0.3272656156236743,0.02432100292722672,37
24,0.6545080257718201,0.3316032985085683,0.01388867571961161,37
25,0.6609559387163906,0.33044179115301536,0.008602270130594059,37
26,0.6644735793013484,0.3280497257111883,0.007476694987463284,37
27,0.670771223753292,0.32336472578426967,0.005864050462438319,37
28,0.6729508038882495,0.3219111880466184,0.005138008065132149,37
29,0.68573317058481,0.3119193617086323,0.002347467706557693,37
30,0.6890049707324908,0.30948763003975,0.0015073992277592208,37
31,0.6939431945666955,0.30568263224700054,0.0003741731863039499,37
32,0.7006174753147392,0.29938252468526083,0.0,37
33,0.704402803459219,0.295597196540781,0.0,37
34,0.7012808555612907,0.2987191444387093,0.0,37
35,0.7015384199410138,0.29846158005898615,0.0,37
36,0.7100901296401115,0.28990987035988847,0.0,37
37,0.7064425031005148,0.2935574968994852,0.0,37
38,0.7086555551502487,0.2913444448497513,0.0,37
39,0.7095309482810913,0.2904690517189087,0.0,37
40,0.7089647828903948,0.2910352171096052,0.0,37
41,0.7024256907474363,0.2975743092525637,0.0,37
42,0.7084471395142822,0.2915528604857178,0.0,37
43,0.7092247454088002,0.2907752545911998,0.0,37
44,0.7099974796260368,0.29000252037396324,0.0,37
45,0.7134540872175228,0.2865459127824772,0.0,37
46,0.7154289812483243,0.2845710187516757,0.0,37
47,0.7168814863094843,0.28311851369051566,0.0,37
48,0.7248561421455707,0.2751438578544293,0.0,37
49,0.7288248996583317,0.27117510034166825,0.0,37
50,0.6340346821485151,0.23959343000050115,0.12637188785098363,37
1,0.20167270104737148,0.0,0.7983272989526284,38
2,0.3923140797465112,0.1591945065556854,0.4484914136978034,38
3,0.44834564665714594,0.1665796398049249,0.38507471353792916,38
4,0.5030857605369614,0.1650623546294369,0.3318518848336017,38
5,0.5015889219813632,0.18327156927080768,0.31513950874782914,38
6,0.4999011218401924,0.19217564386948688,0.3079232342903207,38
7,0.5092344971627432,0.19351948470996092,0.2972460181272959,38
8,0.517448603287304,0.20861214354811541,0.27393925316458057,38
9,0.53941786925139,0.21581363288776106,0.24476849786084892,38
10,0.5435069814440419,0.23268125546725008,0.22381176308870807,38
11,0.5535250518099784,0.24090756188710072,0.20556738630292093,38
12,0.5582854841404881,0.2504533572721206,0.19126115858739134,38
13,0.5721318747448862,0.2545889557109625,0.17327916954415123,38
14,0.5810961785140225,0.25909933471269897,0.15980448677327852,38
15,0.5952052736317262,0.26934098395286804,0.1354537424154058,38
16,0.6063500553272325,0.2744672782166475,0.11918266645611997,38
17,0.6093736221991906,0.2859970295046758,0.10462934829613363,38
18,0.6196464260408969,0.29414703209916077,0.08620654185994231,38
19,0.6265555102789657,0.3011724693140776,0.07227202040695668,38
20,0.6336821323170503,0.30780466276329327,0.05851320491965645,38
21,0.6388138932894629,0.31521736175472853,0.04596874495580855,38
22,0.6414416870129998,0.32281148503749885,0.0357468279495014,38
23,0.6476974571323364,0.33022136954315884,0.022081173324504766,38
24,0.6541132271450536,0.3339431113918837,0.011943661463062694,38
25,0.6604245651306071,0.3312993689935959,0.00827606587579699,38
26,0.6645908656157458,0.32833989593253643,0.0070692384517178075,38
27,0.6707805212056035,0.3236940142797531,0.005525464514643419,38
28,0.672597360004941,0.3224848453177582,0.004917794677300857,38
29,0.6855734696177964,0.3122938477279231,0.00213268265428046,38
30,0.6892175766026727,0.3095218945031084,0.0012605288942189041,38
31,0.6935659376046497,0.30614831925242597,0.000285743142924344,38
32,0.700989586348751,0.29901041365124903,0.0,38
33,0.7048085153541245,0.2951914846458755,0.0,38
34,0.7015021827079603,0.2984978172920397,0.0,38
35,0.7019137564908711,0.29808624350912893,0.0,38
36,0.7098839300676648,0.2901160699323352,0.0,38
37,0.706579059319896,0.29342094068010405,0.0,38
38,0.7091743004389748,0.2908256995610252,0.0,38
39,0.710210565012489,0.289789434987511,0.0,38
40,0.7098157805262106,0.29018421947378936,0.0,38
41,0.7032080708456805,0.2967919291543195,0.0,38
42,0.7094650674590106,0.2905349325409894,0.0,38
43,0.7104789277740458,0.28952107222595425,0.0,38
44,0.7113133059198842,0.2886866940801158,0.0,38
45,0.715262800769274,0.28473719923072605,0.0,38
46,0.7173653258382569,0.28263467416174315,0.0,38
47,0.7188616204750807,0.28113837952491927,0.0,38
48,0.7270506287925906,0.27294937120740936,0.0,38
49,0.731280152967828,0.268719847032172,0.0,38
50,0.6426801961082069,0.2378511599054533,0.11946864398633977,38
1,0.20271872384197182,0.0,0.7972812761580281,39
2,0.38796473778233476,0.16539151371902328,0.44664374849864197,39
3,0.4439987981912503,0.1731412852985182,0.3828599165102314,39
4,0.4983339593217263,0.17244459345355423,0.32922144722471947,39
5,0.49683164820823594,0.1905448344814269,0.3126235173103371,39
6,0.49610440731681327,0.19886546774943448,0.3050301249337523,39
7,0.5051538325674623,0.20026282436679302,0.29458334306574474,39
8,0.5131149626017576,0.21516990484981408,0.27171513254842833,39
9,0.5356448635408367,0.22218250179476778,0.24217263466439548,39
10,0.5402583255488852,0.23880723534063622,0.22093443911047858,39
11,0.550480800160655,0.24689887730374394,0.20262032253560103,39
12,0.5552479480245534,0.25623553102364,0.18851652095180665,39
13,0.5693460016377313,0.26015429899561404,0.17049969936665466,39
14,0.5791289299955676,0.2637986878269736,0.15707238217745878,39
15,0.5928233285868739,0.2744511110985534,0.13272556031457267,39
16,0.6044797634158825,0.2791514370555088,0.11636879952860868,39
17,0.6078170179681682,0.29031945565003164,0.10186352638180013,39
18,0.61809246689601,0.2984143752068195,0.08349315789717043,39
19,0.6254633423523017,0.30492340064917334,0.06961325699852494,39
20,0.6326613346855833,0.3113393214271153,0.055999343887301434,39
21,0.6379601982909358,0.31834399250749423,0.04369580920157001,39
22,0.6409134943168554,0.3256413516272744,0.033445154055870174,39
23,0.647082942660261,0.33290341643191784,0.02001364090782115,39
24,0.653801373777907,0.33602305211557115,0.010175574106521812,39
25,0.660011513711685,0.33203134071334095,0.007957145574974067,39
26,0.6647473202896012,0.32857215490213465,0.006680524808264199,39
27,0.6706129881835738,0.324142552816968,0.005244458999458135,39
28,0.672292169098065,0.32300200449030797,0.004705826411627034,39
29,0.6854013652030252,0.3126646041225135,0.0019340306744612956,39
30,0.6892506260158583,0.30969029128390546,0.0010590827002362468,39
31,0.6932529277372784,0.3065571067794154,0.000189965483306187,39
32,0.7012928453487887,0.29870715465121134,0.0,39
33,0.7052266407411042,0.2947733592588958,0.0,39
34,0.7017140561016673,0.29828594389833274,0.0,39
35,0.7021119162076589,0.2978880837923411,0.0,39
36,0.709529531045982,0.29047046895401796,0.0,39
37,0.7065235829664719,0.2934764170335281,0.0,39
38,0.7094263597575637,0.29057364024243626,0.0,39
39,0.7106612954259575,0.28933870457404254,0.0,39
40,0.7104737351946688,0.28952626480533117,0.0,39
41,0.7039104807392746,0.29608951926072535,0.0,39
42,0.7103615212725696,0.2896384787274304,0.0,39
43,0.7115885488011976,0.2884114511988024,0.0,39
44,0.7124891464581955,0.2875108535418045,0.0,39
45,0.7168923195817414,0.2831076804182586,0.0,39
46,0.7190966956866816,0.28090330431331845,0.0,39
47,0.7206511654152908,0.27934883458470916,0.0,39
48,0.729019471598613,0.270980528401387,0.0,39
49,0.7335131122935303,0.26648688770646967,0.0,39
50,0.6509341965530858,0.23634897144109038,0.11271683200582382,39
1,0.20272327773162988,0.0,0.7972767222683701,40
2,0.3839902622945919,0.17125051906968064,0.4447592186357275,40
3,0.4399144150332729,0.17926973749147201,0.3808158474752551,40
4,0.49380765857310904,0.17934715602091758,0.32684518540597346,40
5,0.4922847902739804,0.19736431921961758,0.31035089050640197,40
6,0.4925100375313398,0.2051219621547472,0.30236800031391303,40
7,0.5012491883909853,0.20654793564962828,0.29220287595938643,40
8,0.5089675932780091,0.22127862437819298,0.2697537823437979,40
9,0.5320811148877485,0.22807836049935354,0.239840524612898,40
10,0.5371445923685061,0.24451753401813098,0.21833787361336293,40
11,0.5476735952065115,0.25240470420631256,0.19992170058717595,40
12,0.5524219237841081,0.2615622621969927,0.18601581401889916,40
13,0.5667295888372059,0.2652760122757616,0.1679943988870325,40
14,0.5773532761308684,0.2680909567895914,0.15455576707954022,40
15,0.5906548340232167,0.27908136482013707,0.1302638011566462,40
16,0.6028007634966991,0.28340422757319306,0.11379500893010785,40
17,0.6064126610965543,0.29425667323191773,0.09933066567152793,40
18,0.616699963328643,0.3022742522704903,0.08102578440086672,40
19,0.6245348423836008,0.3083182893221561,0.0671468682942431,40
20,0.6317354269180285,0.31455435956611394,0.05371021351585753,40
21,0.6371886293347137,0.32116207565116606,0.04164929501412029,40
22,0.6404397924173623,0.3282642483193858,0.03129595926325196,40
23,0.6466110830874379,0.33530516155679446,0.018083755355767672,40
24,0.6532576052111119,0.33744288015653495,0.009299514632353179,40
25,0.6596939162156317,0.3326543693111653,0.0076517144732030085,40
26,0.664871883701002,0.3288016981749685,0.006326418124029454,40
27,0.6703505216631096,0.3246431640121217,0.005006314324768724,40
28,0.6720331285465589,0.3234626948114927,0.004504176641948354,40
29,0.6851718400660088,0.3130660146148633,0.0017621453191278835,40
30,0.6891474026944202,0.30995660254259144,0.0008959947629883502,40
31,0.6928899005747112,0.3069988714487551,0.00011122797653367877,40
32,0.7015614539249573,0.2984385460750427,0.0,40
33,0.7055888027460773,0.29441119725392273,0.0,40
34,0.7019460198694558,0.2980539801305442,0.0,40
35,0.7021806446713965,0.2978193553286035,0.0,40
36,0.7089850048123321,0.29101499518766794,0.0,40
37,0.7062602692189219,0.29373973078107807,0.0,40
38,0.7094403937137786,0.29055960628622135,0.0,40
39,0.7109563358018034,0.2890436641981966,0.0,40
40,0.7109410006933,0.2890589993067,0.0,40
41,0.7045908551154125,0.29540914488458747,0.0,40
42,0.7111217842229136,0.2888782157770864,0.0,40
43,0.7125632117044347,0.2874367882955653,0.0,40
44,0.7135297540529462,0.28647024594705384,0.0,40
45,0.718340404016778,0.281659595983222,0.0,40
46,0.7206145057460257,0.2793854942539743,0.0,40
47,0.7222260843426603,0.27777391565733967,0.0,40
48,0.7307695354873289,0.2692304645126711,0.0,40
49,0.7355088989107368,0.2644911010892632,0.0,40
50,0.658643892106207,0.2351670192184617,0.10618908867533135,40
1,0.20180655109685638,1.359597491887219e-05,0.7981798529282247,41
2,0.38028785478521226,0.17675534713543356,0.44295679807935423,41
3,0.4360731823347287,0.18493951468622633,0.378987302979045,41
4,0.4896002211180055,0.18571366675100873,0.32468611213098575,41
5,0.488019949975673,0.2036823847722823,0.3082976652520447,41
6,0.48907156008688346,0.2109630414873627,0.29996539842575387,41
7,0.49756611370972637,0.2123661241159709,0.29006776217430275,41
8,0.5051649732082939,0.22682001270763713,0.26801501408406897,41
9,0.5286198512921485,0.23357886412718679,0.2378012845806647,41
10,0.5340051026008753,0.24990689113561326,0.21608800626351143,41
11,0.5450961775140588,0.2574454152335559,0.19745840725238528,41
12,0.5498397625531471,0.2664293155510823,0.18373092189577056,41
13,0.5642914633560911,0.2699711594124217,0.16573737723148713,41
14,0.5757601258861371,0.27199837356515866,0.15224150054870422,41
15,0.5887103346421512,0.2832492039582787,0.12804046139957015,41
16,0.6013287142217106,0.2872392221963641,0.11143206358192526,41
17,0.6051302916183634,0.29785298685350314,0.09701672152813345,41
18,0.6154517509203457,0.3057579771145513,0.07879027196510302,41
19,0.6237760150014591,0.3113709920343302,0.06485299296421071,41
20,0.6309052865751494,0.3174701531715607,0.051624560253289875,41
21,0.6365297704565708,0.323682541151339,0.03978768839209024,41
22,0.640031885377222,0.3306801707553538,0.029287943867424227,41
23,0.6462432599355629,0.3374784555871597,0.016278284477277416,41
24,0.6525520574585695,0.33838422495933784,0.009063717582092679,41
25,0.6595285316265647,0.33312709232878085,0.007344376044654488,41
26,0.6649729012739581,0.32902580245553276,0.006001296270509104,41
27,0.6699544328428666,0.32523063320486617,0.004814933952267231,41
28,0.6717521418942883,0.32392508695327565,0.004322771152436011,41
29,0.6848720763489677,0.31351186973532097,0.0016160539157112908,41
30,0.688877085775232,0.31034885346826424,0.0007740607565037694,41
31,0.692642424407657,0.30734435513361574,1.3220458727258855e-05,41
32,0.7015974333180817,0.29840256668191834,0.0,41
33,0.70589037906755,0.29410962093244997,0.0,41
34,0.7020848947565801,0.2979151052434199,0.0,41
35,0.7020784803339934,0.29792151966600655,0.0,41
36,0.7083789562913927,0.2916210437086073,0.0,41
37,0.7058999210817277,0.2941000789182723,0.0,41
38,0.7092561079966743,0.29074389200332573,0.0,41
39,0.7110503634961023,0.2889496365038977,0.0,41
40,0.7112943847671573,0.28870561523284266,0.0,41
41,0.7052082273027348,0.2947917726972652,0.0,41
42,0.711711114514041,0.288288885485959,0.0,41
43,0.7134201930593601,0.2865798069406399,0.0,41
44,0.7144517039750723,0.2855482960249277,0.0,41
45,0.7196216978745619,0.28037830212543813,0.0,41
46,0.7219355607681411,0.27806443923185886,0.0,41
47,0.7235755933810867,0.2764244066189133,0.0,41
48,0.7322462201272519,0.26775377987274807,0.0,41
49,0.7372169728016689,0.26278302719833113,0.0,41
50,0.6655648912807722,0.23441419199262348,0.10002091672660435,41
1,0.19988654474428416,0.0003520024500410252,0.7997614528056748,42
2,0.376815729358698,0.18190924502863565,0.44127502561266646,42
3,0.43247327176623696,0.19016160680229313,0.37736512143146994,42
4,0.48569240902762506,0.19156629639143172,0.32274129458094314,42
5,0.48403233606942486,0.2095130008516,0.3064546630789752,42
6,0.48580461035872613,0.21638500859099916,0.2978103810502747,42
7,0.49411905938603695,0.21772326042358517,0.28815768019037796,42
8,0.5017015323048499,0.23183484101506147,0.2664636266800886,42
9,0.5253138983945996,0.23865606984480264,0.23603003176059772,42
10,0.5309000794152257,0.2549329828146193,0.21416693777015505,42
11,0.5427417260141365,0.2620413499650642,0.19521692402079932,42
12,0.5475091276668728,0.270857154632082,0.18163371770104525,42
13,0.562077554695197,0.2742283008800263,0.16369414442477664,42
14,0.5743375581997112,0.27554730008014716,0.15011514172014162,42
15,0.5869622168474309,0.2870040007722118,0.12603378238035734,42
16,0.6000748259392892,0.29067122938739076,0.10925394467332006,42
17,0.6039594790920068,0.3011386879232485,0.09490183298474475,42
18,0.6143543202052397,0.3088906470061551,0.07675503278860518,42
19,0.6231836527825997,0.3141039940786564,0.0627123531387439,42
20,0.6302152538546089,0.3200785685021757,0.04970617764321544,42
21,0.6360169864537397,0.3259115060204955,0.03807150752576477,42
22,0.6396840452602759,0.3329094221103535,0.027406532629370595,42
23,0.6459143569939949,0.339495150669556,0.014590492336449101,42
24,0.6520137450697473,0.33916473907678013,0.008821515853472572,42
25,0.6594790856263977,0.3334841753346384,0.007036739038963902,42
26,0.6649921878591539,0.32929653594451314,0.005711276196332937,42
27,0.669498494331001,0.3258513094625361,0.004650196206462953,42
28,0.6715020255980572,0.32435211375776307,0.004145860644179766,42
29,0.6845315317835685,0.31398357941592475,0.001484888800506734,42
30,0.688499826544447,0.31082366066725386,0.0006765127882991662,42
31,0.6924724334039594,0.30752756659604064,0.0,42
32,0.7013229684801445,0.2986770315198555,0.0,42
33,0.7060117800660868,0.2939882199339132,0.0,42
34,0.7020532040186358,0.2979467959813642,0.0,42
35,0.7017878395531874,0.29821216044681265,0.0,42
36,0.7077687940354629,0.2922312059645371,0.0,42
37,0.705451695481375,0.294548304518625,0.0,42
38,0.7088990593226401,0.2911009406773599,0.0,42
39,0.7110003038510164,0.2889996961489836,0.0,42
40,0.711454210284066,0.28854578971593403,0.0,42
41,0.7056963282264482,0.29430367177355177,0.0,42
42,0.7121596354872295,0.2878403645127705,0.0,42
43,0.7141185987196683,0.2858814012803317,0.0,42
44,0.7152310745225877,0.2847689254774123,0.0,42
45,0.7207352094475332,0.2792647905524668,0.0,42
46,0.7230404836693249,0.27695951633067506,0.0,42
47,0.7246459084276872,0.27535409157231283,0.0,42
48,0.7334467143358788,0.2665532856641212,0.0,42
49,0.7386454736545355,0.2613545263454645,0.0,42
50,0.6716021594371138,0.234158520262383,0.09423932030050305,42
1,0.19706457167795008,0.000956492345441358,0.8019789359766085,43
2,0.3735187775446591,0.18672222728204005,0.43975899517330086,43
3,0.4291796349096018,0.1949294087003999,0.37589095638999837,43
4,0.4821288705788749,0.19689855502157658,0.3209725743995485,43
5,0.4803378294676282,0.21486268431603997,0.3047994862163319,43
6,0.4827382139649393,0.2213778282316669,0.29588395780339377,43
7,0.4908828411003758,0.22263222506520375,0.2864849338344204,43
8,0.4985450848732791,0.2364177694617464,0.2650371456649745,43
9,0.5221636221012779,0.24334399067669715,0.23449238722202498,43
10,0.5279054345574993,0.25955699159056894,0.21253757385193178,43
11,0.5406166822768252,0.2662109620916576,0.19317235563151713,43
12,0.5454365359023976,0.2748562101905484,0.179707253907054,43
13,0.5600850410489385,0.2780788616438172,0.1618360973072443,43
14,0.5730926220503865,0.27875235322815606,0.14815502472145747,43
15,0.5854239694123802,0.29037181131429174,0.12420421927332809,43
16,0.5990124173869662,0.29375110887983397,0.10723647373319983,43
17,0.6028866440943438,0.30414897780095984,0.09296437810469638,43
18,0.6133931587278136,0.31170815022466103,0.07489869104752533,43
19,0.6227146578964651,0.31658999934874027,0.06069534275479466,43
20,0.6296205954168643,0.32244584867136733,0.047933555911768344,43
21,0.6356465142795276,0.32788686308836795,0.036466622632104484,43
22,0.6394003556314406,0.33495974639074905,0.025639897977810355,43
23,0.6456460068858004,0.3413530739196346,0.013000919194564975,43
24,0.6516534908180942,0.33977927495973403,0.00856723422217176,43
25,0.6594930324286181,0.33377091828338595,0.006736049287995927,43
26,0.6649059440684801,0.3296359300217027,0.005458125909817146,43
27,0.6690769562923775,0.32643249351071607,0.004490550196906418,43
28,0.6712126104447435,0.3248023058806364,0.003985083674620138,43
29,0.6840530498535292,0.31456094931827727,0.0013860008281935121,43
30,0.6879967791543607,0.31139786260999347,0.000605358235645781,43
31,0.6923682245294828,0.30763177547051723,0.0,43
32,0.7006790682388502,0.2993209317611498,0.0,43
33,0.7059126602379016,0.29408733976209844,0.0,43
34,0.701879141561582,0.29812085843841796,0.0,43
35,0.7013885469766863,0.2986114530233137,0.0,43
36,0.7072435214705821,0.2927564785294179,0.0,43
37,0.7049110299902706,0.29508897000972945,0.0,43
38,0.7084628579185493,0.29153714208145065,0.0,43
39,0.7108218142953723,0.2891781857046277,0.0,43
40,0.7114115656000012,0.2885884343999988,0.0,43
41,0.7061026272827439,0.29389737271725613,0.0,43
42,0.7124819976251122,0.2875180023748878,0.0,43
43,0.7146451369894453,0.2853548630105547,0.0,43
44,0.715844451272199,0.284155548727801,0.0,43
45,0.7216619275229913,0.2783380724770087,0.0,43
46,0.7239690332309339,0.27603096676906613,0.0,43
47,0.7253985055957302,0.27460149440426984,0.0,43
48,0.7343756572197927,0.2656243427802073,0.0,43
49,0.7397935699724367,0.2602064300275633,0.0,43
50,0.6767645846085109,0.2343822452385508,0.08885317015293825,43
1,0.19346952477464194,0.0017887939579010754,0.804741681267457,44
2,0.37038419625075314,0.19119152150104535,0.4384242822482015,44
3,0.4261695773074488,0.1992646085378866,0.3745658141546646,44
4,0.4788744324353499,0.20174585908797144,0.3193797084766787,44
5,0.476943099385098,0.21974388651260535,0.3033130141022966,44
6,0.4798904329303248,0.22594948429232092,0.2941600827773542,44
7,0.4878596446294515,0.22711061475852853,0.2850297406120199,44
8,0.49568448847059066,0.2405882400687707,0.2637272714606387,44
9,0.5192040153723584,0.24764030185872205,0.23315568276891957,44
10,0.5250535247376844,0.2637770586769454,0.2111694165853702,44
11,0.5386957423249128,0.2699901764265709,0.1913140812485163,44
12,0.5436085100217076,0.2784568352504488,0.1779346547278436,44
13,0.5583039418060213,0.2815540531267441,0.16014200506723464,44
14,0.5720039733063698,0.28165626441587277,0.14633976227775747,44
15,0.5841121144816228,0.293367835846271,0.12252004967210617,44
16,0.5981273635170066,0.2965140352402922,0.10535860124270124,44
17,0.6019369923285101,0.30688406976080973,0.09117893791068021,44
18,0.6125545927629226,0.3142512274090673,0.07319417982801013,44
19,0.622347433273086,0.31885680539920946,0.05879576132770459,44
20,0.6291088547105654,0.324604100244971,0.04628704504446357,44
21,0.6353716435545366,0.32967282952770494,0.034955526917758495,44
22,0.6391876369027243,0.3368405053658545,0.023971857731421187,44
23,0.6454290796770067,0.3430745689137692,0.011496351409224115,44
24,0.6513876517036115,0.34029736455815074,0.008314983738237802,44
25,0.6594450318885323,0.3340898772910591,0.006465090820408581,44
26,0.6646293340799025,0.3301137894822024,0.005256876437895075,44
27,0.6687313041404799,0.3269425776763838,0.004326118183136329,44
28,0.6709192052358259,0.3252486408345259,0.003832153929648141,44
29,0.6834615110982164,0.3152249498482641,0.0013135390535194968,44
30,0.6874601052374157,0.31199826825127586,0.0005416265113084018,44
31,0.6922592143058481,0.30774078569415186,0.0,44
32,0.6997839995921085,0.30021600040789154,0.0,44
33,0.7056046734985276,0.2943953265014724,0.0,44
34,0.7016182591201328,0.29838174087986724,0.0,44
35,0.7009669929480308,0.2990330070519692,0.0,44
36,0.7067412025021969,0.29325879749780315,0.0,44
37,0.704282960595309,0.29571703940469096,0.0,44
38,0.708035993902209,0.29196400609779105,0.0,44
39,0.7105498461149213,0.28945015388507866,0.0,44
40,0.7111595246484719,0.2888404753515281,0.0,44
41,0.7063931317034092,0.2936068682965908,0.0,44
42,0.712678814547082,0.28732118545291796,0.0,44
43,0.7149901718660021,0.2850098281339979,0.0,44
44,0.7163403477195663,0.28365965228043366,0.0,44
45,0.7223987647761985,0.27760123522380153,0.0,44
46,0.7247370212918042,0.2752629787081958,0.0,44
47,0.7258662440257904,0.27413375597420964,0.0,44
48,0.7350180195659636,0.2649819804340364,0.0,44
49,0.7406723966739476,0.2593276033260524,0.0,44
50,0.6810898524779121,0.2350512353894008,0.08385891213268726,44
1,0.18922891745325557,0.002809608197158993,0.8079614743495855,45
2,0.3673657478863882,0.19533162497199177,0.43730262714162005,45
3,0.4234572619103343,0.20317820398757472,0.37336453410209103,45
4,0.4759790819361453,0.2060898688648416,0.31793104919901305,45
5,0.473942940657913,0.2241081799779066,0.3019488793641803,45
6,0.47733541702555543,0.2300668078767522,0.2925977750976923,45
7,0.48488882755585927,0.23126276105910779,0.2838484113850329,45
8,0.49329725263370916,0.244262899337533,0.2624398480287579,45
9,0.5164698546886202,0.2515354138306486,0.23199473148073124,45
10,0.5223881790260145,0.26759221049116855,0.21001961048281692,45
11,0.5369549237508717,0.27341221557545287,0.1896328606736754,45
12,0.5420206419441838,0.2816852728728215,0.17629408518299472,45
13,0.5567497354385751,0.28466752151760544,0.15858274304381947,45
14,0.5710509520879886,0.28428984504228666,0.14465920286972472,45
15,0.5830272643803431,0.29601894221866476,0.1209537934009921,45
16,0.5973901704519968,0.29899830445695913,0.10361152509104404,45
17,0.6011236543714693,0.3093462160844428,0.0895301295440879,45
18,0.6118500592061784,0.31653133030056885,0.07161861049325274,45
19,0.6220297050455224,0.3209608938271964,0.057009401127281256,45
20,0.6286393678714629,0.32659209823662894,0.04476853389190816,45
21,0.6351510501527217,0.33131379577390013,0.033535154073378204,45
22,0.6390676760081625,0.33854722648121915,0.022385097510618346,45
23,0.6453016208763241,0.34463547160538033,0.010062907518295527,45
24,0.6512543348787159,0.3406868595128387,0.008058805608445407,45
25,0.6594078384490285,0.33438087837475594,0.006211283176215554,45
26,0.6642572253744079,0.3306519501554662,0.0050908244701258765,45
27,0.668406180100485,0.3274232929355421,0.004170526963972854,45
28,0.6706529926861378,0.32566335291806825,0.0036836543957939893,45
29,0.6827699757122416,0.3159620750996668,0.0012679491880915883,45
30,0.6869458994737798,0.31257673630906135,0.0004773642171588266,45
31,0.6921363549491055,0.3078636450508945,0.0,45
32,0.6987955062004864,0.30120449379951364,0.0,45
33,0.7052056335343241,0.2947943664656759,0.0,45
34,0.7012903322102749,0.2987096677897251,0.0,45
35,0.7004654345455696,0.29953456545443036,0.0,45
36,0.7062312431768433,0.29376875682315673,0.0,45
37,0.7035904310790805,0.2964095689209195,0.0,45
38,0.7076309706068679,0.29236902939313214,0.0,45
39,0.7102009028704597,0.28979909712954033,0.0,45
40,0.7107533461526219,0.28924665384737813,0.0,45
41,0.7065590241064682,0.2934409758935318,0.0,45
42,0.7127723553631429,0.2872276446368571,0.0,45
43,0.7152416721514803,0.28475832784851973,0.0,45
44,0.7167276499412895,0.28327235005871054,0.0,45
45,0.7229432321084923,0.2770567678915077,0.0,45
46,0.7253377572914944,0.2746622427085056,0.0,45
47,0.726090631113556,0.273909368886444,0.0,45
48,0.7353716919075458,0.2646283080924542,0.0,45
49,0.7412764545757303,0.2587235454242697,0.0,45
50,0.6845092127561616,0.23618956091215712,0.0793012263316812,45
1,0.18571979749917727,0.003645456908771427,0.8106347455920514,46
2,0.3642271507955953,0.1990866449324976,0.4366862042719071,46
3,0.42105348072216164,0.20666856922214208,0.3722779500556963,46
4,0.4734558103370715,0.20993746255797427,0.3166067271049542,46
5,0.4713517012721301,0.22796198812204135,0.3006863106058285,46
6,0.4751029105523272,0.23373211152911794,0.29116497791855483,46
7,0.4820584765872208,0.2350436349802859,0.2828978884324933,46
8,0.4913457373912766,0.24747583404540274,0.26117842856332063,46
9,0.5140057102564715,0.2550112541973278,0.23098303554620075,46
10,0.5199761250765855,0.27097690290275384,0.20904697202066064,46
11,0.5354131351515176,0.27647451707650916,0.18811234777197328,46
12,0.5406726288984254,0.28455516757171173,0.1747722035298629,46
13,0.5554288529537383,0.2874277074859156,0.15714343956034604,46
14,0.5702399506352043,0.2866544058224783,0.14310564354231742,46
15,0.5821751694501651,0.2983407701395986,0.11948406041023629,46
16,0.5967904026688959,0.3012180134981598,0.10199158383294427,46
17,0.6004648301051663,0.3115373547470233,0.08799781514781041,46
18,0.6112651081508227,0.3185792122725395,0.07015567957663782,46
19,0.6217754325882097,0.32288383276214494,0.055340734649645396,46
20,0.6282279115157902,0.328400770223719,0.04337131826049084,46
21,0.6349800709991836,0.3328084579672331,0.032211471033583294,46
22,0.6390382029759618,0.3400864964773137,0.020875300546724485,46
23,0.6449877973364893,0.3456865450297044,0.009325657633806328,46
24,0.6511446357610194,0.3410301804470124,0.007825183791968171,46
25,0.6594045554815845,0.3346207089957003,0.005974735522715213,46
26,0.6637322396255319,0.33129158658950963,0.004976173784958515,46
27,0.6680552767518938,0.3279069989099941,0.004037724338112114,46
28,0.6704577636064926,0.3260068155841945,0.0035354208093129613,46
29,0.6819996889645003,0.316750887313541,0.0012494237219587423,46
30,0.6864759809736545,0.31311159015380197,0.00041242887254355765,46
31,0.6920213367763122,0.30797866322368783,0.0,46
32,0.6979496094132609,0.3020503905867391,0.0,46
33,0.7048287211336521,0.29517127886634786,0.0,46
34,0.7009084610946017,0.2990915389053983,0.0,46
35,0.6999697502872144,0.3000302497127856,0.0,46
36,0.705710614492186,0.294289385507814,0.0,46
37,0.7029484282203253,0.2970515717796747,0.0,46
38,0.707226740797469,0.29277325920253106,0.0,46
39,0.7097392035991699,0.29026079640083013,0.0,46
40,0.7102110927265461,0.28978890727345386,0.0,46
41,0.7065571106850747,0.29344288931492535,0.0,46
42,0.7127197406837873,0.2872802593162127,0.0,46
43,0.7154129502686555,0.2845870497313445,0.0,46
44,0.7169705005246311,0.28302949947536893,0.0,46
45,0.7232334447871872,0.2767665552128128,0.0,46
46,0.7257108816895148,0.2742891183104852,0.0,46
47,0.726059384495965,0.27394061550403503,0.0,46
48,0.7354784362515615,0.2645215637484385,0.0,46
49,0.7415440742209823,0.25845592577901766,0.0,46
50,0.6869419498112497,0.23782870976467224,0.07522934042407801,46
1,0.1829718590321427,0.004285434695462549,0.8127427062723946,47
2,0.3611345341594582,0.20241104380633346,0.43645442203420837,47
3,0.4189760555137032,0.20973073289316474,0.37129321159313206,47
4,0.4713097688587833,0.21329761613980178,0.3153926150014149,47
5,0.4691744237792905,0.23131538268240903,0.29951019353830044,47
6,0.4732069527213991,0.23695430362069023,0.2898387436579106,47
7,0.47943038602761806,0.23842258167542957,0.2821470322969523,47
8,0.489802105407159,0.25025011634420413,0.2599477782486368,47
9,0.5118567281708672,0.2580492740617773,0.23009399776735545,47
10,0.5178631096133758,0.27392181286101563,0.20821507752560858,47
11,0.534068931847444,0.279190985365217,0.186740082787339,47
12,0.5395618963162361,0.2870823675984967,0.17335573608526722,47
13,0.5543459995254372,0.289840864659913,0.15581313581464984,47
14,0.5695731559145913,0.2887481883470061,0.14167865573840255,47
15,0.58152923268054,0.30036373661329197,0.11810703070616801,47
16,0.5963318742842696,0.3031804496567952,0.10048767605893522,47
17,0.599987138458224,0.3134438952268287,0.08656896631494726,47
18,0.6107954472758712,0.32040426095058017,0.06880029177354863,47
19,0.621559204158408,0.32464732449262224,0.053793471348969724,47
20,0.6279030607134961,0.3299994838650161,0.042097455421487795,47
21,0.6348394208717834,0.33418088002883656,0.030979699099380087,47
22,0.6390552348898897,0.3414876251530244,0.019457139957085923,47
23,0.644545318466264,0.34628351001142865,0.009171171522307398,47
24,0.6510664279791601,0.34131977735472396,0.007613794666115892,47
25,0.6594030706215288,0.3348336537778325,0.005763275600638718,47
26,0.6631402571751563,0.33196244663656793,0.004897296188275724,47
27,0.667723541148393,0.32835606334620326,0.003920395505403684,47
28,0.670376474974506,0.32624288161381154,0.003380643411682427,47
29,0.6812317074357477,0.3175246754793726,0.0012436170848797445,47
30,0.6860389157721529,0.3136100524707162,0.00035103175713085966,47
31,0.6919232478983026,0.3080767521016974,0.0,47
32,0.697402345727242,0.302597654272758,0.0,47
33,0.7044379705671522,0.2955620294328478,0.0,47
34,0.7004835569854828,0.2995164430145172,0.0,47
35,0.6995409090369828,0.30045909096301715,0.0,47
36,0.7051695377786363,0.29483046222136366,0.0,47
37,0.702335269707751,0.29766473029224905,0.0,47
38,0.7068197105011349,0.2931802894988651,0.0,47
39,0.7091473538965745,0.29085264610342554,0.0,47
40,0.7095592137287052,0.29044078627129477,0.0,47
41,0.706369322060663,0.29363067793933695,0.0,47
42,0.7125137846528425,0.28748621534715746,0.0,47
43,0.7155110439145329,0.2844889560854671,0.0,47
44,0.717022780880495,0.282977219119505,0.0,47
45,0.7232988713792268,0.27670112862077323,0.0,47
46,0.7258398541607518,0.2741601458392482,0.0,47
47,0.7257437214289759,0.2742562785710241,0.0,47
48,0.7353354290976946,0.26466457090230544,0.0,47
49,0.7414772561268936,0.25852274387310636,0.0,47
50,0.6884274081576671,0.2399677701654114,0.07160482167692143,47
1,0.18098730648229214,0.00472546917940721,0.8142872243383006,48
2,0.3582164156396474,0.20527674799587883,0.43650683636447374,48
3,0.41724327496228186,0.21236247234950645,0.3703942526882117,48
4,0.4695478570024926,0.21618299991934972,0.3142691430781577,48
5,0.4674085394992715,0.234187278482689,0.2984041820180395,48
6,0.47167455265986213,0.239734201044908,0.28859124629522986,48
7,0.47707690126921953,0.24137371676168623,0.28154938196909424,48
8,0.48864296738805496,0.252606700386786,0.258750332225159,48
9,0.5100390390617346,0.26066037433477485,0.2293005866034905,48
10,0.5160874997655018,0.2764274026275746,0.20748509760692357,48
11,0.5329339671599772,0.2815650652546037,0.18550096758541912,48
12,0.5386787180381812,0.28928464422433875,0.17203663773748,48
13,0.5535030596042029,0.2919236285666379,0.15457331182915923,48
14,0.5690460394390837,0.2905842905398963,0.14036967002101997,48
15,0.5810610047612448,0.3021222759994464,0.11681671923930881,48
16,0.5960068289445495,0.30490152668943377,0.09909164436601675,48
17,0.5996804310712126,0.3150873084378515,0.08523226049093591,48
18,0.6104344278872589,0.3220174631287095,0.06754810898403163,48
19,0.6213987180717484,0.3262409448481887,0.05236033708006288,48
20,0.6276930537645024,0.33138970851683397,0.04091723771866368,48
21,0.6347550794532477,0.33541673875255373,0.02982818179419855,48
22,0.6390220880485938,0.3428184146352382,0.01815949731616795,48
23,0.6442603546950301,0.34672590230438993,0.009013743000579999,48
24,0.6510545314694457,0.34153063294900027,0.007414835581554036,48
25,0.6593313630445999,0.3350799082270673,0.00558872872833277,48
26,0.662469915370471,0.33267591024551835,0.004854174384010701,48
27,0.6674461263903888,0.3287443399688902,0.003809533640721008,48
28,0.6703371539303096,0.3264307725323884,0.003232073537302038,48
29,0.6805145149997655,0.31824594908416587,0.0012395359160686792,48
30,0.6857179784905093,0.3140064456166502,0.0002755758928404961,48
31,0.6919190861385407,0.3080809138614593,0.0,48
32,0.6971509906693598,0.3028490093306402,0.0,48
33,0.7039941505166115,0.2960058494833885,0.0,48
34,0.7000776952992649,0.2999223047007351,0.0,48
35,0.6991561214818838,0.3008438785181162,0.0,48
36,0.7046550313194917,0.2953449686805083,0.0,48
37,0.7017635477088671,0.29823645229113294,0.0,48
38,0.7064143710003293,0.29358562899967067,0.0,48
39,0.7084805375263137,0.2915194624736863,0.0,48
40,0.7088382507403036,0.2911617492596964,0.0,48
41,0.7060354419033575,0.29396455809664246,0.0,48
42,0.7121230859315779,0.2878769140684221,0.0,48
43,0.7154855671461301,0.2845144328538699,0.0,48
44,0.7168953042408698,0.2831046957591302,0.0,48
45,0.7231600041542556,0.27683999584574437,0.0,48
46,0.7257157186515619,0.2742842813484381,0.0,48
47,0.7251223328993791,0.2748776671006209,0.0,48
48,0.734903012588392,0.26509698741160803,0.0,48
49,0.7410976744072102,0.2589023255927898,0.0,48
50,0.6890451241331229,0.24255153164066043,0.06840334422621662,48
1,0.17974186085911364,0.004971973925868532,0.8152861652150178,49
2,0.35556552618888915,0.2076723922703486,0.43676208154076224,49
3,0.41587765020134204,0.2145625107381795,0.36955983906047846,49
4,0.46817388033579355,0.21860227661297701,0.3132238430512294,49
5,0.4660536976644365,0.2365904910237861,0.2973558113117774,49
6,0.47052257925469304,0.24207961978813453,0.2873978009571725,49
7,0.4750477387934807,0.24388643222495832,0.28106582898156096,49
8,0.4878420799085148,0.254576868204577,0.25758105188690833,49
9,0.5085471127451775,0.2628601647688585,0.22859272248596402,49
10,0.514666706855268,0.27850240433158424,0.2068308888131477,49
11,0.5320307341952154,0.28358664608892514,0.18438261971585945,49
12,0.5380273154606713,0.2911683825539391,0.1708043019853896,49
13,0.5529140704535983,0.293679037496698,0.1534068920497037,49
14,0.5686798172926086,0.2921505818936928,0.13916960081369856,49
15,0.5807540266276003,0.30362724798546814,0.11561872538693152,49
16,0.595851491239487,0.3063567696949828,0.09779173906553018,49
17,0.5995526361024155,0.31647702009045625,0.08397034380712826,49
18,0.6101732368267285,0.32342741263863933,0.06639935053463214,49
19,0.6212815131692875,0.3276751765276633,0.051043310303049205,49
20,0.6276134543384192,0.3325650526792489,0.039821492982331896,49
21,0.6346977125334767,0.33653670601832714,0.02876558144819613,49
22,0.6389754213362349,0.3440215567619793,0.01700302190178582,49
23,0.6441405162995123,0.34700751631943016,0.008851967381057535,49
24,0.6511112478092107,0.3416607226518585,0.007228029538930814,49
25,0.6591623170836522,0.3353809154440436,0.005456767472304169,49
26,0.6617761335661674,0.33338772531679295,0.004836141117039672,49
27,0.6671830332978756,0.32910344242137674,0.0037135242807476154,49
28,0.6702841320352404,0.32661456565308955,0.003101302311670051,49
29,0.6798646448225232,0.31890094912206035,0.0012344060554164704,49
30,0.6854718875219681,0.3143331835374953,0.00019492894053663168,49
31,0.6920361483392702,0.3079638516607298,0.0,49
32,0.6971831157933132,0.30281688420668684,0.0,49
33,0.7034816741322606,0.2965183258677394,0.0,49
34,0.699748767501734,0.300251232498266,0.0,49
35,0.6988439049648006,0.30115609503519936,0.0,49
36,0.7042174556374156,0.29578254436258444,0.0,49
37,0.7011786600434189,0.2988213399565811,0.0,49
38,0.7059938296321531,0.29400617036784693,0.0,49
39,0.707767977534286,0.292232022465714,0.0,49
40,0.7081008218409417,0.2918991781590583,0.0,49
41,0.7055500836892905,0.2944499163107095,0.0,49
42,0.7115569033718476,0.2884430966281524,0.0,49
43,0.7153406181755605,0.2846593818244395,0.0,49
44,0.716568285972002,0.28343171402799805,0.0,49
45,0.7227831371756077,0.2772168628243923,0.0,49
46,0.72536510719971,0.27463489280028996,0.0,49
47,0.7242533462908096,0.2757466537091904,0.0,49
48,0.7342397779768061,0.26576022202319394,0.0,49
49,0.7404550586543084,0.2595449413456916,0.0,49
50,0.6888645356852074,0.2455309396929038,0.06560452462188877,49
1,0.17918119995420112,0.005043227475493503,0.8157755725703054,50
2,0.3532580008007302,0.20959334513293618,0.43714865406633363,50
3,0.414892757227851,0.21632994347143075,0.36877729930071823,50
4,0.4671941120018037,0.2205633802134143,0.3122425077847821,50
5,0.4651091302905387,0.23853825459558742,0.2963526151138739,50
6,0.46974925296643183,0.24400419339752427,0.28624655363604395,50
7,0.47337249930770714,0.24596357733192126,0.28066392336037166,50
8,0.48737658114930965,0.2561792064877785,0.2564442123629119,50
9,0.5073845697772539,0.2646598715062648,0.22795555871648132,50
10,0.5136059020447373,0.2801645014938221,0.20622959646144057,50
11,0.5313668560878313,0.2852656564471084,0.18336748746506032,50
12,0.5376058865423222,0.2927380754695055,0.1696560379881723,50
13,0.5525630687608001,0.2951257437549468,0.1523111874842531,50
14,0.5684878307819131,0.29343942686842345,0.13807274234966344,50
15,0.5806359605747222,0.30486272525966396,0.11450131416561382,50
16,0.5958622337619731,0.3075583624121712,0.09657940382585567,50
17,0.5995914062270978,0.3176223236167502,0.08278627015615198,50
18,0.6100257948591918,0.32462243558397613,0.06535176955683203,50
19,0.6212382602902471,0.32891894422483126,0.049842795484921654,50
20,0.6276720312862569,0.3335264526597398,0.03880151605400328,50
21,0.634712012244047,0.33749431984887496,0.02779366790707799,50
22,0.6389429995097089,0.34507399919391624,0.015983001296374866,50
23,0.6441437082925587,0.3471616851918631,0.008694606515578185,50
24,0.6511842757287323,0.34175157075104334,0.007064153520224381,50
25,0.658979893538515,0.3356692288841588,0.005350877577326163,50
26,0.6611184232482606,0.334050052997934,0.004831523753805356,50
27,0.6669953839884111,0.3293842972628581,0.003620318748730811,50
28,0.6702629760318323,0.326757687385196,0.0029793365829717255,50
29,0.6792944059463246,0.3194797611846173,0.0012258328690580855,50
30,0.6853354262264829,0.3145624187740359,0.00010215499948118545,50
31,0.692130746684357,0.30786925331564297,0.0,50
32,0.6973271531947604,0.30267284680523965,0.0,50
33,0.7029128752756404,0.2970871247243596,0.0,50
34,0.699446267149024,0.300553732850976,0.0,50
35,0.6985707668221625,0.30142923317783754,0.0,50
36,0.7039369826536205,0.2960630173463795,0.0,50
37,0.7005766636849426,0.29942333631505735,0.0,50
38,0.7055629083700077,0.2944370916299923,0.0,50
39,0.7070239957265658,0.2929760042734342,0.0,50
40,0.7073255158906613,0.2926744841093387,0.0,50
41,0.7049119728011517,0.2950880271988483,0.0,50
42,0.7108316928527602,0.28916830714723984,0.0,50
43,0.7150649248141268,0.28493507518587324,0.0,50
44,0.7160534028836537,0.2839465971163463,0.0,50
45,0.7221992756279272,0.2778007243720728,0.0,50
46,0.724800395219129,0.275199604780871,0.0,50
47,0.7231837835477738,0.2768162164522262,0.0,50
48,0.7332912842116662,0.2667087157883338,0.0,50
49,0.7394972754540622,0.2605027245459378,0.0,50
50,0.6879281603485076,0.24889302044878353,0.0631788192027089,50
1,0.17926452299967532,0.004948444358616169,0.8157870326417086,51
2,0.3513432945037327,0.21104913483726342,0.4376075706590039,51
3,0.4142887988842392,0.21767580972552908,0.3680353913902317,51
4,0.46660505069704905,0.2220829851438131,0.31131196415913787,51
5,0.4645703148044249,0.24004818276444453,0.2953815024311306,51
6,0.4693376010866118,0.24552697206653543,0.2851354268468528,51
7,0.4720759022632208,0.24760806273494854,0.28031603500183067,51
8,0.4872263630216646,0.25743129567555556,0.2553423413027798,51
9,0.5065538900123157,0.2660746043893901,0.22737150559829422,51
10,0.5128835688953514,0.2814459638905873,0.20567046721406135,51
11,0.5309506949418954,0.28660779509109807,0.18244150996700653,51
12,0.53740466009128,0.29400461726289695,0.1685907226458231,51
13,0.5524373458304914,0.29628131577462036,0.15128133839488822,51
14,0.5684697083995318,0.29446028270897007,0.13707000889149812,51
15,0.5806863402813871,0.3058503625415386,0.11346329717707432,51
16,0.5960282771014416,0.30852044777896326,0.09545127511959517,51
17,0.5997869905862978,0.31853909966156047,0.08167390975214173,51
18,0.6100047368899598,0.32559762885562527,0.06439763425441491,51
19,0.6212852055234254,0.3299551747622689,0.04875961971430576,51
20,0.627817576448842,0.33432283617971315,0.0378595873714449,51
21,0.6348201580727822,0.338268325410703,0.026911516516514744,51
22,0.6389429562537954,0.34596885108470776,0.015088192661496858,51
23,0.6442975086315978,0.3471655745705273,0.008536916797874827,51
24,0.6513059818749557,0.3417763020086949,0.006917716116349393,51
25,0.6588220215375838,0.3359133217521423,0.005264656710273874,51
26,0.6605983809886986,0.3345802394186292,0.004821379592672204,51
27,0.6668493931356503,0.3296123712094793,0.0035382356548704363,51
28,0.6702528474487843,0.326875069631599,0.0028720829196166586,51
29,0.6788450556352092,0.3199474700062609,0.0012074743585298586,51
30,0.6852996797188906,0.3146992088933344,1.1113877749768797e-06,51
31,0.6922170939302693,0.3077829060697307,0.0,51
32,0.6975099429936656,0.30249005700633436,0.0,51
33,0.7023496640378359,0.29765033596216406,0.0,51
34,0.6991975438494837,0.30080245615051626,0.0,51
35,0.698345342798262,0.301654657201738,0.0,51
36,0.7037263056597977,0.29627369434020234,0.0,51
37,0.6999989224734325,0.30000107752656746,0.0,51
38,0.7051065353010934,0.29489346469890665,0.0,51
39,0.7063181728491801,0.2936818271508199,0.0,51
40,0.7065466268465506,0.29345337315344944,0.0,51
41,0.7041901841868179,0.2958098158131821,0.0,51
42,0.7099832616521254,0.29001673834787456,0.0,51
43,0.7146380917006505,0.2853619082993495,0.0,51
44,0.7153570916001855,0.28464290839981454,0.0,51
45,0.7214254419684601,0.27857455803153985,0.0,51
46,0.723944304694764,0.276055695305236,0.0,51
47,0.721905196907924,0.278094803092076,0.0,51
48,0.7320966693434372,0.2679033306565628,0.0,51
49,0.7383190437015064,0.26168095629849364,0.0,51
50,0.6863335582501779,0.2526051361706422,0.06106130557917994,51
1,0.17994396273612412,0.004699287784417707,0.8153567494794582,52
2,0.3498506197617682,0.21205662909272577,0.4380927511455061,52
3,0.41406427067460727,0.21861354528420376,0.367322184041189,52
4,0.46639773153718445,0.22318012139361376,0.3104221470692018,52
5,0.4644146077456953,0.24114610725052585,0.2944392850037788,52
6,0.4692779138385458,0.24666453709879615,0.28405754906265807,52
7,0.47115893421431476,0.24883936521034422,0.280001700575341,52
8,0.48736876462062373,0.25835216322353705,0.2542790721558392,52
9,0.5060435889046043,0.2671240003298035,0.22683241076559219,52
10,0.5124980374719497,0.28236479658964425,0.20513716593840609,52
11,0.5307826454105418,0.28762161950709003,0.1815957350823682,52
12,0.5374254122673424,0.2949763292545776,0.16759825847807996,52
13,0.5525279626068725,0.2971588260073387,0.1503132113857888,52
14,0.5686165325100586,0.29522435593194424,0.13615911155799715,52
15,0.5808946433671819,0.3066045910949937,0.1125007655378244,52
16,0.5963533027314847,0.3092429916522379,0.09440370561627742,52
17,0.6001413725136453,0.31922791523785166,0.08063071224850304,52
18,0.6100980913002962,0.3263627850209816,0.06353912367872216,52
19,0.6214316402296091,0.3307831966628688,0.04778516310752212,52
20,0.6280537767348684,0.33495137680536796,0.03699484645976364,52
21,0.6350329002881452,0.33886107613331384,0.02610602357854097,52
22,0.6390108578506982,0.34668008363849245,0.014309058510809325,52
23,0.6445498992137701,0.3470620344154854,0.008388066370744462,52
24,0.6515167743940129,0.341703776153487,0.006779449452500086,52
25,0.6587251869088375,0.33608514448016136,0.005189668611001119,52
26,0.6602010273357027,0.3349913597943196,0.004807612869977662,52
27,0.66675360755869,0.32978186824795264,0.00346452419335741,52
28,0.670180320040427,0.3270264393613253,0.0027932405982476483,52
29,0.6785238686831634,0.32029917861650886,0.0011769527003277491,52
30,0.6853667302241986,0.3146332697758014,0.0,52
31,0.692269522224819,0.30773047777518103,0.0,52
32,0.6977056445110621,0.3022943554889379,0.0,52
33,0.7018055908419498,0.2981944091580502,0.0,52
34,0.6989112049745222,0.3010887950254778,0.0,52
35,0.6981458769424009,0.30185412305759907,0.0,52
36,0.7035901018762243,0.2964098981237757,0.0,52
37,0.6994734036548395,0.30052659634516055,0.0,52
38,0.7046316688625588,0.2953683311374412,0.0,52
39,0.7056398179833269,0.29436018201667313,0.0,52
40,0.7057482323124957,0.2942517676875043,0.0,52
41,0.7034101165782343,0.29658988342176573,0.0,52
42,0.7090401407511989,0.2909598592488011,0.0,52
43,0.7140932583971122,0.28590674160288776,0.0,52
44,0.7144907010886795,0.2855092989113205,0.0,52
45,0.7204874917703952,0.27951250822960483,0.0,52
46,0.7228307926489584,0.27716920735104156,0.0,52
47,0.7204506675780291,0.2795493324219709,0.0,52
48,0.7307140371155868,0.2692859628844132,0.0,52
49,0.7369241224423094,0.2630758775576906,0.0,52
50,0.6841347414131869,0.2566431007375212,0.059222157849291954,52
1,0.18115813824471588,0.004311123476807911,0.8145307382784762,53
2,0.3487891037652584,0.21264277101198875,0.43856812522275285,53
3,0.41420549060116985,0.21916426829663663,0.36663024110219355,53
4,0.4665606427898191,0.2238753846104464,0.30956397259973445,53
5,0.464626963359801,0.24185496837805096,0.293518068262148,53
6,0.4695528899897641,0.24743798241893616,0.28300912759129976,53
7,0.47061347260481345,0.2496812891502446,0.279705238244942,53
8,0.4877861910338449,0.25895889196075317,0.2532549170054019,53
9,0.5058542816648488,0.26781980804656447,0.22632591028858673,53
10,0.5124417372747757,0.28294145301860013,0.20461680970662416,53
11,0.5308662427704818,0.2883139817665117,0.18081977546300654,53
12,0.5376549733228146,0.2956661769153846,0.16667884976180075,53
13,0.552818548658945,0.2977736817729326,0.1494077695681224,53
14,0.5689240684084664,0.29574485731358224,0.13533107427795132,53
15,0.5812684824093364,0.3071251265685564,0.11160639102210723,53
16,0.5968058616905981,0.3097579488253647,0.09343618948403715,53
17,0.6006365264824505,0.3197034084743922,0.07966006504315731,53
18,0.6103187334077775,0.3269145307539492,0.06276673583827325,53
19,0.6216882817906959,0.33139881804461885,0.046912900164685245,53
20,0.6283703195205333,0.33542664938206485,0.036203031097401805,53
21,0.6353266338326451,0.3393018898978495,0.025371476269505422,53
22,0.6391499444451697,0.34720579561379417,0.01364425994103613,53
23,0.6449098614521297,0.34684390335111964,0.008246235196750662,53
24,0.6518033255217447,0.3415444290841143,0.006652245394140999,53
25,0.6587075960625758,0.3361696610660719,0.005122742871352337,53
26,0.6599366253963297,0.33527449456379765,0.004788880039872656,53
27,0.6667589767995885,0.3298510885283143,0.0033899346720971946,53
28,0.6700462502986632,0.32720994757894384,0.002743802122393002,53
29,0.6783301262208301,0.3205340825202396,0.0011357912589302632,53
30,0.6855342736080786,0.3144657263919214,0.0,53
31,0.6922132748245308,0.30778672517546923,0.0,53
32,0.6978796897349318,0.30212031026506825,0.0,53
33,0.7014865245865671,0.29851347541343287,0.0,53
34,0.6986968805991519,0.3013031194008481,0.0,53
35,0.6979478585550574,0.30205214144494263,0.0,53
36,0.7034946614547083,0.2965053385452917,0.0,53
37,0.699030558214137,0.30096944178586305,0.0,53
38,0.7040797877668702,0.2959202122331298,0.0,53
39,0.7049519909638372,0.2950480090361628,0.0,53
40,0.704963384903089,0.29503661509691104,0.0,53
41,0.7026104770772512,0.2973895229227488,0.0,53
42,0.7080241937021385,0.29197580629786146,0.0,53
43,0.7134347580248983,0.2865652419751017,0.0,53
44,0.7134612053747849,0.28653879462521514,0.0,53
45,0.7193959228787903,0.2806040771212097,0.0,53
46,0.7214620696816749,0.2785379303183251,0.0,53
47,0.7188183485651682,0.28118165143483176,0.0,53
48,0.7292106050400683,0.2707893949599317,0.0,53
49,0.7353485426000106,0.2646514573999894,0.0,53
50,0.6814411421273934,0.26094206045577806,0.05761679741682861,53
1,0.18292675356901017,0.0037855847711195448,0.8132876616598703,54
2,0.34822320388869454,0.21280213942033843,0.4389746566909671,54
3,0.414655425667371,0.219364833874688,0.365979740457941,54
4,0.46698868236694546,0.22424688673840407,0.30876443089465044,54
5,0.4650657339350158,0.2422789802038725,0.29265528586111167,54
6,0.47007587268563167,0.2479170127891361,0.2820071145252322,54
7,0.470633237608851,0.25005084326729665,0.27931591912385234,54
8,0.4882013086897661,0.2594090856166933,0.25238960569354063,54
9,0.5059700522180093,0.2681860880050485,0.2258438597769422,54
10,0.5127044868506031,0.28319709320130887,0.20409841994808803,54
11,0.5312018114562145,0.28869773882536054,0.18010044971842498,54
12,0.5380720047943021,0.29609940787168854,0.1658285873340094,54
13,0.5532944030792073,0.29814537202245484,0.14856022489833787,54
14,0.569389991723111,0.29603485411309516,0.13457515416379384,54
15,0.5817919212001139,0.30743260418915214,0.11077547461073395,54
16,0.5973721261539215,0.31008139709032484,0.09254647675575361,54
17,0.6012562597260875,0.31998074907681445,0.07876299119709801,54
18,0.6106721269532425,0.32725697528674436,0.06207089776001318,54
19,0.6220604940527249,0.33180945096134684,0.04613005498592826,54
20,0.6287707916623969,0.335749782755853,0.0354794255817501,54
21,0.6357070766286452,0.33957927031941154,0.02471365305194323,54
22,0.6393321469375955,0.347580108179501,0.01308774488290343,54
23,0.6453689640507311,0.34651921135801345,0.008111824591255479,54
24,0.6521620174631386,0.34130223090541,0.00653575163145137,54
25,0.6588133894335625,0.3361324414908739,0.005054169075563608,54
26,0.6598598104086395,0.3353866390266398,0.00475355056472071,54
27,0.6668937018187148,0.32979800934509046,0.0033082888361947727,54
28,0.6699122379098721,0.3273766989199277,0.002711063170200201,54
29,0.678235286359316,0.3206752557490272,0.0010894578916568198,54
30,0.6857339896211025,0.31426601037889745,0.0,54
31,0.6920738383675089,0.3079261616324911,0.0,54
32,0.6979655151110241,0.3020344848889759,0.0,54
33,0.7013554259709337,0.2986445740290663,0.0,54
34,0.6985349019525153,0.30146509804748467,0.0,54
35,0.6977646366935761,0.30223536330642387,0.0,54
36,0.7034364067668,0.29656359323320003,0.0,54
37,0.6986998913178044,0.3013001086821956,0.0,54
38,0.7034864481076606,0.2965135518923394,0.0,54
39,0.7042462865322813,0.2957537134677187,0.0,54
40,0.7041702847627247,0.2958297152372753,0.0,54
41,0.7018114704618212,0.29818852953817876,0.0,54
42,0.7069581250314442,0.2930418749685558,0.0,54
43,0.7126693250345402,0.28733067496545983,0.0,54
44,0.7122833768427291,0.28771662315727087,0.0,54
45,0.7181589801917538,0.28184101980824616,0.0,54
46,0.7198606113787683,0.28013938862123167,0.0,54
47,0.7170478451572949,0.2829521548427051,0.0,54
48,0.7275831445162322,0.2724168554837678,0.0,54
49,0.7336323654629945,0.2663676345370055,0.0,54
50,0.678282252095566,0.2654949107708461,0.05622283713358797,54
1,0.1838172488415651,0.003513271405838867,0.8126694797525958,55
2,0.34840090548537306,0.21262512592869368,0.4389739685859333,55
3,0.4153514184436575,0.2192700089797643,0.36537857257657813,55
4,0.4676314583237009,0.2243364557423866,0.3080320859339125,55
5,0.46569836945306264,0.24244690768676255,0.2918547228601748,55
6,0.47081077133383975,0.24813258141485783,0.2810566472513024,55
7,0.47110677067196544,0.25004951933418657,0.27884370999384805,55
8,0.48862840663276963,0.25969392752160303,0.25167766584562734,55
9,0.5063458405427801,0.26827103504637256,0.22538312441084735,55
10,0.5132314578944357,0.28318893834629777,0.20357960375926654,55
11,0.5317498020010152,0.2888204449054103,0.1794297530935745,55
12,0.5386504430893337,0.29630713540071085,0.1650424215099554,55
13,0.5539197649560633,0.2983074007822282,0.14777283426170845,55
14,0.5699929803830525,0.2961179894645345,0.13388903015241305,55
15,0.5824534857978076,0.307544151877366,0.11000236232482635,55
16,0.5980334777257073,0.3102322060747575,0.09173431619953526,55
17,0.6019711626505624,0.3200943273719618,0.07793450997747581,55
18,0.6111748037067473,0.3273938141650122,0.061431382128240564,55
19,0.6225340259999202,0.3320383389820176,0.04542763501806213,55
20,0.6292153098274137,0.33594971895243697,0.034834971220149336,55
21,0.6361823837794232,0.3396940508937937,0.02412356532678317,55
22,0.6395677942987045,0.3478082476853734,0.012623958015922143,55
23,0.6458627781258832,0.34614125159921366,0.00799597027490312,55
24,0.6526192324119011,0.3409571352697104,0.006423632318388495,55
25,0.6590030004864387,0.3360055112622785,0.004991488251282816,55
26,0.6599099443797898,0.33537598718340916,0.0047140684368010555,55
27,0.6671305722660612,0.32964338760909073,0.003226040124848062,55
28,0.6698029541823056,0.32750523925877906,0.0026918065589153217,55
29,0.6782377665534772,0.3207215267111112,0.0010407067354115673,55
30,0.6859819971213024,0.31401800287869763,0.0,55
31,0.6919672309131785,0.30803276908682153,0.0,55
32,0.698132486032339,0.301867513967661,0.0,55
33,0.7013072944793466,0.2986927055206534,0.0,55
34,0.6984772174826852,0.3015227825173148,0.0,55
35,0.6976111897063642,0.30238881029363585,0.0,55
36,0.7033601544464595,0.2966398455535405,0.0,55
37,0.6984547854058658,0.3015452145941342,0.0,55
38,0.7029318731538833,0.2970681268461167,0.0,55
39,0.7036271426256376,0.29637285737436236,0.0,55
40,0.7034513191041318,0.29654868089586817,0.0,55
41,0.7010110633450422,0.29898893665495785,0.0,55
42,0.7058738013207776,0.2941261986792224,0.0,55
43,0.7118130194702919,0.28818698052970815,0.0,55
44,0.7110382903359194,0.28896170966408063,0.0,55
45,0.7168362663541753,0.2831637336458247,0.0,55
46,0.7181809604088933,0.28181903959110666,0.0,55
47,0.7152306107369748,0.2847693892630252,0.0,55
48,0.7258697989758602,0.27413020102413976,0.0,55
49,0.731829084486443,0.268170915513557,0.0,55
50,0.6748090795382883,0.2702113167430623,0.05497960371864925,55
1,0.18387260209681433,0.003485259920350999,0.8126421379828346,56
2,0.3491345155389136,0.21219783936977166,0.43866764509131473,56
3,0.4162285935518716,0.21893303472517336,0.3648383717229551,56
4,0.46844684952313,0.2241803440258433,0.3073728064510267,56
5,0.4664931400205836,0.24238953122028534,0.29111732875913093,56
6,0.4717157635796979,0.24811988880801444,0.28016434761228765,56
7,0.4719154532731554,0.24977055813947638,0.2783139885873682,56
8,0.48909627257421817,0.25979564171210695,0.2511080857136749,56
9,0.5069431506909603,0.26811836730008765,0.22493848200895206,56
10,0.5139771395951289,0.2829654934068344,0.20305736699803667,56
11,0.5324642867464784,0.28873453261170096,0.17880118064182066,56
12,0.5393554241563187,0.2963270586399045,0.16431751720377685,56
13,0.5546670231069275,0.2982892353451702,0.14704374154790228,56
14,0.5707149091665846,0.29601955193266494,0.13326553890075044,56
15,0.5832148744602181,0.3074999895706364,0.10928513596914546,56
16,0.5987479779198461,0.3102529093346817,0.09099911274547218,56
17,0.6027398655359153,0.3200763951954834,0.07718373926860128,56
18,0.6117971879278354,0.3273628864108797,0.06083992566128488,56
19,0.6230881416757554,0.3321106005296641,0.04480125779458044,56
20,0.6297221659277397,0.33601688091122817,0.03426095316103217,56
21,0.6367441303472697,0.3396692701560269,0.023586599496703387,56
22,0.6399020123109136,0.34786227163087036,0.01223571605821605,56
23,0.6463513132724181,0.34574457142861936,0.00790411529896251,56
24,0.6531088067987489,0.34056424546053465,0.006326947740716404,56
25,0.6592678314082908,0.33579753424187564,0.004934634349833544,56
26,0.660109012172923,0.33522634604361273,0.004664641783464318,56
27,0.6674819251410863,0.32937835416199834,0.0031397206969153713,56
28,0.6698117141162079,0.3275215188302877,0.0026667670535044374,56
29,0.6783928741511671,0.32062884970390315,0.000978276144929735,56
30,0.6861903050000935,0.3138096949999065,0.0,56
31,0.6918354315484494,0.3081645684515506,0.0,56
32,0.6983192653348828,0.30168073466511725,0.0,56
33,0.7013810065575972,0.29861899344240284,0.0,56
34,0.6985713163945032,0.3014286836054968,0.0,56
35,0.697501848240113,0.30249815175988704,0.0,56
36,0.7032533207083347,0.2967466792916653,0.0,56
37,0.6982626405687342,0.3017373594312658,0.0,56
38,0.7024444655836853,0.29755553441631466,0.0,56
39,0.7031429057042673,0.2968570942957327,0.0,56
40,0.7027845273320508,0.29721547266794923,0.0,56
41,0.7002490430025863,0.2997509569974137,0.0,56
42,0.7048042835081461,0.29519571649185394,0.0,56
43,0.7109032241105346,0.28909677588946536,0.0,56
44,0.7097610104212799,0.2902389895787201,0.0,56
45,0.7154687194108031,0.28453128058919686,0.0,56
46,0.7165073766732872,0.28349262332671277,0.0,56
47,0.7134709128850343,0.2865290871149657,0.0,56
48,0.7241531690498243,0.2758468309501757,0.0,56
49,0.7300133666889561,0.2699866333110439,0.0,56
50,0.6710916065344211,0.275057836909741,0.053850556555837904,56
1,0.1831649340620149,0.0036812249963833503,0.8131538409416017,57
2,0.350274111499488,0.2115859062635917,0.43813998223692024,57
3,0.41723909776206125,0.2183980984397388,0.3643628037982,57
4,0.46939887930017904,0.22381566054352134,0.3067854601562996,57
5,0.46741579340885175,0.2421414653143909,0.29044274127675734,57
6,0.47274737570224057,0.24791730302759216,0.27933532127016725,57
7,0.4729750275320602,0.249280014814167,0.2777449576537728,57
8,0.489613510489925,0.25972426535398085,0.25066222415609407,57
9,0.5077052430223084,0.2677793575510366,0.22451539942665505,57
10,0.5148816280812036,0.28257880094611365,0.20253957097268271,57
11,0.5333032404652409,0.28848205656490455,0.17821470296985453,57
12,0.5401758674363842,0.29617873045170046,0.1636454021119153,57
13,0.5554967821582077,0.2981285554480111,0.14637466239378116,57
14,0.5715099795409291,0.29578739888713146,0.13270262157193946,57
15,0.5840498245918424,0.30732847688850556,0.10862169851965203,57
16,0.5994930546095806,0.3101681085610392,0.09033883682938021,57
17,0.6035418610567124,0.31995375391087777,0.07650438503240986,57
18,0.6125334506420815,0.3271792722988048,0.060287277059113686,57
19,0.6237063254906764,0.3320461648970445,0.04424750961227908,57
20,0.6302827025345379,0.3359633013438872,0.033753996121574925,57
21,0.6373536719360298,0.33955051197148933,0.023095816092480903,57
22,0.640347282810201,0.34775663389071665,0.011896083299082316,57
23,0.646824014862724,0.34534094272830085,0.007835042408975146,57
24,0.6535841427272696,0.34016379421714016,0.006252063055590229,57
25,0.6596053804391678,0.33551307534899466,0.004881544211837507,57
26,0.6604832105493359,0.3349189140705992,0.0045978753800648975,57
27,0.6678796963049576,0.32905909248222937,0.003061211212813053,57
28,0.6698634859684502,0.32748685633827207,0.002649657693277685,57
29,0.6786606639873203,0.320430021325663,0.0009093146870167157,57
30,0.6864097674345553,0.3135902325654447,0.0,57
31,0.6917435146639664,0.30825648533603356,0.0,57
32,0.6984959022684939,0.3015040977315061,0.0,57
33,0.7015696885392819,0.2984303114607181,0.0,57
34,0.698861528349209,0.301138471650791,0.0,57
35,0.6974398693030899,0.3025601306969101,0.0,57
36,0.7030907387884067,0.29690926121159333,0.0,57
37,0.6981477922622312,0.3018522077377688,0.0,57
38,0.7020547810385241,0.29794521896147586,0.0,57
39,0.7027488639422499,0.2972511360577501,0.0,57
40,0.7022198369951835,0.29778016300481647,0.0,57
41,0.699544741749988,0.30045525825001196,0.0,57
42,0.7037886089279984,0.29621139107200156,0.0,57
43,0.7100039365329366,0.2899960634670634,0.0,57
44,0.7085453301000283,0.2914546698999717,0.0,57
45,0.7140792225184529,0.2859207774815471,0.0,57
46,0.714891059364017,0.285108940635983,0.0,57
47,0.7117960264135159,0.2882039735864841,0.0,57
48,0.7224827401241247,0.2775172598758753,0.0,57
49,0.7282542538113622,0.2717457461886378,0.0,57
50,0.6672128823314623,0.2799940066348996,0.052793111033638006,57
1,0.18176885033076834,0.004079411758743577,0.8141517379104881,58
2,0.35168385035389427,0.2108485657568823,0.43746758388922347,58
3,0.41833665967716555,0.21770697145754597,0.3639563688652884,58
4,0.47045190646996193,0.22328133468860464,0.3062667588414334,58
5,0.468426407679933,0.2417405443545538,0.28983304796551324,58
6,0.47385580431376306,0.2475672385349134,0.2785769571513236,58
7,0.47420920646946796,0.24863471801417344,0.27715607551635857,58
8,0.4901665332555056,0.2595013516517189,0.2503321150927755,58
9,0.5085931876283704,0.26729512061089533,0.2241116917607343,58
10,0.5158968683310308,0.28207286872660575,0.20203026294236348,58
11,0.5342232764297054,0.288106654880278,0.17767006869001667,58
12,0.5410832173714901,0.29589816621754517,0.1630186164109647,58
13,0.5564006835955574,0.29784265551942873,0.14575666088501388,58
14,0.5723602043883279,0.29544369672632076,0.13219609888535133,58
15,0.5849172077679775,0.3070674848101817,0.10801530742184079,58
16,0.6002634292108961,0.3099878214396796,0.08974874934942423,58
17,0.6043621702149133,0.3197492344054632,0.07588859537962345,58
18,0.6133247925922403,0.32691071576766784,0.0597644916400919,58
19,0.6243758270232546,0.33186698932616066,0.043757183650584786,58
20,0.6308806050411396,0.33581752971755074,0.033301865241309625,58
21,0.6379509393403654,0.3393913326550346,0.022657728004599975,58
22,0.6409000885564393,0.3475173913107501,0.011582520132810581,58
23,0.6472548492336732,0.3449556195778118,0.007789531188515053,58
24,0.6540114085369126,0.3397869417825927,0.006201649680494636,58
25,0.6599684249283833,0.3351936524703112,0.004837922601305555,58
26,0.660998251396812,0.3344844837863016,0.004517264816886413,58
27,0.6682903515459024,0.32871539238167014,0.002994256072427426,58
28,0.6699740372165863,0.327391179928855,0.0026347828545586482,58
29,0.6790511898882482,0.32011910112141817,0.000829708990333633,58
30,0.6866544184760865,0.31334558152391345,0.0,58
31,0.6917122511672367,0.30828774883276333,0.0,58
32,0.6985787162422318,0.3014212837577682,0.0,58
33,0.7018320112361256,0.2981679887638744,0.0,58
34,0.699273398986103,0.30072660101389703,0.0,58
35,0.6974749743794212,0.3025250256205788,0.0,58
36,0.7029540355665493,0.29704596443345066,0.0,58
37,0.698104827821197,0.301895172178803,0.0,58
38,0.701771870435715,0.298228129564285,0.0,58
39,0.7024722041268261,0.2975277958731739,0.0,58
40,0.7017578040020978,0.29824219599790225,0.0,58
41,0.698930233866778,0.301069766133222,0.0,58
42,0.702887140609559,0.29711285939044096,0.0,58
43,0.7091486835662976,0.29085131643370243,0.0,58
44,0.7074149096318922,0.29258509036810776,0.0,58
45,0.7127116942130995,0.28728830578690046,0.0,58
46,0.7133706011181015,0.28662939888189853,0.0,58
47,0.7102545091155198,0.2897454908844802,0.0,58
48,0.7209409496375931,0.27905905036240686,0.0,58
49,0.7266352326956815,0.27336476730431847,0.0,58
50,0.6633170593248537,0.2849705043168517,0.0517124363582946,58
1,0.1811792788677317,0.004279835972179234,0.8145408851600892,59
2,0.3529694766502409,0.20998444581901685,0.4370460775307422,59
3,0.41952006046532186,0.2168687020870182,0.36361123744765994,59
4,0.4716105937746517,0.22258284773578604,0.3058065584895622,59
5,0.4695309642423008,0.24118641698255563,0.2892826187751436,59
6,0.47504518201702245,0.247074963315933,0.27787985466704446,59
7,0.47556546554861967,0.24787306252146296,0.27656147192991737,59
8,0.4907942642729832,0.2591188301126381,0.2500869056143787,59
9,0.509588869291886,0.2666839496340617,0.22372718107405232,59
10,0.5169899766664907,0.28147461274298824,0.20153541059052105,59
11,0.5352186789661451,0.28762172614812276,0.17715959488573219,59
12,0.5420538738486198,0.2955108072547145,0.16243531889666568,59
13,0.5573676609833829,0.29744921541409053,0.1451831236025266,59
14,0.5732629837694141,0.2949967032201479,0.13174031301043798,59
15,0.5857983651147493,0.3067354995884068,0.10746613529684396,59
16,0.6010617818620223,0.30971837944285313,0.08921983869512456,59
17,0.6051676617195394,0.31949906278420415,0.07533327549625646,59
18,0.6141457428830321,0.32658080315571003,0.05927345396125783,59
19,0.6250817108502715,0.331604858217616,0.043313430932112484,59
20,0.6315081928380976,0.33558925303905274,0.0329025541228497,59
21,0.6385040415196976,0.33921340448590276,0.0222825539943996,59
22,0.6414865289256749,0.34722208356746287,0.011291387506862205,59
23,0.6476487788741828,0.3445886925298228,0.007762528595994356,59
24,0.6543875119608628,0.3394404293574086,0.006172058681728654,59
25,0.6603677823773835,0.3348350633681608,0.004797154254455704,59
26,0.6616015627035805,0.33396973223436643,0.004428705062053062,59
27,0.6686581052339762,0.32839665840311544,0.0029452363629083878,59
28,0.6701689650563,0.3272189388943423,0.0026120960493577483,59
29,0.679537565248558,0.3197226761095319,0.0007397586419100599,59
30,0.6868943775833535,0.3131056224166465,0.0,59
31,0.6918800613850065,0.30811993861499354,0.0,59
32,0.6985051017174075,0.30149489828259246,0.0,59
33,0.7020278876824474,0.2979721123175526,0.0,59
34,0.6996561416394222,0.30034385836057775,0.0,59
35,0.6975344213898992,0.3024655786101008,0.0,59
36,0.7029033558738723,0.2970966441261277,0.0,59
37,0.6981330420513507,0.30186695794864926,0.0,59
38,0.7016237662280448,0.2983762337719552,0.0,59
39,0.7022984877629195,0.2977015122370805,0.0,59
40,0.7014026361664051,0.2985973638335949,0.0,59
41,0.6983807711852303,0.30161922881476966,0.0,59
42,0.702044916179429,0.297955083820571,0.0,59
43,0.7083036122464946,0.29169638775350537,0.0,59
44,0.7063202422367855,0.29367975776321453,0.0,59
45,0.7114000113591179,0.2885999886408821,0.0,59
46,0.7120048778769017,0.2879951221230983,0.0,59
47,0.7088660830649013,0.2911339169350987,0.0,59
48,0.719495522605898,0.280504477394102,0.0,59
49,0.7251564000625129,0.2748435999374871,0.0,59
50,0.6594700514356769,0.28998446333148525,0.05054548523283785,59
1,0.1813459203684107,0.0042936183208235725,0.8143604613107658,60
2,0.3541875736780191,0.20899416515776012,0.43681826116422073,60
3,0.42078026307222327,0.2158984648582547,0.363321272069522,60
4,0.47287448352638606,0.2217323026247673,0.30539321384884666,60
5,0.47073482699705027,0.24048505752700244,0.2887801154759473,60
6,0.4763032339377584,0.24645312325428836,0.2772436428079532,60
7,0.47701568204120626,0.24701031268420076,0.275974005274593,60
8,0.49150764719966034,0.2585809213087214,0.24991143149161826,60
9,0.5106797474462654,0.2659626428661581,0.22335760968757645,60
10,0.5181499405798878,0.28079556311094755,0.2010544963091646,60
11,0.5362754124917033,0.28704451490561145,0.17668007260268526,60
12,0.5430788152303754,0.2950271262989386,0.161894058470686,60
13,0.5583840425793196,0.29696587084712556,0.14465008657355483,60
14,0.5741893746778175,0.2944783654166742,0.1313322599055083,60
15,0.586692154508605,0.3063375066133156,0.10697033887807939,60
16,0.6018882119386348,0.3093696237792387,0.08874216428212645,60
17,0.6059431620423741,0.3192117390712044,0.07484509888642149,60
18,0.6149710826578498,0.32621404927890235,0.058814868063247816,60
19,0.6258209728280048,0.33127269552332506,0.04290633164867019,60
20,0.6321501595120045,0.33530502840112425,0.032544812086871266,60
21,0.639010775743514,0.3390112780635067,0.021977946192979325,60
22,0.6420819233623336,0.34690768330912114,0.011010393328545254,60
23,0.6480793476243223,0.34418465269575044,0.0077359996799272746,60
24,0.6547289187326284,0.33911443574806144,0.006156645519310167,60
25,0.6607309706652941,0.3344986606872686,0.004770368647437351,60
26,0.6622752961695721,0.33339230766555156,0.004332396164876295,60
27,0.6690063915928378,0.32808749940527004,0.002906109001892143,60
28,0.6704011325908923,0.3270111666501394,0.002587700758968303,60
29,0.6800606886814582,0.31929129738818685,0.0006480139303549626,60
30,0.6871240477747517,0.31287595222524833,0.0,60
31,0.6920482941338238,0.30795170586617615,0.0,60
32,0.6982884091830934,0.30171159081690657,0.0,60
33,0.7022153895146923,0.2977846104853077,0.0,60
34,0.6999976230309057,0.30000237696909426,0.0,60
35,0.6976177560448261,0.3023822439551739,0.0,60
36,0.7028670659693222,0.29713293403067775,0.0,60
37,0.6981917932407219,0.3018082067592781,0.0,60
38,0.7015755206627755,0.2984244793372245,0.0,60
39,0.7022555000315533,0.29774449996844665,0.0,60
40,0.7011243497101997,0.29887565028980034,0.0,60
41,0.6978682534673937,0.3021317465326063,0.0,60
42,0.7012971962093499,0.29870280379065006,0.0,60
43,0.7074904540883049,0.2925095459116951,0.0,60
44,0.7052700003074965,0.29472999969250346,0.0,60
45,0.7101794167048228,0.28982058329517724,0.0,60
46,0.7107835507586803,0.28921644924131973,0.0,60
47,0.7076393713959274,0.29236062860407264,0.0,60
48,0.7181422970131398,0.2818577029868602,0.0,60
49,0.7238134293160652,0.2761865706839348,0.0,60
50,0.6557209248899457,0.2949862214374288,0.04929285367262547,60
1,0.18227384492637305,0.004157103713021035,0.813569051360606,61
2,0.35543534290085343,0.2078610975795867,0.43670355951955986,61
3,0.42195242737894856,0.21486175387672696,0.3631858187443245,61
4,0.4741456611951165,0.22078029437037355,0.30507404443450997,61
5,0.47199965943305244,0.23966042142766233,0.28833991913928525,61
6,0.4775984557120214,0.24574034176299664,0.27666120252498194,61
7,0.4785531354626086,0.24608994479434554,0.2753569197430459,61
8,0.4923063095080401,0.2578159313405098,0.2498777591514501,61
9,0.5119062470389903,0.26507475054432483,0.22301900241668482,61
10,0.5193617978675986,0.2800449386398368,0.20059326349256457,61
11,0.5373701672343958,0.28639180068203635,0.17623803208356786,61
12,0.5441452564487121,0.29445516567030666,0.1613995778809812,61
13,0.5594583325707851,0.2963951432381939,0.14414652419102097,61
14,0.5751182232573523,0.2939143219524668,0.1309674547901809,61
15,0.5875700466063455,0.30590145689543513,0.10652849649821938,61
16,0.6027098571657528,0.3089733756414872,0.08831676719276005,61
17,0.606695745192994,0.31888412380675873,0.0744201310002473,61
18,0.6157975446575634,0.32581804908965806,0.05838440625277852,61
19,0.6265761361587857,0.33089322328168175,0.04253064055953254,61
20,0.6328062846458534,0.33496998052234817,0.03222373483179841,61
21,0.6394752303369595,0.33878717513911083,0.02173759452392965,61
22,0.6426703311790118,0.3465823675860966,0.010747301234891538,61
23,0.6485278120001561,0.34375899311643715,0.007713194883406771,61
24,0.655064646331492,0.3387860883146423,0.006149265353865729,61
25,0.6610539192533347,0.3341878888131644,0.00475819193350091,61
26,0.662986138784697,0.3327789004667636,0.0042349607485393514,61
27,0.6693492860363215,0.327776554401165,0.002874159562513523,61
28,0.6706532891729393,0.3267814316154338,0.0025652792116268586,61
29,0.680573358647107,0.31886237350332847,0.000564267849564537,61
30,0.6873451727932768,0.3126548272067232,0.0,61
31,0.692251669955019,0.30774833004498103,0.0,61
32,0.6979864339647353,0.30201356603526475,0.0,61
33,0.7025265652912526,0.29747343470874743,0.0,61
34,0.7003246852738934,0.29967531472610665,0.0,61
35,0.6977272451561559,0.3022727548438441,0.0,61
36,0.7028153978995403,0.2971846021004597,0.0,61
37,0.6983608257452201,0.30163917425477993,0.0,61
38,0.701541399461691,0.29845860053830897,0.0,61
39,0.7022923500473642,0.29770764995263577,0.0,61
40,0.7009074975784053,0.2990925024215947,0.0,61
41,0.6974195253413122,0.30258047465868776,0.0,61
42,0.7006426188082643,0.2993573811917357,0.0,61
43,0.7066899399934643,0.2933100600065357,0.0,61
44,0.7042802435046336,0.2957197564953664,0.0,61
45,0.7090315391640855,0.29096846083591454,0.0,61
46,0.7097360589200392,0.2902639410799608,0.0,61
47,0.7065846715799825,0.2934153284200175,0.0,61
48,0.716895908078226,0.283104091921774,0.0,61
49,0.7225848715338803,0.2774151284661197,0.0,61
50,0.6520965692193642,0.2999766318823105,0.04792679889832531,61
1,0.18388740040327195,0.003884937590236813,0.8122276620064913,62
2,0.35671471162259627,0.20661287643146187,0.43667241194594186,62
3,0.4230887741292074,0.21374776467652662,0.36316346119426596,62
4,0.47543705412600523,0.21973124112292353,0.30483170475107124,62
5,0.4733124471523476,0.23873146369757064,0.2879560891500818,62
6,0.4789267851676233,0.24494246221453767,0.27613075261783904,62
7,0.48013684922509037,0.24512440011582445,0.27473875065908515,62
8,0.4931817440349609,0.2568716269581858,0.24994662900685338,62
9,0.513239234852257,0.264061151410835,0.222699613736908,62
10,0.5206157647750828,0.2792363374091381,0.20014789781577913,62
11,0.538493570828237,0.2856788394642785,0.17582758970748447,62
12,0.5452359022566091,0.2938147021098767,0.16094939563351418,62
13,0.5605680103030438,0.2957568914091152,0.14367509828784097,62
14,0.5760387012200583,0.2933149173839703,0.1306463813959714,62
15,0.5884140705518026,0.3054431933580221,0.10614273609017527,62
16,0.6035352703919287,0.3085274456280837,0.08793728397998762,62
17,0.6073975625072834,0.31854316765608426,0.07405926983663236,62
18,0.616608690499475,0.32540702255837006,0.05798428694215496,62
19,0.6273033541004103,0.33050395270386107,0.04219269319572866,62
20,0.6334568542594268,0.3346036544642948,0.03193949127627843,62
21,0.6399370525760526,0.3385262439157556,0.021536703508191812,62
22,0.6432601473706661,0.346234033930108,0.010505818699225955,62
23,0.6489614994123594,0.343340051274042,0.007698449313598643,62
24,0.6553413502106193,0.3385001637943104,0.00615848599507024,62
25,0.6613227263680039,0.3339158786408888,0.004761394991107282,62
26,0.6637469246540972,0.33212116553061577,0.004131909815286994,62
27,0.6697737104916144,0.3273961222177454,0.0028301672906402287,62
28,0.6709224252762802,0.32653389021501966,0.002543684508700128,62
29,0.6811022933270783,0.3184161858109884,0.00048152086193331556,62
30,0.687573096016539,0.31242690398346096,0.0,62
31,0.6923749104217869,0.3076250895782131,0.0,62
32,0.6977827191409145,0.3022172808590855,0.0,62
33,0.7028334313965088,0.2971665686034912,0.0,62
34,0.700524358057072,0.299475641942928,0.0,62
35,0.6978718106380106,0.3021281893619894,0.0,62
36,0.702738372166343,0.29726162783365695,0.0,62
37,0.6985815518314878,0.30141844816851215,0.0,62
38,0.7014465961389487,0.29855340386105134,0.0,62
39,0.7024399774051218,0.29756002259487824,0.0,62
40,0.7007232704242102,0.29927672957578977,0.0,62
41,0.6970254642373427,0.3029745357626573,0.0,62
42,0.7000887053520296,0.2999112946479704,0.0,62
43,0.7058862378701096,0.2941137621298904,0.0,62
44,0.7033986915919698,0.29660130840803023,0.0,62
45,0.7079747591247945,0.29202524087520554,0.0,62
46,0.7088189595359808,0.29118104046401916,0.0,62
47,0.7056605437162332,0.2943394562837668,0.0,62
48,0.7157892706804369,0.28421072931956315,0.0,62
49,0.7214503331704155,0.2785496668295845,0.0,62
50,0.6487868144555121,0.30483825052161484,0.046374935022873036,62
1,0.1860892667547993,0.0034999183085084543,0.8104108149366921,63
2,0.3580304201476022,0.20527241667496815,0.4366971631774296,63
3,0.42422471089155694,0.21255484311480044,0.36322044599364267,63
4,0.4767586720217982,0.21859316914562804,0.30464815883257373,63
5,0.4746642436740383,0.23771446390487683,0.2876212924210849,63
6,0.48027882188002613,0.2440653862910071,0.27565579182896677,63
7,0.48174279627879235,0.244123597166618,0.2741336065545896,63
8,0.4941323742222309,0.2557873837179373,0.2500802420598318,63
9,0.5146543474369506,0.2629572013726585,0.2223884511903909,63
10,0.521887171490478,0.27838499625349533,0.19972783225602664,63
11,0.5396423513398044,0.28491371072930083,0.17544393793089474,63
12,0.5463483713980685,0.2931158648367732,0.16053576376515832,63
13,0.5616853011559368,0.2950814543942617,0.14323324444980146,63
14,0.5769398860734196,0.29269314592613715,0.13036696800044323,63
15,0.5892372115940518,0.30494810422009394,0.10581468418585421,63
16,0.6043595860030194,0.3080355774976856,0.08760483649929496,63
17,0.608049024190682,0.318195438083135,0.07375553772618304,63
18,0.6174017138876566,0.3249833226870934,0.057614963425249965,63
19,0.627976067232463,0.3301297593692003,0.041894173398336676,63
20,0.6341132271847436,0.33420213244844,0.0316846403668164,63
21,0.6403704291413919,0.33824752917703893,0.021382041681569208,63
22,0.6438104248564975,0.34590078822826886,0.010288786915233605,63
23,0.6493672947226524,0.34294177608022236,0.007690929197125218,63
24,0.6556210281348603,0.33821056557709983,0.006168406288039829,63
25,0.6615359226982108,0.3336873444708707,0.004776732830918506,63
26,0.6645306786078791,0.3314442485391744,0.00402507285294651,63
27,0.6700950515054238,0.3270974725135043,0.002807475981071894,63
28,0.6712799091168558,0.32621502431445426,0.0025050665686899842,63
29,0.6816269969168507,0.31797268709029536,0.00040031599285395014,63
30,0.6877141337447996,0.3122858662552004,0.0,63
31,0.6924045581015134,0.30759544189848664,0.0,63
32,0.6976390792633729,0.3023609207366271,0.0,63
33,0.7030803829374099,0.29691961706259007,0.0,63
34,0.7006051236680367,0.29939487633196327,0.0,63
35,0.6980135126130338,0.3019864873869662,0.0,63
36,0.7026652020324095,0.29733479796759055,0.0,63
37,0.6987866526163798,0.30121334738362016,0.0,63
38,0.7013082650399521,0.29869173496004786,0.0,63
39,0.7026456312395837,0.2973543687604163,0.0,63
40,0.7005851971776442,0.2994148028223558,0.0,63
41,0.6967149473929839,0.3032850526070161,0.0,63
42,0.6996357654913865,0.3003642345086135,0.0,63
43,0.7051082514931468,0.2948917485068532,0.0,63
44,0.7026003244970074,0.2973996755029926,0.0,63
45,0.7070231013021866,0.2929768986978134,0.0,63
46,0.7080076792205457,0.29199232077945425,0.0,63
47,0.7048609427463643,0.29513905725363565,0.0,63
48,0.714836181762513,0.28516381823748704,0.0,63
49,0.7204403736204883,0.2795596263795117,0.0,63
50,0.6458443503587489,0.30955067021205424,0.04460497942919689,63
