horizon,stock_weight,bond_weight,t_bill_weight,iteration
1,0.12521600797912497,0.15558329414233354,0.7192006978785415,0
2,0.1276119767306519,0.15447609546908997,0.7179119278002581,0
3,0.13000794548217873,0.15336889679584634,0.7166231577219749,0
4,0.13240391423370562,0.15226169812260273,0.7153343876436916,0
5,0.13479988298523252,0.15115449944935916,0.7140456175654083,0
6,0.13719585173675938,0.15004730077611553,0.7127568474871251,0
7,0.13959182048828628,0.14894010210287192,0.7114680774088418,0
8,0.14198778923981317,0.14783290342962835,0.7101793073305585,0
9,0.14438375799134004,0.14672570475638472,0.7088905372522752,0
10,0.14677972674286696,0.14561850608314114,0.7076017671739919,0
11,0.14917569549439383,0.14451130740989754,0.7063129970957086,0
12,0.1515716642459207,0.1434041087366539,0.7050242270174254,0
13,0.15396763299744762,0.14229691006341033,0.7037354569391421,0
14,0.15636360174897446,0.14118971139016673,0.7024466868608589,0
15,0.15875957050050135,0.1400825127169231,0.7011579167825756,0
16,0.16115553925202822,0.13897531404367952,0.6998691467042922,0
17,0.1635515080035551,0.13786811537043592,0.698580376626009,0
18,0.165947476755082,0.13676091669719231,0.6972916065477257,0
19,0.16834344550660887,0.1356537180239487,0.6960028364694424,0
20,0.17073941425813577,0.1345465193507051,0.6947140663911592,0
21,0.17313538300966264,0.1334393206774615,0.6934252963128759,0
22,0.17553135176118953,0.1323321220042179,0.6921365262345925,0
23,0.17792732051271642,0.1312249233309743,0.6908477561563093,0
24,0.1803232892642433,0.1301177246577307,0.689558986078026,0
25,0.1827192580157702,0.1290105259844871,0.6882702159997427,0
26,0.18511522676729708,0.1279033273112435,0.6869814459214595,0
27,0.18751119551882395,0.12679612863799988,0.6856926758431762,0
28,0.18990716427035084,0.12568892996475628,0.6844039057648929,0
29,0.19230313302187774,0.12458173129151268,0.6831151356866096,0
30,0.1946991017734046,0.12347453261826907,0.6818263656083263,0
31,0.19709507052493147,0.12236733394502547,0.680537595530043,0
32,0.1994910392764584,0.12126013527178187,0.6792488254517598,0
33,0.20188700802798526,0.12015293659853826,0.6779600553734765,0
34,0.20428297677951215,0.11904573792529466,0.6766712852951932,0
35,0.20667894553103905,0.11793853925205106,0.67538251521691,0
36,0.20907491428256592,0.11683134057880745,0.6740937451386266,0
37,0.21147088303409278,0.11572414190556385,0.6728049750603433,0
38,0.21386685178561968,0.11461694323232025,0.6715162049820601,0
39,0.21626282053714657,0.11350974455907664,0.6702274349037768,0
40,0.21865878928867344,0.11240254588583305,0.6689386648254936,0
41,0.22105475804020033,0.11129534721258945,0.6676498947472103,0
42,0.22345072679172723,0.11018814853934585,0.6663611246689269,0
43,0.2258466955432541,0.10908094986610224,0.6650723545906437,0
44,0.228242664294781,0.10797375119285862,0.6637835845123604,0
45,0.23063863304630788,0.10686655251961504,0.6624948144340771,0
46,0.23303460179783475,0.10575935384637143,0.6612060443557939,0
47,0.23543057054936165,0.10465215517312783,0.6599172742775106,0
48,0.23782653930088854,0.10354495649988422,0.6586285041992272,0
49,0.2402225080524154,0.10243775782664062,0.657339734120944,0
50,0.2426184768039423,0.10133055915339702,0.6560509640426607,0
1,0.13854936823409536,0.1289166974329221,0.7325339343329825,1
2,0.15370581919428536,0.14065542994098718,0.7056387508647275,1
3,0.15614893972315985,0.1395884909861136,0.7042625692907265,1
4,0.15859020690065107,0.13851998699372584,0.7028898061056231,1
5,0.16102952374283366,0.137449836287955,0.7015206399692113,1
6,0.16346680321879423,0.13637795799926183,0.7001552387819439,1
7,0.16590196541368088,0.13530427776439943,0.6987937568219197,1
8,0.16833493887314052,0.1342287307551005,0.6974363303717588,1
9,0.17076566875312316,0.13315125889430093,0.6960830723525759,1
10,0.17319410339540886,0.1320718272675264,0.6947340693370647,1
11,0.17562021954418364,0.1309904061059088,0.6933893743499076,1
12,0.17804401091348265,0.12990698344984414,0.6920490056366733,1
13,0.18046549229646328,0.12882156529227665,0.6907129424112601,1
14,0.18288469224321335,0.12773418648350926,0.6893811212732774,1
15,0.18530167199056502,0.12664489191164247,0.6880534360977926,1
16,0.1877165149352522,0.1255537487073778,0.68672973635737,1
17,0.19012932038122832,0.12446085157569564,0.685409828043076,1
18,0.19254022066689622,0.12336630347816002,0.6840934758549437,1
19,0.19494936015569375,0.12227023340139076,0.6827804064429155,1
20,0.19735690239960954,0.12117278616074718,0.6814703114396433,1
21,0.19976302939931834,0.12007411809132412,0.6801628525093575,1
22,0.20216793688912807,0.11897439536178098,0.678857667749091,1
23,0.20457182503548205,0.11787379882557919,0.6775543761389389,1
24,0.20697490616673692,0.11677250982463905,0.676252584008624,1
25,0.20937739246056705,0.11567071696245014,0.6749518905769828,1
26,0.21177949901420587,0.11456860844182934,0.6736518925439647,1
27,0.21418143717933225,0.11346637243793771,0.6723521903827301,1
28,0.21658341470837508,0.1123641932679645,0.6710523920236604,1
29,0.2189856366895563,0.1112622456179178,0.669752117692526,1
30,0.2213882904486723,0.11016070646953907,0.6684510030817885,1
31,0.22379155904586231,0.10905973711833651,0.6671487038358012,1
32,0.2261956180490793,0.10795948319394932,0.6658448987569714,1
33,0.22860061734191106,0.10686009210066551,0.6645392905574234,1
34,0.23100669603663324,0.10576169280309146,0.6632316111602753,1
35,0.23341397960895105,0.10466439643193397,0.661921623959115,1
36,0.23582257996311973,0.10356829691194852,0.6606091231249318,1
37,0.23823257814300228,0.10247348602046497,0.6592939358365328,1
38,0.24064405036353873,0.10138002782222119,0.6579759218142401,1
39,0.24305705111782594,0.1002879726766711,0.656654976205503,1
40,0.24547161041754992,0.09919737076848716,0.6553310188139629,1
41,0.24788775240445052,0.0981082335110282,0.6540040140845214,1
42,0.2503054827696059,0.09702057505180738,0.6526739421785868,1
43,0.2527247878864698,0.0959343998445546,0.6513408122689754,1
44,0.2551456578040251,0.09484967707025571,0.6500046651257192,1
45,0.25756802325359496,0.09376643396981393,0.648665542776591,1
46,0.2599918162043158,0.09268467903492845,0.6473235047607558,1
47,0.2624170740830334,0.0916042402820979,0.6459786856348687,1
48,0.264843544213998,0.09052532910687792,0.644631126679124,1
49,0.26727116738872264,0.08944778061669977,0.6432810519945775,1
50,0.2692817798396631,0.08800024091961112,0.6427179792407258,1
1,0.15181580617670482,0.10230447055619835,0.7458797232670968,2
2,0.1791134333308708,0.12646510817554582,0.6944214584935834,2
3,0.18174063998604786,0.12543626987433465,0.6928230901396175,2
4,0.18426630809879432,0.12444244249541887,0.6912912494057868,2
5,0.18684075462762095,0.12341007022126924,0.6897491751511098,2
6,0.1892245107335132,0.12247641231825779,0.688299076948229,2
7,0.191828768978393,0.1214084698982327,0.6867627611233743,2
8,0.19432139980547067,0.12040169391210873,0.6852769062824206,2
9,0.19681810074187245,0.11938092111334418,0.6838009781447834,2
10,0.1992936090254407,0.11836250895376696,0.6823438820207923,2
11,0.20176696797124036,0.11734049888709548,0.680892533141664,2
12,0.20424083008301633,0.11630699825070719,0.6794521716662765,2
13,0.20670876510076175,0.11526476561624979,0.6780264692829885,2
14,0.2091901774896551,0.11420038710783258,0.6766094354025124,2
15,0.2116608616462763,0.11313379150358079,0.6752053468501429,2
16,0.21410314253955007,0.11208010637234708,0.6738167510881029,2
17,0.21655041357447372,0.11101498684745251,0.6724345995780738,2
18,0.21898135758925008,0.10994957463760728,0.6710690677731427,2
19,0.22143880846128292,0.10886228626529518,0.6696989052734219,2
20,0.22384859559935902,0.10780259006898121,0.6683488143316598,2
21,0.22628552653189118,0.10671446473096141,0.6670000087371475,2
22,0.22869395986083696,0.10564185807817246,0.6656641820609905,2
23,0.23112109282264723,0.10454723875287629,0.6643316684244764,2
24,0.23353512656497832,0.10346137995014582,0.6630034934848759,2
25,0.2359586723103308,0.10236994489499125,0.6616713827946779,2
26,0.23837871047362916,0.10127534491695171,0.6603459446094192,2
27,0.24079063346988683,0.10018770398785629,0.6590216625422569,2
28,0.24320248496015037,0.09909859340366839,0.6576989216361813,2
29,0.24561091257757747,0.0980129352455141,0.6563761521769084,2
30,0.248040018688833,0.09691461783245825,0.6550453634787088,2
31,0.2504547909916304,0.09583426553902769,0.653710943469342,2
32,0.2528618771312549,0.09475729688964837,0.6523808259790966,2
33,0.25528475583639915,0.09367001872242309,0.6510452254411778,2
34,0.2577142980842222,0.09258788864336316,0.6496978132724145,2
35,0.2601532206485582,0.09150701814143447,0.6483397612100074,2
36,0.26258997095596714,0.09042883590275402,0.6469811931412789,2
37,0.26501816282915086,0.08935984753828835,0.6456219896325608,2
38,0.2674843229599574,0.08827665871644105,0.6442390183236015,2
39,0.26990594816690594,0.08723716905707242,0.6428568827760215,2
40,0.2723492452929233,0.08617979814736862,0.6414709565597081,2
41,0.2747964087781012,0.08513275375487225,0.6400708374670266,2
42,0.2772436165350565,0.08409779269884067,0.6386585907661029,2
43,0.27972194507917864,0.08303542119702306,0.6372426337237984,2
44,0.28215228093891925,0.0820244293192811,0.6358232897417997,2
45,0.2846301906773212,0.0809865879208066,0.6343832214018722,2
46,0.2870570401684307,0.07999483944220218,0.6329481203893671,2
47,0.28956458035069926,0.0789296530014138,0.6315057666478869,2
48,0.2920820320937833,0.07786115777318489,0.6300568101330317,2
49,0.294475790680478,0.07696963396520161,0.6285545753543204,2
50,0.29587788978604107,0.07469839406934627,0.6294237161446127,2
1,0.16480593218169504,0.07590221060796232,0.7592918572103426,3
2,0.2033135826901786,0.11227543413448993,0.6844109831753314,3
3,0.20674637693733544,0.11099305104936888,0.6822605720132957,3
4,0.20944446701033848,0.11006936717682397,0.6804861658128376,3
5,0.21215665588727756,0.10911899379677695,0.6787243503159455,3
6,0.21455151142161924,0.1083262493324883,0.6771222392458924,3
7,0.21715593806666356,0.10741648457290773,0.6754275773604287,3
8,0.21985288511664702,0.10643417519777554,0.6737129396855774,3
9,0.2224738459309656,0.10547325343946208,0.6720529006295721,3
10,0.22502134173599894,0.10454252841362313,0.6704361298503779,3
11,0.22755896878422732,0.1036072852996376,0.6688337459161351,3
12,0.23010524861355452,0.1026434340946589,0.6672513172917865,3
13,0.23265644255128282,0.101647053947098,0.6656965035016191,3
14,0.23523352278092147,0.10060940619353068,0.6641570710255479,3
15,0.23777996494714979,0.09958199361729475,0.6626380414355555,3
16,0.24025971887602343,0.09858422972117131,0.6611560514028053,3
17,0.24275822887420684,0.09756181069105371,0.6596799604347394,3
18,0.24523498999053506,0.09653268671479676,0.6582323232946682,3
19,0.24770799414200212,0.09549416735527588,0.656797838502722,3
20,0.2501647024508346,0.09446007813754947,0.6553752194116158,3
21,0.252634699761691,0.0934005310646489,0.6539647691736601,3
22,0.25505979423453545,0.09236158979736386,0.6525786159681007,3
23,0.2575236072671352,0.09127612055281513,0.6512002721800497,3
24,0.2599482477049537,0.09022285027066464,0.6498289020243815,3
25,0.26239357549565606,0.08915467660990936,0.6484517478944345,3
26,0.26484785702789554,0.0880730051231535,0.6470791378489509,3
27,0.2672707708928108,0.0870096571646326,0.6457195719425566,3
28,0.2696972560114007,0.0859401487345137,0.6443625952540856,3
29,0.27213221410319616,0.08486892543876069,0.6429988604580432,3
30,0.2745900089435977,0.08378999487708147,0.6416199961793208,3
31,0.27703203047677,0.08272917713271769,0.6402387923905124,3
32,0.27943953112896264,0.08169607913806322,0.6388643897329742,3
33,0.2818777417958545,0.08064408759887147,0.6374781706052741,3
34,0.2843373930868398,0.07958023395780385,0.6360823729553563,3
35,0.28683316937979997,0.07851494562005068,0.6346518850001494,3
36,0.28930578796371065,0.07746278391364833,0.633231428122641,3
37,0.2917738200121207,0.07642868227136251,0.6317974977165168,3
38,0.2943034451447092,0.07536999915539,0.6303265556999008,3
39,0.2967312005079877,0.07441144781181451,0.6288573516801979,3
40,0.2991948932270252,0.07341548469183042,0.6273896220811443,3
41,0.3017053876137881,0.07240400191212354,0.6258906104740884,3
42,0.30420262392866637,0.07144055241071859,0.6243568236606151,3
43,0.3067165632978093,0.07047008887820064,0.6228133478239901,3
44,0.30911506814914536,0.06962155013921902,0.6212633817116356,3
45,0.31171991734487814,0.0685878466824948,0.6196922359726269,3
46,0.31414999262052057,0.06772239526393922,0.6181276121155402,3
47,0.31674924836426605,0.06670784755421488,0.6165429040815191,3
48,0.3193926938193718,0.06566882950163455,0.6149384766789936,3
49,0.3216571106787951,0.06505586901784433,0.6132870203033606,3
50,0.32210233361169915,0.06174637975963583,0.616151286628665,3
1,0.17783640282137658,0.04976520846863014,0.7723983887099932,4
2,0.2261964770582242,0.09807881541095248,0.6757247075308233,4
3,0.2310740698829588,0.09631693766129644,0.6726089924557448,4
4,0.23407779472585577,0.09546441039909631,0.6704577948750479,4
5,0.2369769152648798,0.09461123434828056,0.6684118503868397,4
6,0.23938181169623451,0.09399980082537451,0.666618387478391,4
7,0.24193180065191106,0.09332374217912504,0.6647444571689638,4
8,0.2448760423121492,0.09238362299843211,0.6627403346894187,4
9,0.24768627491573633,0.09147456225981718,0.6608391628244464,4
10,0.2503400848724242,0.09064738825060822,0.6590125268769675,4
11,0.2529508373537257,0.08982849739193306,0.6572206652543411,4
12,0.2555725191484499,0.08896112881785789,0.6554663520336922,4
13,0.2582466019931565,0.08801323207134525,0.6537401659354982,4
14,0.26096919156217013,0.08699208315411144,0.6520387252837184,4
15,0.2635577357480414,0.08605759951152242,0.6503846647404361,4
16,0.2661292714300931,0.0850983923455633,0.6487723362243436,4
17,0.2687037957135306,0.08412606008282725,0.6471701442036422,4
18,0.27121673054469686,0.08316551897200138,0.6456177504833016,4
19,0.27368680879881324,0.08221021534754273,0.6441029758536441,4
20,0.27622719398411044,0.08119609356712368,0.6425767124487659,4
21,0.2787342081307578,0.0801751718350816,0.6410906200341606,4
22,0.28118160701213624,0.07918888772166444,0.6396295052661993,4
23,0.28371122289993084,0.07811088119349825,0.6381778959065709,4
24,0.2861419510051433,0.07710474760650095,0.6367533013883558,4
25,0.2886202217615681,0.07606988528963418,0.6353098929487977,4
26,0.2911084479733994,0.07501416197985478,0.6338773900467458,4
27,0.2935652400629381,0.07397668312095548,0.6324580768161064,4
28,0.29601828668921526,0.07292915588856785,0.6310525574222169,4
29,0.2984518524668594,0.07190403115408633,0.6296441163790543,4
30,0.30095952464490267,0.07083664677271885,0.6282038285823786,4
31,0.30345926302585113,0.06979478188774688,0.626745955086402,4
32,0.30587007800016197,0.06882244881351562,0.6253074731863224,4
33,0.30831443667516123,0.06783363836389444,0.6238519249609443,4
34,0.31082043768848555,0.06678253264712733,0.6223970296643871,4
35,0.3133927641848191,0.06573423809648415,0.6208729977186968,4
36,0.31589110254011527,0.06473443842293224,0.6193744590369525,4
37,0.318415210295124,0.06374969572828248,0.6178350939765935,4
38,0.3210326943309319,0.0627121923414728,0.6162551133275953,4
39,0.3234384452719006,0.0618786997813351,0.6146828549467643,4
40,0.32592247406895775,0.06096518355402498,0.6131123423770173,4
41,0.32854123966049814,0.05998759924411301,0.6114711610953889,4
42,0.3311046197504454,0.05911019999847649,0.6097851802510781,4
43,0.333633215547549,0.05828501230011851,0.6080817721523325,4
44,0.3360565396512195,0.05756935193654258,0.6063741084122379,4
45,0.33868946977890474,0.056675852024392244,0.604634678196703,4
46,0.34113573847511436,0.055968180906531946,0.6028960806183538,4
47,0.3439345168285354,0.05495781761356007,0.6011076655579045,4
48,0.3464356921263715,0.05423708835311345,0.599327219520515,4
49,0.34865686066941526,0.0538392617292708,0.597503877601314,4
50,0.3477635439379677,0.049313330889382896,0.6029231251726495,4
1,0.19052855649863917,0.023757245601524382,0.7857141978998364,5
2,0.24787163899496095,0.08386824022885328,0.6682601207761858,5
3,0.25462681211246946,0.0815357488409869,0.6638374390465436,5
4,0.2581366627954123,0.08069136040219516,0.6611719768023926,5
5,0.26108785529547246,0.08003255749990369,0.6588795872046238,5
6,0.26359730984649465,0.07956840138874424,0.6568342887647611,5
7,0.2661675878775469,0.07912901031219428,0.6547034018102588,5
8,0.2692945455308426,0.07833922612528224,0.6523662283438751,5
9,0.2723803638613554,0.07743977501489481,0.6501798611237498,5
10,0.27517610980373486,0.07673437654121387,0.6480895136550513,5
11,0.27789918111444245,0.07603501268433645,0.6460658062012211,5
12,0.28056459800003397,0.07531822429902395,0.6441171777009421,5
13,0.28338558689551063,0.07442427155089841,0.642190141553591,5
14,0.28629436927640806,0.07341904381497996,0.640286586908612,5
15,0.28895953981645867,0.07257496454158828,0.6384654956419531,5
16,0.29162730094858025,0.0716786335031202,0.6366940655482995,5
17,0.29427779102444895,0.07078230443083097,0.6349399045447199,5
18,0.2968517591399591,0.06989365372688816,0.6332545871331527,5
19,0.29933213960734284,0.06903887397359267,0.6316289864190645,5
20,0.3019399895743089,0.0680720217506286,0.6299879886750626,5
21,0.30450687220597655,0.06708779696709972,0.6284053308269237,5
22,0.3069872158087343,0.0661676485607521,0.6268451356305136,5
23,0.30962040801336427,0.06509165073963015,0.6252879412470056,5
24,0.31204885550614386,0.06415568838751744,0.6237954561063388,5
25,0.31456745316793255,0.06316818973005722,0.6222643571020102,5
26,0.31710025942498143,0.06213839686802182,0.6207613437069968,5
27,0.3195916421156886,0.06114389145125172,0.6192644664330597,5
28,0.3220881801172158,0.06012596363552569,0.6177858562472586,5
29,0.32449590694950786,0.05917485709727338,0.6163292359532186,5
30,0.3270986738590529,0.05810428448353551,0.6147970416574116,5
31,0.3296750957618844,0.057084272486025,0.6132406317520906,5
32,0.33206011943149877,0.05621076087415531,0.611729119694346,5
33,0.3345292950588986,0.05528872098089316,0.6101819839602083,5
34,0.33712506927504915,0.05423913864665105,0.6086357920782997,5
35,0.33972240932015835,0.05325292812922445,0.6070246625506173,5
36,0.3422530517451352,0.05231898000757669,0.6054279682472882,5
37,0.3448689933250786,0.051378610039894544,0.6037523966350269,5
38,0.3475857216249426,0.05037542109458357,0.6020388572804738,5
39,0.34996387473722446,0.04969629412666125,0.6003398311361143,5
40,0.3524773043766551,0.04887777002813665,0.5986449255952082,5
41,0.35519265910159814,0.04796309371542826,0.5968442471829736,5
42,0.35785262332427553,0.047180757582483426,0.594966619093241,5
43,0.3603985532135076,0.04654064872031241,0.59306079806618,5
44,0.36288137271898724,0.04595519460538486,0.5911634326756279,5
45,0.36544532077903974,0.045320799364291633,0.5892338798566685,5
46,0.36791869334525223,0.04483011595756329,0.5872511906971845,5
47,0.3708944720034759,0.043871976036484156,0.5852335519600398,5
48,0.3730228476282693,0.0437586990283501,0.5832184533433804,5
49,0.3756383505812681,0.04312750855242632,0.5812341408663055,5
50,0.3725140977285556,0.03779273988841195,0.5896931623830325,5
1,0.19910254950946943,0.0012201934882397104,0.7996772570022909,6
2,0.26832326437938026,0.06976741456223669,0.6619093210583831,6
3,0.2772503574627824,0.0668318531198528,0.6559177894173647,6
4,0.28147090167171496,0.06590069193315418,0.6526284063951309,6
5,0.2843675180692307,0.06550751163777788,0.6501249702929914,6
6,0.28707038300525556,0.06516419549768279,0.6477654214970616,6
7,0.28975431874244606,0.06495336337425361,0.6452923178833003,6
8,0.2930309807917423,0.06438249374001231,0.6425865254682455,6
9,0.2963841116844998,0.06351897174743941,0.6400969165680608,6
10,0.29936188857139523,0.06294928966301916,0.6376888217655856,6
11,0.3022448730918348,0.06236671142506301,0.6353884154831022,6
12,0.304935560748219,0.06184346043857364,0.6332209788132075,6
13,0.3079922483306693,0.0609486373993995,0.6310591142699312,6
14,0.31111194411299203,0.05996972333616246,0.6289183325508455,6
15,0.3138903620049722,0.05920980224138653,0.6268998357536413,6
16,0.31666536081734026,0.05838888829266638,0.6249457508899934,6
17,0.31938982775030855,0.057596107149046796,0.6230140651006446,6
18,0.32201234508396714,0.05681181416310784,0.621175840752925,6
19,0.324514911671322,0.056068686979574664,0.6194164013491034,6
20,0.32721375042413203,0.055153509576451376,0.6176327399994166,6
21,0.3298950829268509,0.05418808021232968,0.6159168368608194,6
22,0.3324120406279898,0.05333986255182764,0.6142480968201826,6
23,0.33515119159000195,0.05228462638806488,0.6125641820219332,6
24,0.3375984918064414,0.05142325769799143,0.610978250495567,6
25,0.34016265110815064,0.0504983870600153,0.6093389618318341,6
26,0.34275170709482045,0.04950206381952006,0.6077462290856595,6
27,0.34526733191011666,0.048575783996880145,0.6061568840930032,6
28,0.3478211738292511,0.047596490775384956,0.6045823353953639,6
29,0.35022602986171436,0.046723115571374395,0.6030508545669111,6
30,0.35290644323552456,0.04567411564700193,0.6014194411174735,6
31,0.3555836668486279,0.04467795042514335,0.5997383827262288,6
32,0.357930627098355,0.04392568053229106,0.5981436923693539,6
33,0.36045318156093487,0.04305981391676015,0.596487004522305,6
34,0.3631526359967516,0.04202555299487482,0.5948218110083735,6
35,0.3657911031125308,0.04110222029317437,0.5931066765942948,6
36,0.3683613977898169,0.04024779378587283,0.5913908084243102,6
37,0.37105435317116725,0.03937569538487734,0.5895699514439554,6
38,0.3738657357742704,0.03844061962136852,0.587693644604361,6
39,0.3762639767816289,0.037890955464318324,0.5858450677540528,6
40,0.3788033100593346,0.037203689943246444,0.5839929999974189,6
41,0.38160589030470177,0.036385570432763574,0.5820085392625347,6
42,0.38441560339428105,0.03567585720797463,0.5799085393977443,6
43,0.38696741021923375,0.035273280318327216,0.577759309462439,6
44,0.38942607627596204,0.03492997552307578,0.5756439482009622,6
45,0.3918846134169609,0.03461477698253679,0.5735006096005023,6
46,0.39446490676226786,0.0343142604273491,0.571220832810383,6
47,0.3976616794803144,0.03341416254880893,0.5689241579708767,6
48,0.3994617244832499,0.033872291253908275,0.5666659842628419,6
49,0.4021389740715666,0.03343471628915376,0.5644263096392796,6
50,0.39596375587961263,0.02756299586424216,0.5764732482561452,6
1,0.1948251186503127,0.0,0.8051748813496873,7
2,0.28700207272355105,0.056783164787778395,0.6562147624886705,7
3,0.2984381944046449,0.05309413546482878,0.6484676701305263,7
4,0.30357973884910805,0.05192046180775557,0.6444997993431364,7
5,0.3064383248799982,0.051768707913985475,0.6417929672060163,7
6,0.3092400451799261,0.051562124553392354,0.6391978302666815,7
7,0.3123541254113411,0.05139175558455012,0.6362541190041088,7
8,0.3157138377281398,0.051091519000461286,0.6331946432713988,7
9,0.31941490811433715,0.05019939672816601,0.6303856951574969,7
10,0.32258824313450263,0.04976487204323448,0.6276468848222629,7
11,0.3257133443308451,0.04923947355219272,0.6250471821169622,7
12,0.3284665374284453,0.048881239819110626,0.6226522227524441,7
13,0.33177675876506535,0.047968060330489955,0.6202551809044448,7
14,0.3352175094279024,0.046929964470043446,0.6178525261020541,7
15,0.3381496333253057,0.04622861584259279,0.6156217508321016,7
16,0.3410254893560781,0.04548798549796901,0.6134865251459529,7
17,0.343860027656387,0.04477844403975998,0.611361528303853,7
18,0.3465715922867685,0.044084858003023884,0.6093435497102077,7
19,0.34913736582539256,0.04342904089509167,0.6074335932795157,7
20,0.3519517776140007,0.042557617866177996,0.6054906045198214,7
21,0.3547791466486303,0.04160224768806231,0.6036186056633074,7
22,0.35735746949665326,0.04080835707635167,0.6018341734269951,7
23,0.3601915503366945,0.0398030553689937,0.6000053942943118,7
24,0.3626810867182666,0.0390095437188296,0.5983093695629038,7
25,0.3653210867578826,0.038134037618702724,0.5965448756234146,7
26,0.36800086950595384,0.03715451801425854,0.5948446124797877,7
27,0.37049789117096155,0.03634350208974747,0.593158606739291,7
28,0.3731608523025498,0.03537729205065418,0.591461855646796,7
29,0.37559036822032993,0.03458463308082957,0.5898249986988405,7
30,0.3783491635829986,0.03356652188968193,0.5880843145273196,7
31,0.38112754586040243,0.03259830240477471,0.5862741517348229,7
32,0.3834692645198034,0.03194653972232134,0.5845841957578752,7
33,0.38606774002892097,0.031124519592796638,0.5828077403782824,7
34,0.3888699635062734,0.03012327579800459,0.5810067606957221,7
35,0.3915642846936825,0.029267976714181437,0.5791677385921361,7
36,0.39418730262600876,0.028489511961842663,0.5773231854121486,7
37,0.3969882302189215,0.027661776322892014,0.5753499934581865,7
38,0.3998488522918154,0.026842498944111923,0.5733086487640727,7
39,0.40232037135233845,0.026388757262538646,0.5712908713851229,7
40,0.4049318803358034,0.025808966653517146,0.5692591530106794,7
41,0.4078433187423698,0.025080454492132264,0.567076226765498,7
42,0.4108355045597374,0.024418921322933166,0.5647455741173293,7
43,0.41347187047088335,0.02419410659586524,0.5623340229332514,7
44,0.4158604133844093,0.02414784186734851,0.5599917447482422,7
45,0.4180944920520604,0.024310254867314005,0.5575952530806256,7
46,0.4208128699418468,0.024202458365407895,0.5549846716927453,7
47,0.4243643504020256,0.023234507453791554,0.5524011421441829,7
48,0.4258103383559744,0.024333107675396058,0.5498565539686295,7
49,0.42828862744376506,0.024346485222562924,0.5473648873336721,7
50,0.4177933278693453,0.019013962995434938,0.5631927091352196,7
1,0.18840383828548538,0.0,0.8115961617145147,8
2,0.3039461695539503,0.04487006425893491,0.6511837661871148,8
3,0.3182242786995812,0.04026086734887643,0.6415148539515423,8
4,0.32444007722629564,0.03871859781128103,0.6368413249624232,8
5,0.32731743833601357,0.038769254733701776,0.6339133069302847,8
6,0.3301438235362137,0.03872190260221515,0.6311342738615711,8
7,0.3338998409588805,0.03846342375347162,0.6276367352876479,8
8,0.33731664183472276,0.038465005463540716,0.6242183527017365,8
9,0.3413785873307121,0.03753103059151949,0.6210903820777685,8
10,0.3448364563434616,0.03717509115722793,0.6179884524993104,8
11,0.34809358321473116,0.036813547417026804,0.615092869368242,8
12,0.35104393433017955,0.036522882916468685,0.6124331827533518,8
13,0.3546943277238688,0.03551924885677634,0.609786423419355,8
14,0.3584893673368062,0.03439581058554459,0.6071148220776492,8
15,0.3615989588271753,0.033746354597397346,0.6046546865754272,8
16,0.3646146749526171,0.03304701958229288,0.60233830546509,8
17,0.36758125205521264,0.03242197816923331,0.599996769775554,8
18,0.3704479481175478,0.03177326692816688,0.5977787849542854,8
19,0.373095678836379,0.031197032777485582,0.5957072883861354,8
20,0.3760647283306736,0.03035278409459284,0.5935824875747335,8
21,0.3790728728652305,0.02940052275000796,0.5915266043847616,8
22,0.3817157293612364,0.02866985322581895,0.5896144174129447,8
23,0.3846303697311729,0.02773661413539209,0.587633016133435,8
24,0.38721585526645685,0.026981837995733934,0.5858023067378092,8
25,0.3899571539137614,0.026143414565240802,0.5838994315209979,8
26,0.39271928785793875,0.025200014375276567,0.5820806977667847,8
27,0.39523580379773593,0.02448692432062635,0.5802772718816376,8
28,0.39804157777076576,0.023523141696566604,0.5784352805326677,8
29,0.40052587205548723,0.022810277680768633,0.5766638502637442,8
30,0.40333885216185084,0.021856901386287892,0.5748042464518613,8
31,0.4062351433014003,0.02090592575268072,0.572858930945919,8
32,0.40858370610453,0.02036053927510945,0.5710557546203605,8
33,0.41127951172312294,0.019567987334182517,0.5691525009426945,8
34,0.41420845588264754,0.018593400158048026,0.5671981439593045,8
35,0.4169862133792561,0.01780365144260761,0.5652101351781363,8
36,0.419697144361849,0.01707851973028392,0.563224335907867,8
37,0.4225817952369962,0.016331651219640926,0.5610865535433629,8
38,0.42543077614292646,0.015686059588504574,0.558883164268569,8
39,0.4280263698636622,0.015290708427150933,0.5566829217091869,8
40,0.43071352687708964,0.01483407475501916,0.5544523983678911,8
41,0.4337756151589447,0.014174425684810376,0.5520499591562449,8
42,0.4370232281192883,0.013512998613297848,0.5494637732674139,8
43,0.4397554889715071,0.01347833080791111,0.5467661802205817,8
44,0.4420034752143976,0.013811716048602627,0.5441848087369998,8
45,0.44401833376207567,0.014473822150494142,0.5415078440874301,8
46,0.4466757062021238,0.014839514291070211,0.538484779506806,8
47,0.45080046702994697,0.013551097147905183,0.5356484358221478,8
48,0.4518820472491005,0.015354246038744097,0.5327637067121553,8
49,0.4538838664712784,0.01601267559826577,0.5301034579304559,8
50,0.4381418353885417,0.011849543974874336,0.5500086206365841,8
1,0.1811026391132399,0.0,0.8188973608867601,9
2,0.3189677247158149,0.034094504181685324,0.6469377711024998,9
3,0.33670079120213736,0.02820570790308274,0.6350935008947799,9
4,0.3438985717767842,0.026310976655717744,0.6297904515674981,9
5,0.3468353730066247,0.026577061605891784,0.6265875653874835,9
6,0.3499094877611819,0.026538061710063215,0.6235524505287549,9
7,0.3541761676784013,0.026236739251438157,0.6195870930701606,9
8,0.3578105129847561,0.026498288667782456,0.6156911983474614,9
9,0.36221826060701456,0.025537416254656848,0.6122443231383286,9
10,0.36596508571897246,0.02529832925756362,0.608736585023464,9
11,0.36935655297668696,0.025081448020314267,0.6055619990029988,9
12,0.3725956105199428,0.024822944717873562,0.6025814447621836,9
13,0.37666299205965714,0.023657253245220607,0.5996797546951222,9
14,0.38086197018482637,0.022400891325509143,0.5967371384896645,9
15,0.3841833615258991,0.021800980520314754,0.5940156579537861,9
16,0.38733734781581475,0.02115175218617987,0.5915108999980054,9
17,0.3904415323611259,0.020614991735680203,0.5889434759031937,9
18,0.3935821372519587,0.019919527797076824,0.5864983349509645,9
19,0.3963281581959893,0.019420497897634205,0.5842513439063765,9
20,0.39949185928434794,0.018592595710172424,0.5819155450054796,9
21,0.40267834989348167,0.017663259323870122,0.5796583907826482,9
22,0.40542346934272816,0.016979590444290864,0.577596940212981,9
23,0.40841825129223874,0.016125457816781718,0.5754562908909795,9
24,0.41112259264794904,0.015413072142721265,0.5734643352093297,9
25,0.41393708491114867,0.01464591102848974,0.5714170040603616,9
26,0.4168089263734702,0.013736621362348836,0.569454452264181,9
27,0.4193922077851002,0.013098015689320307,0.5675097765255794,9
28,0.4223572108355316,0.012138635200099047,0.5655041539643694,9
29,0.4249173312346975,0.011504625812245551,0.563578042953057,9
30,0.42781124336541637,0.01060724384142181,0.5615815127931618,9
31,0.4308156019087508,0.009685857372317802,0.5594985407189315,9
32,0.43316638003221464,0.009268438133118524,0.5575651818346669,9
33,0.43598705577065244,0.00848798710498352,0.555524957124364,9
34,0.4390482572330139,0.007554326976154744,0.5533974157908313,9
35,0.441945951137714,0.006815291007675402,0.5512387578546106,9
36,0.4447575519476383,0.006130801498687662,0.5491116465536741,9
37,0.44767504204389547,0.00553195557436742,0.5467930023817371,9
38,0.45053613893900196,0.005046912146881654,0.5444169489141164,9
39,0.45328033394834355,0.004707922607330997,0.5420117434443255,9
40,0.45601424881579145,0.004429439520627462,0.5395563116635811,9
41,0.45915966883538,0.003927739184535351,0.5369125919800846,9
42,0.4627695214132839,0.0031578774571154686,0.5340726011296006,9
43,0.46569732568449007,0.0032417006527363157,0.5310609736627736,9
44,0.4676955683319395,0.004106272281678572,0.5281981593863819,9
45,0.46951101166060605,0.005273958833025151,0.5252150295063688,9
46,0.4717282112365363,0.006598142355449175,0.5216736464080145,9
47,0.4764758460669836,0.004925591697827076,0.5185985622351894,9
48,0.4774342693088962,0.007171934099879363,0.5153937965912244,9
49,0.4785083006807699,0.008880526956681517,0.5126111723625486,9
50,0.4573445907220252,0.005726580217144448,0.5369288290608304,9
1,0.17380316564800358,0.0,0.8261968343519964,10
2,0.33208887971657586,0.024426966764634035,0.6434841535187901,10
3,0.35381997836216517,0.0169649154745322,0.6292151061633027,10
4,0.36203350419116487,0.014641897579632938,0.6233245982292022,10
5,0.3650287456970248,0.015151863002512577,0.6198193913004626,10
6,0.36847301789337733,0.015045655572156317,0.6164813265344664,10
7,0.3732761433963563,0.014648686133972097,0.6120751704696716,10
8,0.37718410297769545,0.015189989872063586,0.607625907150241,10
9,0.38188021801337024,0.0142842359917843,0.6038355459948455,10
10,0.3858224330683804,0.014247200286930913,0.5999303666446887,10
11,0.3894379739221402,0.014123788215615215,0.5964382378622446,10
12,0.3930649430869233,0.01384651600268336,0.5930885409103932,10
13,0.3976241232346248,0.012440705438082223,0.589935171327293,10
14,0.4022570629471389,0.011028469764712239,0.5867144672881488,10
15,0.4057867483925852,0.010505856363227092,0.5837073952441877,10
16,0.40911665431468536,0.009893942999768942,0.5809894026855457,10
17,0.4123951195198352,0.009430960341185115,0.5781739201389797,10
18,0.41581105057010426,0.008706691687568957,0.5754822577423268,10
19,0.41869102207525744,0.008280378814908576,0.573028599109834,10
20,0.42207888505196967,0.007472400856077538,0.5704487140919527,10
21,0.4254486683261023,0.006582415597046992,0.5679689160768507,10
22,0.42829373024821094,0.005983402927744139,0.5657228668240449,10
23,0.4313683501623497,0.005232181929663448,0.5633994679079868,10
24,0.43420402095997257,0.004579898032433638,0.5612160810075938,10
25,0.43706682027405297,0.003937932334822844,0.5589952473911242,10
26,0.44006336059220874,0.0030865667426232973,0.556850072665168,10
27,0.44278116662366934,0.0024993971814928017,0.5547194361948378,10
28,0.445851317571728,0.00162970742219997,0.552518975006072,10
29,0.44849623368587144,0.0011000506376218511,0.5504037156765067,10
30,0.45130836215900444,0.0005918131325604438,0.5480998247084352,10
31,0.4540033430648608,0.0005278466945398837,0.5454688102405993,10
32,0.45627538829762704,0.0004693856677175631,0.5432552260346554,10
33,0.45889001889456293,0.00041646565740908857,0.540693515448028,10
34,0.46166403197498973,0.0003690358323979671,0.5379669321926123,10
35,0.46438730373620185,0.00032696825182637693,0.5352857280119716,10
36,0.46698340791901244,0.0002900688374039431,0.5327265232435836,10
37,0.4697205223432057,0.0002580893243121314,0.5300213883324821,10
38,0.4724467777865624,0.00023073954617201716,0.5273224826672656,10
39,0.4752069426078427,0.00020769947258646,0.5245853579195708,10
40,0.47798101980711877,0.00018863051216294673,0.5218303496807182,10
41,0.48104327539197855,0.0001731857077064572,0.518783538900315,10
42,0.48460531051331823,0.00016101857125493428,0.5152336709154268,10
43,0.48783682428961805,0.00015179042376231382,0.5120113852866196,10
44,0.4902739896484347,0.00014517620871019518,0.509580834142855,10
45,0.49275826212812074,0.0001408688348430167,0.5071008690370362,10
46,0.4954540818349516,0.00039088804228658503,0.5041550301227619,10
47,0.4999020626975159,0.00013805283188235418,0.49995988447060175,10
48,0.5015494484298114,0.001114100595624216,0.49733645097456436,10
49,0.5020051124712978,0.003364649259668268,0.49463023826903396,10
50,0.47524749110149994,0.0008063261970867302,0.5239461827014134,10
1,0.16882087844117305,0.0,0.831179121558827,11
2,0.3427032692844748,0.01614277148772945,0.6411539592277957,11
3,0.36947161011860796,0.006679888662513039,0.623848501218879,11
4,0.3788754290190849,0.0037778602399972847,0.6173467107409178,11
5,0.3820232514866609,0.00451779265331962,0.6134589558600195,11
6,0.3856432183012437,0.004518375395665756,0.6098384063030904,11
7,0.3913091061052021,0.003757489193410365,0.6049334047013876,11
8,0.3954613115097543,0.004673525601083944,0.5998651628891618,11
9,0.400293221691465,0.004004825255641764,0.5957019530528933,11
10,0.40431821972169324,0.004293042508792072,0.5913887377695147,11
11,0.4081258443750485,0.004321924500839061,0.5875522311241125,11
12,0.4122874829496709,0.003958301478270551,0.5837542155720585,11
13,0.41738893577875036,0.002268352127922008,0.5803427120933277,11
14,0.42245738955659246,0.0007209076254324277,0.5768217028179752,11
15,0.42609902099924146,0.00040802374622691813,0.5734929552545317,11
16,0.42941661321874336,0.00035393006768364,0.570229456713573,11
17,0.4326892380374352,0.00031930979155489394,0.5669914521710099,11
18,0.43602894302454653,0.0002861583329545919,0.5636848986424988,11
19,0.43890602257858086,0.0002546856476813607,0.5608392917737378,11
20,0.44216813231415797,0.000225071842329022,0.557606795843513,11
21,0.4453165410904439,0.00019746189193344313,0.5544859970176227,11
22,0.4480458162390535,0.0001719618166992219,0.5517822219442473,11
23,0.45090466581173305,0.0001486365547399956,0.548946697633527,11
24,0.4535959024876456,0.0001275096421669685,0.5462765878701874,11
25,0.4562720826305843,0.0001085646758078964,0.5436193526936078,11
26,0.4590151998882487,9.17484025758058e-05,0.5408930517091756,11
27,0.461647201906494,7.697516731397471e-05,0.538275822926192,11
28,0.4644361421759595,6.413236901307849e-05,0.5354997254550274,11
29,0.4669808234048028,5.308653031886716e-05,0.5329660900648784,11
30,0.46966742791289895,4.3689578807997274e-05,0.5302888825082931,11
31,0.4724471357771496,3.578496738676798e-05,0.5275170792554637,11
32,0.4748368586850107,2.9213318351204884e-05,0.5251339279966382,11
33,0.47757455100225243,2.3817351737094917e-05,0.5224016316460105,11
34,0.4804694823209957,1.944594339179051e-05,0.5195110717356126,11
35,0.4833636771058444,1.5957242113775104e-05,0.5166203656520418,11
36,0.4860845236591109,1.3220850351950835e-05,0.5139022554905371,11
37,0.4888977919531118,1.1119133807873205e-05,0.5110910889130803,11
38,0.4917131291232159,9.547768930852652e-06,0.5082773231078532,11
39,0.4946467481242422,8.415663242477252e-06,0.5053448362125152,11
40,0.49760044452162533,7.644393176318461e-06,0.5023919110851982,11
41,0.5008097831784224,7.167300517511017e-06,0.4991830495210602,11
42,0.5046769275708723,6.928375141384372e-06,0.4953161440539863,11
43,0.5081299782721673,6.881032260881318e-06,0.4918631406955718,11
44,0.5105011534400664,6.986870109766467e-06,0.48949185968982384,11
45,0.5130931601991605,7.214471631081991e-06,0.4868996253292084,11
46,0.5158689730274926,7.538293212074413e-06,0.48412348867929544,11
47,0.520494477624422,7.937665998120397e-06,0.47949758470957987,11
48,0.5225593908246147,8.395921343901732e-06,0.4774322132540415,11
49,0.5235691872333087,0.0004929149446260962,0.4759378978220652,11
50,0.4902628986233168,0.0,0.5097371013766833,11
1,0.16689182184018167,0.0,0.8331081781598184,12
2,0.3507473802938726,0.01010381729041783,0.6391488024157096,12
3,0.38238801526727384,0.00016453192674848867,0.6174474528059777,12
4,0.39136154816116053,0.00015237648048220648,0.6084860753583573,12
5,0.395251078735662,0.0001404908087852554,0.6046084304555527,12
6,0.3990014466603614,0.00012892183157830429,0.6008696315080603,12
7,0.40498176616870274,0.00011771612654736298,0.5949005177047499,12
8,0.41008080828852067,0.00010691909466518941,0.5898122726168141,12
9,0.4148557770614988,9.657404090749746e-05,0.5850476488975938,12
10,0.41920757324125235,8.672119535675725e-05,0.5807057055633909,12
11,0.4232571931531274,7.739670894210718e-05,0.5766654101379305,12
12,0.42788311849221455,6.863166648115519e-05,0.5720482498413043,12
13,0.432502053864127,6.045116640496837e-05,0.567437494969468,12
14,0.4371730622917722,5.2873520415654466e-05,0.5627740641878122,12
15,0.4408982188235723,4.590962627758549e-05,0.5590558715501501,12
16,0.4445043516066864,3.956256218162032e-05,0.5554560858311319,12
17,0.4479658573170644,3.3827441321854644e-05,0.5520003152416137,12
18,0.45155892856672086,2.8691550794000995e-05,0.5484123798824851,12
19,0.4546237004441022,2.4134780676881514e-05,0.5453521647752209,12
20,0.4581433456980091,2.0130328862978176e-05,0.541836523973128,12
21,0.46150734872616195,1.6645646999332593e-05,0.5384760056268387,12
22,0.46442308935283366,1.364357509219966e-05,0.5355632670720742,12
23,0.4674356651946871,1.1083599025451957e-05,0.5325532512062874,12
24,0.47029678385674145,8.923158000766537e-06,0.5296942929852578,12
25,0.4730913485818501,7.118928471416083e-06,0.5269015324896785,12
26,0.4760339203281625,5.628017330093607e-06,0.5239604516545074,12
27,0.4788814443274523,4.409008877658046e-06,0.5211141466636701,12
28,0.481798934252087,3.422825742311203e-06,0.5181976429221707,12
29,0.4845207415980376,2.6333813942145887e-06,0.5154766250205682,12
30,0.48733585314965444,2.008019154270151e-06,0.5126621388311913,12
31,0.4902184782206013,1.5177478773499826e-06,0.5097800040315213,12
32,0.4927891330421876,1.1372965306897932e-06,0.5072097296612816,12
33,0.49563520547854456,8.450180271058744e-07,0.5043639495034283,12
34,0.49866163900654525,6.2267681334372e-07,0.5013377383166414,12
35,0.5017355515946631,4.5515524138524885e-07,0.4982639932500955,12
36,0.5046348694795629,3.3011137478967997e-07,0.4953648004090623,12
37,0.5075528545409775,2.3761647713003503e-07,0.49244690784254536,12
38,0.5104724047862732,1.6979488525057074e-07,0.48952742541884153,12
39,0.5135802529619953,1.2048307874495616e-07,0.486419626554926,12
40,0.5167366056506494,8.491914245762315e-08,0.4832633094302082,12
41,0.5200965962103432,5.946890677038727e-08,0.47990334432075005,12
42,0.5242576572759763,4.139107411177754e-08,0.4757423013329496,12
43,0.5278238033112191,2.8640669058858452e-08,0.4721761680481118,12
44,0.5300615442842038,1.9708131121255948e-08,0.46993843600766505,12
45,0.5328316060859142,1.3490173653851742e-08,0.4671683804239122,12
46,0.5355465415809159,9.187991389843807e-09,0.4644534492310928,12
47,0.5403611464462672,6.2283383690116776e-09,0.45963884732539445,12
48,0.5421465788679779,4.203257932216062e-09,0.45785341692876425,12
49,0.5432164903110103,2.824693618471746e-09,0.4567835068642961,12
50,0.5040435071363926,0.0,0.4959564928636074,12
1,0.16564571362005023,0.0,0.8343542863799498,13
2,0.35626842245738377,0.006462519301060213,0.637269058241556,13
3,0.3911891512981476,0.00010523794000939703,0.608705610761843,13
4,0.40138396332890014,9.746384660105926e-05,0.5985185728244988,13
5,0.4057315295647457,8.986260768044042e-05,0.5941786078275737,13
6,0.409520636619481,8.246436356757932e-05,0.5903968990169512,13
7,0.4161531767122436,7.529908707364609e-05,0.5837715242006828,13
8,0.42178047861901474,6.839606798587993e-05,0.5781511253129994,13
9,0.42685207981464446,6.178334874163701e-05,0.5730861368366139,13
10,0.43132932393638923,5.548712854669788e-05,0.568615188935064,13
11,0.4355524320063533,4.953115901716706e-05,0.5643980368346295,13
12,0.4409010888036939,4.3936159732162204e-05,0.5590549750365739,13
13,0.4458804423224554,3.8719286156732214e-05,0.5540808383913879,13
14,0.4509177975944511,3.38936844490385e-05,0.5490483087210998,13
15,0.4548785684896577,2.9468166977966996e-05,0.5450919633433642,13
16,0.45883268685406287,2.5447038410745974e-05,0.5411418661075262,13
17,0.46248773801703225,2.1830094773244715e-05,0.5374904318881946,13
18,0.46636065591545606,1.8612807177311428e-05,0.5336207312773666,13
19,0.46964704036405636,1.5786688676072994e-05,0.5303371729472676,13
20,0.4734234344445722,1.3339828158932397e-05,0.5265632257272688,13
21,0.47703670046609625,1.1257560894448074e-05,0.5229520419730092,13
22,0.48016179622560506,9.523232970113446e-06,0.5198286805414248,13
23,0.48333788977405245,8.119008058850382e-06,0.5166539912178887,13
24,0.4863946932036061,7.0266608905451e-06,0.5135982801355033,13
25,0.4893319263972892,6.22830314761686e-06,0.5106618452995632,13
26,0.4925128144598131,5.706994195878309e-06,0.507481478545991,13
27,0.49559722850304866,5.4472003335521574e-06,0.5043973242966178,13
28,0.49864554037925934,5.4350807622361944e-06,0.5013490245399784,13
29,0.5015684223977376,5.658594534097354e-06,0.4984259190077283,13
30,0.5045118242163943,6.1074384699146845e-06,0.4954820683451358,13
31,0.50748692456218,6.772839765660176e-06,0.49250630259805434,13
32,0.5102651789547593,7.647237358216449e-06,0.48972717380788244,13
33,0.5131910945919381,8.723892258783766e-06,0.4868001815158032,13
34,0.5163309242422456,9.996468718399667e-06,0.483659079289036,13
35,0.519614751644828,1.145862555963311e-05,0.4803737897296124,13
36,0.5227200250588602,1.3103651047972362e-05,0.47726687129009193,13
37,0.5257487875024055,1.4924166368252685e-05,0.47423628833122633,13
38,0.5287416580152939,1.6911913317133332e-05,0.4712414300713889,13
39,0.5320172874099799,1.905763239319543e-05,0.46796365495762693,13
40,0.5353903178707522,2.1351029036057988e-05,0.46458833110021175,13
41,0.5388754653098692,2.3780819023404005e-05,0.46110075387110744,13
42,0.5432861749987996,2.6334839341361936e-05,0.45668749016185906,13
43,0.5468847537166441,2.9000208258101912e-05,0.4530862460750978,13
44,0.548919586276652,3.1763517656127654e-05,0.45104865020569185,13
45,0.5519272841296186,3.461104155522605e-05,0.4480381048288262,13
46,0.5545930654074214,3.752894674154483e-05,0.4453694056458371,13
47,0.5594560598322925,4.0503494058890006e-05,0.4405034366736486,13
48,0.5601633974428799,0.0013082164444615171,0.4385283861126586,13
49,0.561036090580911,0.0014011916568202696,0.43756271776226874,13
50,0.5171096615638687,0.0,0.48289033843613116,13
1,0.1653330208047127,0.0,0.8346669791952872,14
2,0.3600653352152401,0.004597078432426989,0.635337586352333,14
3,0.39917259778330094,5.5125466147214455e-05,0.6007722767505519,14
4,0.41079859531069574,5.133457588815753e-05,0.5891500701134161,14
5,0.4156739634618908,4.758866099045083e-05,0.5842784478771188,14
6,0.419441541537232,4.390678903209347e-05,0.5805145516737359,14
7,0.42667253079820067,4.030843589654185e-05,0.5732871607659028,14
8,0.43284464967521463,3.6813274548480455e-05,0.5671185370502368,14
9,0.438252068354107,3.3440952264540474e-05,0.5617144906936284,14
10,0.44281989806737826,3.021086964776962e-05,0.557149891062974,14
11,0.4471790056118121,2.7141978302631318e-05,0.5527938524098852,14
12,0.45329879198374745,2.4252616964816256e-05,0.5466769553992877,14
13,0.4586425736079829,2.1560407571798987e-05,0.5413358659844453,14
14,0.4640133435036162,1.90822325828246e-05,0.5359675742638009,14
15,0.4682388196558217,1.6834312209801925e-05,0.5317443460319685,14
16,0.4725516296382485,1.4832394661326646e-05,0.5274335379670901,14
17,0.4763889986742571,1.3092063877333059e-05,0.5235979092618656,14
18,0.48055974519530753,1.1629157795921762e-05,0.5194286256468965,14
19,0.4840772901700321,1.0460276688170102e-05,0.5159122495532797,14
20,0.4881112640813222,9.603346761450889e-06,0.5118791325719163,14
21,0.4920032600018383,9.078190729163566e-06,0.5079876618074326,14
22,0.49532543120904515,8.90704628786818e-06,0.504665661744667,14
23,0.49867354438682243,9.114967343435107e-06,0.501317340645834,14
24,0.501929564689479,9.73004299697198e-06,0.498060705267524,14
25,0.5050216402466694,1.0783376742256256e-05,0.49496757637658834,14
26,0.5084528801318562,1.2308783201532084e-05,0.49153481108494235,14
27,0.5117953701374032,1.4342181174064337e-05,0.48819028768142275,14
28,0.5149880498158523,1.6920687964077762e-05,0.4849950294961836,14
29,0.5180971161771103,2.0081448181234935e-05,0.4818828023747085,14
30,0.5211698978198758,2.3860257267790518e-05,0.4788062419228564,14
31,0.5242359977276273,2.829006258377886e-05,0.47573571220978894,14
32,0.5272139368906089,3.339944008226931e-05,0.4727526636693089,14
33,0.5302130369364063,3.921115039335439e-05,0.46974775191320034,14
34,0.5334645592823085,4.57408736922087e-05,0.4664896998439993,14
35,0.5369577503232952,5.299620859225559e-05,0.46298925346811254,14
36,0.540284442678774,6.097599830931228e-05,0.45965458132291676,14
37,0.5434136124459052,6.967002027119344e-05,0.45651671753382356,14
38,0.5464488025060987,7.905904650587221e-05,0.4534721384473954,14
39,0.5498729636314514,8.911525479955381e-05,0.450037921113749,14
40,0.5534609117683089,9.980294754259676e-05,0.4464392852841485,14
41,0.5570636962123366,0.00011107951828958783,0.44282522426937376,14
42,0.5616775048592071,0.00012289659625138764,0.4381995985445416,14
43,0.5652436189903002,0.000135201296130596,0.43462117971356923,14
44,0.5670502392125715,0.0001479375040294641,0.43280182328339906,14
45,0.5702593668874529,0.00016104713818959734,0.42957958597435747,14
46,0.5721630540465878,0.0014389565403560391,0.4263979894130562,14
47,0.5773779754453086,0.0007454615783044295,0.42187656297638704,14
48,0.5761873718917421,0.0044605709746502135,0.41935205713360774,14
49,0.5768641035980105,0.0045091081629273794,0.4186267882390621,14
50,0.5290416391255212,0.0007622038622036504,0.4701961570122752,14
1,0.165836379144192,0.0,0.834163620855808,15
2,0.3626733142112226,0.004036014852234417,0.633290670936543,15
3,0.40648420156618253,6.039439054733841e-06,0.5935097589947628,15
4,0.4196708547610624,6.443333827333282e-06,0.5803227019051103,15
5,0.4250991216093871,6.7190375695075106e-06,0.5748941593530433,15
6,0.4288231346457555,6.878062272220811e-06,0.5711699872919723,15
7,0.43649191435895407,6.9333535568157334e-06,0.5635011522874892,15
8,0.44324643741827086,6.899417528139222e-06,0.556746663164201,15
9,0.44907678440196785,6.792480371106575e-06,0.5509164231176609,15
10,0.45371099423112937,6.630693018099812e-06,0.5462823750758525,15
11,0.4581898101600597,6.4343949218556204e-06,0.5418037554450185,15
12,0.46507043982456575,6.226451665176523e-06,0.5349233337237691,15
13,0.4708155724003218,6.032680185127116e-06,0.5291783949194931,15
14,0.4764507682396978,5.88237211398624e-06,0.5235433493881883,15
15,0.48102769451741356,5.808919489182327e-06,0.5189664965630972,15
16,0.4856581786756595,5.850537404368571e-06,0.5143359707869362,15
17,0.48968518673643324,6.051064954095894e-06,0.5103087621986127,15
18,0.4941602704957573,6.4608094552916565e-06,0.5058332686947874,15
19,0.4979239743929875,7.137380464824446e-06,0.5020688882265477,15
20,0.5022033455855284,8.146441306607684e-06,0.49778850797316504,15
21,0.5063760600230836,9.562289093330398e-06,0.4936143776878231,15
22,0.5099053132400141,1.1468162451914055e-05,0.490083218597534,15
23,0.5134344422305952,1.3956172345421652e-05,0.4865516015970594,15
24,0.5168809161550659,1.712675816865645e-05,0.4831019570867654,15
25,0.5201567997360219,2.1087590454303218e-05,0.47982211267352376,15
26,0.5238466248039388,2.5951873426755586e-05,0.4761274233226344,15
27,0.5274436005879966,3.183604387559319e-05,0.47252456336812787,15
28,0.5307842034045095,3.8856914063505965e-05,0.469176939681427,15
29,0.5340632725167412,4.712836057354846e-05,0.46588959912268524,15
30,0.5372596993249346,5.675771188291584e-05,0.46268354296318254,15
31,0.5404318042871945,6.78420284294975e-05,0.459500353684376,15
32,0.5435927261435467,8.046449411922376e-05,0.45632680936233405,15
33,0.5466701212851044,9.469114345126242e-05,0.4532351875714443,15
34,0.550035302473072,0.00011056813210691754,0.4498541293948211,15
35,0.5537354459284902,0.0001281197222852302,0.44613643434922456,15
36,0.5572653651877859,0.0001473471013941621,0.44258728771081995,15
37,0.5605076649150429,0.0001682280901706655,0.43932410699478647,15
38,0.5635729521846842,0.0001907177312423195,0.43623633008407353,15
39,0.5670744008507741,0.00021474968878628254,0.43271084946043964,15
40,0.5708508871987796,0.000240238340317488,0.42890887446090287,15
41,0.5745883069200605,0.0002670814068004362,0.4251446116731391,15
42,0.5793069469990522,0.0002951629489600011,0.4203978900519879,15
43,0.5828415520672623,0.0003243565553713952,0.4168340913773663,15
44,0.5844374023205309,0.0003545285593593694,0.41520806912010977,15
45,0.5878071194600087,0.0003855411435031703,0.41180733939648817,15
46,0.588071195142388,0.004426893734999396,0.4075019111226126,15
47,0.5933696205055802,0.0032784721831757577,0.40335190731124404,15
48,0.5904110199622978,0.00895049627995826,0.4006384837577439,15
49,0.5909706068403768,0.008837254456138992,0.40019213870348425,15
50,0.5400350112232268,0.0023050831138767642,0.4576599056628964,15
1,0.1669765785178449,0.0,0.833023421482155,16
2,0.36448996273727263,0.004405293977458385,0.631104743285269,16
3,0.41319514686443476,0.0,0.5868048531355653,16
4,0.42804054037963823,0.0,0.5719594596203619,16
5,0.4340037108677992,0.0,0.5659962891322008,16
6,0.4376641123087922,0.0,0.5623358876912078,16
7,0.44564331066057816,0.0,0.5543566893394218,16
8,0.45300353875812416,0.0,0.5469964612418757,16
9,0.45934368159894934,0.0,0.5406563184010506,16
10,0.46403859353192245,0.0,0.5359614064680776,16
11,0.4686081089390226,0.0,0.5313918910609775,16
12,0.4762372947333803,0.0,0.5237627052666196,16
13,0.482403302132524,0.0,0.517596697867476,16
14,0.48823934857103435,0.0,0.5117606514289657,16
15,0.493247533982761,0.0,0.5067524660172389,16
16,0.4981588961299036,0.0,0.5018411038700964,16
17,0.5023706175398661,0.0,0.49762938246013394,16
18,0.5071719964153434,2.1206676102535245e-06,0.4928258829170464,16
19,0.5111934187567224,5.009644503424996e-06,0.48880157159877424,16
20,0.5156957894797279,8.319703623821222e-06,0.48429589081664826,16
21,0.5201325811637786,1.2200019844989989e-05,0.47985521881637644,16
22,0.523871187933591,1.681718726075261e-05,0.47611199487914824,16
23,0.5276023384731525,2.2354504501604158e-05,0.47237530702234587,16
24,0.5312434960964646,2.9010372875974775e-05,0.46872749353065946,16
25,0.5347419371209673,3.699569813436429e-05,0.46522106718089834,16
26,0.5386902557187306,4.653024452713197e-05,0.46126321403674225,16
27,0.5425180810960435,5.783796574675799e-05,0.45742408093820974,16
28,0.5459909346138527,7.114142551619329e-05,0.4539379239606311,16
29,0.5494482474578655,8.665551225314413e-05,0.4504650970298814,16
30,0.5527649514286367,0.00010458073662401824,0.4471304678347393,16
31,0.5560434154993591,0.0001250964665866659,0.44383148803405426,16
32,0.5593706044769406,0.00014835449170093155,0.44048104103135843,16
33,0.5625342908316385,0.0001744733101899476,0.43729123585817153,16
34,0.5660133997208765,0.00020353349614507694,0.4337830667829784,16
35,0.5699009454704023,0.00023557443326682314,0.4298634800963309,16
36,0.573620917880884,0.00027059260339721376,0.4261084895157188,16
37,0.5769896423860307,0.0003085415042546184,0.4227018161097147,16
38,0.5800567172011756,0.00034933315441074055,0.4195939496444137,16
39,0.5835672917600532,0.00039284103743893764,0.41603986720250796,16
40,0.5875286742995167,0.00043890425177492724,0.41203242144870833,16
41,0.5913834631195543,0.00048733257496475077,0.408129204305481,16
42,0.5961049532068522,0.000537912123210439,0.4033571346699374,16
43,0.5995793667031264,0.0005904112880795371,0.3998302220087941,16
44,0.6010539254311478,0.0006445866573985596,0.39830148791145364,16
45,0.6038649029924156,0.0018419854805598202,0.3942931115270246,16
46,0.6024914458802874,0.008587967692152705,0.38892058642755994,16
47,0.6076876661623578,0.007196072938771852,0.3851162608988704,16
48,0.6031828371465726,0.014245576636719241,0.38257158621670817,16
49,0.6036284301991526,0.01397079186634273,0.38240077793450467,16
50,0.5500472203497822,0.00462569977208485,0.44532707987813297,16
1,0.16847880465084522,0.0,0.8315211953491548,17
2,0.36581668544675916,0.005399250140635557,0.6287840644126053,17
3,0.41937834634406224,0.0,0.5806216536559379,17
4,0.43596033975290155,0.0,0.5640396602470984,17
5,0.44242245220071597,0.0,0.557577547799284,17
6,0.44594441967024084,0.0,0.5540555803297592,17
7,0.45417086032855175,0.0,0.5458291396714482,17
8,0.4621338783752652,0.0,0.5378661216247347,17
9,0.46905597685378325,0.0,0.5309440231462167,17
10,0.47381858288714673,0.0,0.5261814171128533,17
11,0.4785003881391434,0.0,0.5214996118608565,17
12,0.4868069905326231,0.0,0.5131930094673769,17
13,0.49341666951243685,0.0,0.5065833304875632,17
14,0.4994126160204016,0.0,0.5005873839795985,17
15,0.5048886326800214,0.0,0.4951113673199787,17
16,0.5100856909665754,0.0,0.4899143090334247,17
17,0.5144517809852522,0.0,0.48554821901474765,17
18,0.519562116735596,0.0,0.48043788326440384,17
19,0.5238724080884418,3.101044430474202e-06,0.4761244908671277,17
20,0.5285874163086224,9.472188730265743e-06,0.47140311150264735,17
21,0.5332567981951893,1.665186960673722e-05,0.4667265499352039,17
22,0.537190863316967,2.491704523343045e-05,0.4627842196377996,17
23,0.5411747365432017,3.457087530397944e-05,0.4587906925814944,17
24,0.545007910731666,4.5939565916251843e-05,0.45494614970241776,17
25,0.5487526605837039,5.936764505195006e-05,0.4511879717712442,17
26,0.5529575906372373,7.521162441521956e-05,0.44696719773834753,17
27,0.5569757456153802,9.383212331338323e-05,0.4429304222613064,17
28,0.5605731243023949,0.00011558466661407401,0.439311291030991,17
29,0.5642092672218597,0.00014080950777341401,0.4356499232703669,17
30,0.5676560741441878,0.00016982095275413014,0.432174104903058,17
31,0.5710420115366934,0.00020289675406713788,0.4287550917092394,17
32,0.5745144234827804,0.00024026819124367896,0.42524530832597596,17
33,0.5777826140573965,0.0002821114450037576,0.4219352744975997,17
34,0.5813614060308188,0.00032854080472629384,0.41831005316445496,17
35,0.5854289935650832,0.00037960412818146584,0.4141914023067354,17
36,0.5893187034314146,0.00043528081197972794,0.4102460157566057,17
37,0.5928129008233143,0.0004954823493552949,0.4066916168273304,17
38,0.595869578178752,0.0005600553695990079,0.403570366451649,17
39,0.599354380919999,0.0006287868905019483,0.400016832189499,17
40,0.6034612633293538,0.0007014113873635344,0.3958373252832827,17
41,0.6073787458652243,0.0007776191992502051,0.3918436349355255,17
42,0.6120295562992925,0.0008570657583441794,0.38711337794236345,17
43,0.6154331535635669,0.0009393811382865007,0.3836274652981466,17
44,0.6161915490419426,0.0021630613981380156,0.3816453895599194,17
45,0.6182801025739696,0.00477281933736305,0.37694707808866734,17
46,0.6155803468297478,0.013583958974405987,0.3708356941958463,17
47,0.6205460560795497,0.01211586640640705,0.36733807751404324,17
48,0.6148197072537493,0.019991480356590492,0.36518881238966017,17
49,0.6152254609889519,0.019581172573816905,0.36519336643723116,17
50,0.5589808765718061,0.007931974840966487,0.43308714858722747,17
1,0.17016414634172425,0.0,0.8298358536582758,18
2,0.36691359497900755,0.006791844535905455,0.626294560485087,18
3,0.42500331238107075,0.0,0.5749966876189293,18
4,0.4434109637696352,0.0,0.5565890362303648,18
5,0.4503729234292368,0.0,0.5496270765707632,18
6,0.4537019901540821,0.0,0.5462980098459179,18
7,0.4621392902171197,0.0,0.5378607097828803,18
8,0.47066043593283935,0.0,0.5293395640671608,18
9,0.4782285054457984,0.0,0.5217714945542016,18
10,0.4830862477578072,0.0,0.5169137522421928,18
11,0.4879004380602324,0.0,0.5120995619397675,18
12,0.496786454190817,0.0,0.5032135458091829,18
13,0.5038602171059134,0.0,0.49613978289408656,18
14,0.5099899276094618,0.0,0.4900100723905383,18
15,0.5159475156537181,0.0,0.48405248434628184,18
16,0.5214303046671153,0.0,0.47856969533288474,18
17,0.5259314773573732,0.0,0.47406852264262683,18
18,0.5313180262661725,0.0,0.46868197373382753,18
19,0.5359454234570402,1.430452512399839e-06,0.46405314609044745,18
20,0.5408580568506812,1.1656143617152538e-05,0.45913028700570163,18
21,0.5457443547452255,2.3001507890887257e-05,0.4542326437468836,18
22,0.5498729427311873,3.5878665996422546e-05,0.45009117860281633,18
23,0.5541319190655892,5.073654726581427e-05,0.44581734438714493,18
24,0.5581583053648204,6.805561356085319e-05,0.44177363902161876,18
25,0.5621571698440113,8.834033185135728e-05,0.43775448982413734,18
26,0.566615741406592,0.00011210937887647157,0.4332721492145316,18
27,0.5707859951353549,0.00013988373535189,0.4290741211292932,18
28,0.5745112511977768,0.0001721730208109444,0.42531657578141224,18
29,0.5783396026104668,0.0002094606131382397,0.42145093677639495,18
30,0.5819095359514129,0.00025218826531160556,0.4178382757832755,18
31,0.5854247694828097,0.00030074105171734936,0.4142744894654729,18
32,0.5890210161778152,0.0003554335274590214,0.41062355029472575,18
33,0.5923811903467611,0.0004164979539514214,0.4072023116992875,18
34,0.5960346563749497,0.0004840753310247359,0.4034812682940256,18
35,0.600271435290162,0.0005582097896090262,0.39917035492022895,18
36,0.6043289460185833,0.0006388466600763965,0.39503220732134026,18
37,0.6079238944024823,0.0007258342669241233,0.3913502713305936,18
38,0.6109816058874703,0.0008189292407804992,0.3881994648717492,18
39,0.614415872093657,0.0009178049116068798,0.38466632299473613,18
40,0.6186064259408908,0.0010220621740261414,0.3803715118850831,18
41,0.6225610011098771,0.0011312421095394237,0.3763077567805835,18
42,0.6270508793789313,0.0012448396138756406,0.37170428100719305,18
43,0.6300263083728141,0.0020719874566140686,0.3679017041705718,18
44,0.629780606705946,0.0050791488512332734,0.36514024444282067,18
45,0.6312364869071517,0.008826216942694368,0.3599372961501539,18
46,0.6274732187921231,0.019133155785604657,0.3533936254222722,18
47,0.6322795601552292,0.017635665686922597,0.35008477415784817,18
48,0.6255573101822808,0.025922821337138587,0.34851986848058064,18
49,0.6259068200288749,0.025473532224434325,0.3486196477466908,18
50,0.5669882571921706,0.012081434605142941,0.42093030820268645,18
1,0.17197311443666113,0.0,0.8280268855633388,19
2,0.3679133153929651,0.008410258889171346,0.6236764257178635,19
3,0.43011158152462325,0.0,0.5698884184753767,19
4,0.4504104280581467,0.0,0.5495895719418532,19
5,0.4578659135675619,0.0,0.5421340864324381,19
6,0.4609715430523903,0.0,0.5390284569476097,19
7,0.46960096791792977,0.0,0.5303990320820703,19
8,0.4786169265521022,0.0,0.5213830734478977,19
9,0.48688642129880766,0.0,0.5131135787011923,19
10,0.49184537196756345,0.0,0.5081546280324366,19
11,0.49681119538232393,0.0,0.5031888046176761,19
12,0.50617757756304,0.0,0.49382242243695984,19
13,0.513728462294678,0.0,0.48627153770532205,19
14,0.5199841736959763,0.0,0.4800158263040238,19
15,0.5264333158780127,0.0,0.4735666841219872,19
16,0.532184792626994,0.0,0.46781520737300597,19
17,0.5368027029073923,0.0,0.46319729709260776,19
18,0.5424316495203572,0.0,0.4575683504796428,19
19,0.5473912116699268,1.196635120887489e-06,0.45260759169495235,19
20,0.5525101919356111,1.6311925868831012e-05,0.44747349613852005,19
21,0.5575909113340956,3.297757131315478e-05,0.4423761110945913,19
22,0.5619212210100544,5.176766849596462e-05,0.43802701132144967,19
23,0.566468964062982,7.330380094902236e-05,0.4334577321360691,19
24,0.5706832291216616,9.824675895573828e-05,0.42921852411938266,19
25,0.57493516403679,0.00012728523388030877,0.4249375507293297,19
26,0.5796254519570899,0.00016112154358048636,0.4202134264993296,19
27,0.5839276486224075,0.00020045468492320764,0.4158718966926693,19
28,0.5877809483429264,0.0002459612672159224,0.4119730903898577,19
29,0.5918231180514048,0.000298275129043981,0.4078786068195513,19
30,0.5955071127216908,0.0003579666486738277,0.4041349206296354,19
31,0.5991722546139346,0.00042552289377636825,0.400402222492289,19
32,0.6028520698292161,0.0005013297949589303,0.39664660037582494,19
33,0.6062907861464122,0.0005856574559733579,0.3931235563976145,19
34,0.6100165568716971,0.0006786495326422658,0.3893047935956607,19
35,0.6144007315440292,0.0007803173390889701,0.3848189511168819,19
36,0.6186345659510671,0.0008905390036079413,0.38047489504532495,19
37,0.6223029094149337,0.001009063635842038,0.37668802694922426,19
38,0.6253744424289901,0.0011355201224528388,0.3734900374485571,19
39,0.6287113432217817,0.0012694298765506661,0.37001922690166766,19
40,0.6329063066824363,0.001410222653629051,0.36568347066393464,19
41,0.6367147566446896,0.001953552128245677,0.36133169122706477,19
42,0.6406923340076369,0.002673461764850017,0.3566342042275131,19
43,0.6429594735043973,0.0047715653026962936,0.3522689611929064,19
44,0.6419403434636601,0.009141136947983219,0.34891851958835673,19
45,0.6428878966815603,0.013736546074393527,0.34337555724404617,19
46,0.6383714515419705,0.02500847508712406,0.33662007337090544,19
47,0.6429624063760635,0.023601538170580624,0.33343605545335586,19
48,0.635595352398101,0.0318858442017242,0.33251880340017476,19
49,0.6358186244371926,0.031442057108300454,0.33273931845450694,19
50,0.5743091110639198,0.01691274111219405,0.4087781478238862,19
1,0.17401406891235904,0.0,0.8259859310876408,20
2,0.368926112350602,0.010112418445946968,0.620961469203451,20
3,0.4347023923421361,0.0,0.5652976076578639,20
4,0.4569110660492633,0.0,0.5430889339507367,20
5,0.4648909427079966,0.0,0.5351090572920033,20
6,0.46771813042339505,0.0,0.532281869576605,20
7,0.47651108933393205,0.0,0.523488910666068,20
8,0.48598372892965513,0.0,0.5140162710703448,20
9,0.49504248455353944,0.0,0.5049575154464606,20
10,0.500128069437181,0.0,0.4998719305628189,20
11,0.5052337225023454,0.0,0.4947662774976546,20
12,0.5149567973213844,0.0,0.4850432026786155,20
13,0.5229973075420653,0.0,0.4770026924579347,20
14,0.5294783959231896,0.0,0.4705216040768105,20
15,0.53630646831888,0.0,0.46369353168112,20
16,0.542350682978559,0.0,0.45764931702144085,20
17,0.5471078716947104,0.0,0.45289212830528963,20
18,0.5529111216985307,0.0,0.4470888783014694,20
19,0.5582035836773221,4.424582527234183e-06,0.4417919917401506,20
20,0.5635432417082151,2.5725622277506313e-05,0.4364310326695074,20
21,0.5688066834391932,4.919021599122768e-05,0.43114412634481564,20
22,0.5733268727129834,7.558125090300141e-05,0.42659754603611355,20
23,0.5781737508463769,0.00010571827747662965,0.42172053087614647,20
24,0.5825684736271682,0.0001404650332998067,0.417291061339532,20
25,0.5870666420951575,0.0001807131200395109,0.4127526447848031,20
26,0.5919651447126228,0.00022736203894720836,0.40780749324842996,20
27,0.596383765901636,0.00028129610297082663,0.40333493799539316,20
28,0.600378337262504,0.00034335906710176826,0.39927830367039424,20
29,0.6046381691727131,0.00041432761633860594,0.39494750321094835,20
30,0.6084386819491735,0.0004948850824581883,0.3910664329683683,20
31,0.6122602402966746,0.0005855968895320356,0.3871541628137934,20
32,0.6159757614035888,0.0006868892264804936,0.38333734936993075,20
33,0.6194865464495094,0.0007990323012711832,0.3797144212492194,20
34,0.6232715252744654,0.0009221292531506626,0.37580634547238395,20
35,0.6277935371735089,0.0010561114132658495,0.3711503514132253,20
36,0.6322042587950577,0.0012007401524582982,0.366595001052484,20
37,0.635892246916767,0.0013556150890362065,0.36275213799419675,20
38,0.6389934387391448,0.0015201880006225719,0.3594863732602326,20
39,0.6421922429417265,0.001693781436858251,0.3561139756214152,20
40,0.6458854970362126,0.0027566986105311848,0.35135780435325625,20
41,0.6493774821816983,0.004142227122703417,0.34648029069559827,20
42,0.6528170704327126,0.005489525762719239,0.34169340380456814,20
43,0.6544232541989312,0.008697456852521013,0.3368792889485478,20
44,0.65275405111019,0.014117700447831644,0.3331282484419783,20
45,0.6532883114993099,0.019373222170204134,0.32733846633048597,20
46,0.6482807320288386,0.03115860408251543,0.32056066388864596,20
47,0.6526917147377098,0.029870453499393934,0.31743783176289625,20
48,0.6449218632572777,0.03785755080523147,0.3172205859374908,20
49,0.6450563608789205,0.03741119644096347,0.31753244268011604,20
50,0.5812151826202941,0.0221694470870266,0.3966153702926793,20
1,0.17614433467453777,0.0,0.8238556653254623,21
2,0.369979531269589,0.011811445014799965,0.618209023715611,21
3,0.4388428466902433,0.0,0.5611571533097567,21
4,0.46294700843379555,0.0,0.5370529915662043,21
5,0.47146253532516436,0.0,0.5285374646748356,21
6,0.47398177516828205,0.0,0.526018224831718,21
7,0.48291724531543956,0.0,0.5170827546845604,21
8,0.4928064635496039,0.0,0.5071935364503961,21
9,0.5027118863603431,0.0,0.4972881136396568,21
10,0.5079311419475455,0.0,0.4920688580524546,21
11,0.5131590570997432,0.0,0.48684094290025687,21
12,0.5231294947965633,0.0,0.4768705052034367,21
13,0.5316708417147564,0.0,0.4683291582852436,21
14,0.5384636100543733,0.0,0.4615363899456268,21
15,0.5455830570070209,0.0,0.45441694299297913,21
16,0.5519141668309867,0.0,0.44808583316901335,21
17,0.5568551200582907,0.0,0.44314487994170937,21
18,0.5627589850296415,0.0,0.4372410149703586,21
19,0.5683865129445096,1.2025090387245141e-05,0.4316014619651032,21
20,0.5739459300493872,4.101376552374282e-05,0.42601305618508906,21
21,0.5793904200639888,7.297637669196877e-05,0.4205366035593193,21
22,0.5841004769680216,0.0001088890517107529,0.41579063398026767,21
23,0.5892561419423051,0.00014979107953729844,0.4105940669781576,21
24,0.5938072730014106,0.00019676697197757234,0.40599596002661187,21
25,0.5985198801738526,0.0002509238782499885,0.4012291959478974,21
26,0.6036055199374307,0.0003133647929472842,0.396081115269622,21
27,0.6081432368061372,0.00038515838716548373,0.3914716048066973,21
28,0.6123049077906677,0.0004673066764863277,0.387227785532846,21
29,0.6167809310868801,0.0005607120718960686,0.3826583568412238,21
30,0.6206917093422955,0.0006661455929417222,0.3786421450647629,21
31,0.6246718145634409,0.0007842181151820083,0.3745439673213772,21
32,0.6283780193785897,0.0009153564493607352,0.3707066241720495,21
33,0.63195580630969,0.0010597858015232962,0.3669844078887868,21
34,0.6357762563304268,0.0012175197591415693,0.36300622391043164,21
35,0.640420660160778,0.0013883584283828968,0.35819098141083916,21
36,0.6449975155306923,0.0015718947690037226,0.353430589700304,21
37,0.6486491156391604,0.001767528600879479,0.34958335575996013,21
38,0.6518180882872356,0.0019744872522104774,0.34620742446055397,21
39,0.6543353288842857,0.0032232920859784978,0.3424413790297358,21
40,0.6574075794273647,0.005396824328386427,0.33719559624424883,21
41,0.6606739551665877,0.007467194648750586,0.33185885018466177,21
42,0.6635531382299696,0.0094419414483025,0.32700492032172784,21
43,0.6645946747396876,0.013576918452898417,0.321828406807414,21
44,0.6623701988770975,0.019785938651780088,0.31784386247112245,21
45,0.6625063803671631,0.025565389476433636,0.31192823015640325,21
46,0.6573553968439028,0.03744137752660424,0.305203225629493,21
47,0.6615741082262114,0.03632582032097578,0.3021000714528128,21
48,0.6536773256519888,0.04378309611272564,0.30253957823528566,21
49,0.6536455645998157,0.04341275253546779,0.3029416828647165,21
50,0.5877342288045327,0.027826481708911728,0.3844392894865556,21
1,0.178247816868287,0.0,0.821752183131713,22
2,0.3710778289037735,0.013455229981783393,0.6154669411144431,22
3,0.4425742921320963,0.0,0.5574257078679036,22
4,0.46854399243091155,0.0,0.5314560075690884,22
5,0.47759086204626877,0.0,0.5224091379537312,22
6,0.4797867616639159,0.0,0.5202132383360841,22
7,0.4888540938422223,0.0,0.5111459061577777,22
8,0.49911749316040177,0.0,0.5008825068395982,22
9,0.5099004458158993,0.0,0.4900995541841006,22
10,0.5152479005756113,0.0,0.48475209942438874,22
11,0.5204626242709826,0.0002558064139429831,0.4792815693150745,22
12,0.5307070334105666,0.0,0.46929296658943337,22
13,0.5397953483890775,0.0,0.46020465161092244,22
14,0.5469133415312075,0.0,0.4530866584687925,22
15,0.5542753017216948,0.0,0.4457246982783051,22
16,0.5608839356533394,0.0,0.4391160643466607,22
17,0.5660409278352156,0.0,0.4339590721647843,22
18,0.5720006064187898,0.0,0.42799939358121025,22
19,0.5779385242756777,2.9158070366705133e-05,0.4220323176539556,22
20,0.5837081117726861,6.735862301294332e-05,0.41622452960430095,22
21,0.5893359597827815,0.00010955686613218936,0.41055448335108635,22
22,0.594245185071136,0.00015696957116079734,0.4055978453577032,22
23,0.5997058818117451,0.00021087866717602911,0.4000832395210789,22
24,0.6043940488918966,0.00027260640163391525,0.39533334470646947,22
25,0.6093048940608048,0.00034348520238581745,0.3903516207368094,22
26,0.6145262275577409,0.0004248230163181622,0.38504894942594103,22
27,0.619178614951164,0.000517865357003662,0.38030351969183235,22
28,0.6235493352501384,0.0006237557197304004,0.37582690903013116,22
29,0.6282448443062211,0.0007434963625709869,0.37101165933120794,22
30,0.6322422603165679,0.0008779116537464236,0.36687982802968566,22
31,0.6363831286891335,0.001027616206148732,0.3625892551047178,22
32,0.6400743696234509,0.001192989836816448,0.3587326405397327,22
33,0.6437032889489168,0.0013741610056240625,0.35492255004545914,22
34,0.6475090243335687,0.0015709998346949174,0.35091997583173634,22
35,0.6522434587735779,0.0017831211442119292,0.34597342008221016,22
36,0.6570027744317721,0.002009897234315699,0.34098732833391215,22
37,0.6603864488360005,0.0026174765651996064,0.3369960745987999,22
38,0.6633034426907439,0.0034822626103994184,0.33321429469885666,22
39,0.6650558133465247,0.0059653268109284285,0.3289788598425468,22
40,0.6675680668248789,0.009137268702898244,0.3232946644722229,22
41,0.6707202078907679,0.011735728528462223,0.31754406358076986,22
42,0.6731073400962876,0.014242309245558804,0.3126503506581536,22
43,0.6736250876483418,0.019183615380372686,0.3071912969712855,22
44,0.6708858805043625,0.02599217523746146,0.30312194425817607,22
45,0.6706734262901702,0.03214842805037045,0.2971781456594593,22
46,0.6655881748665563,0.04384281101173647,0.2905690141217072,22
47,0.6695770081241823,0.042949700385667096,0.2874732914901506,22
48,0.6618852480145447,0.04968007950776755,0.2884346724776877,22
49,0.6615088413392363,0.04950745118836504,0.2889837074723987,22
50,0.5937796452174013,0.03399616210571837,0.3722241926768802,22
1,0.18017174206165976,0.0,0.8198282579383402,23
2,0.3721005870741684,0.015084652277658222,0.6128147606481734,23
3,0.44592151340363906,0.0,0.5540784865963609,23
4,0.47372826329037526,0.0,0.5262717367096248,23
5,0.4832459639688578,0.0,0.5167540360311423,23
6,0.4851213061704528,0.0,0.5148786938295472,23
7,0.4943380334025601,0.0,0.5056619665974399,23
8,0.5048719934433546,0.0,0.4951280065566453,23
9,0.516618872126972,0.0,0.4833811278730279,23
10,0.5218935210672895,0.00033810286722588036,0.47776837606548467,23
11,0.5269598175409141,0.0011110946853542187,0.47192908777373166,23
12,0.5377087801054841,0.0,0.46229121989451605,23
13,0.547397296414121,0.0,0.452602703585879,23
14,0.5548204900730078,0.0,0.4451795099269923,23
15,0.5623963232873228,0.0,0.4376036767126773,23
16,0.5692711471803861,0.0,0.4307288528196139,23
17,0.5746592709785611,0.0,0.425340729021439,23
18,0.5806411302522616,2.492113828717578e-05,0.4193339486094512,23
19,0.5868575203847417,7.024887843320483e-05,0.4130722307368251,23
20,0.5928143863918167,0.00011957879033788754,0.4070660348178454,23
21,0.5986460711731086,0.00017429552215730837,0.40117963330473405,23
22,0.6037619708251475,0.00023586717856293946,0.39600216199628957,23
23,0.6094942805545109,0.00030581847862448663,0.3901999009668646,23
24,0.6143263369751977,0.0003856977416765335,0.3852879652831258,23
25,0.6193934011731859,0.0004770384159855194,0.3801295604108286,23
26,0.6247185365366735,0.000581316362846522,0.37470014710047994,23
27,0.6294783641325374,0.0006999045954959315,0.3698217312719666,23
28,0.634095642387995,0.0008340275925461209,0.3650703300194589,23
29,0.6390002215289161,0.0009847176009417473,0.3600150608701421,23
30,0.6430787541640641,0.0011527754607615522,0.35576847037517434,23
31,0.6473707086962308,0.0013387383861132064,0.351290552917656,23
32,0.6510340201238156,0.0015428568097858204,0.34742312306639855,23
33,0.654585999783496,0.001989596918860262,0.3434244032976438,23
34,0.6581015390081826,0.0027438457697411787,0.33915461522207624,23
35,0.6628802076851923,0.003026310590658015,0.33409348172414977,23
36,0.6679000223077106,0.003126518808121504,0.32897345888416796,23
37,0.6706725705360486,0.004777501025306854,0.3245499284386446,23
38,0.6733858035469276,0.0061837346175323896,0.32043046183554,23
39,0.6744753186125629,0.00973630658626674,0.31578837480117034,23
40,0.6764553217933382,0.013818771703547582,0.3097259065031142,23
41,0.6795659980515737,0.016819064346186383,0.3036149376022399,23
42,0.6816151725862979,0.01970139475254985,0.29868343266115227,23
43,0.6815936219267759,0.025398378573410867,0.29300799949981327,23
44,0.6783444537557395,0.032644411161756495,0.28901113508250403,23
45,0.6778956771045258,0.03903426562506995,0.28307005727040424,23
46,0.6730152363144634,0.0503262685155956,0.276658495169941,23
47,0.6767709493655387,0.04972043168581239,0.273508618948649,23
48,0.6695717392921527,0.05554601831357281,0.27488224239427445,23
49,0.6687580489661286,0.05567233407052669,0.27556961696334475,23
50,0.5998941404830866,0.0401446961835165,0.3599611633333968,23
1,0.1817110762087621,0.0,0.8182889237912379,24
2,0.37303318577819833,0.016673200738348836,0.6102936134834528,24
3,0.44889878725980326,1.6239390556792993e-05,0.5510849733496399,24
4,0.4784965612690012,0.0,0.5215034387309987,24
5,0.4884226092366497,0.0,0.5115773907633502,24
6,0.48999002153012006,0.0,0.51000997846988,24
7,0.4993784980278386,0.0,0.5006215019721614,24
8,0.5100989026848646,0.0,0.4899010973151355,24
9,0.5228625159803948,0.0,0.4771374840196051,24
10,0.5277862222717751,0.0011973734178776889,0.47101640431034725,24
11,0.532697982863115,0.0024609545909597234,0.4648410625459253,24
12,0.5438586147067899,0.0005999192675723887,0.4555414660256377,24
13,0.5545040069072833,0.0,0.44549599309271665,24
14,0.5621630830566132,0.0,0.43783691694338683,24
15,0.5699522533961155,0.0,0.4300477466038844,24
16,0.5770917087405106,0.0,0.42290829125948937,24
17,0.5826926128566914,3.693701587484735e-05,0.41727045012743375,24
18,0.5886771780816434,9.118678514819997e-05,0.4112316351332084,24
19,0.5951432594715833,0.0001494361521674828,0.4047073043762492,24
20,0.6012780694624533,0.00021322276202979593,0.3985087077755169,24
21,0.6073235108278915,0.00028418215118850243,0.3923923070209201,24
22,0.6126499690167594,0.00036401884805246226,0.38698601213518813,24
23,0.6186103527004316,0.00045447076118740326,0.38093517653838094,24
24,0.6235806954849226,0.0005572675562731666,0.37586203695880427,24
25,0.628785822799431,0.0006740842220836554,0.3705400929784854,24
26,0.6341775506466698,0.0008064915245735264,0.3650159578287567,24
27,0.6390431290798487,0.0009559054973526486,0.36000096542279864,24
28,0.6439167192436787,0.0011235384608789846,0.35495974229544236,24
29,0.649032797905793,0.001310354246801284,0.3496568478474057,24
30,0.6531135939355008,0.0016385614509291171,0.34524784461357005,24
31,0.6572776023290874,0.002399305587667499,0.3403230920832451,24
32,0.6608027649959475,0.0028802173066695656,0.336317017697383,24
33,0.6642166193337373,0.003695366437747228,0.3320880142285155,24
34,0.6674606676368382,0.004982215951114571,0.3275571164120472,24
35,0.6722012193914935,0.00543295355957471,0.3223658270489318,24
36,0.6774226099641425,0.005467815461465082,0.3171095745743924,24
37,0.6795948072420581,0.008100226122114999,0.31230496663582696,24
38,0.6821704191286801,0.009938295183020434,0.3078912856882995,24
39,0.6827043518638742,0.014380667399873183,0.30291498073625256,24
40,0.6841862459490838,0.019279250002277922,0.29653450404863824,24
41,0.6873084675835144,0.022580285662694842,0.2901112467537908,24
42,0.6891274595523827,0.02574755095815577,0.28512498948946147,24
43,0.6885847313445634,0.03210618051492965,0.2793090881405069,24
44,0.6848475361074817,0.039645232619366776,0.2755072312731516,24
45,0.6842979347501398,0.046110694445910164,0.26959137080395007,24
46,0.6796661824501529,0.056902803262390875,0.26343101428745624,24
47,0.6832682544678077,0.056556646634073726,0.2601750988981186,24
48,0.6767152098005617,0.061456814420139116,0.2618279757792992,24
49,0.6756185432703844,0.06180925186761434,0.2625722048620013,24
50,0.6061056617375282,0.046247027412978294,0.34764731084949346,24
1,0.18253321549120313,0.0,0.817466784508797,25
2,0.3738185585204791,0.018250348476054976,0.6079310930034658,25
3,0.45129521205050216,0.0004929925405902796,0.5482117954089075,25
4,0.48280078334113347,0.0,0.5171992166588666,25
5,0.49307659173525004,0.0,0.5069234082647499,25
6,0.4944107569312956,0.0,0.5055892430687045,25
7,0.5039675357196037,0.0,0.49603246428039627,25
8,0.5147515177953059,0.00012388658909252316,0.48512459561560156,25
9,0.5286181407389275,0.0,0.4713818592610725,25
10,0.5329504093833899,0.0025046545480085208,0.4645449360686016,25
11,0.537723305540353,0.004222904384606684,0.45805379007504043,25
12,0.5491647199530185,0.001807313468827499,0.44902796657815397,25
13,0.5611025064758116,0.0,0.43889749352418833,25
14,0.5689337768869965,0.0,0.43106622311300347,25
15,0.5769373761296598,1.626794596650399e-05,0.4230463559243738,25
16,0.5842938881942263,7.931438502071023e-05,0.4156267974207529,25
17,0.5901038087165422,0.00014480552007949468,0.4097513857633783,25
18,0.5961136930856654,0.00021427006194051773,0.40367203685239406,25
19,0.6027919223025945,0.0002893686975806893,0.39691870899982484,25
20,0.6090995749290811,0.00037187079414451735,0.3905285542767744,25
21,0.6153523476119229,0.000463623853585067,0.384184028534492,25
22,0.6208774844127156,0.0005665159896444984,0.37855599959763986,25
23,0.6270324808721925,0.0006824321409716512,0.3722850869868358,25
24,0.6319762760241175,0.0011318269360319141,0.36689189703985053,25
25,0.6373466092945697,0.0012114968554581516,0.3614418938499722,25
26,0.6427914148524304,0.001327927702672628,0.35588065744489694,25
27,0.647676234734209,0.0017203451445257749,0.3506034201212652,25
28,0.6527410108451847,0.0020345394606005977,0.34522444969421473,25
29,0.6580459339634445,0.0023437108153327862,0.33961035522122274,25
30,0.6619333080626978,0.0031748084341401764,0.334891883503162,25
31,0.6659586020226723,0.004494804163026413,0.3295465938143013,25
32,0.6693941162574479,0.005200674003703578,0.3254052097388485,25
33,0.6726727112401651,0.006377508331168149,0.32094978042866673,25
34,0.6756398114495022,0.00817957815293862,0.3161806103975591,25
35,0.6802952789467813,0.008871012805335587,0.3108337082478831,25
36,0.6856939335239697,0.008872504869937979,0.30543356160609236,25
37,0.6872930952566076,0.012412375318540069,0.3002945294248523,25
38,0.6897450494193877,0.014615464924586877,0.2956394856560254,25
39,0.6898247453754921,0.01978909986867052,0.2903861547558374,25
40,0.6908756690012148,0.025390627010796932,0.2837337039879883,25
41,0.6939868756878795,0.02897730996152398,0.2770358143505965,25
42,0.6957130391607513,0.03229741332061706,0.2719895475186317,25
43,0.6947267526675711,0.03918659656663306,0.26608665076579585,25
44,0.6905050799021709,0.04690906682176476,0.2625858532760643,25
45,0.6899889479531823,0.0533348775752121,0.25667617447160557,25
46,0.6856151542234967,0.06357493741478203,0.25080990836172123,25
47,0.6890434321364882,0.06349287110022636,0.24746369676328542,25
48,0.6832524508941784,0.0674666487662687,0.24928090033955294,25
49,0.6820195292132218,0.06799468153980491,0.24998578924697323,25
50,0.6126565382746298,0.05204145473462658,0.33530200699074364,25
1,0.1825901347604065,0.0,0.8174098652395936,26
2,0.3744089650317327,0.019829832506517847,0.6057612024617495,26
3,0.45314257565011584,0.0013544386748974944,0.5455029856749867,26
4,0.4866338825526031,0.0,0.513366117447397,26
5,0.49719438131176574,0.0,0.5028056186882341,26
6,0.4983625227429871,0.0,0.501637477257013,26
7,0.5080951224460547,0.0,0.49190487755394524,26
8,0.5185704060275408,0.0009274605561193916,0.48050213341633985,26
9,0.5338692229651947,0.0,0.4661307770348052,26
10,0.5374165182919745,0.004205717981042385,0.45837776372698325,26
11,0.5420383286994714,0.006371895558286798,0.45158977574224174,26
12,0.5536550517840995,0.0035746654655489634,0.4427702827503516,26
13,0.5670371803847158,0.00027009792616734866,0.4326927216891169,26
14,0.5750749985677914,0.0001236526733651433,0.42480134875884346,26
15,0.5832689773401478,0.00022096007167691362,0.41651006258817524,26
16,0.5908638103143016,0.0002694569361032864,0.4088667327495951,26
17,0.5967600548179204,0.0005871814726239079,0.4026527637094557,26
18,0.6027815226329787,0.0007522377469308695,0.39646623962009053,26
19,0.6095245949298425,0.0010856625653531682,0.3893897425048044,26
20,0.6160481522099102,0.0010757968910433263,0.3828760508990465,26
21,0.622535943059765,0.0011382285309786758,0.3763258284092563,26
22,0.6281084110328776,0.0015372415922249652,0.3703543473748974,26
23,0.6343843410896066,0.0017584506645951018,0.36385720824579837,26
24,0.6392686213721328,0.002626267688796431,0.35810511093907077,26
25,0.6447739377895586,0.002718815134549961,0.35250724707589143,26
26,0.6502038116096482,0.002893578376575251,0.34690261001377654,26
27,0.6551709759610065,0.0034827069671239316,0.3413463170718696,26
28,0.6603831026380287,0.003969331421581214,0.3356475659403901,26
29,0.6659267247109805,0.004350848697527478,0.32972242659149203,26
30,0.6696046753914897,0.005682637698472749,0.3247126869100375,26
31,0.6734492658921291,0.0075745873773053985,0.3189761467305656,26
32,0.6768282935084521,0.008463996983252921,0.314707709508295,26
33,0.6800117354761495,0.009960583084761287,0.31002768143908926,26
34,0.6827059373646918,0.012261006967225582,0.30503305566808264,26
35,0.6872546752772076,0.013237984314895486,0.2995073404078969,26
36,0.6927965074599222,0.013239706642980617,0.2939637858970972,26
37,0.6938899492146928,0.017579678871546746,0.2885303719137604,26
38,0.6962260245708106,0.020093074723618442,0.28368090070557095,26
39,0.6959460484692546,0.02585587539321051,0.278198076137535,26
40,0.696633343752927,0.03205437761446309,0.27131227863261,26
41,0.6996820660755031,0.035925333658801906,0.264392600265695,26
42,0.7013618966635435,0.03934122554696353,0.25929687778949295,26
43,0.7000435031811446,0.04660171936988461,0.2533547774489708,26
44,0.6954737666895512,0.054346349360314586,0.25017988395013424,26
45,0.6950177048498258,0.060676983328988465,0.2443053118211857,26
46,0.6909661037036195,0.0703041978619965,0.23872969843438396,26
47,0.6941302569161336,0.07053416010933636,0.23533558297453003,26
48,0.6892063236464159,0.0736018032110046,0.23719187314257958,26
49,0.6880318648035414,0.07421595972491468,0.23775217547154393,26
50,0.619489892921385,0.05756279828814155,0.3229473087904733,26
1,0.18202116713778607,0.0,0.817978832862214,27
2,0.3747831123362071,0.021433720118173925,0.603783167545619,27
3,0.45443523367300087,0.0025689845744300893,0.5429957817525691,27
4,0.48999009635373225,0.0,0.5100099036462677,27
5,0.5007832201138338,0.0,0.4992167798861662,27
6,0.5018486943781385,0.0,0.4981513056218615,27
7,0.5117716577265191,0.0,0.48822834227348083,27
8,0.5216129799350407,0.002330391012192014,0.47605662905276724,27
9,0.5385183925455737,0.00019762077225027146,0.4612839866821761,27
10,0.541172084392687,0.006312123939362498,0.4525157916679505,27
11,0.5457032263787254,0.008862237719244097,0.4454345359020305,27
12,0.5573532922699636,0.0058766073940406584,0.4367701003359958,27
13,0.5720616122069726,0.0012966839810033097,0.4266417038120241,27
14,0.5802506888223686,0.0010726217752327176,0.41867668940239866,27
15,0.5886161530179346,0.0012826502900930778,0.41010119669197237,27
16,0.5967125475115369,0.0007459547391479131,0.4025414977493152,27
17,0.6024334409588941,0.0018524211324677416,0.3957141379086382,27
18,0.6084829117510149,0.0021141031551118496,0.3894029850938733,27
19,0.6152599486241518,0.0027161195916886073,0.3820239317841596,27
20,0.6219585741448923,0.002682257473881681,0.375359168381226,27
21,0.6286760479159528,0.002726404023545926,0.3685975480605014,27
22,0.6342972832480362,0.003386658732914858,0.36231605801904887,27
23,0.6406419229991974,0.0037673083644412866,0.3555907686363613,27
24,0.6454889526043391,0.0050051432753242635,0.3495059041203366,27
25,0.6510909780292689,0.005161508843328222,0.3437475131274029,27
26,0.6564665178278819,0.005442803501917292,0.3380906786702008,27
27,0.6615591322142578,0.00620214111115578,0.3322387266745864,27
28,0.666870856545763,0.006890290890677576,0.32623885256355956,27
29,0.6726972324747802,0.007300545309739975,0.3200022222154798,27
30,0.6761706395545034,0.009115497989501398,0.3147138624559952,27
31,0.6798239716955373,0.011560063703236086,0.3086159646012266,27
32,0.6831725741822706,0.012604726703102746,0.3042226991146266,27
33,0.6862966139503053,0.014379828250883804,0.2993235577988109,27
34,0.6886933492294103,0.01718439057661458,0.29412226019397514,27
35,0.6931430115533461,0.018456614617354653,0.28840037382929923,27
36,0.698823595474142,0.0184620481641014,0.2827143563617566,27
37,0.6994593749157142,0.023507555002300038,0.27703307008198585,27
38,0.7016738949964825,0.026303187938943057,0.2720229170645745,27
39,0.7011488469311513,0.032500275265209225,0.2663508778036395,27
40,0.7015223364666932,0.03919854752216377,0.25927911601114306,27
41,0.7044417145362035,0.0433682052567507,0.2521900802070458,27
42,0.7061850920204396,0.046778467310416474,0.247036440669144,27
43,0.7045961014100848,0.05429243928051627,0.24111145930939895,27
44,0.6998244139723416,0.06191388519918563,0.23826170082847276,27
45,0.6994580906752825,0.06812867344267688,0.2324132358820406,27
46,0.6957333489906926,0.07712812578069404,0.22713852522861333,27
47,0.6986049552664862,0.07766248047615523,0.22373256425735852,27
48,0.6945099023986855,0.07994421270703594,0.22554588489427857,27
49,0.6933963974845947,0.08061436676437495,0.22598923575103036,27
50,0.6263067863058045,0.06310460385763467,0.3105886098365609,27
1,0.18093367634002164,0.0,0.8190663236599784,28
2,0.37493389941126853,0.023088375908053536,0.6019777246806779,28
3,0.4551541384125802,0.004136093129940172,0.5407097684574798,28
4,0.49284216348209087,0.0,0.5071578365179091,28
5,0.5038240710939471,0.0,0.49617592890605294,28
6,0.5048566731687607,0.0,0.49514332683123935,28
7,0.5150208723758077,0.0,0.48497912762419226,28
8,0.5239836982750177,0.004229764979929748,0.47178653674505255,28
9,0.5423380205091484,0.0010981096299839972,0.4565638698608676,28
10,0.5440939558444838,0.008941461333126207,0.44696458282239004,28
11,0.5487877936776413,0.01166791049220962,0.4395442958301491,28
12,0.5601400157127205,0.008819962095912225,0.4310400221913672,28
13,0.5761831071412875,0.003062472054720381,0.4207544208039921,28
14,0.5845006149987553,0.002800245133004104,0.41269913986824064,28
15,0.5929999737542432,0.0031658587354633297,0.4038341675102935,28
16,0.60155190171023,0.0021401690446704175,0.3963079292450996,28
17,0.6071709676183117,0.003898240167831201,0.3889307922138571,28
18,0.6132488641994998,0.004269858706587328,0.38248127709391294,28
19,0.6200235303768757,0.005155339303505223,0.37482113031961906,28
20,0.6268691468214358,0.00514797771355454,0.3679828754650097,28
21,0.6337977822441525,0.005193658969672789,0.36100855878617477,28
22,0.6394785569808299,0.0060783265596066685,0.35444311645956345,28
23,0.6458461739477417,0.006667479219734727,0.3474863468325236,28
24,0.6506781905745944,0.008228920593481487,0.3410928888319241,28
25,0.6563679900248054,0.008477450978191855,0.33515455899700275,28
26,0.6616757464877836,0.00888872872318466,0.32943552478903176,28
27,0.6668832053500895,0.009824739136798448,0.32329205551311213,28
28,0.6722728743277866,0.010724787443985636,0.31700233822822776,28
29,0.678417811398156,0.011132512684918126,0.31044967591692585,28
30,0.6816989154632047,0.013413046187059463,0.3048880383497358,28
31,0.6851666374507328,0.016377260527695756,0.2984561020215714,28
32,0.6884705221817622,0.017584033442700285,0.29394544437553755,28
33,0.6915635707071586,0.01959638644518275,0.2888400428476587,28
34,0.6936952223513466,0.022861471717870317,0.28344330593078304,28
35,0.6980399445201333,0.024441398368148588,0.2775186571117182,28
36,0.703837898723652,0.024472541907764617,0.2716895593685834,28
37,0.7040703223673046,0.030112394411103433,0.26581728322159204,28
38,0.706177587260576,0.03314899497030969,0.2606734177691143,28
39,0.7055125119759653,0.03964981545185062,0.25483767257218404,28
40,0.7056007128128999,0.04676978887141564,0.24762949831568443,28
41,0.7083602403916303,0.05121648759953731,0.24042327200883248,28
42,0.7102992392031637,0.05451791198646822,0.23518284881036805,28
43,0.7084603024897822,0.062206575725761555,0.22933312178445625,28
44,0.7035948273553495,0.06960857732733508,0.2267965953173154,28
45,0.7032918223579463,0.07571361114487841,0.2209945664971753,28
46,0.6999537882440031,0.08407151778067448,0.2159746939753224,28
47,0.7024497121153384,0.08491279930399001,0.21263748858067164,28
48,0.6992089159131081,0.08650016995680404,0.21429091413008788,28
49,0.6981610522191736,0.08718011846134213,0.2146588293194843,28
50,0.6329232437529585,0.06884827757809553,0.29822847866894603,28
1,0.1795564876322806,0.0,0.8204435123677194,29
2,0.3748301266873809,0.024812966720447666,0.6003569065921714,29
3,0.45532939732412414,0.006026802768670908,0.538643799907205,29
4,0.49522880616676007,0.0,0.5047711938332399,29
5,0.50635260646999,0.0,0.4936473935300099,29
6,0.5070319481533707,0.0007266621510971013,0.49224138969553216,29
7,0.517743349495386,0.0002249430768744478,0.48203170742773954,29
8,0.525718528578607,0.006582018754011319,0.46769945266738167,29
9,0.545359261857703,0.0026520806254573086,0.4519886575168397,29
10,0.5462456853233486,0.012049186521355417,0.441705128155296,29
11,0.5513114811044293,0.01478625760078867,0.43390226129478204,29
12,0.5621138183551397,0.012318679795857105,0.42556750184900316,29
13,0.579435405148486,0.005529601427929454,0.4150349934235845,29
14,0.5878787419150941,0.00524829070817011,0.40687296737673573,29
15,0.5964808860909492,0.005806378497798388,0.3977127354112525,29
16,0.6054318455807614,0.0043973856486505015,0.39017076877058815,29
17,0.6110079190790481,0.00669428359705361,0.38229779732389835,29
18,0.6170992589955663,0.007197866066900937,0.3757028749375328,29
19,0.6238335902081071,0.00837447892377385,0.367791930868119,29
20,0.6308111875230493,0.008436482395942045,0.36075233008100865,29
21,0.6379541355265603,0.008482525632413713,0.353563338841026,29
22,0.6436975866313653,0.009573154225325432,0.3467292591433092,29
23,0.6500250558734618,0.010429271116976807,0.3395456730095614,29
24,0.6548933846985027,0.01224638563043865,0.33286022967105877,29
25,0.6606469870399254,0.012622737012836442,0.32673027594723814,29
26,0.6658832267069067,0.01317637191838586,0.3209404013747075,29
27,0.6712067976377722,0.014282595734138325,0.31451060662808944,29
28,0.6766529678036591,0.015413060987171982,0.3079339712091689,29
29,0.6831527723923254,0.01578370723956163,0.30106352036811296,29
30,0.6862348695880892,0.01852819740522837,0.2952369330066824,29
31,0.6895002926731044,0.02199323115906715,0.28850647616782843,29
32,0.6927687946287713,0.023351590392885323,0.2838796149783434,29
33,0.6958829644872094,0.025544654672688582,0.278572380840102,29
34,0.6977562054556496,0.029242602898773506,0.27300119164557685,29
35,0.7019789087546666,0.031137252799649382,0.2668838384456841,29
36,0.7078929822409552,0.031206115814127054,0.2609009019449177,29
37,0.7077891740962373,0.03731618170895366,0.254894644194809,29
38,0.7098029405604578,0.040570381394957666,0.24962667804458455,29
39,0.7090701353228277,0.04726297126054471,0.2436668934166276,29
40,0.708942320296732,0.05470449570228751,0.2363531840009805,29
41,0.7114996469671278,0.05941476562613979,0.22908558740673246,29
42,0.7136775617443031,0.06257869082965263,0.2237437474260443,29
43,0.7116626752169094,0.07032305957013968,0.21801426521295092,29
44,0.7068192289292835,0.07742097211864815,0.21575979895206834,29
45,0.7065837689376535,0.08339692814658323,0.21001930291576326,29
46,0.7036974211868282,0.0911252581360918,0.20517732067708,29
47,0.7057748367661618,0.09225051670022548,0.2019746465336127,29
48,0.7032092519537486,0.09331685181997147,0.20347389622627993,29
49,0.7022052689066858,0.09396741204481492,0.20382731904849932,29
50,0.6391324739380962,0.07496874985639786,0.28589877620550574,29
1,0.17798322199650166,0.0,0.8220167780034984,30
2,0.3744648697712357,0.026625237682605555,0.5989098925461587,30
3,0.45501147549185494,0.00820557331720096,0.5367829511909441,30
4,0.49716753426106886,2.0947752070817408e-05,0.5028115179868603,30
5,0.5082910465412512,0.0002301754513148284,0.49147877800743395,30
6,0.5084418404944631,0.002105147847798903,0.489453011657738,30
7,0.5199684543753642,0.0006344029992789643,0.4793971426253568,30
8,0.5268542222312542,0.009352459081942377,0.4637933186868034,30
9,0.5476317296258715,0.0048065833609482675,0.4475616870131803,30
10,0.5476863311696045,0.015596279402798716,0.43671738942759675,30
11,0.553256346895268,0.018239919674957965,0.428503733429774,30
12,0.5633748909984844,0.01629382183437661,0.420331287167139,30
13,0.5818626550767858,0.008652087562099068,0.40948525736111513,30
14,0.5904324092449595,0.00837110374548321,0.40119648700955723,30
15,0.5991071732362729,0.009153157382530494,0.39173966938119664,30
16,0.608414212788357,0.0074443990092702104,0.38414138820237287,30
17,0.6140008085057189,0.010186835370805187,0.3758123561234759,30
18,0.6200876715262067,0.010844804442005921,0.3690675240317874,30
19,0.6267491070067881,0.012321123544344982,0.3609297694488669,30
20,0.6338441129121234,0.012490526770629704,0.3536653603172469,30
21,0.6412228231545296,0.012523498282456233,0.34625367856301414,30
22,0.6470092578111797,0.013820258714124428,0.3391704834746959,30
23,0.6532543733047659,0.014975974319951754,0.33176965237528244,30
24,0.6581958166861186,0.017004938874631368,0.3247992444392501,30
25,0.6639800461030905,0.017541793288960453,0.3184781606079491,30
26,0.6691532001369911,0.018238545499217607,0.3126082543637913,30
27,0.6745765015569097,0.019528063890695696,0.30589543455239454,30
28,0.6800730131321635,0.02088872656831242,0.2990382602995241,30
29,0.6869591025133253,0.021197510314473214,0.2918433871722016,30
30,0.6898339594914809,0.02440290817609065,0.2857631323324285,30
31,0.6928995977829032,0.028326676876303268,0.2787737253407936,30
32,0.6961452528450243,0.029818345887926288,0.2740364012670494,30
33,0.6993015430299059,0.03217279763656995,0.2685256593335242,30
34,0.7009672576924901,0.03623691833418571,0.2627958239733242,30
35,0.7050589373074125,0.03844529772886125,0.2564957649637262,30
36,0.711065605837266,0.03858043057384515,0.2503539635888889,30
37,0.710694861556513,0.045037665645639435,0.2442674727978476,30
38,0.7126090085546662,0.04849916250019239,0.23889182894514135,30
39,0.7118767189229563,0.05528555266714141,0.23283772840990224,30
40,0.7115889202057548,0.06295709174003522,0.22545398805420996,30
41,0.7138959218917815,0.06791997543804236,0.21818410267017613,30
42,0.7163958618609428,0.07089628706218415,0.212707851076873,30
43,0.7143255607182123,0.07855558871551682,0.20711885056627088,30
44,0.7095102348329378,0.08535659641299527,0.2051331687540669,30
45,0.7093314161867045,0.09119416348666774,0.19947442032662777,30
46,0.7069565031876445,0.09831336842528338,0.19473012838707215,30
47,0.7086188496899944,0.09967788369920336,0.1917032666108022,30
48,0.7066243891982442,0.10033087605583796,0.19304473474591782,30
49,0.7055591365307466,0.10096428229211864,0.19347658117713473,30
50,0.6448513763344411,0.08147300837703915,0.27367561528851975,30
1,0.17635475760839098,0.0,0.8236452423916091,31
2,0.37383299918508706,0.028550612970445668,0.5976163878444672,31
3,0.4542411957409648,0.010656048795997903,0.5351027554630373,31
4,0.4985114338228138,0.0004148533339826483,0.5010737128432036,31
5,0.5096990250280067,0.0006590143618948668,0.48964196061009846,31
6,0.509153876256249,0.004073303855318324,0.4867728198884327,31
7,0.5214585752878538,0.001751256450531525,0.4767901682616147,31
8,0.5274096949799032,0.012528310869140188,0.4600619941509566,31
9,0.5492061039109628,0.007515864780855698,0.4432780313081815,31
10,0.5484784256493576,0.01954694384042288,0.43197463051021956,31
11,0.5546396329330125,0.022030200780526067,0.42333016628646136,31
12,0.5640089300151164,0.0206865884224244,0.4153044815624592,31
13,0.5835241786096277,0.012379387390939325,0.404096433999433,31
14,0.5921973333991346,0.012140149869103865,0.3956625167317615,31
15,0.6009351325257067,0.013154304944432106,0.38591056252986117,31
16,0.6105686551529612,0.011218344215771173,0.3782130006312676,31
17,0.6161771141949867,0.014342037971791637,0.3694808478332217,31
18,0.6222412877168726,0.015184463595293763,0.3625742486878337,31
19,0.6288238730183393,0.016941208162973537,0.3542349188186872,31
20,0.6360343884190816,0.017246865250712007,0.34671874633020644,31
21,0.6436499546159665,0.017274354407020652,0.33907569097701284,31
22,0.6494551959928965,0.01877880861266701,0.3317659953944365,31
23,0.6555711514525795,0.020267108476450912,0.3241617400709696,31
24,0.6606452480938967,0.02244408029437457,0.31691067161172876,31
25,0.6664293790306512,0.02317587242590387,0.31039474854344495,31
26,0.6715332573746235,0.024026841826486692,0.3044399007988898,31
27,0.6770702683063217,0.025485785579351567,0.2974439461143268,31
28,0.6825925723698321,0.027089474205928853,0.29031795342423916,31
29,0.6898661856429574,0.027340033636789673,0.2827937807202529,31
30,0.6925636119757317,0.03096911202532421,0.2764672759989441,31
31,0.6954231898346714,0.035316674294944714,0.26926013587038383,31
32,0.6986816443116644,0.036899947160154906,0.26441840852818077,31
33,0.7018975282412689,0.03940032765911208,0.258702144099619,31
34,0.7034107496968114,0.04376420102750419,0.25282504927568444,31
35,0.7073345307759339,0.04630810671510408,0.24635736250896204,31
36,0.7134209750910201,0.04652218966923971,0.2400568352397402,31
37,0.7128538196689127,0.05321219998732118,0.2339339803437661,31
38,0.714651020336067,0.05687164632182242,0.2284773333421106,31
39,0.7139840818409046,0.06367555809007205,0.22234036006902344,31
40,0.7135701556263722,0.071500423352712,0.21492942102091583,31
41,0.7155708744886692,0.07670395252047618,0.20772517299085463,31
42,0.7184999872644957,0.07943679058282635,0.202063222152678,31
43,0.7164731925768183,0.08689623070977369,0.196630576713408,31
44,0.7116617526584823,0.09343434354247136,0.19490390379904632,31
45,0.7115555832789808,0.09911105917771164,0.18933335754330755,31
46,0.7096832059980412,0.10568399129012765,0.1846328027118311,31
47,0.7109381033953773,0.10722777426261772,0.18183412234200497,31
48,0.70949154695808,0.10751716319026434,0.18299128985165564,31
49,0.7082577850321652,0.10813290593806907,0.18360930902976574,31
50,0.6502178805171397,0.0881902356642319,0.2615918838186284,31
1,0.1747783253283515,0.0,0.8252216746716484,32
2,0.3729341939505349,0.030613216851951022,0.5964525891975141,32
3,0.4530614580698198,0.013364640352230136,0.53357390157795,32
4,0.49944183173365686,0.0008872107808375424,0.4996709574855056,32
5,0.5104734771586903,0.001580669073828896,0.4879458537674808,32
6,0.5092385909603883,0.006572245661082965,0.4841891633785288,32
7,0.5222470491685263,0.0035700846070789924,0.47418286622439476,32
8,0.5274316892456765,0.016083597906814844,0.45648471284750863,32
9,0.5501435922302549,0.010734397359499348,0.4391220104102458,32
10,0.5486884843505763,0.02386338512115769,0.427448130528266,32
11,0.5554841217020652,0.026158049225189363,0.41835782907274555,32
12,0.564086831302143,0.025445711414302425,0.4104674572835546,32
13,0.5844777649655912,0.016667015617339628,0.39885521941706914,32
14,0.5932293342785425,0.016504361109911103,0.3902663046115464,32
15,0.6020192569875153,0.01776382773490684,0.38021691527757784,32
16,0.6119767149038018,0.015643787044571884,0.37237949805162635,32
17,0.617588148697446,0.01911601077500969,0.36329584052754427,32
18,0.6236175436679621,0.02016751738495733,0.3562149389470807,32
19,0.6301292073005973,0.022177525411532305,0.3476932672878704,32
20,0.6374564263881375,0.022642265516130678,0.3399013080957318,32
21,0.6452710850799447,0.022698599835397865,0.33203031508465747,32
22,0.6510929076304556,0.02439094011273133,0.3245161522568132,32
23,0.6570590377123373,0.026227947790727374,0.31671301449693534,32
24,0.66229839205975,0.028515971173243036,0.3091856367670069,32
25,0.668057971118297,0.029464854940183454,0.3024771739415195,32
26,0.6731011587975184,0.030471525416959314,0.2964273157855223,32
27,0.678753935397564,0.03208924596493695,0.28915681863749904,32
28,0.684271030733233,0.03395030328790018,0.2817786659788668,32
29,0.6919381448358144,0.034147037931876636,0.273914817232309,32
30,0.6945242258192521,0.038133859879156684,0.2673419143015912,32
31,0.6971484381185442,0.04288947454523461,0.25996208733622117,32
32,0.700426003003041,0.044548744719099066,0.2550252522778599,32
33,0.7037303696499065,0.04716699143915132,0.24910263891094214,32
34,0.7051220676608281,0.05178172105269871,0.2430962112864732,32
35,0.7088825862533461,0.05464466632575544,0.23647274742089847,32
36,0.7150258062927995,0.054959251187092335,0.23001494252010812,32
37,0.7143249882847378,0.06178537037327348,0.22388964134198874,32
38,0.7159998736988351,0.06562013227929905,0.2183799940218659,32
39,0.7154225920322014,0.07239749976151212,0.21217990820628652,32
40,0.7149309311063378,0.08029304960048803,0.2047760192931742,32
41,0.7166204359855676,0.08569545108696434,0.19768411292746807,32
42,0.720018833949842,0.08818319383415577,0.19179797221600223,32
43,0.7181281940884336,0.09534801995702935,0.186523785954537,32
44,0.7133327587179727,0.10163303938720133,0.18503420189482592,32
45,0.7132853285554634,0.10714544116013222,0.17956923028440439,32
46,0.7118525145520928,0.11324913811159829,0.17489834733630896,32
47,0.7127833175942079,0.11489348453580994,0.17232319786998218,32
48,0.7118640246883123,0.11486327819770373,0.17327269711398394,32
49,0.7102825599788822,0.1154794659912107,0.17423797402990707,32
50,0.6551203841485047,0.09519773347257128,0.249681882378924,32
1,0.17324181361004137,0.0002581232351348448,0.8265000631548237,33
2,0.37177209036850334,0.0328427592522727,0.595385150379224,33
3,0.4515118538578555,0.016328614281731504,0.532159531860413,33
4,0.4999889198076086,0.001447936394911047,0.49856314379748035,33
5,0.5105374555582988,0.003247298331420642,0.4862152461102806,33
6,0.5087654454029388,0.009556702191137629,0.4816778524059236,33
7,0.5223936391682875,0.0060317806621351016,0.4715745801695774,33
8,0.5269569164910239,0.02000527680365352,0.45303780670532257,33
9,0.5504925763803932,0.014431336888105226,0.4350760867315016,33
10,0.548368697637153,0.028527629828576224,0.4231036725342708,33
11,0.5558200963401372,0.03062032941967276,0.4135595742401901,33
12,0.5636484435607448,0.030549099504412522,0.4058024569348426,33
13,0.5847762137194134,0.021478084329753254,0.3937457019508334,33
14,0.593588630473278,0.021414197708717865,0.3849971718180041,33
15,0.6024058116608733,0.02294425438911387,0.3746499339500129,33
16,0.6127026136204242,0.020661694358191016,0.36663569202138474,33
17,0.6182970652074792,0.02445769486654443,0.3572452399259764,33
18,0.6242783929690033,0.02573654385816779,0.34998506317282896,33
19,0.6307495569275161,0.027961859022015985,0.3412885840504679,33
20,0.6381766150518373,0.028615342131739566,0.33320804281642313,33
21,0.6461520975186451,0.02873651716361809,0.3251113853177368,33
22,0.6519872936890324,0.030605031471383014,0.3174076748395846,33
23,0.6577924940605604,0.03278982638569847,0.3094176795537411,33
24,0.663216247580819,0.035162717788783035,0.30162103463039797,33
25,0.6689431693393451,0.03633646918291719,0.2947203614777377,33
26,0.6739466272185168,0.037488209269701256,0.2885651635117819,33
27,0.6796781829443452,0.03928317007841864,0.28103864697723613,33
28,0.6851867334663102,0.041400043011381324,0.27341322352230846,33
29,0.693246284620082,0.041548922787353504,0.2652047925925645,33
30,0.6957587553360243,0.04584607001642844,0.2583951746475473,33
31,0.6981424598784028,0.05097755152981654,0.2508799885917806,33
32,0.7014748727239785,0.052671674883104876,0.24585345239291667,33
33,0.704866599149485,0.05539974624294449,0.23973365460757054,33
34,0.706172592675524,0.06021964535541703,0.23360776196905897,33
35,0.709769238939088,0.06338588948836302,0.22684487157254893,33
36,0.715933789662391,0.06383032952906495,0.2202358808085441,33
37,0.7151514327073669,0.07070283164312413,0.21414573564950895,33
38,0.7167011123600195,0.07469107114615765,0.20860781649382282,33
39,0.716272869811821,0.08137369785071183,0.20235343233746714,33
40,0.7157316869775517,0.08928244251593512,0.19498587050651314,33
41,0.7171233672921364,0.09483600280897411,0.18804062989888945,33
42,0.7209990922960529,0.09709637330781258,0.18190453439613458,33
43,0.7192885398069302,0.10392231352222556,0.17678914667084425,33
44,0.7145173145714404,0.10996333856458347,0.17551934686397613,33
45,0.7145492495918662,0.11528923380183398,0.17016151660629986,33
46,0.7134761923902133,0.1210023151786824,0.16552149243110428,33
47,0.7141977986322614,0.12264826117056474,0.16315394019717386,33
48,0.7137501266747551,0.12235742280225752,0.16389245052298734,33
49,0.7117218420285151,0.12294208687863202,0.16533607109285292,33
50,0.6596858039895924,0.10235475583436021,0.23795944017604737,33
1,0.17144904019007343,0.0007805280164757669,0.8277704317934508,34
2,0.3704585305906354,0.03521297427131572,0.5943284951380489,34
3,0.44967528429955483,0.019514139193445624,0.5308105765069996,34
4,0.500047353099893,0.002283062560332727,0.49766958433977426,34
5,0.5099301883431328,0.005595723898055179,0.48447408775881207,34
6,0.5078096173747534,0.01296231837672917,0.47922806424851744,34
7,0.5219234819184673,0.009101827286428792,0.46897469079510395,34
8,0.5260731015064418,0.02424264698362316,0.449684251509935,34
9,0.5503272406633593,0.01850215600419444,0.43117060333244633,34
10,0.5476896484517588,0.033390533548888976,0.4189198179993522,34
11,0.555689055435855,0.03539231420989336,0.40891863035425163,34
12,0.5627388800175255,0.035970591036644343,0.40129052894583017,34
13,0.5844837543152447,0.02675917774593237,0.38875706793882303,34
14,0.5933380162010158,0.02681646811669231,0.3798455156822919,34
15,0.6021685134012079,0.028631826161590677,0.3691996604372014,34
16,0.612790592885796,0.026222249469711134,0.3609871576444929,34
17,0.618339792838523,0.030334704118852765,0.3513255030426242,34
18,0.6242974370452334,0.03182481998021644,0.3438777429745501,34
19,0.6307613871670736,0.034235883812387485,0.33500272902053885,34
20,0.6382737079587288,0.03509139833315256,0.3266348937081186,34
21,0.6463546571948036,0.03532663542694041,0.318318707378256,34
22,0.6522006817609538,0.03736218287417397,0.3104371353648722,34
23,0.6578310240208561,0.0398890988615178,0.30227987711762605,34
24,0.6634507480320646,0.04233210081468775,0.29421715115324765,34
25,0.6691634595563946,0.04371359723796786,0.2871229432056376,34
26,0.6741367318286287,0.045009269868790155,0.2808539983025812,34
27,0.6799057333432367,0.047004825371488076,0.27308944128527524,34
28,0.6854201347759903,0.04935949777850382,0.2652203674455059,34
29,0.6938637170586367,0.04947322564748121,0.2566630572938821,34
30,0.6963198153900508,0.05404663220663549,0.24963355240331367,34
31,0.698487217645488,0.05949831374218091,0.24201446861233106,34
32,0.7019020260590529,0.061202199669066815,0.23689577427188024,34
33,0.7053664553339017,0.06404109346727824,0.23059245119882002,34
34,0.7066157342518944,0.06901954219790858,0.22436472355019704,34
35,0.7100241487861828,0.07248135967705127,0.21749449153676592,34
36,0.7162450408648845,0.0730362556430913,0.2107187034920242,34
37,0.715399947835483,0.07989561668885123,0.20470443547566577,34
38,0.7168141190952813,0.0840187571339652,0.1991671237707536,34
39,0.7165968642898566,0.09054239331337419,0.19286074239676929,34
40,0.7160332409210158,0.09842155410365747,0.18554520497532676,34
41,0.7171758014330414,0.10406791560914683,0.17875628295781185,34
42,0.7214704981397704,0.10615819978811741,0.1723713020721122,34
43,0.7199846114772226,0.11260470913794161,0.16741067938483578,34
44,0.7152694780913247,0.11839124358758063,0.16633927832109469,34
45,0.7154052990691727,0.12352168786858593,0.16107301306224137,34
46,0.7145530327324506,0.12893961656546263,0.15650735070208674,34
47,0.7151829987183401,0.130506841629895,0.15431015965176487,34
48,0.7151207585109476,0.1300161961823436,0.1548630453067088,34
49,0.712624272719332,0.13050543279695417,0.15687029448371378,34
50,0.6636824521799332,0.10988902573323898,0.22642852208682787,34
1,0.169383703163899,0.0014553390557025872,0.8291609577803984,35
2,0.36900533872259467,0.037710557766501784,0.5932841035109035,35
3,0.4476487044976265,0.022879903114547743,0.5294713923878257,35
4,0.49945178572339033,0.0038863553702863486,0.4966618589063233,35
5,0.5086084735055996,0.008600853138984817,0.4827906733554156,35
6,0.5065041331943323,0.016672737865588594,0.4768231289400791,35
7,0.5208436316678677,0.012736958595162039,0.4664194097369702,35
8,0.5247950832616556,0.028782125431994852,0.44642279130634965,35
9,0.5496868840462112,0.02292846669968072,0.427384649254108,35
10,0.5466821987530164,0.03844545986768717,0.41487234137929646,35
11,0.5551124893793139,0.040468005527952336,0.4044195050927338,35
12,0.5614175229484758,0.041671901242928786,0.3969105758085954,35
13,0.5836622570223078,0.032463008962890776,0.38387473401480143,35
14,0.5925200398000168,0.03267622120629702,0.3748037389936862,35
15,0.6013836363993912,0.034757126417130094,0.36385923718347873,35
16,0.612297367720555,0.03227165417377045,0.3554309781056746,35
17,0.6177815681879526,0.03668958639910205,0.3455288454129454,35
18,0.6237378809835985,0.03838024983485741,0.33788186918154406,35
19,0.6302254473526874,0.040947635947368125,0.3288269166999445,35
20,0.637794574481604,0.04202283009875977,0.3201825954196362,35
21,0.6459240720112385,0.042421324120615625,0.3116546038681459,35
22,0.6517978067862104,0.04459933669695393,0.3036028565168357,35
23,0.6572571599329764,0.04745213182799915,0.2952907082390245,35
24,0.6630870873263928,0.04994815688762317,0.28696475578598407,35
25,0.6687813372248173,0.051537190649616524,0.2796814721255662,35
26,0.6737500548932487,0.05295711163441106,0.27329283347234024,35
27,0.6795223290973428,0.05517442012476086,0.26530325077789635,35
28,0.6850337971592664,0.057764869978713496,0.2572013328620201,35
29,0.6938478525678848,0.05786376001360163,0.24828838741851353,35
30,0.6962903356273744,0.0626529254415815,0.24105673893104407,35
31,0.6982695989572701,0.06837396936605535,0.23335643167667453,35
32,0.7017788519738819,0.07007770522957987,0.22814344279653823,35
33,0.7052803053360772,0.07304107690920253,0.22167861775472025,35
34,0.706521673907428,0.07811931245492756,0.2153590136376444,35
35,0.7097189225966217,0.08186375356743827,0.20841732383594,35
36,0.7160282538638961,0.08251142220689431,0.20146032392920962,35
37,0.715116329553306,0.08932270787299525,0.19556096257369882,35
38,0.7164227419413841,0.09354112485912355,0.19003613319949234,35
39,0.7164142664904638,0.09989145835331713,0.18369427515621906,35
40,0.7158326004259639,0.10771433072490583,0.1764530688491303,35
41,0.7168079937138998,0.11337196224656629,0.16982004403953396,35
42,0.721468738114258,0.11534981878124487,0.1631814431044971,35
43,0.7202639055301587,0.12138329108866376,0.15835280338117752,35
44,0.7156707595402838,0.12689657706448815,0.15743266339522805,35
45,0.7158658902954077,0.13184715481088152,0.15228695489371077,35
46,0.7151760687954022,0.13703199421145063,0.1477919369931472,35
47,0.7157904515063426,0.13847294186994313,0.1457366066237143,35
48,0.7159917690875078,0.13784521649615886,0.1461630144163333,35
49,0.7130309376666971,0.1381658075195512,0.14880325481375167,35
50,0.6669611895352298,0.11796257822200568,0.2150762322427646,35
1,0.17183936315491827,0.0023847520783717695,0.8257758847667099,36
2,0.3682211503316747,0.040144190160079,0.5916346595082463,36
3,0.445257624892823,0.026696199652521416,0.5280461754546555,36
4,0.4984748032221564,0.006155715374774807,0.49536948140306886,36
5,0.5068580278522609,0.012166209519455042,0.4809757626282841,36
6,0.5050148878940413,0.02067371120126337,0.47431140090469537,36
7,0.519362259826148,0.016869448944894814,0.46376829122895713,36
8,0.5232930713083455,0.033584892649818676,0.44312203604183587,36
9,0.5487237742140101,0.02767952044091978,0.42359670534507016,36
10,0.5454666968329516,0.04367638180873708,0.4108569213583114,36
11,0.5542218999218437,0.04581100577057736,0.399967094307579,36
12,0.5598098560790233,0.04761316771240019,0.39257697620857646,36
13,0.5824250674390135,0.038542352654111905,0.37903257990687467,36
14,0.5912505121522149,0.03894220067724082,0.36980728717054434,36
15,0.6001701903464731,0.0412527682024165,0.35857704145111036,36
16,0.6113139653586219,0.038756294536132704,0.34992974010524536,36
17,0.6167240147719562,0.04346297200622495,0.3398130132218189,36
18,0.6226960104237607,0.0453382056872389,0.33196578388900044,36
19,0.6292330664500392,0.04803501363323967,0.3227319199167211,36
20,0.636821542149867,0.04934858232360447,0.3138298755265286,36
21,0.6449567095914069,0.04994516028397899,0.30509813012461406,36
22,0.650853785505544,0.05225425037711638,0.29689196411733965,36
23,0.6561506055935183,0.055410157615370485,0.28843923679111116,36
24,0.662201606493931,0.057947034295406596,0.2798513592106624,36
25,0.6678727116613588,0.05974034477631487,0.2723869435623264,36
26,0.6728660076561109,0.06126516044890673,0.26586883189498234,36
27,0.678594781284955,0.06372449739064834,0.2576807213243967,36
28,0.684082539798576,0.06655466321274463,0.24936279698867936,36
29,0.6932467782374597,0.06666675412657067,0.2400864676359696,36
30,0.6957092319180518,0.07161550802732007,0.23267526005462813,36
31,0.6975617569924496,0.07753259870233022,0.2249056443052202,36
32,0.7011463148187875,0.07925037446162944,0.21960331071958303,36
33,0.7046463944579653,0.08235233974711675,0.21300126579491796,36
34,0.705903067598219,0.08749635205432078,0.20660058034746026,36
35,0.7089119995018835,0.09146987687631103,0.19961812362180542,36
36,0.7152998906380357,0.09222107971281475,0.1924790296491496,36
37,0.7143321764762042,0.09894362615782093,0.1867241973659749,36
38,0.7155786951637978,0.10320784431450508,0.18121346052169712,36
39,0.7157387294286223,0.1094015348896652,0.17485973568171254,36
40,0.7151242911802376,0.11715671764087018,0.16771899117889225,36
41,0.7159986286819771,0.12276876326894968,0.16123260804907324,36
42,0.7209231978204192,0.1247010407116578,0.15437576146792295,36
43,0.7200193173091569,0.13032344493753387,0.14965723775330922,36
44,0.7156245764667224,0.13554959233097486,0.14882583120230275,36
45,0.7158072468572634,0.1403312836984788,0.14386146944425782,36
46,0.715244970679203,0.14533215783505582,0.13942287148574117,36
47,0.7158794800019364,0.14661906668721536,0.1375014533108483,36
48,0.7163051696131566,0.14588411814387567,0.13781071224296773,36
49,0.7128104444793534,0.14600138892845538,0.14118816659219124,36
50,0.6694933287533035,0.1265965866937553,0.2039100845529413,36
1,0.17311498330025352,0.00323879122000668,0.8236462254797398,37
2,0.3672471629817951,0.04274303142780198,0.590009805590403,37
3,0.44309233293299,0.030484469191371637,0.5264231978756384,37
4,0.4971845910178405,0.008953035097204626,0.49386237388495496,37
5,0.5046828004756403,0.016226345295687974,0.47909085422867176,37
6,0.5033414126978557,0.024952930776520686,0.47170565652562363,37
7,0.5176321232707393,0.021335975481818658,0.4610319012474421,37
8,0.5214259805342593,0.0387018358012679,0.43987218366447284,37
9,0.547314888678601,0.03280778394217457,0.41987732737922445,37
10,0.5440625640403703,0.0490498517758221,0.40688758418380755,37
11,0.5530156539362261,0.051410901353397556,0.39557344471037637,37
12,0.5580292443082618,0.053715520786568174,0.38825523490517,37
13,0.5807466496433977,0.04496650144181859,0.3742868489147837,37
14,0.5895901940634052,0.04555217567677373,0.3648576302598211,37
15,0.5985809902572023,0.04806344018695089,0.35335556955584674,37
16,0.6099095131234296,0.045604356936307225,0.34448612994026323,37
17,0.6152337493052966,0.05059213564923922,0.3341741150454642,37
18,0.6212505718462498,0.05262062564102455,0.3261288025127257,37
19,0.6278426852578259,0.05543936880762224,0.3167179459345518,37
20,0.6354328793200466,0.05699877535382499,0.30756834532612853,37
21,0.6435380331362506,0.05782091700268221,0.2986410498610672,37
22,0.6494435809416343,0.06025507111420686,0.2903013479441588,37
23,0.6545767835820699,0.0636976292564237,0.28172558716150636,37
24,0.6608484324029726,0.06627268480827786,0.2728788827887495,37
25,0.6665048964265355,0.06825970824076434,0.26523539533270013,37
26,0.6715438296285183,0.06988033015257898,0.2585758402189027,37
27,0.6771977859798058,0.07258931049678455,0.25021290352340964,37
28,0.6826558113493221,0.07564647228446332,0.24169771636621462,37
29,0.6921140475250361,0.07582138347879211,0.23206456899617176,37
30,0.6946326342306561,0.08087621175918439,0.22449115401015948,37
31,0.6964260693434076,0.08691804160725165,0.2166558890493408,37
32,0.700050699659563,0.08867747328551831,0.21127182705491868,37
33,0.7035380556377113,0.09191674568156485,0.20454519868072382,37
34,0.7048251002382704,0.09709194086242842,0.1980829588993012,37
35,0.7076658499493875,0.10125825941667173,0.19107589063394076,37
36,0.7141091557141291,0.10212816448436943,0.18376267980150143,37
37,0.7130882021255378,0.10873063071119698,0.1781811671632652,37
38,0.7143094539117596,0.11300923337330376,0.17268131271493664,37
39,0.714638051481643,0.11903366684288791,0.16632828167546904,37
40,0.7139997631040707,0.1267072824622375,0.15929295443369185,37
41,0.7148278361110674,0.13222568289917092,0.1529464809897617,37
42,0.7199034609671849,0.13418034851856522,0.14591619051424984,37
43,0.7192789801634197,0.13942664012782915,0.1412943797087511,37
44,0.7151638612754111,0.14434957204103405,0.14048656668355486,37
45,0.7152420852475958,0.14898568908117724,0.13577222567122696,37
46,0.7147900518873772,0.15383217208507494,0.13137777602754785,37
47,0.7153919869531555,0.15496671193834585,0.1296413011084986,37
48,0.7161437020042127,0.15410224755338348,0.1297540504424038,37
49,0.7121578342756607,0.15397985837029177,0.13386230735404753,37
50,0.6713099634255877,0.13572396894237368,0.1929660676320387,37
1,0.17318083564662182,0.003976887742075261,0.8228422766113029,38
2,0.3660333436881055,0.04550471654588435,0.5884619397660101,38
3,0.44107561573516574,0.0342579298151478,0.5246664544496864,38
4,0.49565091481938756,0.012155167784620623,0.4921939173959919,38
5,0.5021723534350591,0.020669642659551974,0.477158003905389,38
6,0.5015008414615417,0.029459581024040664,0.4690395775144176,38
7,0.5156466292583105,0.026102158827635953,0.45825121191405355,38
8,0.5191965444831312,0.04411074223166976,0.436692713285199,38
9,0.5454767844971262,0.038284821632279725,0.41623839387059414,38
10,0.5425590151779642,0.05448726563060741,0.40295371919142836,38
11,0.5514696260869725,0.05726626865083449,0.391264105262193,38
12,0.5561937195484543,0.05986452823078842,0.38394175222075727,38
13,0.5786905381392011,0.051672960452465555,0.3696365014083333,38
14,0.5875996874526402,0.05243793794731774,0.359962374600042,38
15,0.5966691634454895,0.05513401935616756,0.34819681719834294,38
16,0.6081420309191232,0.05275468757441067,0.3391032815064661,38
17,0.6133620760815772,0.05802546696358371,0.3286124569548391,38
18,0.6194471880301355,0.060175981474291276,0.3203768304955732,38
19,0.6261247258125373,0.0630942410608776,0.3107810331265851,38
20,0.6337029298005451,0.06490415741254554,0.3013929127869094,38
21,0.6417060201484639,0.06600755439468949,0.29228642545684663,38
22,0.6476290489400982,0.06853579147297464,0.2838351595869272,38
23,0.6526162705355427,0.07224497497645621,0.27513875448800107,38
24,0.6590947880516766,0.0748677156251816,0.2660374963231418,38
25,0.6647268133667824,0.07704995549267896,0.25822323114053863,38
26,0.6698423220051646,0.07874403156259607,0.25141364643223935,38
27,0.6754087045506956,0.08170392836637382,0.24288736708293063,38
28,0.6808140059928367,0.08498660897646114,0.23419938503070215,38
29,0.6904989855273206,0.08527711029017648,0.22422390418250293,38
30,0.693094004402581,0.09040026737124082,0.21650572822617822,38
31,0.6949088991828751,0.09648926988099422,0.20860183093613066,38
32,0.6985603311811052,0.09830273720586116,0.20313693161303367,38
33,0.7020154674804999,0.10168143683690718,0.1963030956825929,38
34,0.703334305592618,0.10686540592196275,0.18980028848541924,38
35,0.7060391946033129,0.11118217802450875,0.18277862737217837,38
36,0.7125100594900953,0.11219023501603426,0.17529970549387047,38
37,0.7114273185126835,0.11865485360557357,0.169917827881743,38
38,0.7126660717678741,0.12290971059117697,0.16442421764094892,38
39,0.7131751162691667,0.1287637855047714,0.15806109822606185,38
40,0.7125202647516329,0.13634206906800408,0.15113766618036303,38
41,0.7133840054909321,0.1417101454089446,0.14490584910012333,38
42,0.7184992475180514,0.14373764084540946,0.13776311163653915,38
43,0.7181245662981616,0.14866663768869798,0.13320879601314045,38
44,0.7142991353130086,0.15329528612649895,0.13240557856049245,38
45,0.7142068608598183,0.15780616359468408,0.1279869755454976,38
46,0.7138174131562266,0.16252348590333707,0.12365910094043633,38
47,0.7145476616680894,0.1634364930886641,0.12201584524324655,38
48,0.7156220167458037,0.1624678781222055,0.12191010513199077,38
49,0.711232769480026,0.16205717741396217,0.12671005310601183,38
50,0.6724008530009924,0.14534188771804382,0.1822572592809638,38
1,0.17203343697546977,0.004613342308463464,0.8233532207160668,39
2,0.364571759139235,0.04839885538107975,0.5870293854796851,39
3,0.4391380764524795,0.038024420898149135,0.5228375026493713,39
4,0.4938948080142766,0.01568397786452127,0.4904212141212021,39
5,0.4993844014756613,0.02540730171822797,0.4752082968061107,39
6,0.49950513303181077,0.03414437454349363,0.4663504924246956,39
7,0.513446443546255,0.031096332214305373,0.4554572242394397,39
8,0.5166693860477197,0.049737815702348226,0.43359279824993213,39
9,0.5432751544380303,0.0440394027445797,0.41268544281739,39
10,0.5409322322499929,0.05999811458457611,0.399069653165431,39
11,0.5496473354545868,0.06331170113038877,0.3870409634150245,39
12,0.5542762708805223,0.06606730906387329,0.3796564200556044,39
13,0.5763152281754786,0.058603568807258845,0.3650812030172625,39
14,0.5853520887915377,0.059520917223387114,0.35512699398507525,39
15,0.594466780719318,0.06242209085089918,0.3431111284297828,39
16,0.6060641448051263,0.06014836093182459,0.33378749426304916,39
17,0.6111741203930126,0.06569547130601641,0.32313040830097106,39
18,0.6173500690433532,0.06794010390204802,0.31470982705459877,39
19,0.6241418902621221,0.07094454444571516,0.30491356529216274,39
20,0.6316897398765672,0.07300996282277834,0.2953002973006545,39
21,0.6395436313251766,0.07442704301363909,0.28602932566118433,39
22,0.6454596030372588,0.07704986405825028,0.27749053290449094,39
23,0.6503256482120549,0.0809919353235353,0.26868241646440993,39
24,0.6569885471579364,0.0836862023737503,0.2593252504683133,39
25,0.6626214689065298,0.08603531528614163,0.25134321580732855,39
26,0.6678170527541363,0.08780990549858014,0.24437304174728358,39
27,0.6733017696450823,0.090999012850263,0.23569921750465472,39
28,0.6786228851960466,0.09451578027287226,0.2268613345310811,39
29,0.6884930805759498,0.0949561331978396,0.21655078622621057,39
30,0.691135984619707,0.10014700059739513,0.20871701478289784,39
31,0.6930564995537026,0.10621398592245929,0.20072951452383808,39
32,0.6967331743582785,0.10807789817874652,0.19518892746297495,39
33,0.7001439568351742,0.11159077943994669,0.18826526372487914,39
34,0.7014831771166103,0.1167768615137231,0.18173996136966655,39
35,0.7040713884893798,0.12120968974354242,0.17471892176707782,39
36,0.7105570636867922,0.1223677697048497,0.16707516660835814,39
37,0.7094243859637673,0.12866667747637336,0.1619089365598593,39
38,0.71073434675957,0.13286039878812067,0.1564052544523093,39
39,0.7114237027380468,0.13855946880343303,0.15001682845852018,39
40,0.7107519398176347,0.14604082246987488,0.1432072377124904,39
41,0.7116867549185343,0.15123366673581395,0.13707957834565176,39
42,0.716756398658539,0.15336698824306916,0.12987661309839182,39
43,0.7166030364197635,0.15803846842036048,0.125358495159876,39
44,0.7130576283717881,0.16239337638237755,0.12454899524583435,39
45,0.7127229730543604,0.16679652747500756,0.12048049947063205,39
46,0.712412590306509,0.171371053147926,0.11621635654556495,39
47,0.7133504950293698,0.17206036977701045,0.1145891351936198,39
48,0.7147262498391529,0.17099510154361322,0.11427864861723389,39
49,0.7100711718984001,0.17025933392874165,0.11966949417285827,39
50,0.6724068557717096,0.1557209077885629,0.17187223643972754,39
1,0.16979600740562245,0.005144766805256613,0.8250592257891209,40
2,0.3628722330248757,0.05139743954644695,0.5857303274286774,40
3,0.43722554415077575,0.04178515334470745,0.5209893025045168,40
4,0.4919437868400971,0.01946640878948501,0.4885898043704179,40
5,0.49638558693863755,0.030353482833094896,0.47326093022826754,40
6,0.49737523438861997,0.03896274569665265,0.4636620199147273,40
7,0.511054272726257,0.03626982838289015,0.4526758988908528,40
8,0.5139029742908834,0.05551837521256495,0.43057865049655164,40
9,0.5407822254090928,0.04999337733170405,0.4092243972592031,40
10,0.5391868834228355,0.06557224530827757,0.39524087126888696,40
11,0.5475860796580774,0.06950173756028953,0.3829121827816331,40
12,0.5522807197316493,0.07230958767814433,0.3754096925902064,40
13,0.5737061459409529,0.06568229452755941,0.36061155953148766,40
14,0.5829070309158408,0.06673285975012547,0.3503601093340337,40
15,0.5920240106240069,0.06987293296298802,0.3381030564130051,40
16,0.603731504422353,0.06772461870067205,0.32854387687697495,40
17,0.6087421177277278,0.07352924754935522,0.317728634722917,40
18,0.6150236326243754,0.07584991379548886,0.3091264535801357,40
19,0.6219451015168281,0.07894131027837467,0.2991135882047973,40
20,0.6294457628374377,0.08126028857314149,0.2892939485894208,40
21,0.637105074565782,0.08302230178285305,0.2798726236513649,40
22,0.643011653738783,0.08572399092254103,0.271264355338676,40
23,0.6478034727317636,0.08986176015087383,0.26233476711736253,40
24,0.6545986621490071,0.09266604442384041,0.2527352934271525,40
25,0.6602500528871714,0.09516115698687312,0.24458879012595547,40
26,0.6655153996205146,0.09703178697720907,0.23745281340227628,40
27,0.6709333693808999,0.10041665944485798,0.22864997117424216,40
28,0.6761588127024465,0.10416537343068406,0.21967581386686946,40
29,0.6861820857646124,0.10477784676432744,0.2090400674710602,40
30,0.6888517781587434,0.11004120255538136,0.2011070192858752,40
31,0.690924214607524,0.11604758793277338,0.19302819745970268,40
32,0.6946082129611781,0.11797211641911806,0.1874196706197038,40
33,0.6980002920861846,0.12158453696142496,0.1804151709523904,40
34,0.6993234722184887,0.12679223230938302,0.1738842954721283,40
35,0.7017976942496831,0.13131626858048218,0.16688603716983474,40
36,0.7083066564443644,0.13262592143818225,0.15906742211745334,40
37,0.7071722516731694,0.1387193228970415,0.15410842542978906,40
38,0.708541717894107,0.1428498592418377,0.14860842286405526,40
39,0.7094449595656553,0.14838078995554946,0.1421742504787952,40
40,0.7087485411015874,0.1557823409635401,0.13546911793487254,40
41,0.7097454413739865,0.16080788446062763,0.12944667416538583,40
42,0.7147535459690053,0.16304879233304073,0.12219766169795396,40
43,0.714780524779311,0.16751839779297195,0.11770107742771707,40
44,0.7115119255516233,0.17160872618798753,0.11687934826038912,40
45,0.7108253931609501,0.17594807261340165,0.1132265342256483,40
46,0.7106485662111008,0.1803399680565703,0.10901146573232887,40
47,0.7118270075135305,0.18083851365952158,0.10733447882694797,40
48,0.7135214763240372,0.17967090576866954,0.10680761790729329,40
49,0.7087138248361299,0.17859780925458596,0.11268836590928416,40
50,0.6713278330058519,0.16673084122697654,0.16194132576717155,40
1,0.1668072658708717,0.005562981439585116,0.8276297526895432,41
2,0.360981126370464,0.054464783565282775,0.5845540900642533,41
3,0.435282741974949,0.045550085138506134,0.5191671728865449,41
4,0.4898414594882868,0.02343625485912403,0.48672228565258924,41
5,0.49328793229462603,0.0354127772171446,0.4712992904882295,41
6,0.4951743615605323,0.04385807054934908,0.4609675678901186,41
7,0.5085183834265166,0.04156907586679694,0.4499125407066865,41
8,0.5109316102402903,0.061408662149017045,0.4276597276106927,41
9,0.5380598201612274,0.05608211955847162,0.4058580602803009,41
10,0.5373332144789253,0.07121691576684627,0.39144986975422846,41
11,0.5453736279694441,0.07576951534097505,0.37885685668958086,41
12,0.5500510998301471,0.07871180501672004,0.37123709515313286,41
13,0.5710256869644421,0.072776985954665,0.3561973270808929,41
14,0.5803103762791502,0.0740244553570859,0.34566516836376393,41
15,0.5893917022740021,0.0774378899500204,0.3331704077759775,41
16,0.6011966920333676,0.07542482792725577,0.32337848003937664,41
17,0.606122398335283,0.08146894261190431,0.3124086590528127,41
18,0.6125214519882916,0.08384720019580667,0.3036313478159018,41
19,0.6195851674784063,0.08702999090812745,0.29338484161346623,41
20,0.627028552562019,0.08960463863259899,0.28336680880538206,41
21,0.6344455519866585,0.09173801615111289,0.2738164318622286,41
22,0.6403497594238527,0.09449963258410818,0.26515060799203904,41
23,0.6451060071950694,0.09880332514331239,0.25609066766161825,41
24,0.6519840797191687,0.10175102001826447,0.2462649002625668,41
25,0.6576524443630076,0.1043907690445466,0.2379567865924458,41
26,0.6629771839381673,0.1063667344442831,0.2306560816175496,41
27,0.6683497227368329,0.10991133805597637,0.22173893920719073,41
28,0.6734708479127145,0.1138851890560635,0.21264396303122202,41
29,0.6836287622170031,0.11468409683537059,0.20168714094762638,41
30,0.6863213998503981,0.12002185473379151,0.1936567454158104,41
31,0.6885763530583048,0.12594348933991245,0.18548015760178277,41
32,0.6922427440950907,0.12793735835511316,0.17981989754979616,41
33,0.6956383789335424,0.131618172702237,0.1727434483642206,41
34,0.6969437129739073,0.13684964448214515,0.1662066425439475,41
35,0.6992607145213526,0.141471240610107,0.15926804486854038,41
36,0.7058224974747128,0.1429196837443927,0.15125781878089448,41
37,0.7047499162067964,0.1487733846981607,0.1464766990950429,41
38,0.7061299209668167,0.15286139809874685,0.14100868093443644,41
39,0.7072322048593643,0.1582471358738073,0.13452065926682838,41
40,0.706561303266241,0.16554151786819893,0.12789717886556007,41
41,0.7076062022770645,0.17041472728224344,0.12197907044069206,41
42,0.7125508026945534,0.17276123801323287,0.11468795929221373,41
43,0.7126533796992461,0.17710841812587233,0.11023820217488153,41
44,0.7097121252907161,0.18091810770370087,0.10936976700558299,41
45,0.7085970580987156,0.1852239826473748,0.10617895925390955,41
46,0.708603108718916,0.18941745144619498,0.10197943983488905,41
47,0.7099682817599793,0.1897872858301419,0.10024443240987882,41
48,0.7119800724325568,0.18852142410001593,0.09949850346742728,41
49,0.7071559022192924,0.18706686994159885,0.10577722783910878,41
50,0.6690956283695172,0.17838469445500074,0.15251967717548204,41
1,0.16799382985597994,0.005860614928371957,0.8261455552156481,42
2,0.3597802556022194,0.0573402111585807,0.5828795332391999,42
3,0.43309703527969445,0.0495868781248994,0.5173160865954062,42
4,0.4878013249192258,0.027531208194751026,0.4846674668860232,42
5,0.49031866222644305,0.0405054443099878,0.46917589346356914,42
6,0.49306074459721283,0.04878762001635964,0.45815163538642756,42
7,0.5060058328350606,0.04693539916182491,0.44705876800311445,42
8,0.5079549754653618,0.06732373036369443,0.42472129417094373,42
9,0.535284920998009,0.06222881118397315,0.4024862678180179,42
10,0.5354725402203997,0.07690566383187203,0.3876217959477283,42
11,0.543130607692502,0.082064496662316,0.37480489564518205,42
12,0.5477248805000684,0.08519888389829933,0.3670762356016323,42
13,0.568357989303562,0.07985091662398808,0.35179109407244996,42
14,0.5776525628172424,0.08134958969135517,0.3409978474914025,42
15,0.5866770388606168,0.08504797304164821,0.32827498809773503,42
16,0.5985556026991159,0.08318859526529199,0.3182558020355921,42
17,0.6034038060815043,0.08945544023884336,0.3071407536796523,42
18,0.6099072071143172,0.09189407700479642,0.29819871588088637,42
19,0.6171181049780442,0.09517143311805444,0.28771046190390137,42
20,0.6245218291868782,0.09798375580257337,0.2774944150105485,42
21,0.6316502700005675,0.10049958197995806,0.26785014801947443,42
22,0.6375495916094034,0.10331820668810375,0.25913220170249285,42
23,0.6422851449638459,0.10777235514651648,0.2499424998896376,42
24,0.6492046296635041,0.11088768658727503,0.23990768374922083,42
25,0.6548856342628505,0.1136719733774558,0.2314423923596937,42
26,0.6602647606192451,0.11576255193919022,0.22397268744156468,42
27,0.6656041171121886,0.11944390572247435,0.21495197716533707,42
28,0.6706252657053033,0.12362003574885749,0.20575469854583917,42
29,0.6809010051209596,0.12462376397662155,0.1944752309024188,42
30,0.6835810831276232,0.13004956726780773,0.18636934960456905,42
31,0.6860336495150264,0.1358793007148467,0.17808704977012688,42
32,0.6896496744212739,0.13795880127427365,0.17239152430445245,42
33,0.6930973238306055,0.14166240052074233,0.16524027564865215,42
34,0.694357796591024,0.1469421191459286,0.15870008426304735,42
35,0.6965025259506802,0.15164519529233783,0.15185227875698198,42
36,0.7031158634434127,0.15324127617767913,0.14364286037890817,42
37,0.7021614442926243,0.15882714234172732,0.1390114133656484,42
38,0.7035041225370764,0.16289199007760286,0.13360388738532075,42
39,0.7047617643569688,0.16817731333630187,0.12706092230672933,42
40,0.70419592332923,0.17533044923992763,0.12047362743084239,42
41,0.7052417990992896,0.1800873842252487,0.11467081667546167,42
42,0.7100909518777362,0.18254644146440496,0.10736260665785885,42
43,0.710228550698927,0.18681283544376334,0.10295861385730967,42
44,0.7075755503616099,0.19037792965393063,0.10204651998445946,42
45,0.7060014824835437,0.1946547362525684,0.09934378126388793,42
46,0.7062217812311932,0.1986573945907915,0.09512082417801535,42
47,0.7077684723417712,0.1989270478840975,0.09330447977413128,42
48,0.7100708328949698,0.19760047089740065,0.0923286962076296,42
49,0.7052614963880649,0.19577671916537237,0.09896178444656273,42
50,0.6658440537815432,0.19059308913392464,0.14356285708453215,42
1,0.16823885023133595,0.00606610389316582,0.8256950458754982,43
2,0.35840877168593854,0.06029951118075093,0.5812917171333105,43
3,0.4311431552652779,0.053497889727603685,0.5153589550071184,43
4,0.48581470280755834,0.03170527685501082,0.48248002033743087,43
5,0.4874836184114404,0.04558749179040951,0.4669288897981501,43
6,0.49103044621384373,0.053721537369338185,0.45524801641681817,43
7,0.5035369072764414,0.05231992293213669,0.444143169791422,43
8,0.5050077216174853,0.07321148750394689,0.4217807908785678,43
9,0.5324770960181753,0.06839430462481531,0.3991285993570094,43
10,0.5336123199296097,0.08261589106310724,0.3837717890072831,43
11,0.5408812280059108,0.08835886791636989,0.37075990407771936,43
12,0.5453395947810971,0.09173061692731721,0.36292978829158573,43
13,0.5657324988984305,0.08686169745419331,0.3474058036473762,43
14,0.5749908811415717,0.0886435633247224,0.3363655555337059,43
15,0.583942149831089,0.09263436245708992,0.32342348771182106,43
16,0.5958788493439711,0.09094963123083652,0.3131715194251924,43
17,0.6006566184339065,0.097426394095082,0.3019169874710115,43
18,0.6072173488748948,0.09995358150361237,0.29282906962149285,43
19,0.614571824008719,0.10332689442448198,0.28210128156679903,43
20,0.6219676471787252,0.10635077849935902,0.27168157432191575,43
21,0.6287847473592565,0.10924790269427759,0.2619673499464659,43
22,0.6346640368188634,0.11212958897174502,0.25320637420939157,43
23,0.6393926798327848,0.11672603120154462,0.24388128896567057,43
24,0.6463273746785642,0.12001726516214262,0.23365536015929322,43
25,0.6520012324759091,0.12295517074625374,0.22504359677783714,43
26,0.657439170413648,0.12516219610595972,0.21739863348039232,43
27,0.6627652965329145,0.12895650524325497,0.20827819822383054,43
28,0.6676623153621821,0.13332951902735696,0.19900816561046092,43
29,0.6780491862726449,0.13455344698044333,0.1873973667469118,43
30,0.6806837251237696,0.14007999236700425,0.17923628250922613,43
31,0.6833317488269031,0.14582533071040954,0.1708429204626874,43
32,0.686888006356079,0.14798727216806185,0.1651247214758591,43
33,0.6904086239972129,0.15169212601895168,0.1578992499838354,43
34,0.6915963703090009,0.1570509061921372,0.1513527234988619,43
35,0.6936015688905315,0.16178830550827616,0.14461012560119235,43
36,0.7002620558140392,0.16354524169051554,0.13619270249544524,43
37,0.6994378600497173,0.168868376270305,0.1316937636799777,43
38,0.7006876839522167,0.17293150349867611,0.12638081254910719,43
39,0.7020596824914792,0.17816017892939276,0.11978013857912803,43
40,0.7016553001806964,0.18516023689266856,0.113184462926635,43
41,0.7027488297682213,0.18978761657082793,0.10746355366095078,43
42,0.7074632020491135,0.19237964758392473,0.10015715036696177,43
43,0.7075660839235601,0.19659869342940028,0.09583522264703959,43
44,0.7051568684604843,0.1999713701409837,0.09487176139853198,43
45,0.703139069217001,0.20419730328066396,0.09266362750233506,43
46,0.7035251804896979,0.20805324811613352,0.08842157139416856,43
47,0.7053001908249132,0.20823486785765016,0.0864649413174366,43
48,0.7078055911669302,0.20688591583087215,0.08530849300219764,43
49,0.703139251820227,0.20467436411478723,0.0921863840649858,43
50,0.6618235376537334,0.20315832342484097,0.13501813892142567,43
1,0.16755449742983491,0.006192580819462679,0.8262529217507024,44
2,0.35689512256507827,0.06330764893929433,0.5797972284956274,44
3,0.4293689360477828,0.05729557298920098,0.5133354909630162,44
4,0.4838739938848573,0.035923724542088406,0.4802022815730544,44
5,0.4847884848475652,0.050622252564812106,0.4645892625876227,44
6,0.4890696187163134,0.058637934190047244,0.45229244709363936,44
7,0.5011098915818057,0.05769231536300576,0.44119779305518847,44
8,0.5021197397170082,0.07903635579228084,0.41884390449071096,44
9,0.5296820653380565,0.07453200100719953,0.39578593365474396,44
10,0.5317498715197413,0.08832982116037313,0.3799203073198856,44
11,0.5386292878116246,0.09463398367663287,0.36673672851174255,44
12,0.5429328102051292,0.09826024855638385,0.358806941238487,44
13,0.5631700068103453,0.0937827905542411,0.34304720263541355,44
14,0.572362266541642,0.09586908973956329,0.33176864371879466,44
15,0.5812204296355317,0.1001607858963979,0.31861878446807046,44
16,0.5932112990873879,0.09865891628605608,0.30812978462655605,44
17,0.5979123753473308,0.10534730810350387,0.29674031654916544,44
18,0.6044957532933339,0.10798247035250473,0.2875217763541613,44
19,0.6119680421248772,0.111466082057703,0.27656587581741976,44
20,0.6193942508138808,0.11467630188842592,0.2659294472976933,44
21,0.6259095918657894,0.11792821918275792,0.25616218895145265,44
22,0.6317685383600851,0.12087597623595403,0.2473554854039609,44
23,0.6364882896065907,0.12561694928316233,0.23789476111024702,44
24,0.6434107760505086,0.1290904016056615,0.22749882234382995,44
25,0.6490654588949577,0.13218902449108214,0.21874551661396016,44
26,0.6545708349067658,0.1345108782932521,0.2109182867999821,44
27,0.659900838572776,0.13839977444912827,0.2016993869780957,44
28,0.6646696114985435,0.14294522050802871,0.19238516799342775,44
29,0.675100606946638,0.14445020812500609,0.18044918492835593,44
30,0.6776907876243754,0.15005869610663952,0.17225051626898508,44
31,0.6805016531756551,0.155755105035931,0.16374324178841385,44
32,0.6840090563686301,0.1579785477340813,0.15801239589728863,44
33,0.6876045275649181,0.16168816976097353,0.1507073026741084,44
34,0.6887003170158765,0.16713687634519148,0.144162806638932,44
35,0.6906226594943986,0.17186642405250357,0.13751091645309782,44
36,0.6973207542730652,0.17379979877047202,0.1288794469564628,44
37,0.6966436144231022,0.17885753133455323,0.12449885424234458,44
38,0.6977625648538404,0.18293016408092255,0.11930727106523709,44
39,0.6992378600653366,0.1881269547140672,0.11263518522059618,44
40,0.6990415076374763,0.19497130566959453,0.10598718669292917,44
41,0.7001656260116187,0.19949951112876443,0.10033486285961687,44
42,0.7046873092530852,0.20224598349826378,0.09306670724865101,44
43,0.7047537435418241,0.20640301278699594,0.08884324367117999,44
44,0.702515815612794,0.20965995388881517,0.08782423049839086,44
45,0.7001464417974139,0.21378553659741753,0.08606802160516855,44
46,0.7005360446769541,0.21756081128241264,0.08190314404063329,44
47,0.7026382883019444,0.21768760841470436,0.07967410328335123,44
48,0.7051820612553124,0.2163639654611475,0.07845397328354015,44
49,0.700775357399254,0.21374781282351965,0.08547682977722634,44
50,0.6572859852735278,0.2157705564475702,0.12694345827890205,44
1,0.1665054193755652,0.0062745056177155685,0.8272200750067192,45
2,0.3551732399250378,0.0663441829693448,0.5784825771056175,45
3,0.42763563851953146,0.06102809068385491,0.5113362707966136,45
4,0.48206672215585966,0.04011405244525151,0.4778192253988887,45
5,0.48231582536622264,0.055554211477628915,0.46212996315614846,45
6,0.48712089796948976,0.0635922381123766,0.44928686391813366,45
7,0.49868151124560833,0.06301422683471028,0.4383042619196814,45
8,0.49938992838883134,0.08466982916143476,0.41594024244973393,45
9,0.527051518464271,0.08053988873982931,0.3924085927958997,45
10,0.5297773012852873,0.09412356982829201,0.37609912888642066,45
11,0.5363992034751655,0.10086540112377464,0.3627353954010599,45
12,0.5405552921904184,0.1047406301339755,0.3547040776756061,45
13,0.5606861790259345,0.10059729807469173,0.3387165228993737,45
14,0.5697933405683584,0.1030038025067919,0.3272028569248497,45
15,0.5785479374536684,0.10759047711567939,0.31386158543065223,45
16,0.5905913809092935,0.10628066937256941,0.30312794971813706,45
17,0.5952046158681717,0.11318212254423768,0.2916132615875906,45
18,0.6017732597930996,0.11595084065426278,0.28227589955263765,45
19,0.6093538029234449,0.11954657147072599,0.2710996256058291,45
20,0.6168257495248005,0.12293845141407658,0.26023579906112293,45
21,0.6230704224110672,0.1265041072034431,0.2504254703854897,45
22,0.628914280341327,0.12951559721355055,0.24157012244512244,45
23,0.6336073261727568,0.13441249337903902,0.23198018044820415,45
24,0.6404709796292292,0.13808467993300796,0.22144434043776287,45
25,0.6461184946246504,0.141340722485655,0.21254078288969458,45
26,0.6517095874682444,0.14376422282574897,0.20452618970600667,45
27,0.6570360960152796,0.14775226405160047,0.19521163993311996,45
28,0.6617091888377807,0.15242463754774818,0.18586617361447108,45
29,0.6721216245695969,0.1542615656677423,0.1736168097626608,45
30,0.6746652437625942,0.1599319035236664,0.16540285271373942,45
31,0.6776140198842733,0.1656140698415613,0.15677191027416543,45
32,0.6810846563516255,0.1678723272044827,0.1510430164438918,45
33,0.6847168375860795,0.17162355215461234,0.14365961025930818,45
34,0.6857147466744153,0.17716309204144928,0.13712216128413537,45
35,0.6875974424016837,0.18185677114233817,0.13054578645597809,45
36,0.694328726944169,0.18397257980537993,0.12169869325045105,45
37,0.6938147186606235,0.18877383824239605,0.11741144309698046,45
38,0.6948250514491334,0.19282589155697616,0.11234905699389042,45
39,0.6963475082157606,0.19804762398282907,0.10560486780141029,45
40,0.6963539764763803,0.20476181425817097,0.09888420926544872,45
41,0.6975376285838664,0.20919223001170248,0.09327014140443116,45
42,0.7018078701954714,0.21211484432800815,0.08607728547652044,45
43,0.7018744460979095,0.21617902622091778,0.08194652768117272,45
44,0.699730754632922,0.2193852651107387,0.0808839802563393,45
45,0.6970666790686104,0.22339317314747933,0.07954014778391025,45
46,0.6973564307815069,0.22713039222124334,0.07551317699724977,45
47,0.6998282783181995,0.22723903993992697,0.07293268174187353,45
48,0.7023446697152235,0.22594614873019586,0.07170918155458067,45
49,0.6982451139284259,0.22296551147898203,0.07878937459259205,45
50,0.6524802841330204,0.22833957063036303,0.11918014523661656,45
1,0.17005395779315435,0.006057413376565238,0.8238886288302804,46
2,0.3542472813277415,0.06905216739794877,0.5767005512743097,46
3,0.4257210628105935,0.06495952602568048,0.509319411163726,46
4,0.4806496182508415,0.044206470906002875,0.4751439108431555,46
5,0.4803011184392364,0.060300098775225575,0.45939878278553803,46
6,0.48526799102303203,0.06857729311861104,0.446154715858357,46
7,0.4964181436965619,0.06823650181809618,0.43534535448534195,46
8,0.49695165736461105,0.09008507611319191,0.41296326652219717,46
9,0.5246894860733069,0.08638666139690274,0.38892385252979034,46
10,0.5278466700052244,0.09991475258242705,0.3722385774123485,46
11,0.5342924522144484,0.10700053549316141,0.35870701229239016,46
12,0.5383198782767802,0.1111135786518247,0.3505665430713951,46
13,0.5583506461479419,0.10727525454675009,0.334374099305308,46
14,0.5673963074834412,0.10998277260715462,0.3226209199094042,46
15,0.5760180736282172,0.1148653017478823,0.3091166246239005,46
16,0.5880701175366287,0.1137772253372552,0.29815265712611605,46
17,0.5926161563723786,0.12087178641846875,0.2865120572091526,46
18,0.5991209575420983,0.12380844703070461,0.27707059542719714,46
19,0.606801241856883,0.1275186591577207,0.2656800989853963,46
20,0.6143295663055237,0.13109174314392116,0.25457869055055515,46
21,0.6203380487965726,0.13492187647534523,0.24474007472808215,46
22,0.6261336988670044,0.13802202810874428,0.2358442730242513,46
23,0.6308034230127642,0.14306930426915992,0.22612727271807592,46
24,0.6375674424290777,0.1469576889837712,0.2154748685871511,46
25,0.6431928202621001,0.15037902336693648,0.2064281563709634,46
26,0.648884525193088,0.1528967216499393,0.19821875315697265,46
27,0.6542134426461499,0.15697823420658674,0.18880832314726337,46
28,0.6588018662551918,0.16175487891234908,0.17944325483245915,46
29,0.6691580934089337,0.16394103492400783,0.16690087166705844,46
30,0.6716465909633853,0.16967336893128404,0.15868004010533066,46
31,0.6747096533654777,0.17536209215107254,0.14992825448344974,46
32,0.6781429893817605,0.17765236239210133,0.14420464822613813,46
33,0.6817590097429406,0.18147876414180017,0.13676222611525926,46
34,0.682688157804045,0.18709150147126533,0.13022034072468966,46
35,0.6845806180324403,0.19172351378433541,0.12369586818322428,46
36,0.6913012108682997,0.19405637465002573,0.11464241448167461,46
37,0.690976471931648,0.19861018946189396,0.11041333860645802,46
38,0.6918682645350198,0.2026276244570303,0.10550411100794987,46
39,0.6934451520141502,0.20788899522136042,0.09866585276448933,46
40,0.6936241144192623,0.21452332650011174,0.09185255908062595,46
41,0.6948085283249292,0.21890302759728197,0.0862884440777888,46
42,0.6988277802388791,0.22200158815993412,0.07917063160118673,46
43,0.6988503313141199,0.22599274918218049,0.07515691950369963,46
44,0.6966989390922024,0.22919815773900934,0.07410290316878829,46
45,0.6938094260624136,0.2330728472916351,0.07311772664595131,46
46,0.6939585938606112,0.23680147297232682,0.06923993316706198,46
47,0.6967835036168446,0.23693775922168817,0.06627873716146723,46
48,0.6992290985170546,0.23568303876341246,0.06508786271953293,46
49,0.6954083215005565,0.2324060575406591,0.07218562095878436,46
50,0.6474256211010103,0.24082891048212327,0.11174546841686636,46
1,0.17295581251603975,0.005749838564860168,0.8212943489191,47
2,0.35325647096124146,0.07174099132337913,0.5750025377153793,47
3,0.4241434070860518,0.06868278244666272,0.5071738104672855,47
4,0.47956636912288764,0.04818745655948779,0.47224617431762456,47
5,0.47865983422631797,0.06487569818115663,0.4564644675925255,47
6,0.4835262758683945,0.07354157946273168,0.4429321446688739,47
7,0.49434271369323113,0.0733308974813228,0.43232638882544605,47
8,0.49476919698610855,0.09529721221586811,0.40993359079802344,47
9,0.5225601282072028,0.09208047473537546,0.3853593970574218,47
10,0.5259947202249011,0.1056497810334811,0.36835549874161777,47
11,0.5323114957239133,0.11302332078612615,0.3546651834899605,47
12,0.5362669273539035,0.11734005600446937,0.34639301664162714,47
13,0.5561773756984595,0.11379420143287729,0.33002842286866324,47
14,0.5651750128901947,0.11678737458712951,0.3180376125226758,47
15,0.5736594085216802,0.12194696828796586,0.30439362319035396,47
16,0.5856639060053995,0.12112526273607957,0.2932108312585209,47
17,0.5901625675761952,0.128397012213929,0.2814404202098758,47
18,0.5965820483348429,0.1315147051536088,0.27190324651154835,47
19,0.6043335231365817,0.13535717247368637,0.2603093043897319,47
20,0.6119330639891236,0.1391009517770248,0.24896598423385158,47
21,0.6177519098497356,0.14314922371541416,0.23909886643485023,47
22,0.6234425338284632,0.14636681018961678,0.23019065598192007,47
23,0.6281223126222419,0.15154624188552993,0.22033144549222813,47
24,0.6347666132129008,0.1556548257410357,0.20957856104606346,47
25,0.6403388496542572,0.1592611947708193,0.20039995557492346,47
26,0.6460975274632816,0.16189503364776814,0.19200743888895022,47
27,0.6514661825595862,0.16604500096784913,0.18248881647256465,47
28,0.6560017467115429,0.17089315670386396,0.17310509658459317,47
29,0.6662427136241407,0.17346171467134333,0.160295571704516,47
30,0.6686839291698311,0.17925118524666095,0.15206488558350795,47
31,0.6718399507021792,0.18494945362830523,0.1432105956695156,47
32,0.675240287051164,0.18727346903336378,0.1374862439154722,47
33,0.6788070145346925,0.19120666298908398,0.12998632247622352,47
34,0.679692128098851,0.19686528970045256,0.1234425822006964,47
35,0.6816125288606857,0.2014452150885603,0.116942256050754,47
36,0.6883314150637044,0.20398148064456942,0.10768710429172615,47
37,0.6881640868552865,0.20834011757433496,0.10349579557037852,47
38,0.6889686195646031,0.21229219430153914,0.09873918613385776,47
39,0.690581485670717,0.21761182681693553,0.0918066875123475,47
40,0.690899702011964,0.22422100476148168,0.08487929322655427,47
41,0.6920310145536338,0.22859108611808127,0.07937789932828493,47
42,0.6958445758953309,0.23183779274934307,0.07231763135532604,47
43,0.6957824223641279,0.23577382769369662,0.06844374994217547,47
44,0.6934777845902611,0.23903310309009038,0.06748911231964852,47
45,0.6904604724502937,0.24276189405732168,0.06677763349238458,47
46,0.6903977074432522,0.24650675441126374,0.06309553814548402,47
47,0.6935863144186942,0.24669260022095194,0.05972108536035384,47
48,0.6959444425609377,0.24547554275866296,0.05858001468039936,47
49,0.6924482616852864,0.2419400745373725,0.0656116637773411,47
50,0.6423368873119023,0.25307466892453917,0.10458844376355846,47
1,0.1746448407745732,0.005367807741774797,0.819987351483652,48
2,0.3523291153281794,0.07438532667889702,0.5732855579929237,48
3,0.4229471586548684,0.07218085925882678,0.5048719820863048,48
4,0.4786430919387863,0.05210710797795276,0.46924980008326095,48
5,0.47723146091898927,0.06932427501405986,0.4534442640669509,48
6,0.4819504126453662,0.07837788390666076,0.439671703447973,48
7,0.49251724934381225,0.07828747458625765,0.42919527606993013,48
8,0.4927058505712296,0.100435441838301,0.4068587075904694,48
9,0.5205025373294334,0.09769526297628725,0.3818021996942793,48
10,0.5243303514026785,0.111213379673766,0.36445626892355554,48
11,0.5304500453881409,0.11891949768361165,0.35063045692824746,48
12,0.5344021509212357,0.12340470245726942,0.3421931466214949,48
13,0.5541561158400263,0.12014104630902088,0.3257028378509528,48
14,0.5631145508997812,0.12341452142310483,0.31347092767711393,48
15,0.5714743332810523,0.1288263295576491,0.29969933716129854,48
16,0.5833960296259488,0.12829582664039052,0.28830814373366065,48
17,0.5878683276751172,0.13572938653803482,0.276402285786848,48
18,0.5942027236667143,0.1390318121220207,0.26676546421126496,48
19,0.6020014163930202,0.14301930774197164,0.2549792758650082,48
20,0.6096515832788831,0.14694321460119078,0.24340520211992608,48
21,0.6153055582025775,0.15117998619284675,0.23351445560457576,48
22,0.620903512138055,0.15450388972629553,0.22459259813564952,48
23,0.6255911177628837,0.15982664214094977,0.21458224009616655,48
24,0.6320926953217174,0.16415164204025112,0.20375566263803147,48
25,0.6375856717827413,0.16795672086075025,0.19445760735650847,48
26,0.6434157060982,0.17070751675048035,0.18587677715131967,48
27,0.648816263651513,0.17493287502845517,0.17625086132003182,48
28,0.6533055598507846,0.17983974599359476,0.1668546941556206,48
29,0.6634034594466621,0.18279589221734774,0.15380064833599014,48
30,0.6658417316132547,0.1886122271987686,0.14554604118797673,48
31,0.6690576029055308,0.1943375600349239,0.13660483705954526,48
32,0.672408953554192,0.19671416791927238,0.13087687852653568,48
33,0.6759413638092897,0.20074727660402047,0.12331135958668982,48
34,0.6767872361573528,0.2064461654561268,0.1167665983865204,48
35,0.678739705217308,0.21098123248309156,0.11027906229960047,48
36,0.6854475434746258,0.21371984390830318,0.10083261261707105,48
37,0.6854309650915495,0.21791046434042968,0.09665857056802077,48
38,0.6861727307420905,0.22179373723722462,0.09203353202068487,48
39,0.6878323190752196,0.22717426277521915,0.08499341814956127,48
40,0.6882306155279879,0.23381434773405327,0.07795503673795881,48
41,0.6892826360085929,0.23818065588211002,0.07253670810929713,48
42,0.692987390976583,0.24151724255644963,0.06549536646696735,48
43,0.6927276397576215,0.24546969292820456,0.061802667314173915,48
44,0.6902471005482095,0.24875380747374595,0.06099909197804457,48
45,0.687179096498228,0.2523509614299318,0.060469942071840255,48
46,0.6868008199737259,0.25613188670246,0.057067293323814106,48
47,0.6903593567930475,0.2563687046874241,0.05327193851952838,48
48,0.6925736553915542,0.2552153776014859,0.052210967006959874,48
49,0.6896256429146735,0.25139411585498767,0.05898024123033879,48
50,0.6376277466342565,0.2647875005425935,0.0975847528231501,48
1,0.17457482956320752,0.005028421879332574,0.8203967485574599,49
2,0.3513296627242892,0.07708542454695276,0.571584912728758,49
3,0.42202288080363237,0.07550107252607083,0.5024760466702968,49
4,0.4776907115168817,0.05600916428213588,0.46630012420098244,49
5,0.47583667005111674,0.07371476557269926,0.45044856437618397,49
6,0.4805932406005462,0.08302075583227597,0.4363860035671778,49
7,0.49089177500001735,0.08310308955180641,0.42600513544817625,49
8,0.4907535271240593,0.10547242835811572,0.4037740445178249,49
9,0.5185164274097211,0.10319817883698523,0.3782853937532936,49
10,0.522827462656952,0.1166095593211173,0.3605629780219307,49
11,0.5287066790523192,0.12466925683236489,0.34662406411531593,49
12,0.5327027853795887,0.12930426423622457,0.33799295038418675,49
13,0.5522696435334448,0.12631323786597018,0.3214171186005851,49
14,0.5612022973956701,0.1298533301217324,0.30894437248259754,49
15,0.5694735348597149,0.13548822205039862,0.2950382430898865,49
16,0.5812502584717247,0.1352901589489292,0.28345958257934606,49
17,0.5857499292550281,0.14284378885091925,0.27140628189405264,49
18,0.5920243003989012,0.1463276893054401,0.2616480102956587,49
19,0.5998606496959025,0.15045949278057752,0.24967985752352,49
20,0.607510915669148,0.15459357184234374,0.2378955124885082,49
21,0.6130129651548943,0.15899682779960095,0.2279902070455047,49
22,0.618545700035161,0.16241070035885477,0.21904359960598427,49
23,0.6232386262425129,0.16788150814479855,0.20887986561268854,49
24,0.6295767916256936,0.172425083499232,0.19799812487507443,49
25,0.6349825375702087,0.17642257245370244,0.18859488997608884,49
26,0.6408874391815031,0.17928781145976191,0.17982474935873494,49
27,0.6463028557236206,0.18360390356034986,0.17009324071602958,49
28,0.6507379566895131,0.18857223686079616,0.16068980644969078,49
29,0.6607111043757886,0.1918877526705745,0.14740114295363688,49
30,0.6631625407698997,0.1977296708006492,0.13910778842945112,49
31,0.6663930281047786,0.20348964388302335,0.13011732801219802,49
32,0.6697214025958895,0.2059131127776422,0.12436548462646826,49
33,0.6732192577610979,0.21005317972624415,0.11672756251265792,49
34,0.6740386916317742,0.21577746085174015,0.11018384751648563,49
35,0.67606378615368,0.22025443460237437,0.10368177924394562,49
36,0.682744124591329,0.22319357327005668,0.09406230213861427,49
37,0.6828162813821634,0.22727588765730972,0.08990783096052685,49
38,0.6835276513175796,0.23108121860638056,0.0853911300760398,49
39,0.6852970305976965,0.23649952457577975,0.07820344482652372,49
40,0.6856730674890745,0.24324131084165326,0.07108562166927221,49
41,0.6866028310765375,0.24762812975186108,0.0657690391716014,49
42,0.6903324539242558,0.2509643388690907,0.05870320720665351,49
43,0.6897768395306809,0.2549974081362128,0.05522575233310628,49
44,0.6871540418837686,0.25825077950274145,0.05459517861348995,49
45,0.6841054473252237,0.26173394385508747,0.054160608819688816,49
46,0.6833122373443665,0.2655769745738339,0.051110788081799585,49
47,0.6871589470736893,0.26587608047241046,0.046964972453900244,49
48,0.6892353275942054,0.26477222240633996,0.045992449999454676,49
49,0.6869980476988329,0.26069193110580013,0.052310021195366985,49
50,0.6336969861507359,0.2756397057161115,0.09066330813315265,49
1,0.17342555417382183,0.004630501186671876,0.8219439446395063,50
2,0.3502968009686301,0.07974319768607814,0.5699600013452918,50
3,0.42121610027547796,0.0787119754710367,0.5000719242534853,50
4,0.47679521891783205,0.05985212640754473,0.4633526546746232,50
5,0.47455039449349246,0.07799352920475316,0.4474560763017544,50
6,0.47927176816290923,0.08758488685501045,0.4331433449820803,50
7,0.48942263941436215,0.0877848130801096,0.42279254750552825,50
8,0.4888909476600378,0.11039529408599566,0.4007137582539665,50
9,0.5166087448284099,0.1085689548690288,0.3748223003025613,50
10,0.5214714154096145,0.12183754286977448,0.356691041720611,50
11,0.5270745668504034,0.13026257153653872,0.3426628616130578,50
12,0.5311720619993218,0.1350230898309063,0.33380484816977196,50
13,0.5505127878850608,0.13229634327907974,0.3171908688358595,50
14,0.5594091712385874,0.13611588575518943,0.30447494300622324,50
15,0.5676645906792736,0.14191103901626806,0.2904243703044584,50
16,0.5792066666956903,0.14211467612669126,0.2786786571776184,50
17,0.5838038288005536,0.14973058463122046,0.26646558656822594,50
18,0.590079048597933,0.15338074282032801,0.256540208581739,50
19,0.5979291162315401,0.1576581195049065,0.2444127642635534,50
20,0.6055542417142505,0.16201782245560253,0.23242793583014693,50
21,0.6108972378246145,0.16657713924886558,0.22252562292651995,50
22,0.6163683297961192,0.17008599014212072,0.21354568006176006,50
23,0.6210680170325281,0.17570049314405417,0.2032314898234177,50
24,0.6272567705211175,0.18044481517227584,0.19229841430660666,50
25,0.6325640431788409,0.18463028601211626,0.1828056708090429,50
26,0.638544665685087,0.18760221058481977,0.17385312373009318,50
27,0.6439942231613642,0.19200787366491068,0.1639979031737251,50
28,0.6483743989583242,0.19703539404658307,0.15459020699509277,50
29,0.6581775149201528,0.20072353760405096,0.1410989474757963,50
30,0.6606644669267429,0.20658204247673273,0.13275349059652441,50
31,0.6638654652318448,0.21238552520536422,0.12374900956279103,50
32,0.6671955394850815,0.21485118047233268,0.11795328004258585,50
33,0.670675979320116,0.21909345822710424,0.11023056245277973,50
34,0.6714691933720226,0.224834630130106,0.10369617649787141,50
35,0.6736029651666321,0.22923586929055467,0.09716116554281323,50
36,0.6802709353430525,0.2323713105248438,0.0873577541321037,50
37,0.68036977711072,0.23640262078806942,0.08322760210121058,50
38,0.6810872244276964,0.24011333841390725,0.07879943715839632,50
39,0.6830299266406594,0.24553945000432734,0.07143062335501324,50
40,0.6833036010616047,0.2524207060270163,0.06427569291137902,50
41,0.6840662445532072,0.25683503413317105,0.05909872131362176,50
42,0.6879642730791461,0.26011887222949764,0.05191685469135626,50
43,0.6870321229329054,0.26427253335343975,0.04869534371365486,50
44,0.6843333409070462,0.2674370969347247,0.048229562158229045,50
45,0.6813467926328944,0.27082771808915385,0.047825489277951716,50
46,0.6800667009861738,0.27472292968254,0.04521036933128619,50
47,0.6840246011112057,0.2751268723411679,0.04084852654762644,50
48,0.68595971197271,0.2740604265843685,0.03997986144292148,50
49,0.6846159149025023,0.26973927898183486,0.04564480611566285,50
50,0.6307887915710222,0.2854327287930609,0.08377847963591695,50
1,0.17136264941325483,0.004145784351851694,0.8244915662348935,51
2,0.3491826014754116,0.08238195589598574,0.5684354426286027,51
3,0.42045603145121924,0.08184911965200947,0.4976948488967713,51
4,0.47590109042570194,0.06364926848174762,0.46044964109255043,51
5,0.47330365348063275,0.08218349758910756,0.44451284893025966,51
6,0.4779243205674386,0.0920918105764161,0.42998386885614526,51
7,0.48806398135195184,0.09234103031065548,0.4195949883373928,51
8,0.48713126909466004,0.11518179925859551,0.3976869316467444,51
9,0.5147816691264957,0.11380136363381285,0.3714169672396914,51
10,0.5202091426428067,0.12691698717465788,0.3528738701825354,51
11,0.5255231273992298,0.13570420368848657,0.33877266891228364,51
12,0.5298826579098392,0.14048635215921046,0.3296309899309503,51
13,0.5488414091911699,0.13810732349073573,0.3130512673180944,51
14,0.5577467294719616,0.14218523643674788,0.30006803409129057,51
15,0.5660640636803367,0.14807807752774266,0.28585785879192066,51
16,0.5772618526637215,0.14876505500577442,0.27397309233050404,51
17,0.5820295817767689,0.15638389556733692,0.2615865226558942,51
18,0.5883885920748682,0.16017249404766604,0.2514389138774658,51
19,0.5962128531656574,0.16460894130404727,0.2391782055302953,51
20,0.6037954263808245,0.16920017791949693,0.22700439569967856,51
21,0.6089963461883567,0.1738909468746825,0.21711270693696075,51
22,0.6143784472705869,0.1775183930705819,0.20810315965883122,51
23,0.6190997530812261,0.1832646707643959,0.197635576154378,51
24,0.6251427356102746,0.18820066702097407,0.18665659736875137,51
25,0.6303634266380949,0.19255170073487785,0.1770848726270273,51
26,0.6364115413822742,0.19562978069313122,0.1679586779245946,51
27,0.6419062741580391,0.20013217185818255,0.1579615539837783,51
28,0.6462417352667544,0.20520872277827612,0.14854954195496944,51
29,0.6558283706970897,0.20928326796151445,0.1348883613413959,51
30,0.6583731954498462,0.21514276843789032,0.1264840361122635,51
31,0.66150350549663,0.2209914358971257,0.11750505860624436,51
32,0.664886403992765,0.22348147027402387,0.11163212573321113,51
33,0.668383066070752,0.2278054977986591,0.10381143613058885,51
34,0.6691086457539017,0.23358988552497462,0.09730146872112366,51
35,0.6713926506848938,0.23789394836703656,0.0907134009480696,51
36,0.678013271917945,0.24124644638078763,0.08074028170126735,51
37,0.6781616011202627,0.24522282207709212,0.07661557680264519,51
38,0.6789089787786569,0.24883503157432457,0.07225598964701857,51
39,0.6810628370222357,0.25424802969349247,0.06468913328427184,51
40,0.6811713415559443,0.26129868435734294,0.05752997408671279,51
41,0.6817607198852443,0.2657199709764163,0.052519309138339354,51
42,0.6859215810092655,0.26894623962953124,0.045132179361203284,51
43,0.6846012689034966,0.27319404068102204,0.04220469041548136,51
44,0.6818288840074003,0.27626549661736693,0.041905619375232794,51
45,0.6789836698682326,0.27956119146536723,0.041455138666400215,51
46,0.6771845941304688,0.2834646432078109,0.03935076266172027,51
47,0.6810354307543676,0.2840445021227305,0.03492006712290191,51
48,0.6827636321070273,0.2830188247264906,0.03421754316648212,51
49,0.6826981230140189,0.278358818757286,0.03894305822869509,51
50,0.6289492999042003,0.2941246619893071,0.07692603810649258,51
1,0.16904410739199052,0.003527871364438314,0.8274280212435712,52
2,0.34790709658108887,0.08499322460162338,0.5670996788172877,52
3,0.41959804303011183,0.08496623349051471,0.4954357234793735,52
4,0.4750720694815258,0.0673635039967699,0.4575644265217043,52
5,0.4721594486610219,0.08625967855105633,0.4415808727879218,52
6,0.47647571814946743,0.0966097437124181,0.4269145381381145,52
7,0.4867049951975675,0.09677902750279405,0.41651597729963846,52
8,0.48555348234834267,0.1197164493703182,0.39473006828133905,52
9,0.5131944947531484,0.11878964666010361,0.368015858586748,52
10,0.5189057942533094,0.13195721331101268,0.3491369924356779,52
11,0.5240776079136156,0.14096644679617576,0.33495594529020867,52
12,0.5288070227445234,0.14570833343073364,0.32548464382474296,52
13,0.5472908675562437,0.1437137810734021,0.3089953513703542,52
14,0.5562128957413192,0.14805770783668742,0.2957293964219934,52
15,0.5646500233288096,0.1540041590805838,0.28134581759060656,52
16,0.57543182018692,0.15522013032371046,0.2693480494893696,52
17,0.580432411817561,0.16280235949374228,0.2567652286886967,52
18,0.5869306540392623,0.1667135309384346,0.24635581502230314,52
19,0.594720088016712,0.1713044554821443,0.23397545650114376,52
20,0.6022419493771527,0.17613298289032697,0.22162506773252033,52
21,0.6073188002906575,0.18093500247817856,0.2117461972311639,52
22,0.6125814563333412,0.18470135569612584,0.202717187970533,52
23,0.6173303293972587,0.1905702755743431,0.19209939502839815,52
24,0.6232465352881522,0.19567736432267901,0.18107610038916877,52
25,0.6283945138957697,0.20017640194823638,0.1714290841559939,52
26,0.6345033686268308,0.20336179160750098,0.16213483976566825,52
27,0.6400675703679479,0.20795669047883428,0.1519757391532178,52
28,0.6443683720043764,0.2130742598626772,0.14255736813294645,52
29,0.6536775961020821,0.2175415258412216,0.1287808780566963,52
30,0.6562917657845692,0.2233985086656826,0.12030972554974825,52
31,0.6593666649590492,0.2292602501575804,0.11137308488337044,52
32,0.6628360080575815,0.23176973884025448,0.10539425310216405,52
33,0.6663554378094743,0.2361690260655364,0.09747553612498933,52
34,0.6670153001736839,0.24199286547112292,0.09099183435519315,52
35,0.6694469401844114,0.24620866943326497,0.08434439038232361,52
36,0.6759961362507565,0.24978888130396237,0.07421498244528113,52
37,0.676226879292905,0.25370838036587534,0.07006474034121962,52
38,0.6770162222819327,0.25721699704343,0.06576678067463732,52
39,0.6794143448895075,0.26260293746065005,0.057982717649842475,52
40,0.6793161817150137,0.26981763260852026,0.050866185676466,52
41,0.6797349644967933,0.2742407814603402,0.04602425404286653,52
42,0.6842217771799874,0.27742897415897533,0.03834924866103723,52
43,0.6825289348092802,0.28172865427664984,0.03574241091406993,52
44,0.6796836387428608,0.28469596111581796,0.035620400141321285,52
45,0.6769954832413256,0.28792338073510565,0.035081136023568715,52
46,0.674713157929379,0.2917773629438551,0.033509479126765884,52
47,0.6783250177682241,0.29253506215862224,0.02913992007315369,52
48,0.679778228474878,0.2915280624230049,0.028693709102117104,52
49,0.6812037938966926,0.2865415878866078,0.032254618216699615,52
50,0.6279459592432804,0.3018986662344503,0.07015537452226925,52
1,0.1667263025122493,0.002757575369773226,0.8305161221179775,53
2,0.3465515434079336,0.08754795112409884,0.5659005054679676,53
3,0.4186494164200908,0.0880571424760813,0.4932934411038279,53
4,0.4742862374115361,0.07100232883872717,0.45471143374973677,53
5,0.47111249954435397,0.09021742538604113,0.43867007506960487,53
6,0.47498575226819584,0.10108565400245864,0.42392859372934555,53
7,0.48537151958191826,0.10108923238649771,0.41353924803158404,53
8,0.4841280605021048,0.12403127715397619,0.391840662343919,53
9,0.511811077432711,0.12356280726817147,0.3646261152991175,53
10,0.5175863588196785,0.13693139225513618,0.3454822489251853,53
11,0.5227407965258429,0.14604794978400082,0.33121125369015625,53
12,0.5279167949298693,0.15071273652004957,0.3213704685500811,53
13,0.5458698128324535,0.14910785215833294,0.30502233500921355,53
14,0.5548265601963717,0.1537171058248169,0.29145633397881143,53
15,0.5634257560370265,0.15968668765744629,0.2768875563055272,53
16,0.5737462913337874,0.1614499562766601,0.2648037523895525,53
17,0.5790233977147982,0.16897401055365913,0.2520025917315427,53
18,0.5856837148283862,0.17301504590956135,0.24130123926205244,53
19,0.5934444195801167,0.17774958753839437,0.2288059928814889,53
20,0.6008786797299064,0.1828265896364566,0.21629473063363702,53
21,0.6058351018961279,0.18772382610445895,0.20644107199941317,53
22,0.6109835401475251,0.19162090956007155,0.19739555029240335,53
23,0.6157662528297397,0.1976060424841832,0.18662770468607706,53
24,0.6215870609277929,0.20286341818106307,0.175549520891144,53
25,0.6266761030791057,0.20749404478852448,0.1658298521323698,53
26,0.6328362630883464,0.21078429317976716,0.15637944373188645,53
27,0.6384724348833338,0.21547899225019967,0.1460485728664665,53
28,0.6427240140913766,0.22064214132328955,0.13663384458533387,53
29,0.6517678062361448,0.22546246301050266,0.12276973075335251,53
30,0.6544400809541588,0.23132912706876838,0.11423079197707278,53
31,0.6574845255430852,0.23717047661041069,0.10534499784650408,53
32,0.6610609038142027,0.23970089862519167,0.09923819756060565,53
33,0.6646098803873279,0.24416380650628097,0.0912263131063911,53
34,0.6652399289767346,0.25000780261373307,0.08475226840953237,53
35,0.6677908953627985,0.2541681494867176,0.07804095515048393,53
36,0.6742494575832965,0.2579741534789651,0.06777638893773846,53
37,0.674562868809699,0.2618495884545623,0.06358754273573874,53
38,0.6754565002313355,0.2652259907870908,0.059317508981573674,53
39,0.6780900778600132,0.2706011197113029,0.05130880242868391,53
40,0.6777722579743276,0.2779494626877263,0.04427827933794609,53
41,0.6779920648684306,0.2823972258637193,0.03961070926785015,53
42,0.6828322037734867,0.2855764612047327,0.031591335021780576,53
43,0.6808128115908645,0.2898547671704643,0.02933242123867119,53
44,0.6778810966038463,0.29274477845230246,0.02937412494385122,53
45,0.6754095189872745,0.29589163912118055,0.028698841891544924,53
46,0.6727194386607029,0.29964628039292746,0.027634280946369605,53
47,0.6758855072873806,0.3005924475742082,0.023522045138411163,53
48,0.6771293970321115,0.2995227447783889,0.023347858189499582,53
49,0.6800715062502687,0.29431490259851273,0.025613591151218584,53
50,0.6275248378672229,0.3089347174182632,0.06354044471451381,53
1,0.16460622460219737,0.0018208421469674595,0.8335729332508353,54
2,0.3451449712814185,0.09004615718629752,0.564808871532284,54
3,0.41762902530772233,0.09111456614232513,0.4912564085499527,54
4,0.47353350332471145,0.0745699155715522,0.45189658110373637,54
5,0.47014843249171634,0.0940650671504531,0.43578650035783056,54
6,0.4734881046852037,0.10549049752146232,0.4210213977933339,54
7,0.4840850957870209,0.10526554545425187,0.41064935875872727,54
8,0.4828381723407532,0.12815201676481347,0.3890098108944333,54
9,0.5106045054702704,0.12814292121331747,0.36125257331641214,54
10,0.5163005648635886,0.1417976177192336,0.34190181741717784,54
11,0.521516322973574,0.1509520152261249,0.32753166180030113,54
12,0.5271828791554313,0.15552429530544934,0.3172928255391194,54
13,0.5446027021826996,0.15427949916071804,0.3011177986565824,54
14,0.5535825108174807,0.15917278600554885,0.2872447031769705,54
15,0.5623787460987024,0.1651365859773588,0.2724846679239388,54
16,0.5722298258353871,0.167436406108572,0.2603337680560409,54
17,0.5778085972256928,0.17489703265432294,0.24729437011998429,54
18,0.5846272330173321,0.17908665837591392,0.23628610860675398,54
19,0.5923799929228089,0.1839429568861328,0.22367705019105835,54
20,0.5997075149148157,0.1892704211742278,0.21102206391095654,54
21,0.6045282021840879,0.1942609103834866,0.20121088743242552,54
22,0.6096115191264162,0.19825571350163843,0.19213276737194537,54
23,0.6144345457931695,0.204353811959,0.18121164224783054,54
24,0.6201716664599076,0.20975295224248708,0.1700753812976053,54
25,0.625220108462265,0.21449070992655556,0.1602891816111795,54
26,0.6314235806218136,0.2178906969280638,0.15068572245012263,54
27,0.6371060404475883,0.22270400778371713,0.14018995176869453,54
28,0.6413298760762427,0.22789979153211778,0.13077033239163952,54
29,0.6501161735057944,0.23303463640716388,0.1168491900870417,54
30,0.6528382181244962,0.2389143640425309,0.10824741783297293,54
31,0.6559005434649838,0.24469500139058525,0.09940445514443091,54
32,0.65954998529424,0.24728726345072538,0.09316275125503459,54
33,0.6631680813985886,0.2517777435354846,0.08505417506592677,54
34,0.6637776135975525,0.257642971033625,0.07857941536882251,54
35,0.666419816849337,0.26177626911056057,0.07180391404010239,54
36,0.6727849783384989,0.26578409755372473,0.06143092410777634,54
37,0.6732031035503141,0.26961260580004376,0.057184290649642144,54
38,0.6742566686257403,0.27284576378081077,0.052897567593448935,54
39,0.6770665325095098,0.27824281449043997,0.04469065300005026,54
40,0.6765580360046448,0.28567695766597867,0.037765006329376516,54
41,0.676569534792494,0.29016179839860706,0.033268666808898895,54
42,0.6817930027405835,0.2933556587201114,0.0248513385393051,54
43,0.6794572950404172,0.2975681416523534,0.022974563307229412,54
44,0.6763969449211725,0.3004090543048553,0.023194000773972157,54
45,0.6741993283030162,0.30347427484254297,0.022326396854440822,54
46,0.6711506750318946,0.307097328946071,0.02175199602203437,54
47,0.6738063369217338,0.3081583968818366,0.018035266196429645,54
48,0.6748508789079363,0.3070077373028259,0.018141383789237853,54
49,0.6794123161425228,0.30162384921319135,0.018963834644285804,54
50,0.6277794379062084,0.31516980579380793,0.05705075629998375,54
1,0.1674919396032917,0.0004060726674943473,0.8321019877292141,55
2,0.3446394620739985,0.09217758076081477,0.5631829571651867,55
3,0.41633186104892284,0.09439237186358022,0.4892757670874969,55
4,0.4729946869692616,0.07802481498818849,0.4489804980425499,55
5,0.4694196662524637,0.09777025346858163,0.4328100802789547,55
6,0.4721872670142724,0.10974715374636332,0.4180655792393644,55
7,0.48295764680569064,0.10927601814000659,0.40776633505430276,55
8,0.48176750050614237,0.13206882429137173,0.3861636752024858,55
9,0.5096826874086772,0.1324910728200353,0.3578262397712875,55
10,0.5151764265502367,0.1464916087309769,0.33833196471878646,55
11,0.5205039598552406,0.15563491456601264,0.3238611255787468,55
12,0.5266471333788291,0.16013537144882023,0.3132174951723507,55
13,0.5435527167646828,0.15920542273165667,0.2972418605036606,55
14,0.5525468327779991,0.16439099843487523,0.28306216878712565,55
15,0.5615373283169016,0.1703507695589176,0.2681119021241808,55
16,0.5709442060808924,0.17315169453458396,0.2559040993845237,55
17,0.5768156296363807,0.18056378220802474,0.2426205881555946,55
18,0.5837577690552875,0.18492779104149862,0.23131443990321385,55
19,0.5915162592780161,0.18989282700593962,0.21859091371604428,55
20,0.5987499257194285,0.19544122557245636,0.2058088487081151,55
21,0.6034271719473737,0.2005209830427489,0.19605184500987738,55
22,0.6084943255120946,0.20458683984572668,0.18691883464217873,55
23,0.6133404022921956,0.2108073612381975,0.17585223646960696,55
24,0.6190124324880705,0.2163344367152701,0.1646531307966594,55
25,0.6240385789286808,0.22115369461553194,0.1548077264557873,55
26,0.6302492485302018,0.22468514768332107,0.14506560378647712,55
27,0.6359860392725699,0.22961160233203487,0.13440235839539522,55
28,0.6401839839027432,0.2348415324705122,0.12497448362674457,55
29,0.6486995244355204,0.24027559164005924,0.11102488392442039,55
30,0.6514932883554677,0.24614123242929217,0.10236547921524011,55
31,0.6546182624550393,0.2518444391194404,0.09353729842552033,55
32,0.6583080060003391,0.2545303580123,0.08716163598736087,55
33,0.6620231169840585,0.2590187896518368,0.07895809336410475,55
34,0.6626297147240605,0.2649021550714438,0.07246813020449566,55
35,0.665284365454635,0.2690691828848151,0.06564645166054994,55
36,0.6715810197096169,0.27323236465900635,0.05518661563137672,55
37,0.6721443648064962,0.2770061228659971,0.05084951232750673,55
38,0.6733701363598377,0.2801165012947348,0.04651336234542752,55
39,0.6763019932780537,0.2855571297992814,0.03814087692266488,55
40,0.6756146923063306,0.293049872148648,0.03133543554502133,55
41,0.6754220332903531,0.2975695636149544,0.02700840309469249,55
42,0.681032171426755,0.30081863877980164,0.018149189793443377,55
43,0.6783875048494674,0.30493848481717095,0.016674010333361633,55
44,0.6751359299644484,0.3077568584178281,0.017107211617723495,55
45,0.6732410820020083,0.31076250401057937,0.01599641398741236,55
46,0.6698792712669185,0.31424080907869395,0.015879919654387564,55
47,0.6719572056616079,0.31534520456864246,0.012697589769749662,55
48,0.672952818488553,0.31405595068668074,0.01299123082476622,55
49,0.6789845928646786,0.30862963959846823,0.012385767536853165,55
50,0.62860152395935,0.32071544523870876,0.050683030801941274,55
1,0.16953915640095235,0.0,0.8304608435990477,56
2,0.3440896530284727,0.09434083865500448,0.5615695083165226,56
3,0.4153067127172071,0.0975009398240023,0.4871923474587906,56
4,0.47260902918956826,0.08140991428790315,0.4459810565225286,56
5,0.46886479159045213,0.1013806866221478,0.42975452178740003,56
6,0.4710854633806486,0.11386252752042575,0.41505200909892564,56
7,0.4819651401597611,0.11315884650454144,0.40487601333569745,56
8,0.4808734022842335,0.135839934647921,0.38328666306784553,56
9,0.508989288544353,0.13665030847014897,0.35436040298549804,56
10,0.5142251577622403,0.15101436068011503,0.33476048155764465,56
11,0.5196860980417144,0.1601194727579022,0.32019442920038343,56
12,0.5262655090798148,0.16458405747446608,0.3091504334457191,56
13,0.5427137800796733,0.1639039255805723,0.2933822943397544,56
14,0.5516989271795825,0.16939517380097593,0.2789058990194416,56
15,0.5608909905792161,0.17534682625376719,0.2637621831670167,56
16,0.5699022422720678,0.17859548478710435,0.2515022729408279,56
17,0.5760358222980637,0.185985539296458,0.23797863840547828,56
18,0.5830812937321662,0.19053332122083963,0.22638538504699415,56
19,0.5908599882129153,0.19559420156333907,0.21354581022374564,56
20,0.598017921885897,0.20132888676973096,0.20065319134437207,56
21,0.602542974684112,0.20649898335413647,0.19095804196175153,56
22,0.607630248147571,0.21062134457010157,0.18174840728232738,56
23,0.6124994105109575,0.21695844257592908,0.17054214691311345,56
24,0.618100610395977,0.22261936249232828,0.15928002711169476,56
25,0.6231205581658754,0.22749655545089997,0.1493828863832246,56
26,0.629313929801933,0.23117328500789497,0.13951278519017202,56
27,0.6351370266669354,0.2361879983957383,0.1286749749373263,56
28,0.6392803304899417,0.24147209116950397,0.11924757834055433,56
29,0.6475178583613673,0.2471773542296019,0.10530478740903076,56
30,0.6504103418514032,0.2530071993421151,0.0965824588064817,56
31,0.6536202624331081,0.2586360292944352,0.0877437082724567,56
32,0.6573439295268191,0.2614166806244138,0.08123938984876711,56
33,0.6611670561414336,0.265900485303925,0.07293245855464142,56
34,0.6617906586314317,0.2717882889567957,0.0664210524117726,56
35,0.6643712518719902,0.27604224049811965,0.05958650762989015,56
36,0.670642037793551,0.28030942928047087,0.049048532925978106,56
37,0.671395492157672,0.28402335144044766,0.04458115640188032,56
38,0.6728018412924299,0.2870196437219068,0.04017851498566327,56
39,0.6757790537326176,0.2925336689754671,0.03168727729191528,56
40,0.6749506777910319,0.3000480995579729,0.025001222650995192,56
41,0.6746082226436586,0.3045743243803553,0.020817452975986084,56
42,0.6805370224608946,0.307950312041348,0.011512665497757368,56
43,0.6776109284208378,0.31192521030807263,0.010463861271089558,56
44,0.6741788899590085,0.3147112082185727,0.011109901822418777,56
45,0.6725479140897601,0.31769384374801846,0.009758242162221431,56
46,0.6689135781114401,0.32102399399175685,0.010062427896803006,56
47,0.6704105190911097,0.3220795209265678,0.007509959982322512,56
48,0.6715317568266781,0.320595159845271,0.007873083328050923,56
49,0.6788642050322539,0.3152431937277725,0.005892601239973649,56
50,0.6297976610367029,0.3257440293325619,0.04445830963073521,56
1,0.17083043055622654,0.0,0.8291695694437734,57
2,0.34350082205254473,0.09654911152467778,0.5599500664227774,57
3,0.41450454118297686,0.10047800490633715,0.48501745391068596,57
4,0.4723318557738794,0.08473915463525543,0.4429289895908652,57
5,0.4684335799418645,0.10491864864686275,0.42664777141127275,57
6,0.4701745504436207,0.11783819243816329,0.41198725711821593,57
7,0.4811056192467629,0.11691924295609493,0.4019751377971422,57
8,0.48012000140903127,0.1394957604362482,0.38038423815472056,57
9,0.5084797415804572,0.14065075958839024,0.3508694988311526,57
10,0.5134326864163754,0.15537729750574,0.33119001607788456,57
11,0.5190361667432571,0.16443026569190025,0.31653356756484263,57
12,0.5260092434181034,0.1688938465921913,0.3050969099897053,57
13,0.5420725517010782,0.168392640898981,0.28953480739994086,57
14,0.5510290837911531,0.17419120542605754,0.27477971078278934,57
15,0.5604176972832979,0.1801386087652388,0.2594436939514633,57
16,0.5691140118772338,0.18376262843373417,0.24712335968903207,57
17,0.5754507151827306,0.19118014888107482,0.23336913593619457,57
18,0.582613752829962,0.19588958239245635,0.22149666477758168,57
19,0.5904222131684731,0.20103745948875368,0.20854032734277322,57
20,0.5974899860236351,0.20695132509938566,0.19555868887697922,57
21,0.6018810749172961,0.21219034776009876,0.1859285773226051,57
22,0.607018311099349,0.21636265920648,0.17661902969417098,57
23,0.6118836390104074,0.22282222159370307,0.1652941393958895,57
24,0.6174286115255995,0.228612036294101,0.15395935218029952,57
25,0.6224753964010669,0.23352045333136467,0.14400415026756846,57
26,0.6286214895491098,0.23735351452465608,0.13402499592623413,57
27,0.6345416324208326,0.24244552565898236,0.12301284192018502,57
28,0.6386210043861056,0.2477862617326089,0.11359273388128552,57
29,0.6466150100498881,0.25370944907083953,0.09967554087927238,57
30,0.6496118783945488,0.25950641371269206,0.09088170789275912,57
31,0.6529217206318497,0.2650652946149747,0.08201298475317559,57
32,0.6566617503435517,0.267944781960822,0.07539346769562633,57
33,0.6606004868564341,0.2724192611209369,0.06698025202262897,57
34,0.6612354291220646,0.2783239039355781,0.060440666942357335,57
35,0.6636735562348961,0.2826900966201961,0.05363634714490778,57
36,0.6699461957716052,0.2870231593047257,0.04303064492366909,57
37,0.6709596678592162,0.29065104530830305,0.03838928683248072,57
38,0.672577180784281,0.2935412243290537,0.03388159488666531,57
39,0.6755133354448886,0.2991383936144583,0.025348270940653117,57
40,0.6745760277421898,0.30665463270374205,0.01876933955406812,57
41,0.6741072230462111,0.3111802998758187,0.014712477077970243,57
42,0.6803065629713578,0.31473108492467344,0.004962352103968726,57
43,0.6771218327265688,0.3185194608901608,0.004358706383270405,57
44,0.6735320483893631,0.3212538259655048,0.005214125645132128,57
45,0.6721450710178669,0.3242304788767351,0.0036244501053979694,57
46,0.6683001098273106,0.3273953137709551,0.004304576401734317,57
47,0.66928217173775,0.3283163346431262,0.00240149361912384,57
48,0.6706802148455341,0.3265926104261165,0.002727174728349435,57
49,0.6791387143964457,0.3208612856035543,0.0,57
50,0.6312068656735138,0.33042550803838844,0.03836762628809781,57
1,0.171200451933216,0.0,0.828799548066784,58
2,0.3429766403914285,0.09876462878595263,0.5582587308226189,58
3,0.4139711873149551,0.1033022180438026,0.48272659464124235,58
4,0.47206278561440773,0.0880416778187251,0.4398955365668672,58
5,0.4680431073701605,0.10839881045154559,0.4235580821782939,58
6,0.46948994970855695,0.12160519648350489,0.40890485380793823,58
7,0.48041133304854583,0.12056750772179857,0.39902115922965564,58
8,0.4794274593489246,0.1431253826511055,0.37744715799996986,58
9,0.5080079043556691,0.14457207750015832,0.34742001814417256,58
10,0.5128756434590291,0.15950895091690193,0.32761540562406893,58
11,0.5185351303483619,0.16857637773451498,0.3128884919171232,58
12,0.5258542165874323,0.17306708066578846,0.3010787027467793,58
13,0.5416061143628308,0.17268596254648794,0.28570792309068127,58
14,0.5505464127665917,0.17876918216448345,0.2706844050689249,58
15,0.5600960808233134,0.18474051703021488,0.2551634021464717,58
16,0.5685657537069593,0.1886678039751672,0.24276644231787353,58
17,0.575049398651198,0.19615232846651354,0.2287982728822885,58
18,0.5823399588841431,0.20100671967946054,0.21665332143639632,58
19,0.5901877587617546,0.20623567736437476,0.2035765638738707,58
20,0.5971457520202583,0.2123241675818592,0.19053008039788247,58
21,0.6014273847038782,0.21760310538963268,0.18096950990648908,58
22,0.6066379721746458,0.22182461007645762,0.1715374177488966,58
23,0.6114800621557612,0.22840652634419822,0.16011341150004055,58
24,0.6169877939425263,0.23430908295893332,0.14870312309854034,58
25,0.6221058358333873,0.23922518327147096,0.13866898089514174,58
26,0.628168064150726,0.2432188832201403,0.1286130526291337,58
27,0.6341895585118946,0.24838208543236262,0.11742835605574276,58
28,0.6382206878183732,0.2537672109306353,0.10801210125099153,58
29,0.646005449392631,0.2598636523906878,0.09413089821668114,58
30,0.6491076445488893,0.2656300158985088,0.08526233955260193,58
31,0.6525004247522346,0.27114590870514893,0.0763536665426165,58
32,0.656257008408565,0.27411560606466645,0.0696273855267685,58
33,0.6603146368383354,0.2785824607836592,0.06110290237800542,58
34,0.6609433790482588,0.2845072125602901,0.05454940839145106,58
35,0.6632241019695064,0.2889640709217032,0.047811827108790395,58
36,0.6695324004765943,0.2933357096139982,0.03713188990940747,58
37,0.6708226723513937,0.2968985128916376,0.0322788147569687,58
38,0.6726929799174386,0.2996801993042559,0.027626820778305528,58
39,0.6754946609462025,0.30536372346956886,0.019141615584228666,58
40,0.6745073902303592,0.31284731332366167,0.012645296445979115,58
41,0.673920559872274,0.31737756757523045,0.008701872552495604,58
42,0.6799370100461102,0.3200629899538898,0.0,58
43,0.6766335445503592,0.3233664554496408,0.0,58
44,0.6732074354334281,0.3267925645665719,0.0,58
45,0.6719280931831487,0.3280719068168513,0.0,58
46,0.6680323988906576,0.3319676011093424,0.0,58
47,0.6685811790870505,0.3314188209129495,0.0,58
48,0.6703581859198008,0.3296418140801992,0.0,58
49,0.6797353502562253,0.32026464974377467,0.0,58
50,0.6328215176261116,0.33478469295799207,0.032393789415896185,58
1,0.17070043484893024,0.0,0.8292995651510698,59
2,0.3424865205147273,0.10097171919672959,0.5565417602885432,59
3,0.41364072432318355,0.10599319482918707,0.4803660808476294,59
4,0.4717982808306712,0.09129998349212567,0.43690173567720314,59
5,0.4676858941331208,0.11181005977616765,0.42050404609071157,59
6,0.46898230255657825,0.125188880666536,0.40582881677688576,59
7,0.4798414078931408,0.12410771656703981,0.39605087553981944,59
8,0.4788051288666574,0.14669533357159928,0.37449953756174337,59
9,0.5075749267309422,0.14840019986454295,0.3440248734045149,59
10,0.5124975361860153,0.1634491241810263,0.32405333963295835,59
11,0.5181658386350604,0.17256180095913445,0.3092723604058052,59
12,0.5258041914820601,0.1770924845856225,0.29710332393231736,59
13,0.5412937968493554,0.17679370739843348,0.2819124957522111,59
14,0.5502253527837933,0.18314454420492968,0.2666301030112771,59
15,0.5599198105031244,0.18914857249925887,0.2509316169976167,59
16,0.5682383116598576,0.19332543607895764,0.23843625226118476,59
17,0.5748197021760715,0.20090216493332747,0.22427813289060106,59
18,0.5822306513412216,0.20590226332090714,0.2118670853378712,59
19,0.5901313146817728,0.211196006743705,0.19867267857452217,59
20,0.5969657485527302,0.21745263780685953,0.18558161364041026,59
21,0.6011726534197215,0.22273673744906514,0.17609060913121338,59
22,0.6064827003854818,0.2270015857423579,0.1665157138721603,59
23,0.6112688768636572,0.23371024460474082,0.155020878531602,59
24,0.6167610484867506,0.23970485736273034,0.14353409415051904,59
25,0.6219730577336687,0.2446140118238478,0.13341293044248348,59
26,0.6279477932786193,0.2487442964675863,0.12330791025379442,59
27,0.634051272779848,0.2539858616311109,0.11196286558904112,59
28,0.6380376552756789,0.25939709062785576,0.10256525409646533,59
29,0.6456515868455361,0.26561825668513694,0.08873015646932692,59
30,0.648858241254285,0.27134701850789755,0.07979474023781741,59
31,0.6522873373247329,0.27685044191866304,0.07086222075660409,59
32,0.6560902790028266,0.2798711249869435,0.06403859601022993,59
33,0.6602770056325509,0.2843167895703719,0.05540620479707725,59
34,0.6608786198907681,0.29025982712473797,0.048861552984493906,59
35,0.6629795522201941,0.29477271425832524,0.042247733521480646,59
36,0.6693361087634354,0.29915702442390996,0.03150686681265463,59
37,0.6708956973691191,0.3026725244325706,0.026431778198310274,59
38,0.6730230100010683,0.3053594594887329,0.021617530510198768,59
39,0.6756123064134959,0.31110865796086945,0.01327903562563465,59
40,0.6746449363491227,0.3185022977830866,0.006852765867790711,59
41,0.6739826977155966,0.3230101423441621,0.0030071599402413107,59
42,0.6778445768453474,0.3221554231546526,0.0,59
43,0.6746612695865593,0.32533873041344075,0.0,59
44,0.6714074799783949,0.3285925200216051,0.0,59
45,0.6704742213360473,0.3295257786639527,0.0,59
46,0.6668243095314597,0.33317569046854034,0.0,59
47,0.6677616639639657,0.33223833603603425,0.0,59
48,0.6704430214723944,0.32955697852760557,0.0,59
49,0.6804583430350281,0.31954165696497194,0.0,59
50,0.6344369946494667,0.3389838570162101,0.026579148334323177,59
1,0.16945847956454352,0.0,0.8305415204354566,60
2,0.3420034783927115,0.1031609312147423,0.5548355903925462,60
3,0.4134414014012804,0.1085742663546997,0.4779843322440199,60
4,0.47153701234181455,0.09449800517777948,0.43396498248040594,60
5,0.4673562381728409,0.1151409934719597,0.4175027683551994,60
6,0.4686156903938402,0.12860633630004115,0.40277797330611864,60
7,0.4793671377710368,0.1275367673917739,0.3930960948371893,60
8,0.47826591624139664,0.1501739935407927,0.3715600902178106,60
9,0.5072032566161107,0.15210973985952844,0.3406870035243609,60
10,0.5122534932935443,0.16722790172431357,0.32051860498214213,60
11,0.5179184874625771,0.17638197950837242,0.3056995330290505,60
12,0.5258461468304952,0.18096802039453386,0.2931858327749709,60
13,0.5411239212642327,0.18071919260093888,0.2781568861348284,60
14,0.5500551516639511,0.18731392823832127,0.2626309200977276,60
15,0.559896339190017,0.19335162205806716,0.24675203875191581,60
16,0.5680900068009911,0.19776309459019858,0.23414689860881033,60
17,0.5747706434289674,0.2054188410313958,0.21981051553963676,60
18,0.5822582217795306,0.21058625340407042,0.207155524816399,60
19,0.5902420283764461,0.2159158455398994,0.19384212608365448,60
20,0.5969388176910776,0.22233736515721075,0.18072381715171165,60
21,0.6011066904175326,0.22759181793763086,0.17130149164483652,60
22,0.6065224490146234,0.23190885882144008,0.16156869216393654,60
23,0.6112459879654231,0.2387274665460757,0.15002654548850122,60
24,0.6167468565914258,0.24479197582997403,0.13846116757860016,60
25,0.6220529548713,0.24969559871731659,0.12825144641138345,60
26,0.6279451578119726,0.2539273141100302,0.1181275280779972,60
27,0.6341033513991072,0.2592577141309157,0.10663893446997708,60
28,0.6380374246665684,0.26468366964331635,0.09727890569011521,60
29,0.6455421841544735,0.2709700599289696,0.08348775591655688,60
30,0.6488607139464274,0.27664679548597565,0.07449249056759694,60
31,0.6522915797793416,0.2821566082544984,0.06555181196616,60
32,0.6561411020251302,0.2852047423981231,0.05865415557674669,60
33,0.6604576277518455,0.28962151105961065,0.049920861188543886,60
34,0.6610340146008159,0.2955532194292548,0.04341276596992932,60
35,0.6629488562807284,0.3000800759292477,0.036971067790023904,60
36,0.6693555886496344,0.30446709645074044,0.02617731489962516,60
37,0.6711627792581406,0.3079521670412263,0.020885053700633094,60
38,0.6735335682607595,0.31055978629397946,0.015906645445261047,60
39,0.6758716258318297,0.31632857797969827,0.007799796188472041,60
40,0.6749911276258572,0.32357157634528866,0.0014372960288541181,60
41,0.6732025749493672,0.32677047991255226,2.6945138080547437e-05,60
42,0.6764481404428195,0.32355185955718047,0.0,60
43,0.6733822462001484,0.3266177537998516,0.0,60
44,0.6701944637616686,0.3298055362383314,0.0,60
45,0.669546487654157,0.33045351234584297,0.0,60
46,0.6660790555737445,0.33392094442625553,0.0,60
47,0.667334823930336,0.33266517606966395,0.0,60
48,0.6709098800837506,0.32909011991624937,0.0,60
49,0.6811899248350487,0.3188100751649513,0.0,60
50,0.635933541617378,0.3431392619189705,0.020927196463651446,60
1,0.16783123400448105,0.0,0.832168765995519,61
2,0.3415221659597799,0.10529934150783035,0.5531784925323897,61
3,0.41333612971849026,0.11104901778724027,0.4756148524942696,61
4,0.47129291375305793,0.09761124413707438,0.4310958421098678,61
5,0.46705614814549945,0.11838009808996036,0.4145637537645402,61
6,0.4683664965655089,0.13186993825858176,0.3997635651759094,61
7,0.4789811789779691,0.13084545713163415,0.39017336389039675,61
8,0.47782183804671274,0.15353883840932542,0.36863932354396184,61
9,0.5068852953070014,0.15568681611090232,0.33742788858209627,61
10,0.5121090547709777,0.1708544799969432,0.3170364652320791,61
11,0.5177959392528744,0.18002709901693825,0.3021769617301874,61
12,0.5259664584236754,0.18469470479850672,0.2893388367778179,61
13,0.541085942193983,0.18446931677617162,0.2744447410298454,61
14,0.5500199658097068,0.19127495160224017,0.258705082588053,61
15,0.560008792667378,0.1973562123562744,0.24263499497634758,61
16,0.5681190929952237,0.20196841083487088,0.22991249616990544,61
17,0.5748716568378615,0.20972064387749068,0.21540769928464787,61
18,0.5823965504600686,0.2150626316945806,0.20254081784535086,61
19,0.5904888624817195,0.22040907479835745,0.18910206271992305,61
20,0.5970640764374597,0.22696896414404166,0.1759669594184986,61
21,0.6011963659054304,0.2321877265854516,0.16661590750911806,61
22,0.6067296679522607,0.23655179328810472,0.1567185387596346,61
23,0.6114155977595019,0.24344441109681497,0.1451399911436831,61
24,0.6169416985754665,0.24956005922419575,0.1334982422003377,61
25,0.6223385891798592,0.2544684791154944,0.1231929317046464,61
26,0.6281299215167937,0.25878245272387157,0.11308762575933473,61
27,0.6343124725188416,0.2642009900973188,0.10148653738383961,61
28,0.6381835352121226,0.26963125633330787,0.09218520845456957,61
29,0.6456655371618307,0.27592175367647775,0.07841270916169152,61
30,0.6490814563761013,0.28154133686292415,0.06937720676097459,61
31,0.6524737823508847,0.287077781035123,0.060448436613992296,61
32,0.6564028422845987,0.29011195221430064,0.0534852055011007,61
33,0.6608268777624831,0.29449877735702307,0.04467434488049388,61
34,0.6613773915014205,0.3003918303775124,0.03823077812106712,61
35,0.6631179079437536,0.3048800293198003,0.032002062736446124,61
36,0.6695590511329628,0.30928057212221804,0.021160376744819187,61
37,0.6715942223479312,0.31274504197432934,0.015660735677739457,61
38,0.6741775928571081,0.31528865666039013,0.01053375048250177,61
39,0.6762612839949476,0.3210168919797719,0.0027218240252805392,61
40,0.6737801468274853,0.32599809775769983,0.0002217554148148393,61
41,0.6716593919165995,0.3283406080834005,0.0,61
42,0.6756751483529064,0.32432485164709357,0.0,61
43,0.6727158435371164,0.32728415646288356,0.0,61
44,0.6694741601770764,0.3305258398229236,0.0,61
45,0.669082714276224,0.330917285723776,0.0,61
46,0.6657227039037708,0.33427729609622925,0.0,61
47,0.6672608417963016,0.33273915820369837,0.0,61
48,0.6716615842553278,0.32833841574467215,0.0,61
49,0.6818968993215294,0.3181031006784706,0.0,61
50,0.6373072759227906,0.34726603798677713,0.015426686090432356,61
1,0.1662117488045375,0.0,0.8337882511954624,62
2,0.3409793921300216,0.10738171887176554,0.5516388889982129,62
3,0.4132163690034655,0.11345584637350786,0.47332778462302666,62
4,0.471140013576427,0.10059600341654923,0.4282639830070237,62
5,0.4668555211299936,0.1214909978082843,0.41165348106172206,62
6,0.46818389249638304,0.13503724197914715,0.39677886552446984,62
7,0.4786236729824158,0.1340278571825562,0.387348469835028,62
8,0.4775223972737873,0.1567063168065686,0.3657712859196441,62
9,0.5067286247298939,0.1590671375033793,0.3342042377667268,62
10,0.5119691036299708,0.17439752419411386,0.3136333721759153,62
11,0.5177958453701035,0.18349610481699996,0.29870804981289656,62
12,0.5261643072949987,0.18826837018856424,0.285567322516437,62
13,0.5411595131673954,0.18806086296787383,0.27077962386473076,62
14,0.5501090071421275,0.19503472910049527,0.25485626375737724,62
15,0.5602387515252395,0.20117597891882177,0.23858526955593873,62
16,0.5683173125547747,0.20594780184605982,0.2257348855991655,62
17,0.5751144027345347,0.21380888474275173,0.21107671252271354,62
18,0.5826452999190619,0.21932339992702898,0.19803130015390913,62
19,0.5908671053574558,0.22467085470847087,0.18446203993407334,62
20,0.59733278748685,0.2313488773083545,0.17131833520479547,62
21,0.6014344142133556,0.23652757710416283,0.16203800868248153,62
22,0.607080781039171,0.24094253202471158,0.15197668693611746,62
23,0.6117635572091953,0.24786688855220945,0.14036955423859526,62
24,0.6173144588831452,0.2540264037358927,0.12865913738096213,62
25,0.6228101141269132,0.25893757495755687,0.1182523109155299,62
26,0.6284862749569495,0.26331807592908396,0.10819564911396651,62
27,0.6346460110709848,0.2688292337760372,0.09652475515297798,62
28,0.6384610065096219,0.27423785312595605,0.08730114036442205,62
29,0.645987163487992,0.2804916393092548,0.07352119720275319,62
30,0.6494916968822633,0.28604792339254326,0.06446037972519347,62
31,0.6528450744804977,0.29159759819283104,0.05555732732667129,62
32,0.6568643396161761,0.2945978992695884,0.04853776111423552,62
33,0.6613567689188382,0.298957338928252,0.039685892152909796,62
34,0.6618880130442435,0.30478812444928405,0.03332386250647246,62
35,0.6634703446841228,0.30919676686147984,0.027332888454397353,62
36,0.6699199199725925,0.3136148375154127,0.016465242511994826,62
37,0.6721532769565872,0.3170702355634186,0.010776487479994157,62
38,0.674967877920678,0.3195384836342678,0.005493638445054183,62
39,0.6757686050027276,0.32404437746591686,0.00018701753135552668,62
40,0.6726733802627984,0.32732661973720156,0.0,62
41,0.670744512071091,0.329255487928909,0.0,62
42,0.6754459130811244,0.32455408691887555,0.0,62
43,0.6725970439506022,0.32740295604939784,0.0,62
44,0.6691986026623764,0.3308013973376236,0.0,62
45,0.669056315374405,0.330943684625595,0.0,62
46,0.6657387330708251,0.3342612669291749,0.0,62
47,0.6674718675025896,0.3325281324974104,0.0,62
48,0.6725922054488421,0.32740779455115787,0.0,62
49,0.6826031372519918,0.31739686274800816,0.0,62
50,0.6385575976160218,0.35134521082539877,0.010097191558579544,62
1,0.16470954084783374,0.0,0.8352904591521662,63
2,0.34041264218995404,0.10938926124606103,0.5501980965639849,63
3,0.41308591057020283,0.11578441300748561,0.47112967642231157,63
4,0.4710608491143543,0.10345735958880557,0.4254817912968401,63
5,0.4667645352655739,0.12446737813192693,0.40876808660249925,63
6,0.4680947143042682,0.13808764235155324,0.39381764334417857,63
7,0.4782808013763701,0.13708364753017882,0.3846355510934511,63
8,0.4772802419334058,0.15972897158329669,0.3629907864832975,63
9,0.5066993105742248,0.16226497187035993,0.3310357175554153,63
10,0.5118270752744234,0.1778503053729028,0.3103226193526738,63
11,0.5178674511706327,0.18683962118367808,0.2952929276456892,63
12,0.5264469936267269,0.19165382997199443,0.2818991764012787,63
13,0.5413651090164333,0.19145623009428184,0.2671786608892849,63
14,0.5503568381560312,0.19854438278558534,0.25109877905838346,63
15,0.5605024043309966,0.2048562169535417,0.23464137871546167,63
16,0.5687916086439239,0.2096117308471766,0.22159666050889953,63
17,0.5754874667106396,0.21768225149219614,0.2068302817971643,63
18,0.5829964351727548,0.22336596663800967,0.19363759818923554,63
19,0.5913664444371672,0.22870280529556805,0.1799307502672647,63
20,0.5977371375743326,0.23547723088765293,0.1667856315380145,63
21,0.6018207943624467,0.2406068458535331,0.15757235978402018,63
22,0.6075632833981228,0.24508030624335786,0.14735641035851932,63
23,0.6122712412424174,0.252006194607157,0.1357225641504256,63
24,0.6178380087815815,0.2582066571167818,0.12395533410163673,63
25,0.6234184102736541,0.2631293828164173,0.11345220690992863,63
26,0.6290065967008265,0.26753129583018487,0.10346210746898865,63
27,0.6351186144057732,0.2731249122906848,0.09175647330354197,63
28,0.638871004468749,0.27849954830324186,0.08262944722800913,63
29,0.6465015330438663,0.28468033582753227,0.06881813112860147,63
30,0.6500736552871009,0.2901840204205305,0.05974232429236859,63
31,0.6533798232009194,0.29573132236153443,0.050888854437546205,63
32,0.6574887704348391,0.2986867531386549,0.043824476426506,63
33,0.6620288149947371,0.303012141709148,0.03495904329611493,63
34,0.6625439835656848,0.30875667355461917,0.028699342879696055,63
35,0.6639834249422915,0.31305405761831917,0.022962517439389374,63
36,0.6704391686926985,0.3174808447374839,0.012079986569817625,63
37,0.6728529002207454,0.32092242013331373,0.006224679645940867,63
38,0.6758700664284958,0.32334079904162893,0.0007891345298752794,63
39,0.6746221209839625,0.32537787901603754,0.0,63
40,0.6721087784440177,0.32789122155598227,0.0,63
41,0.6703436986355017,0.3296563013644983,0.0,63
42,0.6756753559165307,0.3243246440834693,0.0,63
43,0.6729414845353753,0.3270585154646247,0.0,63
44,0.6692959794287892,0.33070402057121084,0.0,63
45,0.6693878437330386,0.3306121562669614,0.0,63
46,0.6660784962915387,0.3339215037084613,0.0,63
47,0.6680025487580299,0.3319974512419701,0.0,63
48,0.6737101909674456,0.32628980903255445,0.0,63
49,0.6833128632484969,0.31668713675150306,0.0,63
50,0.6396908397307001,0.35539723160781594,0.00491192866148415,63
1,0.16792543970443924,0.0,0.8320745602955608,64
2,0.3408007652629167,0.11100884610218992,0.5481903886348933,64
3,0.4126784619356014,0.11832626448093954,0.46899527358345905,64
4,0.4712297438034558,0.1061593736139317,0.4226108825826125,64
5,0.46693004035371166,0.12727424931812487,0.4057957103281635,64
6,0.4682367333166438,0.14097734666383654,0.39078592001951973,64
7,0.47810422186062446,0.1399750278062797,0.3819207503330959,64
8,0.47723919126973113,0.16255721137877624,0.3602035973514927,64
9,0.5068764053748355,0.16525914551833726,0.32786444910682727,64
10,0.5117744939532889,0.18116865217822972,0.30705685386848136,64
11,0.5181248403438485,0.18999281277529514,0.29188234688085635,64
12,0.5268662211720856,0.19483689575167387,0.27829688307624056,64
13,0.5417393759412708,0.19465411790254933,0.2636065061561799,64
14,0.5507895379672004,0.20179906042376328,0.2474114016090363,64
15,0.5608620739338963,0.2083499967948819,0.2307879292712218,64
16,0.5695146410788381,0.2129919555641652,0.2174934033569967,64
17,0.576022464332362,0.22131238330541803,0.20266515236221994,64
18,0.583468284232348,0.22717339552385085,0.18935832024380117,64
19,0.5920025371066018,0.23249064063211627,0.17550682226128195,64
20,0.5982773275471978,0.2393524934137066,0.16237017903909565,64
21,0.6023477697168622,0.2444242424276812,0.15322798785545658,64
22,0.6081637337383886,0.2489666422761484,0.142869623985463,64
23,0.6129334500033244,0.25585920600907,0.13120734398760558,64
24,0.6185082532001319,0.2620949132964645,0.11939683350340358,64
25,0.6241332518145126,0.2670473293069364,0.10881941887855096,64
26,0.6296786655177501,0.2714180217548098,0.09890331272744013,64
27,0.6357278694123513,0.2770831656875495,0.08718896490009925,64
28,0.6394105063862874,0.2824115286925184,0.07817796492119422,64
29,0.6471563718681116,0.28852436749986105,0.06431926063202736,64
30,0.6507807245735482,0.2939813337845998,0.05523794164185203,64
31,0.6540371878216965,0.299504149785111,0.04645866239319252,64
32,0.6582232216965487,0.3024117527992961,0.039365025504155216,64
33,0.6628082011093893,0.30667904925783557,0.030512749632775116,64
34,0.6633084822813146,0.3123264091863145,0.02436510853237095,64
35,0.6646595058702289,0.3164703674153724,0.018870126714398694,64
36,0.6710599990023753,0.32093538823138207,0.008004612766242591,64
37,0.6736200770044609,0.32435554421808627,0.0020243787774528177,64
38,0.6750844144512242,0.3246384606475885,0.0002771249011872534,64
39,0.6738969324788834,0.3261030675211166,0.0,64
40,0.6720365101413662,0.32796348985863377,0.0,64
41,0.6703041464335988,0.3296958535664012,0.0,64
42,0.6762064779976766,0.32379352200232336,0.0,64
43,0.673579815361671,0.326420184638329,0.0,64
44,0.6696258791173155,0.3303741208826845,0.0,64
45,0.6699466287851894,0.3300533712148106,0.0,64
46,0.666573808347158,0.33342619165284204,0.0,64
47,0.6687249648258518,0.33127503517414825,0.0,64
48,0.6748630646452003,0.3251369353547997,0.0,64
49,0.6838294018365475,0.3161705981634525,0.0,64
50,0.6405374258179982,0.3594625741820018,0.0,64
1,0.1706465405708574,0.0,0.8293534594291426,65
2,0.34121580116329,0.1126732075190494,0.5461109913176606,65
3,0.4126724889241642,0.12065529430835298,0.46667221676748283,65
4,0.4716511810881103,0.10875118731522117,0.4195976315966685,65
5,0.4673312243111062,0.1299694865660998,0.402699289122794,65
6,0.46862308389319385,0.1437373810029873,0.3876395351038189,65
7,0.478157779043895,0.14271763425182138,0.3791245867042836,65
8,0.4774316978673985,0.165224128824764,0.3573441733078375,65
9,0.5072385318097619,0.1680803293666367,0.32468113882360145,65
10,0.5118357952192147,0.1843439567348314,0.30382024804595387,65
11,0.5186606575405079,0.19289869977887614,0.2884406426806159,65
12,0.5273848396553396,0.1978698598186398,0.27474530052602064,65
13,0.5422704406645142,0.19768650743639932,0.26004305189908644,65
14,0.5513923852742706,0.20482669601696002,0.2437809187087694,65
15,0.5613381582662549,0.21165310170104623,0.22700874003269889,65
16,0.570456861407493,0.21611814876949156,0.21342498982301547,65
17,0.5767009757291143,0.22471908483345937,0.19857993943742636,65
18,0.584078974994191,0.23073725715049825,0.1851837678553107,65
19,0.5927798989833188,0.23603266118889202,0.17118743982778914,65
20,0.598938233660629,0.2429839917836161,0.15807777455575486,65
21,0.6030102888310163,0.24798378533868054,0.1490059258303032,65
22,0.6088642965167375,0.25261383601676035,0.1385218674665022,65
23,0.6137239855461898,0.25944239679965864,0.12683361765415158,65
24,0.6192953079010737,0.26570366100885806,0.11500103109006826,65
25,0.6249366381505064,0.27069102453439464,0.10437233731509898,65
26,0.6304737170898097,0.2749954156645057,0.0945308672456846,65
27,0.6364547874726958,0.28071659590762765,0.08282861661967655,65
28,0.6400299181726865,0.28600680670560774,0.07396327512170575,65
29,0.6479145517431393,0.29203593244862075,0.06004951580823997,65
30,0.6516006385625757,0.2974346009956588,0.05096476044176551,65
31,0.6548069809068235,0.30291585633499707,0.04227716275817939,65
32,0.6590523708583745,0.3057719423168413,0.03517568682478417,65
33,0.6636767937303039,0.30997378899798983,0.02634941727170631,65
34,0.6641612917935887,0.3155174962417447,0.020321211964666575,65
35,0.6654535167147063,0.31948022195477,0.01506626133052369,65
36,0.671743918834159,0.323997512177186,0.004258568988655065,65
37,0.6730590911894869,0.3257415372996941,0.0011993715108190028,65
38,0.6745213692595924,0.3254409912308319,3.7639509575693175e-05,65
39,0.6735719482009741,0.3264280517990259,0.0,65
40,0.6723220399399834,0.3276779600600166,0.0,65
41,0.670514133970849,0.329485866029151,0.0,65
42,0.676913350503421,0.32308664949657895,0.0,65
43,0.6743855528419418,0.3256144471580582,0.0,65
44,0.670092141434194,0.32990785856580596,0.0,65
45,0.6705945199341299,0.3294054800658701,0.0,65
46,0.6671129897288529,0.3328870102711471,0.0,65
47,0.6694873603273422,0.33051263967265776,0.0,65
48,0.6759108388613009,0.3240891611386991,0.0,65
49,0.6840935292196834,0.31590647078031664,0.0,65
50,0.6387399011577957,0.3612600988422044,0.0,65
1,0.17256914435867018,0.0,0.8274308556413298,66
2,0.34172592692741954,0.11433822476310915,0.5439358483094712,66
3,0.4130702322005698,0.12277032065534241,0.46415944714408774,66
4,0.47221510805649797,0.11126095110445225,0.41652394083904976,66
5,0.4678707849239361,0.13257102109205388,0.39955819398401005,66
6,0.4692481160391648,0.14632534855403653,0.3844265354067986,66
7,0.47845819522970623,0.1453179328393629,0.3762238719309309,66
8,0.47776943687953966,0.16780816932723258,0.35442239379322776,66
9,0.5076775212815604,0.1707802526493617,0.3215422260690779,66
10,0.5120779475327817,0.1873062971951583,0.30061575527206,66
11,0.5194126113552384,0.19559347461859766,0.2849939140261639,66
12,0.5280105232083288,0.2007392455845528,0.27125023120711844,66
13,0.5429271438579676,0.2005661650654114,0.25650669107662105,66
14,0.5521417167064971,0.2076445631841996,0.24021372010930325,66
15,0.5619227966877421,0.2147646599464822,0.22331254336577566,66
16,0.5715726884099995,0.21901927873674298,0.2094080328532575,66
17,0.5775099354542109,0.22790887670637772,0.19458118783941136,66
18,0.5848141803992526,0.23407016257822133,0.18111565702252608,66
19,0.5936666941415105,0.23935154150283933,0.16698176435565015,66
20,0.5996926882312812,0.2463858022842365,0.1539215094844823,66
21,0.6037935984277927,0.25129354008384064,0.14491286148836668,66
22,0.60966460009213,0.25601761604493684,0.1343177838629332,66
23,0.6146108260731596,0.26277681073639564,0.12261236319044472,66
24,0.6201879155321125,0.26903809424635544,0.11077399022153206,66
25,0.6258418542773778,0.2740478336210872,0.10011031210153498,66
26,0.6313715851601573,0.2782773305680462,0.09035108427179644,66
27,0.6372962577510422,0.28403420950069713,0.07866953274826072,66
28,0.6407391552108994,0.28928758780634967,0.06997325698275092,66
29,0.6487717773331982,0.2952289425670286,0.055999280099773174,66
30,0.6525246941243255,0.3005561564655159,0.04691914941015862,66
31,0.6556560729116355,0.3059921209548253,0.03835180613353917,66
32,0.6599830564904967,0.3087794161331554,0.031237527376347884,66
33,0.664623767137535,0.31291729027658277,0.022458942585882213,66
34,0.6651074386037457,0.3183425255620941,0.01655003583416026,66
35,0.6663238432784253,0.3221357521934714,0.011540404528103287,66
36,0.671988462397341,0.3260723167777076,0.0019392208249514042,66
37,0.6725346568339217,0.32647968422768664,0.000985658938391698,66
38,0.6742878510053022,0.3257121489946978,0.0,66
39,0.673603232453172,0.326396767546828,0.0,66
40,0.6729029472863355,0.3270970527136645,0.0,66
41,0.6709541738396243,0.3290458261603757,0.0,66
42,0.6777081216475983,0.3222918783524017,0.0,66
43,0.6753307212844804,0.32466927871551965,0.0,66
44,0.6706719003162885,0.32932809968371146,0.0,66
45,0.6713495349260562,0.3286504650739438,0.0,66
46,0.6677008077022981,0.3322991922977019,0.0,66
47,0.6702563967762333,0.3297436032237667,0.0,66
48,0.6768936387488883,0.3231063612511117,0.0,66
49,0.6842083388110449,0.3157916611889551,0.0,66
50,0.6367871212796297,0.3632128787203703,0.0,66
1,0.17290731944526633,0.0,0.8270926805547337,67
2,0.3421549041302655,0.11613409114908593,0.5417110047206486,67
3,0.4137998338116137,0.12469887654478297,0.46150128964360326,67
4,0.4726902639257823,0.11374327059462085,0.41356646547959686,67
5,0.4683261419177296,0.13516318120431767,0.3965106768779527,67
6,0.47020524061082974,0.148645772497881,0.3811489868912893,67
7,0.4789268716379217,0.1477949022484386,0.3732782261136397,67
8,0.47820083759369636,0.17031097432225972,0.3514881880840439,67
9,0.5081710939276902,0.17336047365011914,0.31846843242219064,67
10,0.5124593617012396,0.19007894702939643,0.29746169126936395,67
11,0.5203076178848252,0.19811959943352522,0.28157278268164965,67
12,0.5287325074957734,0.20344430578344183,0.26782318672078476,67
13,0.5436830927619424,0.2032965956014343,0.2530203116366233,67
14,0.553007560639885,0.2102740275624238,0.2367184117976912,67
15,0.5626037636861569,0.21768779906759725,0.2197084372462458,67
16,0.572814420704035,0.22173210703813107,0.20545347225783395,67
17,0.5784281195300961,0.23089736251695248,0.19067451795295143,67
18,0.5856544553131026,0.23718366574815958,0.17716187893873786,67
19,0.5946395397478828,0.2424630644875202,0.16289739576459705,67
20,0.6005352948757665,0.24955834773222646,0.14990635739200703,67
21,0.6046918900298801,0.2543567684851544,0.14095134148496546,67
22,0.6105466706317827,0.25918710595685507,0.13026622341136224,67
23,0.6155791218525077,0.2658699206772074,0.11855095747028488,67
24,0.621164164375649,0.2721174672213739,0.10671836840297705,67
25,0.6268331485861848,0.2771341370561457,0.09603271435766952,67
26,0.6323466915841214,0.2812871811532167,0.08636612726266191,67
27,0.6382339002769316,0.2870511961797153,0.07471490354335308,67
28,0.6415407755299216,0.292258975211774,0.06620024925830437,67
29,0.6497067007573,0.2981254778674836,0.05216782137521642,67
30,0.6535252981459658,0.3033733905344347,0.04310131131959949,67
31,0.6565718861511844,0.30875123387820685,0.0346768799706087,67
32,0.6610118695100968,0.3114538306853307,0.02753429980457245,67
33,0.6656466066596266,0.3155307545400971,0.018822638800276292,67
34,0.6661265728347066,0.32082107966019824,0.013052347505095208,67
35,0.6672911961092214,0.3244393862510502,0.008269417639728438,67
36,0.6715254162958116,0.3267262206023024,0.0017483631018859747,67
37,0.6723304390835411,0.32690405835938513,0.000765502557073805,67
38,0.6744441088752003,0.32555589112479966,0.0,67
39,0.6739502099487209,0.3260497900512791,0.0,67
40,0.6737049245400601,0.32629507545993985,0.0,67
41,0.6716066990670563,0.3283933009329437,0.0,67
42,0.6785916503899005,0.32140834961009945,0.0,67
43,0.6763983723626208,0.3236016276373792,0.0,67
44,0.6713782717034043,0.32862172829659575,0.0,67
45,0.67222299391628,0.32777700608371996,0.0,67
46,0.668402884167228,0.33159711583277196,0.0,67
47,0.6710373252971746,0.32896267470282536,0.0,67
48,0.6777610164816791,0.3222389835183209,0.0,67
49,0.6842067711479753,0.31579322885202465,0.0,67
50,0.6346894877416467,0.3653105122583534,0.0,67
1,0.17177695589350722,0.0,0.8282230441064927,68
2,0.3424786471042257,0.11799828786150302,0.5395230650342713,68
3,0.4147138747903224,0.1264902249897959,0.4587959002198817,68
4,0.47307118580670215,0.11617642209820805,0.4107523920950898,68
5,0.46870519061219873,0.1377135842264596,0.39358122516134164,68
6,0.47136442838239323,0.15077326025065566,0.37786231136695114,68
7,0.47947571897372887,0.15017481601692415,0.37034946500934696,68
8,0.47867957854457843,0.17273595228149902,0.34858446917392255,68
9,0.5087039541270357,0.17581394927185393,0.3154820966011104,68
10,0.5129369486164849,0.1926832669603578,0.2943797844231573,68
11,0.5212927710256834,0.20050354189329256,0.27820368708102405,68
12,0.5295267100702135,0.20600017627146494,0.2644731136583216,68
13,0.5444926194919728,0.2059014905825237,0.2496058899255035,68
14,0.5539594742726657,0.21272963350469043,0.2333108922226439,68
15,0.5633718858733603,0.22043162173631653,0.21619649239032318,68
16,0.574123428247581,0.22429782809240367,0.20157874366001532,68
17,0.5794253876621249,0.23369994476854608,0.186874667569329,68
18,0.586574761362121,0.24009134807001992,0.17333389056785903,68
19,0.5956999495670616,0.24536431905105377,0.1589357313818846,68
20,0.6014487529529101,0.25251500146972367,0.14603624557736622,68
21,0.605675648418903,0.2572006015785038,0.13712375000259325,68
22,0.6115002352672303,0.26213284808944937,0.12636691664332034,68
23,0.6166124795112244,0.2687331144953158,0.11465440599345977,68
24,0.6221905303749684,0.27496284410474636,0.10284662552028523,68
25,0.6279062986420284,0.27996033598825776,0.09213336536971384,68
26,0.6334119969037278,0.28402453891004564,0.08256346418622651,68
27,0.6392474189337565,0.28979416713562794,0.07095841393061558,68
28,0.6424178464101418,0.2949455024729294,0.06263665111692884,68
29,0.6507338007863259,0.30072289226875054,0.04854330694492354,68
30,0.654598470047095,0.30590234767278035,0.03949918228012461,68
31,0.657564470270376,0.3111995399571625,0.031235989772461503,68
32,0.6621394395048572,0.31381673619487677,0.024043824300266026,68
33,0.6667517873444151,0.31782746507094034,0.015420747584644567,68
34,0.667205622497105,0.3229853831498778,0.009808994353017186,68
35,0.6683309393189683,0.3264292232950292,0.005239837386002533,68
36,0.6713920944016645,0.3270696555842416,0.0015382500140939115,68
37,0.6724108181242185,0.3270549449257098,0.0005342369500716537,68
38,0.674935050169794,0.32506494983020595,0.0,68
39,0.6745740128573403,0.3254259871426597,0.0,68
40,0.6746740500162917,0.32532594998370834,0.0,68
41,0.6724247957108681,0.3275752042891319,0.0,68
42,0.6795722607086335,0.3204277392913665,0.0,68
43,0.6776094754497493,0.32239052455025075,0.0,68
44,0.6721766059533567,0.3278233940466433,0.0,68
45,0.6732585184781036,0.3267414815218964,0.0,68
46,0.6692985506659546,0.33070144933404544,0.0,68
47,0.67190029101405,0.32809970898595,0.0,68
48,0.6786027412500975,0.32139725874990255,0.0,68
49,0.6843002900552695,0.3156997099447305,0.0,68
50,0.6325767527997246,0.36742324720027536,0.0,68
1,0.1696497333620003,0.0,0.8303502666379997,69
2,0.3426625339795186,0.11986580144867813,0.5374716645718033,69
3,0.4155260251118672,0.12825677015496387,0.45621720473316896,69
4,0.4733792343925484,0.11856381009463088,0.40805695551282084,69
5,0.46902709781090346,0.1402146909475136,0.39075821124158294,69
6,0.47236886322904287,0.1528931300054665,0.3747380067654907,69
7,0.479970684297892,0.1524606408593301,0.3675686748427779,69
8,0.4793645353891299,0.17489832929238486,0.3457371353184853,69
9,0.5093019610200824,0.17812717510999462,0.31257086386992294,69
10,0.5134295721936709,0.19517697906128878,0.2913934487450403,69
11,0.5223013555405623,0.2027847836388088,0.27491386082062885,69
12,0.5303895486359763,0.2084082135291002,0.26120223783492347,69
13,0.5453214290294667,0.20839970871868058,0.24627886225185275,69
14,0.5549559601569857,0.21504009181286451,0.2300039480301498,69
15,0.5642133341133454,0.22300787481920406,0.21277879106745054,69
16,0.575467631248089,0.22673444497153605,0.19779792378037497,69
17,0.5804564670259651,0.23635038601154076,0.18319314696249414,69
18,0.5875593198229376,0.24280957416449922,0.16963110601256315,69
19,0.5968188231539452,0.24807870266890703,0.1551024741771478,69
20,0.6024228954653477,0.25526815422654053,0.1423089503081118,69
21,0.6067317016024343,0.25983812948196405,0.13343016891560167,69
22,0.6125115657830591,0.26487039271029866,0.12261804150664224,69
23,0.6177174608964372,0.27136982298356765,0.11091271611999515,69
24,0.6232500456926948,0.27759258333892267,0.09915737096838251,69
25,0.6290465288754153,0.2825453300962621,0.08840814102832256,69
26,0.6345469616424546,0.2865115985496858,0.07894143980785961,69
27,0.6403122610142634,0.29228778180529696,0.06739995718043962,69
28,0.6433883475184352,0.2973508098222192,0.059260842659345614,69
29,0.6518594837111829,0.30303784905734255,0.0451026672314746,69
30,0.6557385048342412,0.30816188833586544,0.03609960682989333,69
31,0.6586301897104091,0.31336095583120105,0.028008854458389854,69
32,0.663344038110102,0.31589480599511266,0.020761155894785333,69
33,0.66793373402646,0.3198289512758335,0.012237314697706558,69
34,0.6683517982911764,0.3248477080570247,0.006800493651798911,69
35,0.6693953093731407,0.32807959736570147,0.002525093261157796,69
36,0.6715378708869728,0.32714453358422835,0.0013175955287988428,69
37,0.6727544993435797,0.32695042507995575,0.00029507557646457627,69
38,0.6757138173044211,0.32428618269557885,0.0,69
39,0.6754280829818005,0.32457191701819954,0.0,69
40,0.6757865747685435,0.32421342523145646,0.0,69
41,0.6734005897837292,0.3265994102162708,0.0,69
42,0.6806458556629821,0.3193541443370179,0.0,69
43,0.6789339903038275,0.3210660096961725,0.0,69
44,0.6730797213801152,0.3269202786198848,0.0,69
45,0.6744414268830662,0.3255585731169338,0.0,69
46,0.6703644127756093,0.3296355872243907,0.0,69
47,0.6728627085363811,0.3271372914636189,0.0,69
48,0.6794619147815535,0.3205380852184465,0.0,69
49,0.6845703298754158,0.3154296701245842,0.0,69
50,0.6305765790319313,0.3694234209680687,0.0,69
1,0.1667867538990605,0.0,0.8332132461009396,70
2,0.3427165432609417,0.12171451707387698,0.5355689396651813,70
3,0.41619946628557214,0.13000450935392363,0.45379602436050426,70
4,0.473604838045946,0.1209003790302697,0.40549478292378427,70
5,0.4692838453332153,0.14265893183472056,0.3880572228320641,70
6,0.47320087968360036,0.15500605739554826,0.37179306292085135,70
7,0.48038491868260974,0.1546682320720727,0.3649468492453176,70
8,0.4801912425739474,0.17685051481806124,0.34295824260799135,70
9,0.509936385684874,0.18031279927870494,0.3097508150364211,70
10,0.5139103570912564,0.19757158667955335,0.28851805622919025,70
11,0.523297552121245,0.20497678098277627,0.27172566689597877,70
12,0.5313069271603408,0.21067484364213768,0.25801822919752154,70
13,0.5461502028190836,0.21079759942965798,0.24305219775125847,70
14,0.5559679860040281,0.21722582758560172,0.2268061864103702,70
15,0.5650967090249819,0.2254368307091091,0.209466460265909,70
16,0.5768119730292496,0.2290576328071337,0.19413039416361672,70
17,0.5815164674100719,0.23885169190841965,0.17963184068150845,70
18,0.5885829535893224,0.24535983451231405,0.1660572118983635,70
19,0.5979561628207437,0.25063165690586403,0.15141218027339226,70
20,0.6034447798952403,0.25782572642904844,0.1387294936757113,70
21,0.6078347128190134,0.2622864610280665,0.12987882615292012,70
22,0.6135611313401101,0.2674124450888046,0.11902642357108528,70
23,0.6188802395777716,0.273790864826553,0.10732889559567538,70
24,0.6243286600709796,0.280015714609904,0.09565562531911637,70
25,0.6302363765670853,0.2849038008084267,0.08485982262448799,70
26,0.6357303676015463,0.2887676566349625,0.07550197576349116,70
27,0.6414181876849716,0.2945400694656365,0.0640417428493919,70
28,0.6444295059657552,0.29949385511815063,0.05607663891609416,70
29,0.6530498837900598,0.30509674228439887,0.04185337392554134,70
30,0.6569223348064156,0.31016793685883187,0.03290972833475253,70
31,0.6597624413138699,0.31524924028773277,0.02498831839839738,70
32,0.6646122189403074,0.3177076266140956,0.017680154445597007,70
33,0.6691691580074886,0.3215634487947705,0.009267393197740947,70
34,0.6695294954562299,0.32644526772272753,0.00402523682104261,70
35,0.6694534296934707,0.3281937973912986,0.0023527729152307275,70
36,0.671918321077561,0.32697950624273897,0.0011021726797000309,70
37,0.6733170048925656,0.32661921820604717,6.377690138720249e-05,70
38,0.67671474692361,0.32328525307639,0.0,70
39,0.6764704012875353,0.32352959871246467,0.0,70
40,0.6770151115058116,0.3229848884941884,0.0,70
41,0.6745102121112815,0.3254897878887185,0.0,70
42,0.6817839395041192,0.3182160604958808,0.0,70
43,0.6803452994915301,0.3196547005084699,0.0,70
44,0.6740708720799728,0.32592912792002715,0.0,70
45,0.6757323572654601,0.3242676427345399,0.0,70
46,0.6715786471518962,0.3284213528481038,0.0,70
47,0.6739159427070525,0.32608405729294754,0.0,70
48,0.6803411196080135,0.31965888039198653,0.0,70
49,0.6850327153849309,0.31496728461506907,0.0,70
50,0.6286403404306016,0.3713596595693985,0.0,70
1,0.1641629015483903,0.0,0.8358370984516098,71
2,0.3427769109021842,0.12338547486870512,0.5338376142291107,71
3,0.41667868641088945,0.13174840290667192,0.45157291068243866,71
4,0.47395807316770666,0.12311141259464635,0.4029305142376471,71
5,0.46967883769308105,0.1449441297763327,0.38537703253058625,71
6,0.47370661807491854,0.15722359206864917,0.3690697898564323,71
7,0.4807319008662444,0.15679259815463364,0.36247550097912196,71
8,0.48111392454491675,0.17863461183809132,0.34025146361699193,71
9,0.5106055559632964,0.18237841391342968,0.30701603012327394,71
10,0.5143661169449265,0.19987762163729694,0.28575626141777655,71
11,0.5242605811875385,0.20709540010802502,0.2686440187044365,71
12,0.5322786841108957,0.2127990478567993,0.254922268032305,71
13,0.5469647881521638,0.21310209091835952,0.23993312092947672,71
14,0.5569794655697151,0.21930283111893184,0.22371770331135304,71
15,0.5659980735566429,0.22773807284145964,0.20626385360189747,71
16,0.5781308427261338,0.23128132244092484,0.19058783483294137,71
17,0.5825886075506941,0.24121095088766303,0.17620044156164288,71
18,0.5896361169575912,0.24774877416715435,0.16261510887525443,71
19,0.5991022044147978,0.253029775061023,0.14786802052417924,71
20,0.6044987899930216,0.260200787022827,0.13530042298415135,71
21,0.6089648996646235,0.26456030848630924,0.12647479184906724,71
22,0.6146486370990084,0.2697610879373928,0.1155902749635988,71
23,0.6200797405508836,0.27601158369400824,0.1039086757551082,71
24,0.6254124542564656,0.2822445166239493,0.09234302911958508,71
25,0.631461422740579,0.2870438494278528,0.08149472783156814,71
26,0.6369318304012219,0.29081887580909377,0.07224929378968431,71
27,0.6425400187677284,0.2965724639372377,0.060887517295033944,71
28,0.6455256229359865,0.3013951798156309,0.053079197248382615,71
29,0.6542706675181457,0.30692995799754286,0.03879937448431148,71
30,0.658146645846573,0.31193134808283185,0.029922006070595142,71
31,0.6609378867238105,0.3168930664946339,0.022169046781555624,71
32,0.6659261006657222,0.3192742509197018,0.014799648414575983,71
33,0.6704536909538666,0.32304733972350136,0.006498969322631998,71
34,0.6701467839590927,0.3270180603773609,0.002835155663546418,71
35,0.6697535596638063,0.32807215739664075,0.0021742829395529073,71
36,0.6725057394449108,0.32660729358216567,0.0008869669729235641,71
37,0.6740390396908633,0.3259609603091367,0.0,71
38,0.6778667874034848,0.3221332125965152,0.0,71
39,0.6776402966979198,0.3223597033020802,0.0,71
40,0.6783181008165228,0.3216818991834772,0.0,71
41,0.6756818931116654,0.3243181068883346,0.0,71
42,0.6829622457105864,0.3170377542894136,0.0,71
43,0.6817672434387003,0.3182327565612997,0.0,71
44,0.6751158562660743,0.3248841437339257,0.0,71
45,0.6771186601679918,0.3228813398320082,0.0,71
46,0.6729208413900536,0.3270791586099464,0.0,71
47,0.6750783715119884,0.32492162848801165,0.0,71
48,0.6812846093362631,0.3187153906637369,0.0,71
49,0.6856289508186411,0.31437104918135894,0.0,71
50,0.6267808435331108,0.3732191564668893,0.0,71
1,0.161925359797565,0.0,0.8380746402024349,72
2,0.34283493208434224,0.12491919279774757,0.5322458751179102,72
3,0.4170156854135314,0.13346683113555416,0.44951748345091447,72
4,0.47441397054371415,0.1252118084460561,0.4003742210102298,72
5,0.4701761205971635,0.14709694734717688,0.3827269320556596,72
6,0.4739825258646764,0.15948060524616794,0.3665368688891557,72
7,0.4810250932820128,0.1588354303434924,0.3601394763744948,72
8,0.4820826291005557,0.18029378512537936,0.33762358577406487,72
9,0.5113028512406506,0.1843360490630735,0.30436109969627595,72
10,0.5148246665311638,0.20207547969399237,0.28309985377484387,72
11,0.5251969073645423,0.20913184118544687,0.26567125145001086,72
12,0.5332840599032105,0.21479617335341922,0.2519197667433703,72
13,0.5477567148294074,0.2153234379832336,0.23691984718735903,72
14,0.5579749535704167,0.22128228641148603,0.22074276001809726,72
15,0.5669019484869736,0.22992840154849992,0.20316964996452647,72
16,0.5794131836155693,0.23340990622482743,0.1871769101596033,72
17,0.5836464591479815,0.2434477669173833,0.1729057739346352,72
18,0.59070111170563,0.24999372910028622,0.15930515919408378,72
19,0.6002443198339613,0.2552884247348425,0.1444672554311962,72
20,0.6055843180893058,0.26239873877711045,0.13201694313358375,72
21,0.6101019966538133,0.266676832593296,0.12322117075289074,72
22,0.6157579711194361,0.271931727976434,0.11231030090412991,72
23,0.6212961352600712,0.27805093325054675,0.10065293148938204,72
24,0.6264901859164436,0.28429485284950307,0.08921496123405337,72
25,0.6327018500237588,0.28898904466031033,0.07830910531593088,72
26,0.6381411326796763,0.2926785355170948,0.06918033180322891,72
27,0.643680219871301,0.29839816908620864,0.057921611042490384,72
28,0.6466538300370743,0.30308368867269064,0.05026248129023503,72
29,0.6554988072011482,0.30856414064439874,0.035937052154453086,72
30,0.6593769524853119,0.3134920958404133,0.02713095167427476,72
31,0.662138697562109,0.3183205600904553,0.019540742347435747,72
32,0.6672683340674449,0.32062476584689,0.012106900085665118,72
33,0.6717731526749563,0.3243050975224803,0.003921749802563379,72
34,0.6704767069360904,0.3268576543024296,0.002665638761480016,72
35,0.6702706575218594,0.3277409666347534,0.00198837584338718,72
36,0.673242321123985,0.3260802727219697,0.0006774061540453236,72
37,0.6749493164275575,0.3250506835724425,0.0,72
38,0.6791432066418698,0.3208567933581302,0.0,72
39,0.6789091047728328,0.32109089522716716,0.0,72
40,0.6796570019198906,0.32034299808010935,0.0,72
41,0.676897408609255,0.32310259139074504,0.0,72
42,0.6841803616125872,0.3158196383874128,0.0,72
43,0.6831678480383644,0.3168321519616356,0.0,72
44,0.6762360822091337,0.32376391779086633,0.0,72
45,0.6785432542915794,0.32145674570842064,0.0,72
46,0.6743518494681723,0.3256481505318277,0.0,72
47,0.6762906885318416,0.3237093114681584,0.0,72
48,0.682171754828106,0.317828245171894,0.0,72
49,0.6863936780921989,0.31360632190780113,0.0,72
50,0.6251190596841905,0.37488094031580954,0.0,72
1,0.16480906826968786,0.0,0.8351909317303121,73
2,0.34389769499947975,0.1260146618897693,0.530087643110751,73
3,0.41692211648291844,0.1354717992627759,0.4476060842543057,73
4,0.475121990184248,0.1271791705800735,0.39769883923567845,73
5,0.47091201401667326,0.14909487865346435,0.37999310732986236,73
6,0.47425348897300923,0.16168256900764857,0.3640639420193423,73
7,0.4814073032436391,0.16075941902161298,0.35783327773474793,73
8,0.48319105680277036,0.18181804431835252,0.33499089887887706,73
9,0.5121208974930745,0.18615943770982016,0.3017196647971053,73
10,0.5153687677702352,0.20414215760738313,0.28048907462238165,73
11,0.5261911398236968,0.21105474662223817,0.262754113554065,73
12,0.5343869354270765,0.21664651322927647,0.24896655134364704,73
13,0.5485749176614635,0.21744291500098928,0.23398216733754723,73
14,0.5589970460696436,0.22314574635732148,0.2178572075730349,73
15,0.5678385289646419,0.23199394388668235,0.20016752714867572,73
16,0.5806771619261986,0.23543524860505188,0.18388758946874956,73
17,0.5847165299011177,0.2455507603324078,0.16973270976647453,73
18,0.5917941797866362,0.25209026360758,0.1561155566057838,73
19,0.6013959973763985,0.2573972110016483,0.1412067916219532,73
20,0.6066868773117982,0.26443419287991426,0.12887892980828758,73
21,0.6112553737022779,0.2686316161720004,0.12011301012572173,73
22,0.616872667226086,0.2739405541615464,0.10918677861236759,73
23,0.6225372182086879,0.27991535668311895,0.09754742510819314,73
24,0.6275618383855057,0.2861740079413991,0.0862641536730952,73
25,0.6339340372816704,0.29076154723254055,0.07530441548578903,73
26,0.6393214334293599,0.2943772756286582,0.06630129094198195,73
27,0.6448271778351471,0.3000355053511198,0.05513731681373313,73
28,0.6477940978596285,0.30458479849426345,0.047621103646108054,73
29,0.6567187964774964,0.31002546154736,0.03325574197514358,73
30,0.6605909226164648,0.3148814110391865,0.02452766634434872,73
31,0.6633369008109534,0.3195677528028159,0.01709534638623067,73
32,0.6686134870541962,0.3217936184553354,0.009592894490468407,73
33,0.67245169074452,0.3246490686698815,0.0028992405855984282,73
34,0.670949384822484,0.32655565175231677,0.002494963425199226,73
35,0.6709158973240515,0.32728109453196735,0.0018030081439810997,73
36,0.6740666764175252,0.3254581733115826,0.00047515027089223283,73
37,0.6759972565580665,0.32400274344193347,0.0,73
38,0.6804467907289442,0.3195532092710558,0.0,73
39,0.6801985277141233,0.31980147228587674,0.0,73
40,0.6809502822296069,0.31904971777039315,0.0,73
41,0.6780637267580382,0.32193627324196183,0.0,73
42,0.6853443314371233,0.31465566856287674,0.0,73
43,0.684486203293037,0.315513796706963,0.0,73
44,0.6773233086933114,0.32267669130668863,0.0,73
45,0.6798627336714878,0.32013726632851225,0.0,73
46,0.6757556280290813,0.3242443719709187,0.0,73
47,0.6774025101369651,0.32259748986303494,0.0,73
48,0.6828699518555228,0.3171300481444772,0.0,73
49,0.6871185891892169,0.31288141081078313,0.0,73
50,0.6236220380821533,0.3763779619178466,0.0,73
1,0.16677994812233532,0.0,0.8332200518776647,74
2,0.34475947787655437,0.1272625274681522,0.5279779946552934,74
3,0.417113326002407,0.13725290685252414,0.44563376714506886,74
4,0.47579028353883646,0.12911081234535682,0.3950989041158067,74
5,0.47160442435198924,0.15107445858940854,0.3773211170586022,74
6,0.4747207068563236,0.16367875136110438,0.361600541782572,74
7,0.48183155832849484,0.1625908862604653,0.3555775554110398,74
8,0.48434391211154537,0.18327438504144233,0.3323817028470123,74
9,0.5130154817754788,0.18786477802920176,0.2991197401953194,74
10,0.5159972423732349,0.2060686165971568,0.27793414102960834,74
11,0.5272151294873331,0.21287373720645603,0.2599111333062109,74
12,0.5355367582800987,0.21838199332752553,0.24608124839237575,74
13,0.549407955063449,0.2194624341036001,0.23112961083295092,74
14,0.5600291624855279,0.22490800699177182,0.21506283052270025,74
15,0.5687952313757096,0.23393844606178357,0.19726632256250679,74
16,0.5819128219426792,0.23736334074656085,0.18072383731075992,74
17,0.5858044692826102,0.24751818378676382,0.16667734693062597,74
18,0.5928832653337852,0.2540593409477222,0.15305739371849258,74
19,0.6025297944350204,0.2593760937677918,0.13809411179718778,74
20,0.6077994291965247,0.2663169807467832,0.12588359005669203,74
21,0.6124191046703766,0.2704318772145614,0.11714901811506195,74
22,0.617975749708575,0.2758020420348647,0.10622220825656026,74
23,0.6237541667274045,0.28164461042064387,0.09460122285195166,74
24,0.6286166574259745,0.28789457775707206,0.08348876481695344,74
25,0.635161319051251,0.2923673065510208,0.07247137439772827,74
26,0.6404803697986363,0.2959172365234364,0.0636023936779273,74
27,0.6459563821319473,0.30151362852595054,0.05252998934210218,74
28,0.64891350689668,0.30592881894987833,0.04515767415344163,74
29,0.6579152099270243,0.31133353907542366,0.030751250997551993,74
30,0.6617807522503696,0.3161130493965144,0.022106198353116002,74
31,0.6645368280406577,0.3206482635056096,0.014814908453732678,74
32,0.6699475275684859,0.3228055200263694,0.007246952405144724,74
33,0.6728508090004659,0.32440353984548664,0.002745651154047457,74
34,0.6715460260859566,0.3261326019923194,0.0023213719217239914,74
35,0.6716817311497613,0.3267039223812844,0.001614346468954364,74
36,0.6749660492038057,0.32475631645469594,0.0002776343414984117,74
37,0.677119109784982,0.322880890215018,0.0,74
38,0.6817599269896082,0.3182400730103918,0.0,74
39,0.6814827217393462,0.3185172782606538,0.0,74
40,0.6822050488145247,0.3177949511854753,0.0,74
41,0.6791749873444938,0.3208250126555062,0.0,74
42,0.6864321492790275,0.3135678507209725,0.0,74
43,0.6857133055143542,0.31428669448564583,0.0,74
44,0.6783516427775578,0.3216483572224422,0.0,74
45,0.6810137516790435,0.31898624832095646,0.0,74
46,0.6771113161111015,0.32288868388889846,0.0,74
47,0.6784018527161475,0.3215981472838525,0.0,74
48,0.6834264298370492,0.31657357016295085,0.0,74
49,0.6878664271932359,0.3121335728067641,0.0,74
50,0.6224251932158776,0.3775748067841223,0.0,74
1,0.16779736785759955,0.0,0.8322026321424004,75
2,0.34542112875663844,0.12862283467125507,0.5259560365721063,75
3,0.4175012763759185,0.1388620962382078,0.4436366273858737,75
4,0.47639220754841327,0.1310082894248066,0.39259950302678015,75
5,0.4722228556830316,0.15303280684259338,0.3747443374743751,75
6,0.4753100259083859,0.16551761530943915,0.35917235878217496,75
7,0.48226960902591753,0.16434075461833825,0.3533896363557441,75
8,0.4854713374241138,0.18470720568370427,0.329821456892182,75
9,0.5139369770603043,0.18948025431179716,0.29658276862789856,75
10,0.5166806125411496,0.20787742222904257,0.2754419652298078,75
11,0.5282351010370929,0.21460374375558627,0.2571611552073208,75
12,0.5366712060739822,0.22004941100309922,0.24327938292291856,75
13,0.5502291354021964,0.22140103606183742,0.22836982853596616,75
14,0.5610424258710482,0.22659164959561695,0.2123659245333348,75
15,0.5697490540841601,0.23578108348766502,0.19446986242817488,75
16,0.5830816008836843,0.23922049896094105,0.17769790015537462,75
17,0.5868975524319024,0.24936151055211864,0.16374093701597892,75
18,0.5939656965814213,0.2559102098252919,0.15012409359328682,75
19,0.6036414553274219,0.26123333530428716,0.13512520936829098,75
20,0.6089165561131928,0.2680577520309504,0.12302569185585677,75
21,0.6135850451747407,0.2720919637748346,0.11432299105042476,75
22,0.6190583663161461,0.27752976673588425,0.10341186694796967,75
23,0.6249446895899613,0.28324536201581496,0.09180994839422374,75
24,0.6296703024904986,0.2894570229763005,0.0808726745332009,75
25,0.6363925588986538,0.293817523340701,0.06978991776064525,75
26,0.6416158009460827,0.2973104952927209,0.06107370376119636,75
27,0.6470495850458602,0.30285520012640266,0.050095214827737156,75
28,0.650013055366973,0.30713235468455574,0.0428545899484713,75
29,0.6590939582470844,0.31250139380876363,0.028404647944151984,75
30,0.6629493857163743,0.3172073922990771,0.01984322198454863,75
31,0.6657314036638369,0.3215807680194778,0.012687828316685301,75
32,0.6712433861443683,0.32369027494267977,0.00506633891295194,75
33,0.6733963723356283,0.32402421387263036,0.002579413791741314,75
34,0.6722629864976603,0.32559755787233435,0.0021394556300053935,75
35,0.6725251034887763,0.32604989115501876,0.0014250053562049891,75
36,0.6759233825334329,0.32399416586538876,8.245160117836825e-05,75
37,0.6782802970632721,0.3217197029367279,0.0,75
38,0.6830713786691276,0.3169286213308724,0.0,75
39,0.6827587220606391,0.31724127793936086,0.0,75
40,0.6834490226943856,0.31655097730561443,0.0,75
41,0.6802380627031055,0.3197619372968945,0.0,75
42,0.6874404335013806,0.3125595664986194,0.0,75
43,0.6868466097649973,0.31315339023500266,0.0,75
44,0.6793323556162755,0.3206676443837245,0.0,75
45,0.6820619237406778,0.31793807625932224,0.0,75
46,0.6784385121671149,0.3215614878328851,0.0,75
47,0.67933600245434,0.32066399754566,0.0,75
48,0.6839566745808245,0.31604332541917546,0.0,75
49,0.6887303206948525,0.3112696793051475,0.0,75
50,0.6214451367973893,0.3785548632026108,0.0,75
1,0.1678911936398368,0.0,0.8321088063601632,76
2,0.34588921487882396,0.1300620792402879,0.5240487058808881,76
3,0.41800039598220545,0.1403511467587365,0.4416484572590581,76
4,0.4769081250312335,0.1328741975496021,0.3902176774191644,76
5,0.4727368604943608,0.15497416167043665,0.37228897783520254,76
6,0.475951907522733,0.16724750680318984,0.3568005856740772,76
7,0.4826875015575425,0.1660335676038936,0.35127893083856393,76
8,0.48651929881438927,0.18614608467574664,0.32733461650986406,76
9,0.5148415980554357,0.19102937112964227,0.29412903081492203,76
10,0.5173831007175004,0.20958819129229217,0.27302870799020745,76
11,0.5292439264833274,0.21624509961249644,0.25451097390417615,76
12,0.5377514033783989,0.22167510952723518,0.24057348709436593,76
13,0.5510234438656696,0.22326104503994015,0.22571551109439025,76
14,0.5620156470358002,0.22820830406090015,0.20977604890329965,76
15,0.5706886553968128,0.23753291952701144,0.19177842507617576,76
16,0.5841849231010348,0.24100564942278588,0.17480942747617936,76
17,0.5879828490237513,0.25109683516523534,0.16092031581101335,76
18,0.5950327807698957,0.2576545752991078,0.14731264393099647,76
19,0.6047113597261283,0.2629864415790403,0.1323021986948314,76
20,0.6100013370602144,0.26969232031951745,0.12030634262026813,76
21,0.6147408087946147,0.27363640497665664,0.11162278622872868,76
22,0.6201226205140734,0.2791367781036893,0.10074060138223728,76
23,0.6260878654117895,0.2847449304967328,0.08916720409147771,76
24,0.630701436062242,0.2908863782099209,0.07841218572783704,76
25,0.6376163094409439,0.2951331177548552,0.06725057280420088,76
26,0.6427093527280636,0.2985847936229181,0.05870585364901826,76
27,0.6481050593360249,0.3040651977395225,0.04782974292445258,76
28,0.6510927346117723,0.3082084266022658,0.04069883878596192,76
29,0.6602337579803619,0.3135539265837263,0.026212315435911848,76
30,0.6640798622470293,0.31819086137141683,0.01772927638155386,76
31,0.6669048602879151,0.32239676630971614,0.010698373402368788,76
32,0.6723243485789858,0.32426535455402883,0.0034102968669853517,76
33,0.6740222983491778,0.32356534122344416,0.002412360427378024,76
34,0.6730617965757129,0.3249824959971167,0.001955707427170439,76
35,0.6734178004633188,0.32534258218945494,0.001239617347226274,76
36,0.6769009487651265,0.3230990512348735,0.0,76
37,0.6794659741582658,0.3205340258417342,0.0,76
38,0.6843752251431581,0.3156247748568419,0.0,76
39,0.6840176380611541,0.3159823619388459,0.0,76
40,0.6846546172834759,0.3153453827165241,0.0,76
41,0.6812352588863593,0.3187647411136407,0.0,76
42,0.6883785371711536,0.3116214628288464,0.0,76
43,0.6879067483698678,0.31209325163013224,0.0,76
44,0.6802806657673103,0.3197193342326897,0.0,76
45,0.683030133109989,0.31696986689001105,0.0,76
46,0.6797171089362092,0.3202828910637908,0.0,76
47,0.6802118713130041,0.3197881286869959,0.0,76
48,0.6844469546160037,0.3155530453839963,0.0,76
49,0.6896964742888329,0.31030352571116715,0.0,76
50,0.6206964739722745,0.3793035260277255,0.0,76
1,0.167105629386224,0.0,0.832894370613776,77
2,0.34616599916127183,0.13155238692632604,0.5222816139124022,77
3,0.4185372000812349,0.14175925346462573,0.43970354645413945,77
4,0.4773218495088032,0.13470812990595393,0.3879700205852429,77
5,0.47313409336291046,0.15689373394011322,0.36997217269697635,77
6,0.4765999691312249,0.16889828803875395,0.3545017428300212,77
7,0.48306403787840035,0.1676765960577708,0.34925936606382885,77
8,0.4874574563396532,0.1875996167819977,0.3249429268783491,77
9,0.5156974023743872,0.19253019173465716,0.29177240589095566,77
10,0.5180711739578053,0.2112234253660272,0.27070540067616744,77
11,0.5302223778644354,0.21781496344674606,0.25196265868881856,77
12,0.5387305848260566,0.22328767872885408,0.2379817364450893,77
13,0.5517790636825766,0.22504895816799825,0.2231719781494252,77
14,0.5629286328207428,0.22977250614352138,0.20729886103573583,77
15,0.5715947420748847,0.23920923209064376,0.18919602583447154,77
16,0.5852057149492046,0.24272859447417877,0.17206569057661664,77
17,0.589028609182954,0.2527489741061406,0.15822241671090542,77
18,0.5960789576282914,0.2593009025578199,0.14462013981388866,77
19,0.6057264917303506,0.26464765595587636,0.129625852313773,77
20,0.6110337576159941,0.2712371415717932,0.11772910081221272,77
21,0.6158790284457617,0.2750753343219404,0.10904563723229788,77
22,0.6211655253365533,0.2806292942321601,0.09820518043128657,77
23,0.6271627943840015,0.2861620466297357,0.08667515898626282,77
24,0.6316947088624788,0.2921962949290133,0.07610899620850792,77
25,0.6388175114258117,0.2963307235909612,0.06485176498322714,77
26,0.6437793626113749,0.2997335528510237,0.05648708453760137,77
27,0.6491206530937526,0.3051591334223565,0.04572021348389094,77
28,0.6521500169695051,0.30916629365811577,0.03868368937237909,77
29,0.6613205454078881,0.3145029971026723,0.024176457489439585,77
30,0.6651613341680509,0.31907685681792924,0.015761809014019856,77
31,0.6680223834666743,0.32312040058910263,0.008857215944223062,77
32,0.6727300597350724,0.32398193507383805,0.0032880051910895713,77
33,0.6747047116556103,0.32304272734914163,0.002252560995248065,77
34,0.6739105567732393,0.3243096198238723,0.001779823402888403,77
35,0.674341520810064,0.3245933535340627,0.0010651256558732447,77
36,0.6779271927099295,0.3220728072900705,0.0,77
37,0.6806698957049082,0.3193301042950918,0.0,77
38,0.6856509471853919,0.3143490528146081,0.0,77
39,0.6852439394180305,0.3147560605819695,0.0,77
40,0.6858170587900868,0.3141829412099132,0.0,77
41,0.6821945177316263,0.3178054822683737,0.0,77
42,0.689255088807871,0.310744911192129,0.0,77
43,0.6889065946872425,0.31109340531275753,0.0,77
44,0.6812205174403643,0.31877948255963573,0.0,77
45,0.6839432627158066,0.31605673728419337,0.0,77
46,0.6809625159926123,0.31903748400738774,0.0,77
47,0.6810573666609536,0.3189426333390464,0.0,77
48,0.6849712827422634,0.3150287172577366,0.0,77
49,0.6907195585199694,0.30928044148003064,0.0,77
50,0.6200935401026613,0.3799064598973386,0.0,77
1,0.16556039947896617,0.0,0.8344396005210339,78
2,0.34626569398531126,0.13307065107067212,0.5206636549440167,78
3,0.4190431360405989,0.14312320096520234,0.4378336629941988,78
4,0.4776219712684074,0.1365134976366042,0.38586453109498847,78
5,0.47339967684715717,0.15879586681300617,0.3678044563398367,78
6,0.47721169029695676,0.17049454834807404,0.3522937613549692,78
7,0.48335918073700634,0.16928926105148479,0.34735155821150887,78
8,0.48826316519435203,0.18907411032062998,0.3226627244850179,78
9,0.5164897135147803,0.19398996465942248,0.2895203218257972,78
10,0.5187239340424559,0.21279878543520203,0.2684772805223421,78
11,0.531134816219792,0.2193387994137767,0.24952638436643132,78
12,0.5396006030838278,0.2248878696783069,0.23551152723786525,78
13,0.5524920387252531,0.22677144101790575,0.22073652025684115,78
14,0.5637728674223288,0.23129046982670762,0.2049366627509636,78
15,0.5724509410916188,0.2408241035055356,0.18672495540284564,78
16,0.5861386319369333,0.24439741196670034,0.16946395609636639,78
17,0.5900161346586872,0.2543369080366475,0.15564695730466532,78
18,0.5970858283398113,0.26086799291987717,0.14204617874031156,78
19,0.6066891134733955,0.26622497762677455,0.12708590889982996,78
20,0.6120088630973433,0.272705873427187,0.11528526347546975,78
21,0.6169704833083379,0.2764367540599063,0.10659276263175577,78
22,0.6221642777642356,0.28203181500919217,0.09580390722657228,78
23,0.6281746638447279,0.2875023680195259,0.08432296813574625,78
24,0.6326390547171346,0.293406290802058,0.07395465448080746,78
25,0.6399701224696265,0.2974407358792127,0.0625891416511608,78
26,0.6448206162813016,0.30077784953059056,0.054401534188107836,78
27,0.6500888338136599,0.30615502073136497,0.04375614545497514,78
28,0.6531649490694752,0.3100362787459972,0.036798772184527595,78
29,0.6623454476414086,0.3153661960840429,0.022288356274548504,78
30,0.6661903936373875,0.31987664832764096,0.013932958034971521,78
31,0.6690775539172951,0.3237697883246153,0.007152657758089653,78
32,0.6732187945414596,0.3236227026605648,0.003158502797975582,78
33,0.675430106028865,0.32247690615075414,0.002092987820380865,78
34,0.674796296636559,0.32359891180271494,0.0016047915607260155,78
35,0.6752831181155952,0.3238221402670604,0.00089474161734443,78
36,0.6790406818533341,0.3209593181466659,0.0,78
37,0.6818580123263276,0.3181419876736724,0.0,78
38,0.686875134469071,0.313124865530929,0.0,78
39,0.6864166285873157,0.31358337141268433,0.0,78
40,0.6869069114835418,0.31309308851645823,0.0,78
41,0.6831217486297286,0.31687825137027137,0.0,78
42,0.6900960518041996,0.30990394819580036,0.0,78
43,0.6898433771348352,0.31015662286516477,0.0,78
44,0.6821382912483144,0.3178617087516856,0.0,78
45,0.6848467239946516,0.31515327600534837,0.0,78
46,0.6821768747962083,0.31782312520379175,0.0,78
47,0.6818897416167663,0.3181102583832337,0.0,78
48,0.6855755383405403,0.3144244616594597,0.0,78
49,0.6917423980540507,0.3082576019459493,0.0,78
50,0.6196294164640181,0.3803705835359818,0.0,78
1,0.16343935683870223,0.0,0.8365606431612979,79
2,0.3461877632984446,0.1346061425186506,0.5192060941829049,79
3,0.4194750385625768,0.14446232069429454,0.4360626407431287,79
4,0.4778034604356942,0.13829142895317595,0.38390511061112986,79
5,0.47353965521626773,0.1606743807790724,0.3657859640046599,79
6,0.47776303159721123,0.17205113447754156,0.3501858339252472,79
7,0.4835641788619047,0.1708727109787577,0.3455631101593376,79
8,0.4889336538973624,0.19056291544280546,0.3205034306598322,79
9,0.5172002973706809,0.1954238827695254,0.28737581985979377,79
10,0.5193206304025405,0.21433174809854627,0.2663476214989132,79
11,0.5319617432252022,0.22083319712502922,0.2472050596497686,79
12,0.5403657274259263,0.22647058204843545,0.2331636905256383,79
13,0.5531463433376839,0.228442627440741,0.21841102922157513,79
14,0.5645409549207352,0.23276979921847862,0.20268924586078618,79
15,0.5732417147499911,0.2423916446897957,0.1843666405602132,79
16,0.5869786080204457,0.2460196418940116,0.16700175008554274,79
17,0.5909230293473832,0.25588055555525346,0.15319641509736337,79
18,0.5980384063718902,0.26237191010347644,0.13958968352463336,79
19,0.607582742452264,0.2677380430264761,0.12467921452125996,79
20,0.6129116725753411,0.27411364672255445,0.11297468070210448,79
21,0.6180109461400658,0.2777353110879238,0.10425374277201038,79
22,0.6231170559917596,0.2833530120838953,0.09352993192434511,79
23,0.6291163660575454,0.2887722937416206,0.082111340200834,79
24,0.6335333229971888,0.2945324240938158,0.07193425290899541,79
25,0.6410452957918773,0.2984888152273788,0.0604658889807439,79
26,0.6458202695119031,0.301739660486965,0.05244007000113193,79
27,0.651005663377113,0.3070684010455278,0.04192593557735924,79
28,0.6541245939139444,0.31083719515617325,0.03503821092988235,79
29,0.663306405492735,0.3161543134079272,0.02053928109933778,79
30,0.6671625297421142,0.3206024943933211,0.012234975864564679,79
31,0.6700783583587617,0.3243470215390787,0.005574620102159589,79
32,0.6737578550604816,0.3232161361419736,0.0030260087975448324,79
33,0.6761823904200263,0.3218830016145827,0.001934607965391022,79
34,0.6756836101540001,0.32288087806049204,0.0014355117855078259,79
35,0.676228921273407,0.3230419926751658,0.0007290860514272413,79
36,0.6802110154354849,0.3197889845645151,0.0,79
37,0.6830139274159718,0.3169860725840282,0.0,79
38,0.6880497405308779,0.31195025946912214,0.0,79
39,0.6875408923200859,0.31245910767991414,0.0,79
40,0.687959052907787,0.312040947092213,0.0,79
41,0.6840408185454745,0.3159591814545255,0.0,79
42,0.6908938233955958,0.3091061766044042,0.0,79
43,0.6906922067774259,0.30930779322257407,0.0,79
44,0.6830598987723107,0.31694010122768934,0.0,79
45,0.6857932916162772,0.3142067083837228,0.0,79
46,0.6833611452658649,0.3166388547341351,0.0,79
47,0.6827007831517473,0.3172992168482527,0.0,79
48,0.6862420439334297,0.3137579560665703,0.0,79
49,0.6927035365407019,0.30729646345929806,0.0,79
50,0.6192399568673985,0.3807600431326014,0.0,79
1,0.16090711846119835,0.0,0.8390928815388017,80
2,0.34595022055194063,0.1361475091692615,0.5179022702787979,80
3,0.41979584701645195,0.14579300718240693,0.43441114580114104,80
4,0.47786581551222945,0.14004294957889235,0.38209123490887814,80
5,0.4735599423289283,0.1625282700771427,0.3639117875939289,80
6,0.47823238562879844,0.17358633631364148,0.34818127805756005,80
7,0.48367463002131894,0.17243625992291417,0.3438891100557669,80
8,0.489460946387859,0.1920690617092456,0.3184699919028953,80
9,0.5178000283187558,0.1968546106589744,0.2853453610222698,80
10,0.519839543209087,0.21583915039107437,0.26432130639983864,80
11,0.5326820269762902,0.2223121492014577,0.2450058238222521,80
12,0.5410246885643061,0.2280359360741797,0.2309393753615142,80
13,0.553732790110764,0.2300688041017661,0.21619840578746985,80
14,0.5652207787046382,0.23422422060642517,0.20055500068893667,80
15,0.5739608848715367,0.2439181414489498,0.18212097367951346,80
16,0.5877213724195011,0.24760203663843788,0.16467659094206105,80
17,0.5917435183221209,0.25738404562684214,0.15087243605103695,80
18,0.5989313742207891,0.26382330046245817,0.1372453253167527,80
19,0.6083870775558227,0.2692075013000673,0.12240542114411002,80
20,0.6137233124145873,0.275478742266271,0.11079794531914167,80
21,0.6189947918192742,0.27897697943182775,0.10202822874889805,80
22,0.6240091535612651,0.2846160473893628,0.09137479904937212,80
23,0.6299964743540098,0.2899727845109702,0.08003074113501996,80
24,0.6343837552604696,0.2955828459174859,0.07003339882204446,80
25,0.6420382627081944,0.29948853145171817,0.05847320584008742,80
26,0.6467753507057512,0.30263256158646457,0.05059208770778423,80
27,0.651862796004079,0.30791580282323594,0.04022140117268502,80
28,0.6550261556972305,0.3115820485617747,0.03339179574099477,80
29,0.664199439007263,0.31688157053966254,0.01891899045307449,80
30,0.6680527896358239,0.32127397926682044,0.010673231097355629,80
31,0.6710086420711814,0.3248316124912923,0.004159745437526341,80
32,0.6743325249826788,0.32277599291260106,0.0028914821047201222,80
33,0.6769415498411603,0.32127894562597736,0.0017795045328623527,80
34,0.676557490234732,0.3221693708778827,0.0012731388873852834,80
35,0.6771615038500582,0.32226861625241837,0.0005698798975233843,80
36,0.6814181401007844,0.3185818598992156,0.0,80
37,0.6841144976253943,0.31588550237460566,0.0,80
38,0.6891454989926638,0.31085450100733625,0.0,80
39,0.6886158710540642,0.3113841289459358,0.0,80
40,0.6889784913551404,0.31102150864485956,0.0,80
41,0.6849435914886749,0.3150564085113251,0.0,80
42,0.6916319760937474,0.3083680239062526,0.0,80
43,0.691487977559814,0.30851202244018605,0.0,80
44,0.6839864184313076,0.3160135815686924,0.0,80
45,0.686779302282492,0.31322069771750805,0.0,80
46,0.6844957857992615,0.3155042142007385,0.0,80
47,0.6834611429808732,0.31653885701912676,0.0,80
48,0.6870022257105978,0.31299777428940223,0.0,80
49,0.6936546165540418,0.3063453834459582,0.0,80
50,0.6189807703255138,0.3810192296744862,0.0,80
1,0.15825221644095763,0.0,0.8417477835590423,81
2,0.34559905231728383,0.1376733489435896,0.5167275987391265,81
3,0.41992238725782705,0.14715780314138702,0.4329198096007859,81
4,0.4778051505752566,0.1417761151424986,0.3804187342822449,81
5,0.47346564370062577,0.16435850029896557,0.3621758560004087,81
6,0.4785922676669803,0.175127332995701,0.34628039933731875,81
7,0.48363961607445827,0.17402765223755254,0.34233273168798917,81
8,0.48980749959292436,0.19359595447456085,0.3165965459325148,81
9,0.518324299703776,0.1982572398069194,0.2834184604893046,81
10,0.5203127256572987,0.2172920552915108,0.2623952190511905,81
11,0.5332459548832961,0.22380838935902386,0.24294565575768007,81
12,0.5415738474726183,0.22959158087347503,0.2288345716539067,81
13,0.5542393635339904,0.23166033987970827,0.21410029658630134,81
14,0.5658122399414995,0.23565377367394988,0.19853398638455058,81
15,0.5745916735658778,0.24541676235984752,0.17999156407427466,81
16,0.5883782764785883,0.24913889928755567,0.16248282423385602,81
17,0.5924606120637541,0.2588603122336932,0.14867907570255268,81
18,0.5997590039904647,0.26523124549661914,0.1350097505129162,81
19,0.6091037508358847,0.2706346685841271,0.12026158057998815,81
20,0.6144364179855006,0.27680376846713606,0.1087598135473633,81
21,0.6199014294965899,0.28017701493967995,0.09992155556373017,81
22,0.6248311267876607,0.2858246110564941,0.08934426215584518,81
23,0.6307998634720068,0.2911180769132904,0.07808205961470283,81
24,0.6351956436039843,0.2965628967354016,0.06824145966061412,81
25,0.6429472376352894,0.30044387282427476,0.05660888954043586,81
26,0.6476726557888056,0.30346717680093793,0.04886016741025645,81
27,0.6526335501056133,0.30871355205939727,0.03865289783498943,81
28,0.6558529447067752,0.31228491559681604,0.03186213969640872,81
29,0.6650232712856252,0.317551461480236,0.017425267234138786,81
30,0.6688723068733742,0.3218823884577534,0.009245304668872412,81
31,0.6713482519613894,0.32458567639196084,0.004066071646649794,81
32,0.6749361667093765,0.3223022209896066,0.0027616123010169025,81
33,0.6776791813600918,0.32068190801040486,0.0016389106295033873,81
34,0.6774091436934837,0.32146570322106993,0.001125153085446362,81
35,0.6780608301396718,0.3215121660195476,0.0004270038407806487,81
36,0.6825967143025695,0.3174032856974305,0.0,81
37,0.6851393509865132,0.31486064901348676,0.0,81
38,0.6901665985929859,0.3098334014070141,0.0,81
39,0.6896469381405677,0.31035306185943234,0.0,81
40,0.6899625922677216,0.3100374077322784,0.0,81
41,0.6858189622869924,0.31418103771300765,0.0,81
42,0.6923425545391899,0.3076574454608101,0.0,81
43,0.6922593275896153,0.3077406724103847,0.0,81
44,0.6849154262462912,0.3150845737537088,0.0,81
45,0.6877978015546047,0.3122021984453953,0.0,81
46,0.6855913381100553,0.31440866188994465,0.0,81
47,0.6841851828259619,0.31581481717403814,0.0,81
48,0.6878641973024248,0.31213580269757524,0.0,81
49,0.6946656396600717,0.30533436033992833,0.0,81
50,0.618976302784051,0.3810236972159491,0.0,81
1,0.16031073777967433,0.0,0.8396892622203257,82
2,0.34613044854977487,0.1388663868009818,0.5150031646492432,82
3,0.41951818714950406,0.14889218170111254,0.4315896311493834,82
4,0.4778069489155693,0.14345547330613367,0.37873757777829703,82
5,0.47341977226723464,0.16612611552551854,0.3604541122072467,82
6,0.47897052843605126,0.17664407857529113,0.3443853929886576,82
7,0.4836116649616191,0.17559165094626195,0.340796684092119,82
8,0.49011437127514235,0.19509182875769987,0.3147937999671579,82
9,0.5188548480670527,0.1996161655594172,0.2815289863735301,82
10,0.5208156287709004,0.21867709803218321,0.2605072731969164,82
11,0.5337444672231961,0.22528344195699357,0.2409720908198103,82
12,0.5420602165032319,0.23112415071884512,0.226815632777923,82
13,0.5547281120314118,0.23319368889924152,0.21207819906934666,82
14,0.5663573905635566,0.23704622744577325,0.19659638199067014,82
15,0.5751721214638557,0.2468723429850787,0.17795553555106564,82
16,0.5889789893024069,0.2506253840128955,0.1603956266846976,82
17,0.593095296476188,0.26030203647241745,0.14660266705139458,82
18,0.6005301346501226,0.2666010601556392,0.13286880519423816,82
19,0.6097525290171179,0.2720142138370568,0.11823325714582533,82
20,0.6150733105225765,0.27808101604560664,0.10684567343181683,82
21,0.6207313823631738,0.28133862703337975,0.09792999060344643,82
22,0.6255818556728334,0.2869840455189645,0.08743409880820208,82
23,0.6315578202620067,0.29220019279630527,0.07624198694168804,82
24,0.6359710374553855,0.29748821615196525,0.06654074639264923,82
25,0.6437771289107901,0.30136024777606146,0.05486262331314845,82
26,0.64849822060008,0.30426765824786184,0.04723412115205816,82
27,0.6533300160336768,0.30946788940583997,0.037202094560483234,82
28,0.6566068300120078,0.31295573116869296,0.030437438819299223,82
29,0.6657548801321571,0.3181880970204883,0.016057022847354607,82
30,0.6696173168399413,0.32244525093173815,0.007937432228320551,82
31,0.6717137974106123,0.32431909957446786,0.003967103014919815,82
32,0.6755406467264417,0.3218284846352981,0.002630868638260231,82
33,0.6783809976858854,0.32011477512728015,0.001504227186834406,82
34,0.6782033260980571,0.3208097432832511,0.0009869306186917615,82
35,0.6789057787561155,0.32080134413624756,0.0002928771076369796,82
36,0.6837091140031855,0.31629088599681454,0.0,82
37,0.6860496412952498,0.3139503587047502,0.0,82
38,0.6910910624783259,0.30890893752167414,0.0,82
39,0.6905864368939918,0.3094135631060082,0.0,82
40,0.6908369317114064,0.30916306828859363,0.0,82
41,0.6865942089059867,0.31340579109401334,0.0,82
42,0.6929827841739346,0.30701721582606545,0.0,82
43,0.692934214825421,0.30706578517457905,0.0,82
44,0.6857752362509502,0.31422476374904984,0.0,82
45,0.6887020008185363,0.3112979991814637,0.0,82
46,0.6865571645036523,0.31344283549634766,0.0,82
47,0.6847857790056413,0.3152142209943587,0.0,82
48,0.6886931914591572,0.3113068085408428,0.0,82
49,0.6955925815684949,0.3044074184315051,0.0,82
50,0.619417111337896,0.3805828886621039,0.0,82
1,0.1618012792690511,0.0,0.8381987207309489,83
2,0.3464442051723798,0.14016507085222932,0.513390723975391,83
3,0.41928116551742955,0.15047672967510592,0.4302421048074645,83
4,0.47783152086729686,0.14509969569175316,0.37706878344094996,83
5,0.4733821011916904,0.16785687365469135,0.3587610251536183,83
6,0.4793429132324173,0.17814625910406315,0.3425108276635196,83
7,0.48357961928360116,0.17713685092680315,0.3392835297895957,83
8,0.4903619171308213,0.19658021955056304,0.3130578633186156,83
9,0.5193481911705233,0.2009616085080821,0.2796902003213946,83
10,0.5213183602536489,0.2200154557182789,0.25866618402807223,83
11,0.5341866018741689,0.2267282730368808,0.2390851250889503,83
12,0.5424802990099309,0.23263539259690103,0.2248843083931681,83
13,0.5551824110691168,0.2346889184052079,0.2101286705256753,83
14,0.5668486512124464,0.23841149178798116,0.1947398569995724,83
15,0.5756951734530649,0.248298523533492,0.17600630301344314,83
16,0.5895096983379591,0.2520776223318873,0.15841267933015363,83
17,0.5936455385462063,0.26171353959738525,0.14464092185640848,83
18,0.6012359479143264,0.26794107131097955,0.130822980774694,83
19,0.6103505578931673,0.2733409954282009,0.11630844667863183,83
20,0.6156455787165731,0.27931214841269086,0.10504227287073603,83
21,0.6214839539691428,0.28246806225964083,0.09604798377121637,83
22,0.626275151047644,0.2880968296069262,0.08562801934542985,83
23,0.6322510960447483,0.2932463847143876,0.07450251924086415,83
24,0.6366950325095443,0.2983748999285408,0.06493006756191488,83
25,0.6445324110612074,0.30223767216233255,0.05322991677646005,83
26,0.6492495362105739,0.30503553170016984,0.045714932089256255,83
27,0.6539560005033154,0.3101804203823353,0.03586357911434934,83
28,0.6572913774194168,0.3135988306468575,0.029109791933725704,83
29,0.6664129676373867,0.3187895788791053,0.014797453483508027,83
30,0.6702977380966944,0.3229645822411229,0.0067376796621827495,83
31,0.6720938757515105,0.32404098347135635,0.0038651407771331803,83
32,0.6761204570538946,0.3213749829558492,0.0025045599902562277,83
33,0.6790499145796505,0.3195748096661721,0.0013752757541774518,83
34,0.6789550336836517,0.320188881760141,0.0008560845562072816,83
35,0.6796928311680084,0.3201381360759985,0.00016903275599311485,83
36,0.6847352108220308,0.3152647891779692,0.0,83
37,0.6868459966461461,0.3131540033538539,0.0,83
38,0.691924015224225,0.308075984775775,0.0,83
39,0.6914278807927677,0.30857211920723226,0.0,83
40,0.6916484880189647,0.3083515119810353,0.0,83
41,0.6872907330103359,0.31270926698966406,0.0,83
42,0.6935457619317267,0.3064542380682733,0.0,83
43,0.6935562344073879,0.3064437655926121,0.0,83
44,0.6865849238453527,0.31341507615464725,0.0,83
45,0.6895059318172686,0.3104940681827314,0.0,83
46,0.6874330597888968,0.3125669402111032,0.0,83
47,0.6852553040175727,0.31474469598242727,0.0,83
48,0.6895042106393958,0.3104957893606042,0.0,83
49,0.6964717245015632,0.30352827549843675,0.0,83
50,0.6203558635918174,0.3796441364081825,0.0,83
1,0.16263966137864816,0.0,0.837360338621352,84
2,0.34654255315529414,0.14155177866455318,0.5119056681801527,84
3,0.41916683665495424,0.15194832108942394,0.42888484225562185,84
4,0.47784587502584774,0.14672098251479643,0.37543314245935583,84
5,0.4733263023198153,0.16956280044691935,0.35711089723326533,84
6,0.4796798301603874,0.17964697043915445,0.34067319940045815,84
7,0.4835187516683521,0.17867673607850623,0.3378045122531417,84
8,0.49053649088827367,0.19807292584009717,0.3113905832716292,84
9,0.5197675091923719,0.2023126902833731,0.277919800524255,84
10,0.5217942583312702,0.2213280588516538,0.25687768281707596,84
11,0.5345640726949462,0.2281517351417519,0.23728419216330188,84
12,0.5428211046572673,0.23413870260812492,0.2230401927346078,84
13,0.555603191382563,0.2361545330431281,0.2082422755743089,84
14,0.5672701605869381,0.2397617899066316,0.19296804950643026,84
15,0.5761648255938816,0.24969251494037037,0.17414265946574803,84
16,0.5899731147678096,0.25349851357118186,0.15652837166100858,84
17,0.5941150598339647,0.263097795921863,0.14278714424417227,84
18,0.6018675115523524,0.26925975288782356,0.12887273555982404,84
19,0.6108892649847473,0.27462890673439955,0.11448182828085318,84
20,0.6161566610550807,0.2805014374993517,0.1033419014455676,84
21,0.6221646788514918,0.28356744183724514,0.09426787931126301,84
22,0.6269044464031259,0.28917475679946386,0.08392079679741021,84
23,0.6328788782494705,0.29426084405283043,0.07286027769769904,84
24,0.6373640661228583,0.29923068616596604,0.06340524771117562,84
25,0.6452197265379397,0.3030805315509045,0.05169974191115584,84
26,0.6499241192941576,0.30577756005052575,0.044298320655316636,84
27,0.6545162408164612,0.3108601105149832,0.03462364866855561,84
28,0.6579133562273245,0.3142124611953706,0.027874182577304896,84
29,0.6669980625475336,0.3193632415258144,0.013638695926652011,84
30,0.6709074878351396,0.32345483872820424,0.00563767343665611,84
31,0.6724751952614267,0.32376286620550054,0.0037619385330727173,84
32,0.676672618662679,0.32094500313298074,0.0023823782043402297,84
33,0.6796793161540684,0.3190682232229284,0.0012524606230032154,84
34,0.6796621499189174,0.31960576404635865,0.0007320860347239666,84
35,0.6804256280365915,0.3195206356464682,5.373631694033376e-05,84
36,0.6856753544781111,0.3143246455218889,0.0,84
37,0.6875506223203416,0.3124493776796584,0.0,84
38,0.6926577684492248,0.3073422315507752,0.0,84
39,0.6921787126889601,0.30782128731103986,0.0,84
40,0.6923945833370927,0.3076054166629073,0.0,84
41,0.6879235736465011,0.31207642635349886,0.0,84
42,0.6940501415745742,0.30594985842542577,0.0,84
43,0.6941238126482863,0.30587618735171374,0.0,84
44,0.6873759827567738,0.3126240172432262,0.0,84
45,0.6902220508841326,0.3097779491158674,0.0,84
46,0.6882215773173858,0.31177842268261424,0.0,84
47,0.6856648097575845,0.3143351902424155,0.0,84
48,0.6903039830038435,0.30969601699615645,0.0,84
49,0.697196148407133,0.30280385159286705,0.0,84
50,0.6216504333468512,0.37834956665314873,0.0,84
1,0.16284369697349155,0.0,0.8371563030265086,85
2,0.3464445826526516,0.14300001682144137,0.510555400525907,85
3,0.41911644922688257,0.15334291577809617,0.4275406349950212,85
4,0.477826074843577,0.14832655962291047,0.37384736553351244,85
5,0.47323124809005457,0.17125179678846242,0.355516955121483,85
6,0.47995798043653093,0.181153777839119,0.33888824172435006,85
7,0.4834309097832838,0.18020831286528874,0.33636077735142744,85
8,0.4906236014524578,0.1995763901324888,0.30980000841505334,85
9,0.5200903397833967,0.20367701652052292,0.27623264369608036,85
10,0.5222243223281731,0.22262813681920832,0.2551475408526186,85
11,0.5348979575520043,0.22954228223012882,0.23555976021786687,85
12,0.5430782898884374,0.23563877294973057,0.221282937161832,85
13,0.5559607705706293,0.2376152424991534,0.2064239869302173,85
14,0.5676241335119565,0.24109451655425834,0.19128134993378515,85
15,0.5765731182650604,0.2510631501364796,0.17236373159845997,85
16,0.590374957682889,0.2548894404148354,0.15473560190227564,85
17,0.5945056273679313,0.2644572224978562,0.14103715013421247,85
18,0.6024147847962777,0.27056387658544395,0.1270213386182783,85
19,0.6113639981729401,0.27588817944386085,0.11274782238319908,85
20,0.6166227870485308,0.28164547616187763,0.10173173678959158,85
21,0.6227767639054536,0.2846457289106985,0.09257750718384794,85
22,0.6274537842680543,0.29023427616286784,0.08231193956907784,85
23,0.633432868993259,0.29525376106924484,0.07131336993749615,85
24,0.6379671292702029,0.30007006857932705,0.06196280215047001,85
25,0.6458296513111044,0.30390385458867886,0.050266494100216774,85
26,0.6505256970420401,0.306499801880068,0.04297450107789191,85
27,0.6550101864006246,0.31151594985867603,0.03347386374069938,85
28,0.6584727473598001,0.3148050278338514,0.026722224806348505,85
29,0.6675302443803454,0.3199033536726905,0.012566401946964123,85
30,0.6714462965028407,0.32392565359749365,0.004628049899665643,85
31,0.6728524023608844,0.323490997027964,0.0036566006111515836,85
32,0.6771925721087979,0.32054433176503605,0.002263096126166042,85
33,0.6802628697055481,0.3186024267827966,0.0011347035116553439,85
34,0.6803137792921318,0.3190716943399704,0.0006145263678978274,85
35,0.6810992468552999,0.3189007531447001,0.0,85
36,0.6865388380121534,0.31346116198784657,0.0,85
37,0.6881602008960725,0.31183979910392745,0.0,85
38,0.6932846423970426,0.30671535760295743,0.0,85
39,0.6928734470722959,0.3071265529277041,0.0,85
40,0.6930668249765621,0.30693317502343787,0.0,85
41,0.6884890748883402,0.3115109251116598,0.0,85
42,0.6945152563106016,0.3054847436893984,0.0,85
43,0.6946187667988757,0.3053812332011243,0.0,85
44,0.6881032298121266,0.31189677018787343,0.0,85
45,0.6908584861271494,0.3091415138728506,0.0,85
46,0.68893953806135,0.31106046193865,0.0,85
47,0.6860480773633915,0.31395192263660854,0.0,85
48,0.6910757927767462,0.30892420722325376,0.0,85
49,0.6978110175880854,0.3021889824119146,0.0,85
50,0.6230234937217988,0.3769765062782013,0.0,85
1,0.16243850936091392,0.0,0.8375614906390861,86
2,0.3461654508613102,0.1444903925616663,0.5093441565770236,86
3,0.41908902543947396,0.15468550195832892,0.4262254726021972,86
4,0.4777583924850277,0.1499182602308652,0.3723233472841071,86
5,0.4730850102213071,0.17292536473840042,0.35398962504029247,86
6,0.4801636993725887,0.18266695715512563,0.3371693434722858,86
7,0.4832987205353527,0.1817347980827844,0.3349664813818629,86
8,0.4906221809113348,0.2010898335585105,0.3082879855301547,86
9,0.5203094496965428,0.20505752263978916,0.27463302766366804,86
10,0.5225905089848,0.223927559329328,0.253481931685872,86
11,0.5351799836869865,0.23091029607568497,0.23390972023732853,86
12,0.543248012392566,0.23713843453036323,0.21961355307707073,86
13,0.556252406711454,0.23906719597494497,0.204680397313601,86
14,0.567903778759265,0.2424120611565222,0.1896841600842128,86
15,0.5769253511223165,0.2524104177570686,0.17066423112061496,86
16,0.590708749034137,0.2562589637720464,0.15303228719381667,86
17,0.5948180988075231,0.2657933779089868,0.13938852328349005,86
18,0.6028793198637554,0.2718524041256586,0.125268276010586,86
19,0.6117777946769483,0.27711591815685255,0.11110628716619919,86
20,0.6170341021305088,0.28275819947329994,0.10020769839619126,86
21,0.6233078168017125,0.2857155172471054,0.09097666595118203,86
22,0.6279160544605326,0.2912821282534744,0.08080181728599306,86
23,0.6339153019187139,0.29622945414066115,0.06985524394062492,86
24,0.6384985954737865,0.30089758369892994,0.06060382082728355,86
25,0.646358308031381,0.30471331684195624,0.048928375126662815,86
26,0.6510476731771959,0.307210110786041,0.04174221603676309,86
27,0.6554374828069531,0.3121530402828784,0.03240947691016849,86
28,0.6589720767094339,0.3153797841275704,0.025648139162995687,86
29,0.667997684080591,0.32042562509945444,0.01157669081995455,86
30,0.6716018457620906,0.323992297304646,0.004405856933263397,86
31,0.6732107296153591,0.32323424174619614,0.003555028638444757,86
32,0.6776699719952954,0.3201783001462869,0.0021517278584176625,86
33,0.6808015324672119,0.31817375184849966,0.0010247156842884686,86
34,0.6809167434516756,0.3185783945110028,0.0005048620373215851,86
35,0.6817220218345235,0.31827797816547654,0.0,86
36,0.6872983812471877,0.3127016187528123,0.0,86
37,0.6886764958795097,0.31132350412049026,0.0,86
38,0.6938279669618834,0.3061720330381166,0.0,86
39,0.693521042190929,0.306478957809071,0.0,86
40,0.6936778724556099,0.30632212754439014,0.0,86
41,0.6890054733982584,0.31099452660174165,0.0,86
42,0.6949389394757931,0.3050610605242069,0.0,86
43,0.6950531025481753,0.3049468974518247,0.0,86
44,0.688784368663923,0.311215631336077,0.0,86
45,0.6914324598274594,0.3085675401725406,0.0,86
46,0.6895968352083349,0.3104031647916651,0.0,86
47,0.6864248739426069,0.3135751260573931,0.0,86
48,0.6918561249695105,0.30814387503048946,0.0,86
49,0.6983980199422388,0.3016019800577612,0.0,86
50,0.6243659347962848,0.3756340652037151,0.0,86
1,0.16150689977613295,0.0,0.8384931002238671,87
2,0.3457306241228693,0.14600218156496497,0.5082671943121657,87
3,0.41903641448692924,0.15600039403153665,0.42496319148153416,87
4,0.47763062343677737,0.15149731215932077,0.3708720644039019,87
5,0.4728836365719663,0.17458091776540435,0.35253544566262934,87
6,0.4802777602350582,0.1841929508610607,0.3355292889038811,87
7,0.4831105638470937,0.18325991564577881,0.33362952050712746,87
8,0.4905358155849731,0.20260496015366558,0.30685922426136136,87
9,0.5204258608562026,0.20645084331006797,0.27312329583372946,87
10,0.5228750973023927,0.2252328258346229,0.2518920768629844,87
11,0.5353976805561107,0.23226339794086778,0.23233892150302152,87
12,0.5433536905057659,0.23861800240671738,0.21802830708751675,87
13,0.5564781604203317,0.24051166430511994,0.20301017527454834,87
14,0.568112107824094,0.24371059113708593,0.18817730103882002,87
15,0.5772089883245208,0.2537428191877863,0.16904819248769287,87
16,0.5909779646742961,0.257606521094362,0.15141551423134192,87
17,0.5950637992561818,0.2671017996077559,0.13783440113606232,87
18,0.6032502435588969,0.2731386456310603,0.12361111081004283,87
19,0.6121345301131904,0.27831697731578375,0.10954849257102584,87
20,0.6173900194309712,0.28384503533842786,0.09876494523060098,87
21,0.6237485720234331,0.2867853089817785,0.08946611899478835,87
22,0.6283002191456786,0.29231447904579844,0.07938530180852299,87
23,0.6343319672193629,0.2971885301900803,0.0684795025905568,87
24,0.6389603222742521,0.3017177663060502,0.05932191141969767,87
25,0.6468116919578167,0.3055083705320951,0.047679937510088144,87
26,0.6514855068319337,0.30791585229951873,0.04059864086854753,87
27,0.6558040307848996,0.3127760688949158,0.0314199003201846,87
28,0.659413587018209,0.3159437194163971,0.024642693565393947,87
29,0.6683905664735812,0.32094346580745087,0.01066596771896794,87
30,0.6716836380186599,0.3239735810554433,0.004342780925896739,87
31,0.6735389439007571,0.3230045405183616,0.0034565155808813364,87
32,0.6780963315178333,0.3198565411469254,0.002047127335241261,87
33,0.6812885377334158,0.3177903114793632,0.0009211507872209923,87
34,0.6814642337260814,0.31813383666171446,0.0004019296122040883,87
35,0.6823176249223339,0.31768237507766606,0.0,87
36,0.6879603796787563,0.31203962032124366,0.0,87
37,0.6891251092474596,0.3108748907525404,0.0,87
38,0.6942937470535016,0.30570625294649845,0.0,87
39,0.6941157455212492,0.3058842544787508,0.0,87
40,0.6942290100988263,0.3057709899011737,0.0,87
41,0.6894554822234897,0.31054451777651026,0.0,87
42,0.6953150003653353,0.30468499963466467,0.0,87
43,0.6954461793610633,0.30455382063893666,0.0,87
44,0.6894404574267688,0.31055954257323115,0.0,87
45,0.6919664937753521,0.30803350622464787,0.0,87
46,0.6902109174497759,0.3097890825502241,0.0,87
47,0.6868133130253651,0.3131866869746349,0.0,87
48,0.6926720698510211,0.30732793014897886,0.0,87
49,0.6989390251671872,0.3010609748328128,0.0,87
50,0.6256658605570139,0.37433413944298605,0.0,87
1,0.16021535642598336,0.0,0.8397846435740167,88
2,0.34515683156028787,0.14751247786585592,0.5073306905738562,88
3,0.41892597665372433,0.15729506633526114,0.42377895701101453,88
4,0.47743052195743846,0.15306478302756202,0.3695046950149996,88
5,0.47263282329671685,0.17621125592324144,0.3511559207800417,88
6,0.4802980232149649,0.1857249063113784,0.33397707047365666,88
7,0.48286634933210554,0.1847775249323229,0.3323561257355716,88
8,0.49037853923105906,0.20410649652265087,0.30551496424629,88
9,0.5204426653714223,0.20784906723062688,0.27170826739795084,88
10,0.5230653336020399,0.2265490296021287,0.2503856367958314,88
11,0.5355485992410103,0.23360270594503965,0.23084869481395007,88
12,0.5434063079888851,0.24007106131942946,0.21652263069168542,88
13,0.5566336546578305,0.2419517836452728,0.20141456169689664,88
14,0.5682560903843037,0.2449870363016302,0.1867568733140661,88
15,0.577429822128776,0.2550584480964636,0.16751172977476037,88
16,0.5911791776320864,0.2589376629595928,0.1498831594083208,88
17,0.5952469793601078,0.26838618236462075,0.1363668382752714,88
18,0.6035383173013594,0.2744146070134094,0.12204707568523115,88
19,0.6124332727284467,0.2794959320388025,0.10807079523275076,88
20,0.6176921066501599,0.2849092609364924,0.09739863241334767,88
21,0.6241022294056218,0.28785386632439014,0.0880439042699881,88
22,0.6286091209061035,0.29333188814037664,0.07805899095351981,88
23,0.6346871425792124,0.2981314106243519,0.06718144679643567,88
24,0.6393661198279686,0.3025306285030503,0.05810325166898106,88
25,0.6472035868440869,0.30628523463337554,0.04651117852253761,88
26,0.6518444127510923,0.3086210510548187,0.03953453619408903,88
27,0.6561241033760428,0.31338058543690106,0.030495311187056173,88
28,0.6598072027455233,0.3164981602406026,0.023694637013874087,88
29,0.6687088969256128,0.32146258601322825,0.009828517061159003,88
30,0.6717605460663837,0.32396239846622077,0.004277055467395541,88
31,0.6738419831234399,0.3227991888563957,0.003358828020164406,88
32,0.6784795773452283,0.31957407349383715,0.0019463491609345018,88
33,0.6817305704686942,0.31744824533376126,0.0008211841975445111,88
34,0.6819533635691131,0.31774196178129993,0.0003046746495870001,88
35,0.6828766837452556,0.31712331625474444,0.0,88
36,0.6885187076161174,0.31148129238388256,0.0,88
37,0.6894967917990898,0.31050320820091015,0.0,88
38,0.6947058560247108,0.3052941439752892,0.0,88
39,0.6946673891324336,0.30533261086756636,0.0,88
40,0.6947150689121164,0.30528493108788357,0.0,88
41,0.6898475119045421,0.3101524880954579,0.0,88
42,0.6956619572992935,0.3043380427007065,0.0,88
43,0.6958227937329848,0.30417720626701517,0.0,88
44,0.6900612321376431,0.30993876786235686,0.0,88
45,0.6924485498843537,0.30755145011564633,0.0,88
46,0.6907915551755288,0.3092084448244712,0.0,88
47,0.6872445702136043,0.3127554297863957,0.0,88
48,0.6935365762772219,0.3064634237227781,0.0,88
49,0.6994550902969002,0.30054490970309977,0.0,88
50,0.6267430833888847,0.3732569166111154,0.0,88
1,0.15870339223633015,0.0,0.8412966077636699,89
2,0.3444791373407299,0.14899954660629744,0.5065213160529727,89
3,0.4187349802355555,0.15857419253763294,0.4226908272268115,89
4,0.4771664203075504,0.15461155540295007,0.3682220242894995,89
5,0.4723414450173953,0.17780812471035076,0.34985043027225393,89
6,0.48023339559765404,0.1872500182342836,0.3325165861680623,89
7,0.48256722317243206,0.18628077280541092,0.3311520040221571,89
8,0.49017206909220845,0.20557532308905194,0.3042526078187397,89
9,0.520381423760885,0.2092399175459213,0.27037865869319366,89
10,0.5231625255720502,0.22787278564399222,0.24896468878395756,89
11,0.5356145954321916,0.2349414554528399,0.22944394911496852,89
12,0.5434205260347065,0.2414888313982398,0.21509064256705374,89
13,0.556730133613572,0.24338035284759624,0.19988951353883172,89
14,0.5683386017964538,0.2462456814974232,0.185415716706123,89
15,0.5775749801055318,0.25636713885351736,0.16605788104095087,89
16,0.5913048209320416,0.2602592204877112,0.14843595858024716,89
17,0.5953708630241978,0.26965147987679006,0.1349776570990121,89
18,0.6037489498076101,0.27567761650592654,0.1205734336864634,89
19,0.6126787011044792,0.28065581637289005,0.10666548252263075,89
20,0.6179378766484646,0.2859615742948576,0.09610054905667786,89
21,0.6243793668231783,0.2889142756801084,0.0867063574967133,89
22,0.6288501287182633,0.2943347329217222,0.07681513836001452,89
23,0.6349818912725613,0.2990634470113414,0.06595466171609726,89
24,0.6397062588318246,0.30334682840845545,0.056946912759719914,89
25,0.6475364903683878,0.3070495865204393,0.04541392311117293,89
26,0.6521247372694745,0.30932983377192463,0.03854542895860086,89
27,0.6564009727482634,0.31397511820444957,0.029623909047287067,89
28,0.6601592780419095,0.317046415127214,0.022794306830876465,89
29,0.668984882812715,0.3219688565316232,0.00904626065566183,89
30,0.6718235973077897,0.32396682388792525,0.004209578804285019,89
31,0.6741200583582184,0.3226189844853133,0.0032609571564682915,89
32,0.6788108145467411,0.3193390572656478,0.0018501281876110998,89
33,0.6821084335305457,0.31716404172004786,0.0007275247494064052,89
34,0.6823697745073263,0.31741548416319315,0.00021474132948057223,89
35,0.6833992617464303,0.3166007382535697,0.0,89
36,0.6889800568593607,0.3110199431406393,0.0,89
37,0.6897938508379171,0.3102061491620829,0.0,89
38,0.6950701874280508,0.3049298125719492,0.0,89
39,0.695166176419689,0.30483382358031097,0.0,89
40,0.6951252911377256,0.3048747088622744,0.0,89
41,0.6901875056919957,0.3098124943080043,0.0,89
42,0.6959849187583922,0.3040150812416078,0.0,89
43,0.6962058835101743,0.3037941164898257,0.0,89
44,0.6906306857203822,0.3093693142796178,0.0,89
45,0.6928899518478605,0.3071100481521395,0.0,89
46,0.6913437842680269,0.3086562157319731,0.0,89
47,0.6876603730876055,0.3123396269123945,0.0,89
48,0.6943814018353173,0.30561859816468273,0.0,89
49,0.6999164595805898,0.3000835404194102,0.0,89
50,0.6275246458567167,0.37247535414328325,0.0,89
1,0.16181019825112186,0.0,0.838189801748878,90
2,0.34475220451202937,0.15009999055268472,0.5051478049352859,90
3,0.4180850560228824,0.1601881527798546,0.42172679119726303,90
4,0.4770243593772572,0.1560840550375638,0.366891585585179,90
5,0.47217537255548486,0.17932034527571883,0.34850428216879625,90
6,0.4802272628979062,0.18872140731873713,0.3310513297833567,90
7,0.48233772668458585,0.18772697765774554,0.3299352956576686,90
8,0.4900425265646533,0.2069582682241496,0.3029992052111971,90
9,0.5203574788550053,0.21057599592432935,0.2690665252206654,90
10,0.5232532963858303,0.22916752077470115,0.24757918283946856,90
11,0.5356743942328583,0.2362473500328225,0.22807825573431917,90
12,0.5434858280700219,0.24282637882411706,0.21368779310586106,90
13,0.556826243103828,0.24476715823759065,0.19840659865858135,90
14,0.5684147223695691,0.24745822680719642,0.18412705082323444,90
15,0.5776964732485492,0.2576381246449399,0.16466540210651087,90
16,0.5914057374426076,0.2615395619382602,0.14705470061913217,90
17,0.5954746088660099,0.2708757444781738,0.1336496466558163,90
18,0.6039085661103974,0.27691066152381694,0.11918077236578561,90
19,0.6129013346855708,0.2817766318142332,0.10532203350019598,90
20,0.6181509990010454,0.28698880410889105,0.09486019689006353,90
21,0.6246021648513655,0.2899562887488943,0.08544154639974016,90
22,0.6290429680554737,0.2953157169420996,0.07564131500242671,90
23,0.6352219745105949,0.2999831345437093,0.0647948909456958,90
24,0.6399889995774936,0.30416207205804274,0.0558489283644637,90
25,0.6478207209920515,0.3078018120219288,0.04437746698601974,90
26,0.6523332005730289,0.31004092051303844,0.03762587891393265,90
27,0.6566257464621754,0.31457093366971006,0.02880331986811452,90
28,0.6604811230552474,0.31758212482641335,0.02193675211833923,90
29,0.6692192089238354,0.32247169379264645,0.008309097283518196,90
30,0.6718576253225444,0.32400170930978905,0.004140665367666496,90
31,0.6743595522699786,0.32247802406110215,0.0031624236689192786,90
32,0.6790755252631168,0.31916677552256345,0.0017576992143197856,90
33,0.6824000711796998,0.31695945622681254,0.000640472593487651,90
34,0.6826861210404517,0.31718080401704457,0.0001330749425037525,90
35,0.6838472283091386,0.3161527716908614,0.0,90
36,0.6893310095053969,0.31066899049460306,0.0,90
37,0.6899786723230364,0.31002132767696355,0.0,90
38,0.6953313652667734,0.3046686347332266,0.0,90
39,0.6955579120146036,0.3044420879853964,0.0,90
40,0.6954068111003308,0.30459318889966924,0.0,90
41,0.6904196736801843,0.3095803263198157,0.0,90
42,0.6962307182717473,0.3037692817282527,0.0,90
43,0.6965125233838382,0.3034874766161618,0.0,90
44,0.6910462834532641,0.30895371654673587,0.0,90
45,0.6932208014302911,0.3067791985697089,0.0,90
46,0.6917612159537663,0.3082387840462337,0.0,90
47,0.6879051454946828,0.31209485450531715,0.0,90
48,0.6949962283962512,0.3050037716037488,0.0,90
49,0.7001117859905358,0.2998882140094642,0.0,90
50,0.6282622582515903,0.3717377417484097,0.0,90
