horizon,stock_weight,bond_weight,t_bill_weight,iteration
1,0.0,0.24,0.76,0
2,0.09020360908738335,0.8384156639930002,0.07138072691961647,0
3,0.842565207257554,0.088547116853436,0.06888767588900999,0
4,0.731006207713926,0.045605098509188105,0.22338869377688572,0
5,0.11355412354100353,0.7465784555415151,0.13986742091748117,0
6,0.6169510822987895,0.1441935294659334,0.23885538823527708,0
7,0.5181152261945711,0.20877547720273362,0.27310929660269534,0
8,0.4383855820415852,0.031154362790022733,0.530460055168392,0
9,0.5308467070836019,0.20116675908350837,0.26798653383288973,0
10,0.43884038351891164,0.24756827825456199,0.31359133822652646,0
11,0.32622717392870726,0.5492025240030312,0.12457030206826152,0
12,0.3345742326193728,0.6201139467687607,0.04531182061186653,0
13,0.07873758472883557,0.5094128994728012,0.41184951579836326,0
14,0.21036313114850871,0.7384326280252873,0.05120424082620387,0
15,0.6729384143613484,0.2493026946969687,0.07775889094168296,0
16,0.11764688594419154,0.43860405320376733,0.44374906085204124,0
17,0.15454579146488118,0.21485169652346608,0.6306025120116527,0
18,0.15203119114919092,0.7168208400214707,0.13114796882933838,0
19,0.5705723320531478,0.015903048160293812,0.4135246197865583,0
20,0.6339744097435772,0.2724574155885502,0.09356817466787264,0
21,0.7101374056682984,0.2734620618930365,0.01640053243866506,0
22,0.3404521106050811,0.654746943940855,0.004800945454063912,0
23,0.5256668865449974,0.14729794670819024,0.32703516674681243,0
24,0.12767972057118213,0.32526987789008516,0.5470504015387327,0
25,0.4279314322517029,0.5556606766524625,0.016407891095834605,0
26,0.2667046864429492,0.5018931988424153,0.23140211471463543,0
27,0.26405492468266795,0.09260027307897989,0.6433448022383522,0
28,0.1079241505973539,0.4541759479373354,0.4378999014653107,0
29,0.7780929347154959,0.060472324482447354,0.1614347408020568,0
30,0.4082450251378882,0.0289238824969669,0.562831092365145,0
31,0.4831514607414599,0.3491580251001999,0.16769051415834021,0
32,0.16177384070327355,0.7213003606661162,0.11692579863061026,0
33,0.481730762558429,0.08463549755366223,0.43363373988790876,0
34,0.40720649527959596,0.34333378901933836,0.2494597157010656,0
35,0.226832709699259,0.2924572593806217,0.4807100309201194,0
36,0.42127942657764367,0.262805045428143,0.31591552799421335,0
37,0.1344930977147657,0.3656432821088937,0.4998636201763408,0
38,0.11536707888480631,0.05483403588889378,0.8297988852263,0
39,0.24500522461703794,0.22406526318513872,0.5309295121978233,0
40,0.24276302471088254,0.2739645963981561,0.4832723788909613,0
41,0.194847318229595,0.5077103426083263,0.29744233916207874,0
42,0.7166368634906908,0.1014562063806974,0.18190693012861187,0
43,0.3050120154599978,0.1960629038140193,0.498925080725983,0
44,0.0007356775671974221,0.3638375742706147,0.6354267481621879,0
45,0.868853242697544,0.07201299590222814,0.05913376140022791,0
46,0.04321751246738113,0.6189620819316355,0.33782040560098336,0
47,0.40724443853627923,0.5746969539029686,0.01805860756075216,0
48,0.15114072504751153,0.016035329292415083,0.8328239456600733,0
49,0.8524288612952856,0.017436109100883664,0.1301350296038308,0
50,0.13101387551336108,0.27122121713482844,0.5977649073518105,0
1,0.0,0.24,0.76,1
2,0.14731150083055009,0.7346198880535507,0.11806861111589921,1
3,0.7993691802985229,0.14455585185914355,0.05607496784233357,1
4,0.6823783768869734,0.09829971480306333,0.21932190830996323,1
5,0.18026317601811756,0.6530402551299396,0.16669656885194284,1
6,0.5875060883254151,0.18581193721849787,0.22668197445608707,1
7,0.5204038469683859,0.1956483607243605,0.28394779230725353,1
8,0.4723281129288549,0.035812090822994094,0.491859796248151,1
9,0.54761868763656,0.18678622611295992,0.2655950862504801,1
10,0.45114311574440297,0.27198728508916203,0.27686959916643494,1
11,0.3342751462886014,0.5324775973309631,0.13324725638043555,1
12,0.34669828204683484,0.6099345418674319,0.04336717608573326,1
13,0.12477713407232002,0.5033649659361283,0.3718578999915516,1
14,0.2522438598596568,0.6781463437576184,0.0696097963827248,1
15,0.6247116982520997,0.31356661049611934,0.06172169125178095,1
16,0.1719229853172496,0.39612441000130405,0.43195260468144636,1
17,0.16657510803968376,0.2619107793139994,0.5715141126463168,1
18,0.1850842867511148,0.6552467299787774,0.1596689832701078,1
19,0.5408167996874047,0.09030881382918073,0.3688743864834146,1
20,0.6212792809904139,0.28703585586824387,0.09168486314134228,1
21,0.6752974716932719,0.3247025283067281,0.0,1
22,0.37037694418040745,0.59126879565536,0.0383542601642326,1
23,0.5099611651814032,0.200120629899165,0.28991820491943177,1
24,0.188591223578846,0.30617554715083883,0.5052332292703152,1
25,0.43152393291388935,0.5478864023619482,0.020589664724162498,1
26,0.30063333563660016,0.4687966181264325,0.2305700462369673,1
27,0.27038122114374846,0.14275249563496833,0.5868662832212832,1
28,0.16124119118919356,0.412214239126779,0.42654456968402743,1
29,0.7161302187913997,0.1176249332546287,0.1662448479539716,1
30,0.45514436726999075,0.03628806122149088,0.5085675715085184,1
31,0.4893352701511937,0.35089958620642964,0.15976514364237665,1
32,0.20784213783496383,0.6575061803844288,0.13465168178060738,1
33,0.47600672565940727,0.14344645981361187,0.38054681452698086,1
34,0.42791312744059734,0.3188167534748248,0.2532701190845778,1
35,0.2722394418578912,0.27459694589287204,0.4531636122492368,1
36,0.4238836045687423,0.2652656701275064,0.3108507253037513,1
37,0.17387490945326012,0.32866753497258033,0.49745755557415955,1
38,0.13680632347406135,0.09009011901476985,0.7731035575111689,1
39,0.2524107884828841,0.23183881045074206,0.5157504010663738,1
40,0.2657948049196076,0.2728651657953908,0.4613400292850016,1
41,0.23600038087831957,0.4729133903619078,0.29108622875977264,1
42,0.6593014169309773,0.1679509124600287,0.172747670608994,1
43,0.3223792084283589,0.21245727433874698,0.4651635172328942,1
44,0.07135464675823978,0.33786489656711416,0.5907804566746461,1
45,0.7735253446453613,0.18659013097437271,0.03988452438026602,1
46,0.11448999885459979,0.5725545644341767,0.3129554367112235,1
47,0.3857010055669983,0.5839282425837509,0.030370751849250865,1
48,0.21078786676911893,0.05881272179531999,0.730399411435561,1
49,0.7706205987394129,0.07216603431819613,0.15721336694239096,1
50,0.14433563736571986,0.2845060071045225,0.5711583555297577,1
1,0.0,0.24,0.76,2
2,0.1872583216923047,0.6559447571900873,0.15679692111760804,2
3,0.760829087793723,0.1966021585387237,0.04256875366755325,2
4,0.6468929315227341,0.15186353060868105,0.20124353786858487,2
5,0.2367527473056045,0.5836090130909214,0.17963823960347414,2
6,0.564495527381174,0.2178690312574924,0.21763544136133356,2
7,0.5219895788790767,0.18676929095141698,0.2912411301695063,2
8,0.4910468303638432,0.04504598301121026,0.4639071866249465,2
9,0.5625577823170489,0.17847623457259598,0.2589659831103551,2
10,0.46314806327137237,0.292675345403028,0.24417659132559966,2
11,0.3430230775431774,0.5177340854484463,0.13924283700837625,2
12,0.3599967705763969,0.5985465780803514,0.041456651343251716,2
13,0.16873253600680024,0.4954378165430359,0.3358296474501638,2
14,0.2897170106806843,0.6306116270446034,0.07967136227471228,2
15,0.5862602481524919,0.36255260278320295,0.05118714906430516,2
16,0.21888766297114426,0.3667752145480558,0.41433712248079996,2
17,0.18191462728921592,0.2982278792777636,0.5198574934330205,2
18,0.2149081221917336,0.6078378739485201,0.17725400385974632,2
19,0.5178275268291526,0.151640047416575,0.33053242575427244,2
20,0.614064259173194,0.2919075762959762,0.09402816453082985,2
21,0.650052170778691,0.34994782922130896,0.0,2
22,0.4149849263813162,0.5346511173554962,0.05036395626318768,2
23,0.5016851956149052,0.24275718521021764,0.2555576191748772,2
24,0.24273280089437366,0.29313164129113045,0.4641355578144959,2
25,0.439418084486289,0.534477532278803,0.026104383234908046,2
26,0.3316269979796281,0.44272573438760493,0.22564726763276705,2
27,0.28069076524807535,0.18366646701162287,0.5356427677403017,2
28,0.20654944595397987,0.3838790704415911,0.4095714836044291,2
29,0.6666191567016589,0.16540267817438245,0.1679781651239586,2
30,0.49328455100495955,0.04701335926034522,0.4597020897346953,2
31,0.4993354785188137,0.34787280604419607,0.15279171543699016,2
32,0.24926196931477007,0.6075033645493276,0.1432346661359023,2
33,0.47420502354818805,0.1930013930615199,0.33279358339029214,2
34,0.4484292442482476,0.29889221978066843,0.2526785359710841,2
35,0.3142123993247161,0.2585027482355159,0.427284852439768,2
36,0.43044199497713087,0.26339754277350413,0.306160462249365,2
37,0.21039261977259185,0.29861178366204016,0.490995596565368,2
38,0.1584181773198324,0.12006161614609714,0.7215202065340705,2
39,0.26141232390587976,0.2399303743020907,0.49865730179202955,2
40,0.28831006792702557,0.2718797526073147,0.4398101794656597,2
41,0.2725603881736231,0.4461115736073446,0.28132803821903224,2
42,0.6114158336900674,0.22620628208464644,0.1623778842252862,2
43,0.3387221393832559,0.22951864414447232,0.4317592164722718,2
44,0.13152736881546867,0.3234576002414712,0.5450150309430601,2
45,0.7048020105593193,0.2668914555543451,0.028306533886335528,2
46,0.17404170637536287,0.5420004359525445,0.2839578576720926,2
47,0.377291168378267,0.5875095723942324,0.03519925922750067,2
48,0.2595044040488479,0.09879756111132071,0.6416980348398313,2
49,0.7009379935998218,0.12773078755245762,0.1713312188477206,2
50,0.15778128203959196,0.29758225550499834,0.5446364624554096,2
1,0.0,0.24,0.76,3
2,0.21354295025822004,0.5965731701680725,0.18988387957370745,3
3,0.7262611930454759,0.24328369851706455,0.030455108437459577,3
4,0.6205240181381619,0.19954884733862618,0.17992713452321188,3
5,0.28473133792294036,0.5324002068028919,0.18286845527416773,3
6,0.5465449528551387,0.24225292162452003,0.21120212552034126,3
7,0.5228659041373741,0.18121443233452109,0.29591966352810484,3
8,0.5026460305479163,0.05542441756475154,0.4419295518873322,3
9,0.5771744953393655,0.1724593646500524,0.2503661400105821,3
10,0.4746714156853265,0.3101966077819531,0.21513197653272043,3
11,0.3522784730714715,0.5046243528097984,0.14309717411873013,3
12,0.3743985851129883,0.586168020949729,0.039433393937282735,3
13,0.2108008120157202,0.4860840572288783,0.3031151307554015,3
14,0.3235775851406231,0.5926779785635962,0.08374443629578077,3
15,0.5560840957370669,0.3980685152629856,0.04584738899994756,3
16,0.2599252950727083,0.3469237610137386,0.39315094391355315,3
17,0.19988124294319348,0.32571730919866315,0.4744014478581433,3
18,0.2448232470397888,0.5665231753382034,0.18865357762200774,3
19,0.5143678152717621,0.19195841796233645,0.2936737667659014,3
20,0.6087896076556131,0.29545895209721285,0.09575144024717408,3
21,0.6335046979799062,0.36649530202009384,0.0,3
22,0.4542607017640359,0.49069006465440784,0.05504923358155628,3
23,0.49976216899567044,0.2757166359720406,0.224521195032289,3
24,0.29136988365848426,0.28420709177049897,0.42442302457101677,3
25,0.45066226469002496,0.5174415831746949,0.03189615213528019,3
26,0.3603538703179047,0.42174652090300097,0.21789960877909426,3
27,0.2942792487143754,0.21643828043876714,0.4892824708468575,3
28,0.24553979895896688,0.365378105353954,0.3890820956870791,3
29,0.6280007038579082,0.20244761884193385,0.16955167730015797,3
30,0.5234938601451786,0.060120541608424574,0.4163855982463968,3
31,0.5120324092232986,0.34181743406185344,0.14615015671484793,3
32,0.28683976523915655,0.5681091052425227,0.14505112951832078,3
33,0.47570247880657546,0.2342870042528932,0.29001051694053137,3
34,0.468636898385491,0.28286963878023424,0.24849346283427481,3
35,0.35320697873747897,0.2438655148578977,0.4029275064046233,3
36,0.440234301041166,0.2582146520500501,0.30155104690878387,3
37,0.24453315374053572,0.27396732484307346,0.4814995214163908,3
38,0.18014154342790853,0.14557282045802455,0.6742856361140669,3
39,0.2717276122204886,0.24821974034043998,0.48005264743907144,3
40,0.31121451720234905,0.269323226952424,0.41946225584522695,3
41,0.30653572007971286,0.42300404991875945,0.2704602300015277,3
42,0.572399330567243,0.27456674307071655,0.15303392636204044,3
43,0.3541640635793757,0.24707794299072186,0.3987579934299025,3
44,0.18311579658535204,0.3174490401063143,0.49943516330833365,3
45,0.6504535551774169,0.3288614070822793,0.020685037740303835,3
46,0.22504391959348397,0.5210488280824522,0.25390725232406386,3
47,0.3758286428320322,0.5843934939897747,0.039777863178193096,3
48,0.2995740195936086,0.13636316321405254,0.564062817192339,3
49,0.6421486778888773,0.1796583663497883,0.1781929557613344,3
50,0.17171918456168475,0.3096370722861918,0.5186437431521235,3
1,0.0,0.24,0.76,4
2,0.23264918388687406,0.550438994802506,0.21691182131061992,4
3,0.6954398195328494,0.28339836123577344,0.021161819231377166,4
4,0.6036113000534482,0.2306640303314088,0.16572466961514298,4
5,0.32590742091969005,0.49424092819456594,0.179851650885744,4
6,0.5329178753817749,0.2601958941972234,0.20688623042100168,4
7,0.5232537125867475,0.1781002835339527,0.29864600387929985,4
8,0.511728661069393,0.06513803211858085,0.4231333068120262,4
9,0.5907349710314699,0.16826434145470823,0.2410006875138219,4
10,0.4856661100975025,0.32458524261084226,0.18974864729165525,4
11,0.3621587334005426,0.4926948196439706,0.14514644695548679,4
12,0.3896662296894388,0.5730990903298376,0.037234679980723495,4
13,0.2509902787450974,0.4759284917739491,0.27308122948095354,4
14,0.3544187860454473,0.5619844536090904,0.08359676034546226,4
15,0.5329308838783231,0.4223708716300046,0.04469824449167231,4
16,0.2961439042146274,0.3338737102475161,0.36998238553785645,4
17,0.21999086530203493,0.3458490555149545,0.4341600791830106,4
18,0.27502384935443597,0.5295511902156291,0.19542496042993496,4
19,0.518610589675273,0.219572904947145,0.26181650537758205,4
20,0.6045733445360796,0.2992152145180738,0.0962114409458466,4
21,0.6222055019008416,0.37779449809915844,0.0,4
22,0.48881189115244356,0.45687500146017385,0.05431310738738265,4
23,0.5030804085964191,0.3001911229338603,0.19672846846972059,4
24,0.33548259509042955,0.2780020544448745,0.38651535046469593,4
25,0.4644640357691394,0.4982710353365504,0.037264928894310156,4
26,0.38732011408686695,0.4044176039316965,0.20826228198143654,4
27,0.31062216828130346,0.2419844848881179,0.4473933468305786,4
28,0.27956191847148815,0.3538901450515302,0.36654793647698164,4
29,0.597874623136132,0.2313538337124439,0.17077154315142407,4
30,0.5469830692960252,0.074079426174066,0.37893750452990876,4
31,0.5264480369159399,0.3340915394972458,0.13946042358681432,4
32,0.3212075178223743,0.5368838809530094,0.14190860122461624,4
33,0.4799396693211145,0.268387270834483,0.2516730598444026,4
34,0.48840951393046583,0.2702532999838709,0.2413371860856633,4
35,0.38956374474656935,0.23049682683550562,0.37993942841792494,4
36,0.45264617358240655,0.2505569470095583,0.2967968794080353,4
37,0.2767973642314697,0.2533408626671654,0.4698617731013649,4
38,0.2020781889737982,0.16703191271389284,0.630889898312309,4
39,0.2832497244013321,0.25636684252088154,0.46038343307778634,4
40,0.3341706799830734,0.26592180542657995,0.39990751459034657,4
41,0.3388039862457497,0.4017604452433376,0.2594355685109127,4
42,0.5416149313325971,0.3131740270441703,0.14521104162323262,4
43,0.36884454231705005,0.2648330507278367,0.3663224069551132,4
44,0.22764445600437339,0.3174094194111907,0.45494612458443595,4
45,0.6078961045564353,0.3749317987234365,0.017172096720128205,4
46,0.269287233338679,0.5064578383240188,0.2242549283373022,4
47,0.37989109581227076,0.5767877666529692,0.04332113753476008,4
48,0.33279754008305235,0.1717968567932325,0.4954056031237152,4
49,0.5931175853124367,0.22613289698612826,0.180749517701435,4
50,0.1858921683059497,0.32132811483732776,0.4927797168567225,4
1,0.0,0.24,0.76,5
2,0.24697020497617664,0.5141795933035929,0.23885020172023053,5
3,0.6680809943683225,0.3171042124254153,0.014814793206262222,5
4,0.5914246535088333,0.2553493266287501,0.15322601986241657,5
5,0.3614177115635123,0.4650451271420203,0.1735371612944674,5
6,0.5227671765447625,0.27319023260570124,0.2040425908495363,5
7,0.5233393713514696,0.17673328574459965,0.29992734290393075,5
8,0.5195246645153981,0.07397165989935262,0.40650367558524925,5
9,0.6016680851269118,0.1667946062511625,0.23153730862192567,5
10,0.49627619124423306,0.33572465966776005,0.16799914908800698,5
11,0.3727914383084274,0.4815649088570938,0.14564365283447878,5
12,0.40556321145992286,0.5595931674214367,0.03484362111864048,5
13,0.2893153924311468,0.4654231148521278,0.24526149271672543,5
14,0.3827308251428372,0.5367390703700462,0.08053010448711662,5
15,0.5158445836867657,0.4376189756920823,0.04653644062115203,5
16,0.3284264618385393,0.3256150063836874,0.3459585317777733,5
17,0.2418536035126615,0.35981235792000543,0.39833403856733307,5
18,0.30477697130716247,0.4970024068645519,0.1982206218282857,5
19,0.5216988779356847,0.24144950201427987,0.23685162005003543,5
20,0.6011087310215308,0.3033050000299471,0.09558626894852207,5
21,0.6146983933955762,0.38393076275682797,0.0013708438475958373,5
22,0.5192810034864961,0.4309059349863455,0.04981306152715842,5
23,0.5107976753643052,0.31730495140905585,0.17189737322663895,5
24,0.37585769681253256,0.2735005575461289,0.35064174564133854,5
25,0.48021567761742845,0.47804867724564193,0.04173564513692962,5
26,0.4129676658069132,0.389568281940953,0.19746405225213376,5
27,0.33004118790578835,0.25966776289445526,0.41029104919975645,5
28,0.30978094689744057,0.3470817499886524,0.343137303113907,5
29,0.5757761349957549,0.2518012319719729,0.17242263303227223,5
30,0.5645587720829052,0.08891445947897468,0.34652676843812014,5
31,0.5416911630772359,0.32585646411578806,0.13245237280697608,5
32,0.3528291928223956,0.5120594025140699,0.13511140466353444,5
33,0.4864074046315788,0.2963615648875121,0.2172310304809092,5
34,0.5075716030802363,0.2607040937219994,0.23172430319776433,5
35,0.4234998747267162,0.21836130838913873,0.35813881688414506,5
36,0.46712575036992626,0.24115677041398337,0.2917174792160904,5
37,0.30739660250080586,0.23597447722807652,0.45662892027111757,5
38,0.224005977525565,0.18529690856364167,0.5906971139107934,5
39,0.2958266931753797,0.2641858367844528,0.4399874700401675,5
40,0.35673920742048615,0.2625652534965628,0.38069553908295106,5
41,0.3678285687740386,0.385246541110673,0.2469248901152884,5
42,0.5183461912530319,0.34329178705563634,0.13836202169133172,5
43,0.38279481328187004,0.2826730395275569,0.33453214719057306,5
44,0.2662869076996999,0.3216452159126044,0.4120678763876957,5
45,0.5749147049360311,0.408301303956582,0.016783991107386875,5
46,0.307006511210944,0.49819327916269773,0.19480020962635824,5
47,0.3873949574677754,0.5679728864688772,0.04463215606334736,5
48,0.36038617118930216,0.20548678755989785,0.4341270412508,5
49,0.552884938068756,0.266808370109849,0.18030669182139497,5
50,0.1999855012218084,0.33316221306572996,0.4668522857124616,5
1,0.0,0.24,0.76,6
2,0.2577205216641487,0.48552308422623897,0.25675639410961243,6
3,0.6437925516441184,0.3450098785289049,0.011197569826976672,6
4,0.5822259436650662,0.27601091341250783,0.14176314292242598,6
5,0.39275358719327746,0.4431061309081047,0.16414028189861785,6
6,0.5155413503569035,0.28233935059493126,0.20211929904816522,6
7,0.52329061529606,0.17659088620595084,0.3001184984979891,6
8,0.5262764620803442,0.08212973657996646,0.39159380133968935,6
9,0.60928351418488,0.16772153493142114,0.22299495088369883,6
10,0.5061653315455715,0.34395957838468666,0.1498750900697418,6
11,0.38397995406646,0.47109862086286575,0.14492142507067424,6
12,0.42179532053721536,0.5459157040038508,0.03228897545893383,6
13,0.3257966789874871,0.4548810653622182,0.21932225565029473,6
14,0.40891972684404504,0.5155810946195268,0.07549917853642818,6
15,0.5039710691157754,0.4457504134834022,0.0502785174008224,6
16,0.3575316803451357,0.3206236374328626,0.3218446822220017,6
17,0.2652065431158654,0.3684982555960798,0.36629520128805476,6
18,0.333878447571345,0.4682776891477484,0.19784386328090658,6
19,0.525909168933897,0.2581951141593285,0.21589571690677445,6
20,0.5983655258611189,0.3074585189350334,0.0941759552038477,6
21,0.6105989846382229,0.3865555632326761,0.0028454521291009782,6
22,0.5462350732060343,0.4108971075202216,0.04286781927374411,6
23,0.521975027475634,0.32848250992076466,0.14954246260360138,6
24,0.4130724081870476,0.27006583078623153,0.316861761026721,6
25,0.4973699200797794,0.4575497622714522,0.04508031764876835,6
26,0.43760326758150986,0.37632376535038187,0.18607296706810833,6
27,0.3520602527994997,0.270493919025442,0.3774458281750583,6
28,0.337052996603845,0.3434186450719599,0.31952835832419507,6
29,0.5591786652392176,0.26799658407541804,0.1728247506853644,6
30,0.5771884331387797,0.10437767489853628,0.31843389196268407,6
31,0.5570552910385527,0.3180096896812475,0.12493501928019984,6
32,0.3820748140190849,0.4922579095783824,0.12566727640253278,6
33,0.49467444332067734,0.3192062479001689,0.18611930877915386,6
34,0.5259514091731523,0.2539946490276185,0.2200539417992292,6
35,0.45520601554593687,0.20741202664753444,0.3373819578065287,6
36,0.48317335911252773,0.23066714560710816,0.28615949528036405,6
37,0.33640498147313763,0.22147861053962942,0.442116407987233,6
38,0.24583749815577405,0.20089873823086246,0.5532637636133635,6
39,0.3092817696910445,0.2715659897288366,0.4191522405801189,6
40,0.37892912615537516,0.259218072660171,0.3618528011844539,6
41,0.39375935383389826,0.3730981546929334,0.23314249147316835,6
42,0.5015906964351048,0.366681178824423,0.13172812474047219,6
43,0.39609322400828356,0.3004262540751784,0.30348052191653807,6
44,0.3000323235255353,0.32887496878866374,0.37109270768580094,6
45,0.5500917382763273,0.4316394171213527,0.018268844602320033,6
46,0.3398981533110278,0.49357436976307084,0.16652747692590136,6
47,0.39741260284075475,0.5589984875682859,0.0435889095909594,6
48,0.3835142213857088,0.23751441386488892,0.3789713647494023,6
49,0.5205358942369336,0.3019619482991678,0.17750215746389864,6
50,0.2140308590327545,0.34499538986170836,0.44097375110553705,6
1,0.0,0.24,0.76,7
2,0.26567077754136653,0.462822719195093,0.27150650326354053,7
3,0.6222151964051905,0.36782716690290274,0.009957636691906746,7
4,0.5751604932644416,0.2936177590107933,0.13122174772476508,7
5,0.42078755809070467,0.4262656492028858,0.15294679270640954,7
6,0.5109412747182763,0.28848096156239894,0.20057776371932473,7
7,0.5232694297951197,0.1772788611005662,0.29945170910431407,7
8,0.5320964889013984,0.08980796943732636,0.37809554166127535,7
9,0.6131287249280748,0.17094995231396062,0.21592132275796458,7
10,0.5148520660800863,0.3497051665298414,0.13544276739007233,7
11,0.3958171776775533,0.46112239088895535,0.14306043143349134,7
12,0.43841618946312233,0.5321759767893027,0.02940783374757494,7
13,0.3603532572956517,0.44459485771751084,0.19505188498683745,7
14,0.43327124188346167,0.49751832522923606,0.06921043288730228,7
15,0.4965840824778607,0.44839942028276464,0.055016497239374684,7
16,0.3840468124753469,0.31777824220011,0.29817494532454314,7
17,0.28989173841468385,0.37252844508812627,0.3375798164971899,7
18,0.36220642719959806,0.44279928656819567,0.19499428623220627,7
19,0.529374283317331,0.2716025768131238,0.19902313986954517,7
20,0.5963304551461293,0.3114616241450084,0.09220792070886236,7
21,0.6086632843019656,0.38639718825044256,0.004939527447591852,7
22,0.5699489973723686,0.3954800098158055,0.03457099281182591,7
23,0.5358112618910303,0.33483432241774164,0.12935441569122802,7
24,0.4475685688575874,0.2672604350735799,0.28517099606883267,7
25,0.5154901594349837,0.4373231704199742,0.04718667014504213,7
26,0.4614274760326774,0.36413461981448036,0.17443790415284222,7
27,0.3757031976210142,0.27644373061103783,0.34785307176794805,7
28,0.3620992025927309,0.3416524759753626,0.29624832143190655,7
29,0.547907303616723,0.27955976070987704,0.17253293567339995,7
30,0.5858820887773676,0.12087843937996721,0.2932394718426652,7
31,0.5717780163306784,0.31151613955023466,0.11670584411908697,7
32,0.4092019307688504,0.47649845142838354,0.1142996178027661,7
33,0.5043785835225698,0.33779032141940857,0.15783109505802162,7
34,0.5432957654891732,0.2500838246337826,0.20662040987704416,7
35,0.4847271569396929,0.19781273941059085,0.3174601036497162,7
36,0.5003430984619132,0.21965716587471848,0.27999973566336833,7
37,0.36408502276173504,0.20921063031851672,0.42670434691974823,7
38,0.267545225733287,0.21422071456292968,0.5182340597037833,7
39,0.3234602948079728,0.2784932846548793,0.3980464205371479,7
40,0.3997934858015136,0.25770155457902544,0.34250495961946104,7
41,0.4165421961183687,0.36543158320914976,0.21802622067248162,7
42,0.49001038040407185,0.38582231069642464,0.1241673088995036,7
43,0.40877147000236197,0.3180172896203567,0.2732112403772814,7
44,0.32965693895272247,0.3381562877095017,0.3321867733377759,7
45,0.5319332121022908,0.4476309166284852,0.02043587126922397,7
46,0.36844649426015397,0.4922076100363411,0.13934589570350492,7
47,0.40901193153062737,0.5508924845949144,0.04009558387445833,7
48,0.40317180570765043,0.26784133021916934,0.32898686407318023,7
49,0.4955057872140031,0.3320842620147855,0.1724099507712113,7
50,0.2282211224128497,0.3565731717264605,0.4152057058606897,7
1,0.0,0.24,0.76,8
2,0.271387055762167,0.4447929663481381,0.283819977889695,8
3,0.6030297054059406,0.38626348635856683,0.010706808235492582,8
4,0.5697555386653589,0.30872090080587306,0.12152356052876806,8
5,0.4461785087923752,0.41300298599259855,0.14081850521502626,8
6,0.5086146658729236,0.2924192264826266,0.19896610764444983,8
7,0.5234164205409401,0.17852735940481274,0.2980562200542472,8
8,0.5370608272955201,0.09717038551113498,0.36576878719334494,8
9,0.613823048562751,0.17583910313780143,0.21033784829944752,8
10,0.523087946207623,0.35173674348458506,0.12517531030779194,8
11,0.40873546070506905,0.451235458110883,0.14002908118404803,8
12,0.45514350563192774,0.518631908373296,0.026224585994776284,8
13,0.3930124079768454,0.434660631658522,0.1723269603646327,8
14,0.45586212608037735,0.48184758635862396,0.06229028756099869,8
15,0.49314564019105,0.4468530039242015,0.060001355884748475,8
16,0.40845519175464184,0.3162302966688925,0.27531451157646564,8
17,0.3156006592050023,0.37272484088223673,0.311674499912761,8
18,0.38957345930603676,0.4202906120896189,0.19013592860434442,8
19,0.5336050470880549,0.2816620747748374,0.1847328781371077,8
20,0.5950068880455035,0.3151182158397,0.08987489611479649,8
21,0.6084591860340287,0.38429498955885366,0.007245824407117629,8
22,0.5907726237298178,0.3835737492328646,0.02565362703731766,8
23,0.5515414098328644,0.33752444595870046,0.11093414420843517,8
24,0.4796655492350648,0.26484456445853394,0.2554898863064013,8
25,0.5341431137559907,0.4177689920603408,0.048087894183668545,8
26,0.48452342024516065,0.35269197761938914,0.16278460213545015,8
27,0.40017333286773593,0.27909787285698145,0.3207287942752827,8
28,0.3853943480839691,0.3410482828590637,0.2735573690569672,8
29,0.5405659963420563,0.28877257005225615,0.17066143360568758,8
30,0.5916023626493587,0.13861401679229035,0.2697836205583509,8
31,0.5854621875884211,0.30683775652387046,0.10770005588770848,8
32,0.43441445240950816,0.46401677886534914,0.1015687687251427,8
33,0.5151273890464036,0.35295591752152783,0.13191669343206852,8
34,0.5590892734869797,0.24951392800378394,0.19139679850923638,8
35,0.5119091060060688,0.19005005320229437,0.29804084079163684,8
36,0.5181409441015077,0.20870783363222345,0.27315122226626887,8
37,0.3903166425173242,0.19923946213649713,0.41044389534617876,8
38,0.2889413614287203,0.22586791092904923,0.4851907276422305,8
39,0.3381571737493947,0.28512565800944023,0.3767171682411651,8
40,0.4186375202777353,0.25937528058570897,0.32198719913655577,8
41,0.43682938528862797,0.36116375871499073,0.20200685599638124,8
42,0.48287335414707216,0.40165971950326745,0.11546692634966033,8
43,0.4209044705129036,0.3353406434574934,0.243754886029603,8
44,0.3558550622747913,0.34879295701364604,0.2953519807115626,8
45,0.5192742395693675,0.4584559675986559,0.02226979283197661,8
46,0.3932083207352467,0.49363913647356056,0.11315254279119275,8
47,0.42165750702950916,0.5440769251677791,0.03426556780271173,8
48,0.420223206631819,0.2964753424251759,0.2833014509430051,8
49,0.4767476628661741,0.3581452142456551,0.1651071228881708,8
50,0.2425181036350258,0.367908560804338,0.38957333556063634,8
1,0.0,0.24,0.76,9
2,0.2752814865029567,0.4304470211709955,0.2942714923260478,9
3,0.5859502806447558,0.4009930125715164,0.013056706783727723,9
4,0.565701092187722,0.32165160824048006,0.11264729957179792,9
5,0.4694950960013707,0.4017839537215076,0.12872095027712177,9
6,0.5077670841860965,0.29505686745271503,0.19717604836118846,9
7,0.5237384227742413,0.18021669980647836,0.2960448774192803,9
8,0.5411121129510282,0.10439850301912426,0.35448938402984753,9
9,0.6125170755586545,0.18149690666124058,0.2059860177801049,9
10,0.5300071076671586,0.3510676038029206,0.11892528852992074,9
11,0.42286489900096536,0.44121762760702615,0.1359174733920085,9
12,0.47181903371703515,0.5053681104125904,0.022812855870374404,9
13,0.423814443925021,0.42516946884615514,0.15101608722882387,9
14,0.47690008005851686,0.4679684526825624,0.05513146725892082,9
15,0.4930801445361904,0.44220983834329947,0.06471001712051011,9
16,0.43116821536426475,0.31534219443804395,0.2534895901976913,9
17,0.34200514653773967,0.36986924080315037,0.28812561265911,9
18,0.4159927854957938,0.400259863179085,0.1837473513251211,9
19,0.5398001353343199,0.28836648754707367,0.1718333771186064,9
20,0.5946432013779795,0.318134373343247,0.08722242527877344,9
21,0.6097343166271398,0.3808629681306793,0.009402715242180837,9
22,0.6089894792043611,0.37437213603523123,0.016638384760407687,9
23,0.5684341378584687,0.33758122258502465,0.0939846395565066,9
24,0.5095209155660321,0.26278516128229124,0.2276939231516767,9
25,0.5529814434114979,0.39916814080124335,0.04785041578725874,9
26,0.5068999248185165,0.34184441947486266,0.1512556557066208,9
27,0.42483026809747415,0.2796914615799146,0.29547827032261126,9
28,0.40720007159012084,0.34134527435964224,0.2514546540502369,9
29,0.5345497800882769,0.30022094721117637,0.16522927270054671,9
30,0.5947614729984892,0.15814248349643875,0.247096043505072,9
31,0.5975906438993122,0.3046272401658599,0.09778211593482794,9
32,0.457856569295843,0.45424916728931813,0.08789426341483891,9
33,0.526538429863548,0.36553022566903587,0.10793134446741609,9
34,0.5731305533433475,0.2522014712571762,0.17466797539947632,9
35,0.5364087148758463,0.18480427318600068,0.27878701193815303,9
36,0.536066460122619,0.19843534093799853,0.2654981989393824,9
37,0.4150886530210328,0.19142772541655323,0.39348362156241395,9
38,0.3099603997910063,0.23614087153283564,0.45389872867615805,9
39,0.35305683754849976,0.2918351886722888,0.3551079737792115,9
40,0.43423592906209707,0.2665799672532558,0.29918410368464715,9
41,0.45435072482218974,0.36095392773807117,0.1846953474397391,9
42,0.47939941025180877,0.4150982986725321,0.10550229107565912,9
43,0.43257229697560706,0.35223961708339513,0.2151880859409978,9
44,0.3791736230965349,0.36038641859410736,0.26043995830935773,9
45,0.5105938936299209,0.46693938334700574,0.022466723023073343,9
46,0.4147690491633076,0.4972920257016763,0.08793892513501611,9
47,0.4348454590203195,0.5388127487954386,0.02634179218424193,9
48,0.43529913577334023,0.3234221776577797,0.24127868656888007,9
49,0.46334285619983606,0.3807665799755369,0.15589056382462702,9
50,0.2567862799331197,0.37909389921709624,0.3641198208497841,9
1,0.0,0.24,0.76,10
2,0.2777110762287727,0.4189977935532963,0.303291130217931,10
3,0.5707291470743687,0.412602596032595,0.01666825689303625,10
4,0.5627464808309669,0.33266886745985136,0.10458465170918174,10
5,0.4909864850518664,0.3920581628925011,0.11695535205563251,10
6,0.5081374418261565,0.29680804959222196,0.19505450858162154,10
7,0.5242781275027797,0.18227916103545802,0.29344271146176226,10
8,0.5443537701706704,0.11153002614951943,0.3441162036798101,10
9,0.6100269618630726,0.18738100130572577,0.20259203683120164,10
10,0.5357843564657554,0.34888612214044445,0.11532952139380015,10
11,0.43811565183833556,0.43111528403654503,0.1307690641251194,10
12,0.4879308656807809,0.49259298807279256,0.019476146246426518,10
13,0.45273048152399076,0.41623066083910726,0.13103885763690207,10
14,0.49655273370128783,0.45543247557497857,0.0480147907237336,10
15,0.49585174786768704,0.43534339110540365,0.0688048610269093,10
16,0.452512636268928,0.31466194339472436,0.2328254203363477,10
17,0.36877291914447863,0.3646797892236386,0.2665472916318828,10
18,0.4415753386050717,0.3821713301033462,0.1762533312915821,10
19,0.5488647060883263,0.29185036387107777,0.15928493004059596,10
20,0.5952771196478583,0.3203753460927968,0.08434753425934488,10
21,0.6121138432200823,0.3766838160477943,0.011202340732123395,10
22,0.624714130853344,0.36736515381910473,0.007920715327551231,10
23,0.5856190196193267,0.33629470177075355,0.07808627860991973,10
24,0.5371091092693916,0.26128493763251515,0.20160595309809326,10
25,0.5717000921346326,0.38170548206219906,0.04659442580316836,10
26,0.5285603984292857,0.331489116757225,0.13995048481348932,10
27,0.4493948855340981,0.2787504064096757,0.2718547080562263,10
28,0.427760995717492,0.3422858499805127,0.22995315430199537,10
29,0.5304896435848311,0.31217290102633605,0.15733745538883287,10
30,0.5965684487439064,0.17847286109908933,0.22495869015700432,10
31,0.6081552439218213,0.3047936158145527,0.08705114026362598,10
32,0.4795627738932596,0.446842229634567,0.07359499647217349,10
33,0.5382591117550188,0.3761764259903282,0.08556446225465297,10
34,0.585370615711756,0.257842723039188,0.15678666124905605,10
35,0.5580980180502966,0.1824317566169087,0.25947022533279473,10
36,0.5536981701889216,0.18935158719464545,0.2569502426164329,10
37,0.43825103235788165,0.1859484623233343,0.37580050531878406,10
38,0.3304995687922386,0.2453612919418163,0.42413913926594515,10
39,0.36796109531322146,0.298753624157678,0.3332852805291005,10
40,0.44771598251550415,0.27704150643419845,0.2752425110502974,10
41,0.4692775496273488,0.36457416655707175,0.16614828381557945,10
42,0.47897845483226664,0.42675942287854374,0.09426212228918962,10
43,0.44379645396792156,0.3686429451273289,0.18756060090474952,10
44,0.4000248441371745,0.3726165182790593,0.22735863758376618,10
45,0.5050467059280408,0.4741819199067459,0.020771374165213297,10
46,0.4332735815172416,0.5032336178305126,0.06349280065224583,10
47,0.4479825406261134,0.5355236023092451,0.01649385706464146,10
48,0.44879387656116787,0.3487070902705632,0.20249903316826895,10
49,0.4545815667281224,0.4003799544850001,0.1450384787868776,10
50,0.27097362420351073,0.3903809995422062,0.3386453762542831,10
1,0.0,0.24,0.76,11
2,0.2790052747012449,0.409821069548733,0.3111736557500221,11
3,0.5571710468010913,0.42161240348538004,0.021216549713528654,11
4,0.5606226731651323,0.34199991930451024,0.09737740753035751,11
5,0.5108356200823454,0.3831970888735254,0.10596729104412922,11
6,0.5095331034517823,0.29775652566686756,0.19271037088135018,11
7,0.5250481377899792,0.18458979952735355,0.2903620626826673,11
8,0.5468737853670231,0.11859886770040355,0.3345273469325733,11
9,0.6069757168361479,0.19310201326525828,0.1999222698985938,11
10,0.5404518727555099,0.34590181686078714,0.11364631038370299,11
11,0.45428130929322835,0.42104549223431176,0.12467319847245995,11
12,0.5033364064707613,0.48031326947186237,0.016350324057376353,11
13,0.47972581454171837,0.40791617946177655,0.11235800599650508,11
14,0.5149157371704407,0.44393922038791667,0.04114504244164263,11
15,0.5009954863708871,0.4269278926934704,0.07207662093564249,11
16,0.47273968144882894,0.3138748659533541,0.21338545259781694,11
17,0.3956073912706701,0.35780054021320296,0.24659206851612692,11
18,0.4663640300684423,0.3656748202764156,0.16796114965514208,11
19,0.5596102983031124,0.29316028714359216,0.14722941455329547,11
20,0.5968282743140605,0.3219218838111707,0.0812498418747688,11
21,0.6152179655886506,0.37225423861918894,0.012527795792160457,11
22,0.6378127440979086,0.3616099711997173,0.0005772847023741701,11
23,0.6026966481591507,0.33405026591020026,0.06325308593064904,11
24,0.5624414855730858,0.260524485817191,0.17703402860972317,11
25,0.5899950626994671,0.3655537646126375,0.04445117268789539,11
26,0.5494270629562455,0.3216309384732898,0.12894199857046468,11
27,0.47361332775573745,0.27672033753946274,0.24966633470479976,11
28,0.4472947555098903,0.34358503329098106,0.20912021119912866,11
29,0.5285145158538075,0.32393323730524154,0.14755224684095097,11
30,0.597610234746408,0.19984436866274544,0.2025453965908466,11
31,0.6173817555774632,0.30698222213620174,0.07563602228633504,11
32,0.4996710354953352,0.4414448054712368,0.058884159033427974,11
33,0.5500742444380505,0.38536175405523926,0.06456400150671021,11
34,0.5960781387642644,0.2656067849961321,0.13831507623960348,11
35,0.5769676029197001,0.1830370328203719,0.23999536425992804,11
36,0.5707150309966346,0.18181724203385577,0.24746772696950967,11
37,0.45973103252117276,0.18282630188564722,0.35744266559318005,11
38,0.350456784266852,0.25385241870585484,0.39569079702729315,11
39,0.3827456916123788,0.3059551433846741,0.3112991650029471,11
40,0.4598010674747005,0.2893459772733658,0.2508529552519337,11
41,0.4822572560421353,0.3709062815407768,0.14683646241708787,11
42,0.48109289011973433,0.4371110562383676,0.08179605364189807,11
43,0.4546605704391607,0.3844683253177193,0.16087110424312007,11
44,0.418729129588046,0.38526601792218906,0.19600485248976496,11
45,0.5018264033547057,0.48124645941213484,0.016927137233159417,11
46,0.4491819963711241,0.510658930992868,0.04015907263600793,11
47,0.45793378969434206,0.53138296998015,0.010683240325507937,11
48,0.4608634703443072,0.37232461784427984,0.16681191181141297,11
49,0.449449348457382,0.4177789145972303,0.13277173694538763,11
50,0.28484894220283574,0.40192849372693323,0.31322256407023097,11
1,0.0,0.24,0.76,12
2,0.27945261073330147,0.40240649238919685,0.31814089687750163,12
3,0.5451006557588565,0.42845999751111835,0.02643934673002518,12
4,0.5591818765172168,0.3498291725541091,0.09098895092867404,12
5,0.5290766416375666,0.3750948394475023,0.09582851891493105,12
6,0.5122698815273025,0.2971499197312723,0.19058019874142523,12
7,0.5260810532770533,0.18698604921922662,0.28693289750372003,12
8,0.5487784626232493,0.12559960728285527,0.3256219300938955,12
9,0.6036797323512608,0.19849025238839105,0.19783001526034813,12
10,0.5443042470785596,0.3424301104411109,0.1132656424803295,12
11,0.4708486315154758,0.4112885383277464,0.11786283015677773,12
12,0.517757154415647,0.46861955958574875,0.013623285998604295,12
13,0.504838843766375,0.40023847611249924,0.09492268012112576,12
14,0.5320948472248539,0.4332597345869844,0.03464541818816169,12
15,0.508097311333726,0.4174828288053986,0.07441985986087535,12
16,0.4920380838280922,0.31279473457195095,0.19516718159995683,12
17,0.42222343163313236,0.349777162903104,0.22799940546376363,12
18,0.4903503001054341,0.35050403275748915,0.15914566713707673,12
19,0.571282162640404,0.2929804228639061,0.13573741449568993,12
20,0.5992230341672079,0.32292845820423544,0.07784850762855666,12
21,0.6186592083424214,0.36780603505044995,0.013534756607128662,12
22,0.6459246751719353,0.3539695382001614,0.00010578662790328153,12
23,0.6187722221240011,0.3317006596141445,0.04952711826185441,12
24,0.5854597300974982,0.26071960164082136,0.15382066826168045,12
25,0.6075323041783725,0.35087941292241936,0.041588282899208184,12
26,0.5694088015937756,0.3123127944678229,0.1182784039384015,12
27,0.49716366916237176,0.27417449332356625,0.228661837514062,12
28,0.4659148807884032,0.3450941946725965,0.18899092453900024,12
29,0.5284922324946982,0.3351687668433293,0.13633900066197246,12
30,0.5984201239241043,0.2219206428354715,0.17965923324042424,12
31,0.6253779800682583,0.31114007167676044,0.06348194825498127,12
32,0.5182020319371823,0.4378772623513671,0.043920705711450625,12
33,0.5617614016933539,0.39348796058160945,0.04475063772503668,12
34,0.6055007613684269,0.2748381661186463,0.11966107251292679,12
35,0.5931442628751846,0.18640968048354126,0.22044605664127412,12
36,0.5867103131018131,0.17630134531576203,0.23698834158242488,12
37,0.47926962375495563,0.18242466805814495,0.3383057081868994,12
38,0.3697420246465314,0.2618646308392977,0.36839334451417094,12
39,0.3973794051265475,0.313360885573485,0.2892597092999674,12
40,0.47087281538398074,0.30276628436986947,0.2263609002461498,12
41,0.49364120579082976,0.3794227453903591,0.1269360488188112,12
42,0.4851511089198572,0.44659397250721544,0.06825491857292731,12
43,0.4652716377223101,0.39963717476077665,0.1350911875169133,12
44,0.43560974778204,0.3981966183911449,0.1661936338268152,12
45,0.5004766485122928,0.48858186080469634,0.010941490683010868,12
46,0.46282158609153295,0.5189807006679785,0.018197713240488467,12
47,0.4650054020570674,0.5266806935171251,0.008313904425807483,12
48,0.4717115771009376,0.3943265166121248,0.1339619062869376,12
49,0.44749078920307533,0.4333483157579008,0.11916089503902394,12
50,0.2985910913382863,0.41345803077581567,0.287950877885898,12
1,0.0,0.24,0.76,13
2,0.2792182680137844,0.39637439170090677,0.32440734028530877,13
3,0.5343497813840714,0.43351208773897887,0.03213813087694972,13
4,0.5583114912065891,0.356340354409677,0.08534815438373394,13
5,0.5456116069667242,0.36803331976164777,0.08635507327162806,13
6,0.5160134308571832,0.2954342327134776,0.18855233642933922,13
7,0.5273955954972132,0.1893739528797782,0.28323045162300864,13
8,0.550186684122173,0.13249636449614077,0.31731695138168625,13
9,0.6003019874340754,0.20348921579442397,0.19620879677150066,13
10,0.5475562822499382,0.338635837836087,0.11380787991397479,13
11,0.4872914492641325,0.4020947445939051,0.11061380614196252,13
12,0.5309207202695936,0.45763930738988284,0.011439972340523574,13
13,0.5280748968354307,0.39321968185693973,0.07870542130762953,13
14,0.5481387283907839,0.4232418275111872,0.028619444098028857,13
15,0.5168173920930378,0.40739724205522376,0.07578536585173845,13
16,0.5105032387658677,0.3113465886456697,0.1781501725884626,13
17,0.44840601040503286,0.34103508087108775,0.21055890872387933,13
18,0.5134307224916506,0.3365701301714616,0.14999914733688785,13
19,0.5826461811432037,0.2920170686600435,0.12533675019675283,13
20,0.6024025011657861,0.3234259662360849,0.07417153259812903,13
21,0.6223104220860749,0.36357704776612015,0.014112530147804947,13
22,0.6525423446625584,0.34745765533744155,0.0,13
23,0.6333066387275197,0.3300399232734737,0.03665343799900661,13
24,0.6060193462833187,0.2621288850909557,0.13185176862572562,13
25,0.6239948724847874,0.33782368790016826,0.03818143961504439,13
26,0.588372217447588,0.3036335176818265,0.10799426487058544,13
27,0.5197781891673134,0.2715688346163341,0.20865297621635248,13
28,0.4837197649319692,0.34670823635069303,0.16957199871733775,13
29,0.5302067485444264,0.3459261910008136,0.12386706045475998,13
30,0.599772041989518,0.24386731179393084,0.1563606462165512,13
31,0.6322360407404263,0.3170901454585229,0.05067381380105085,13
32,0.5352309081354228,0.43594821767815023,0.028820874186426926,13
33,0.5731983873911991,0.4008332496033905,0.02596836300541039,13
34,0.613903623672972,0.2849528817227011,0.10114349460432687,13
35,0.6068917499913221,0.1920985996527785,0.20100965035589938,13
36,0.6013845089922869,0.1731437137537289,0.2254717772539842,13
37,0.49681892228220714,0.1847356111212738,0.31844546659651907,13
38,0.3882682700155464,0.2696179562996818,0.34211377368477175,13
39,0.4117665214498621,0.32098768797662075,0.2672457905735172,13
40,0.4811726629108947,0.3168019313375163,0.20202540575158895,13
41,0.5036259477355017,0.38967845872151147,0.1066955935429868,13
42,0.4906176967440655,0.45553719562158446,0.05384510763435002,13
43,0.4756036628091049,0.4141617735705098,0.11023456362038525,13
44,0.4508802853124038,0.4112595179607499,0.13786019672684624,13
45,0.5003249602076254,0.49638459869534035,0.003290441097034247,13
46,0.4727672263701161,0.5259478337856816,0.0012849398442023041,13
47,0.4709082894166534,0.5228653061977567,0.0062264043855898565,13
48,0.4816051257647327,0.41478042035061197,0.10361445388465544,13
49,0.44811853267005575,0.44738398523140865,0.1044974820985356,13
50,0.31221385545649916,0.4248659923870737,0.26292015215642717,13
1,0.0,0.24,0.76,14
2,0.2784499107023803,0.39142057781846035,0.3301295114791593,14
3,0.5247636252683683,0.43708294971569683,0.03815342501593488,14
4,0.5578928965923551,0.36172495255924525,0.08038215084839967,14
5,0.5604385913559718,0.36209274190602425,0.0774686667380039,14
6,0.5204954986054566,0.29298921726378413,0.18651528413075924,14
7,0.5289809837254669,0.1916937466143156,0.27932526966021753,14
8,0.5511919664981799,0.13924280380910795,0.30956522969271216,14
9,0.5969692037393238,0.208064029326583,0.19496676693409318,14
10,0.5504755660367386,0.3346028164471298,0.11492161751613156,14
11,0.503151459116179,0.39368252271246396,0.10316601817135707,14
12,0.542665915595863,0.4474154229228241,0.00991866148131293,14
13,0.5494282133560536,0.38689130037358055,0.06368048627036582,14
14,0.5630726200071121,0.41377955637342656,0.023147823619461327,14
15,0.5267724697620464,0.39701459337919703,0.07621293685875657,14
16,0.5282216010948321,0.3094810005397926,0.16229739836537532,14
17,0.4739772306843263,0.331904481931928,0.1941182873837457,14
18,0.5355390758451657,0.3237745662074606,0.14068635794737372,14
19,0.5929236725691485,0.2907871742296576,0.11628915320119393,14
20,0.6061363331453079,0.3236932144906007,0.07017045236409142,14
21,0.6259235185390322,0.35987745770908147,0.014199023751886364,14
22,0.6577013038877623,0.34229869611223773,0.0,14
23,0.645828579838378,0.32955803790727184,0.024613382254350114,14
24,0.624148671239612,0.2647389789246028,0.11111234983578516,14
25,0.6391805883226035,0.3264754397773421,0.03434397190005439,14
26,0.6062210327219826,0.2957178228869956,0.09806114439102182,14
27,0.5411343952368546,0.26946305509862567,0.18940254966451975,14
28,0.5007706553331142,0.34839085763886524,0.1508384870280206,14
29,0.5334310332271412,0.3562078773336562,0.11036108943920253,14
30,0.6018395775814304,0.26524205541636214,0.1329183670022075,14
31,0.6378730163977733,0.3249325840988666,0.03719439950336012,14
32,0.5508242375337635,0.4354662503979938,0.013709512068242669,14
33,0.5842734065816229,0.40761631133154136,0.008110282086835785,14
34,0.6214176334690024,0.2955966066649633,0.08298575986603435,14
35,0.6185261300863258,0.19958919927614044,0.18188467063753372,14
36,0.6146061603315375,0.1723808432535361,0.21301299641492644,14
37,0.5124775542077894,0.18949349638220758,0.298028949410003,14
38,0.40598733901738265,0.2772753422823997,0.3167373187002176,14
39,0.4258134619313513,0.32886765073357765,0.24531888733507107,14
40,0.4908072999449598,0.3312413569253068,0.17795134312973343,14
41,0.5125260194278662,0.4011140207750395,0.08635995979709427,14
42,0.497043646306213,0.46417960063837005,0.038776753055416946,14
43,0.4855802731101375,0.4281038780029479,0.08631584888691457,14
44,0.46451404289560455,0.4242804986867758,0.1112054584176197,14
45,0.49685048380673313,0.5001430371330372,0.003006479060229698,14
46,0.47361997676641016,0.5251310106014502,0.0012490126321396122,14
47,0.4753697223688801,0.5198438385024955,0.00478643912862442,14
48,0.49063617897589473,0.43382285390579045,0.07554096711831482,14
49,0.4509711514244782,0.45995904863980464,0.08906979993571718,14
50,0.3255222954065504,0.4363136384114711,0.23816406618197855,14
1,0.0,0.24,0.76,15
2,0.2772683033887815,0.38730332969808445,0.33542836691313405,15
3,0.5162085685247662,0.43943599754369245,0.0443554339315414,15
4,0.5578288927086971,0.3661594187343604,0.07601168855694251,15
5,0.57362040020081,0.35723072710331943,0.06914887269587061,15
6,0.5254896406179875,0.2900789748177195,0.18443138456429298,15
7,0.530828496549617,0.1939121103082766,0.27525939314210646,15
8,0.5518855536149003,0.14580078742517869,0.302313658959921,15
9,0.5937611588941859,0.2122043933143153,0.1940344477914988,15
10,0.5532106714980399,0.33042588717144,0.11636344133052007,15
11,0.5181145637861542,0.38616024270150684,0.09572519351233899,15
12,0.5530570493385868,0.43791882973108415,0.00902412093032906,15
13,0.5689168021257041,0.38124919840734256,0.04983399946695338,15
14,0.5769219804013953,0.40479839576931953,0.018279623829285163,15
15,0.5376307904212849,0.3865829205548932,0.0757862890238219,15
16,0.5452359379330718,0.30718204211168165,0.14758201995524656,15
17,0.4987939698335273,0.3226348454284439,0.1785711847380288,15
18,0.556578427975904,0.3120881279868147,0.13133344403728137,15
19,0.6018698396801728,0.2895399693078537,0.10859019101197348,15
20,0.6102736011368626,0.32381810869494887,0.06590829016818855,15
21,0.6294242179371002,0.35671957224070155,0.013856209822198207,15
22,0.6614689420836166,0.3385310579163834,0.0,15
23,0.6561371003065353,0.33044729104764886,0.013415608645815869,15
24,0.6398217838785468,0.2686575942878588,0.09152062183359438,15
25,0.652889905961922,0.3169123949361953,0.030197699101882747,15
26,0.6228067419636205,0.2887268081967868,0.08846644983959268,15
27,0.5609626080489719,0.26832055948353456,0.17071683246749353,15
28,0.5170963377888994,0.3501609716315074,0.1327426905795932,15
29,0.5379761127991262,0.3659953287618038,0.09602855843907004,15
30,0.6048072470271348,0.2858916089350309,0.10930114403783425,15
31,0.6421777991841959,0.3345088022573036,0.023313398558500453,15
32,0.5609737750206963,0.4322822020220866,0.006744022957217044,15
33,0.5886372694955959,0.4074874806579536,0.0038752498464504903,15
34,0.627773675977711,0.30639687307465474,0.0658294509476342,15
35,0.6283163274129349,0.20844113668284034,0.1632425359042248,15
36,0.6263217209477895,0.1739769998731775,0.19970127917903302,15
37,0.5264846320735633,0.1962181182658951,0.2772972496605416,15
38,0.4228483908751351,0.2849774454868344,0.29217416363803056,15
39,0.4394204351229305,0.337036671217759,0.22354289365931052,15
40,0.4998574713804888,0.34588398348333804,0.1542585451361731,15
41,0.5205253321533321,0.41330385428565625,0.06617081356101168,15
42,0.5040820339342097,0.4726975362575851,0.023220429808205212,15
43,0.49517663062192535,0.44148534939761896,0.06333801998045563,15
44,0.4766505831415605,0.43717571828663904,0.08617369857180046,15
45,0.4938165813258731,0.5035268280725036,0.0026565906016233765,15
46,0.47395397829945995,0.5248119169177965,0.0012341047827435503,15
47,0.47877347092791933,0.5177251317970432,0.00350139727503751,15
48,0.49895739317973187,0.4515146529679107,0.04952795385235742,15
49,0.45559447605747344,0.4715285936719513,0.07287693027057518,15
50,0.33843218675034165,0.44782070283628506,0.21374711041337338,15
1,0.0,0.24,0.76,16
2,0.2757372566370643,0.3838527201086252,0.3404100232543105,16
3,0.5085884662811958,0.44080619309214303,0.050605340626661166,16
4,0.5580190139300819,0.36980900961428675,0.07217197645563134,16
5,0.5850333052181048,0.3533993027557147,0.0615673920261805,16
6,0.5306894939867041,0.28699773151814084,0.1823127744951551,16
7,0.5329907261894825,0.19592342824532694,0.27108584556519055,16
8,0.5523348557213621,0.15213633367030882,0.2955288106083291,16
9,0.5907171988932504,0.21593414708255945,0.1933486540241902,16
10,0.5558805676436147,0.32619720512297146,0.11792222723341383,16
11,0.5316566349231893,0.3797096510996916,0.08863371397711911,16
12,0.5622605428367434,0.4290941304806991,0.008645326682557464,16
13,0.5866174280929777,0.37625179596989994,0.037130775937122384,16
14,0.5897472576703365,0.3962363141590545,0.014016428170608941,16
15,0.5490578858415355,0.37630689837258746,0.07463521578587706,16
16,0.5615051362496328,0.3045374065412359,0.13395745720913127,16
17,0.5226523062659069,0.3135096342433854,0.16383805949070773,16
18,0.5763939599832879,0.30153169756933756,0.12207434244737453,16
19,0.6094613191086792,0.28839587549623863,0.10214280539508219,16
20,0.6146012317899758,0.3239712886739571,0.06142747953606709,16
21,0.6326998117813636,0.35426607771517277,0.013034110503463647,16
22,0.6637876464171185,0.3362123535828815,0.0,16
23,0.6639306298113263,0.332683937521187,0.003385432667486643,16
24,0.6530575325821194,0.27384508103486105,0.07309738638301955,16
25,0.6650064807642194,0.309143892832214,0.025849626403566583,16
26,0.638029310369741,0.2827773550478952,0.07919333458236383,16
27,0.5792199779345043,0.2682042114109963,0.15257581065449938,16
28,0.532704829488671,0.35204332289865276,0.1152518476126762,16
29,0.543619795922602,0.3752872962993054,0.08109290777809258,16
30,0.6085333810561708,0.3057524253262282,0.08571419361760096,16
31,0.6452877116384327,0.34527720380882626,0.009435084552741058,16
32,0.5669662685348061,0.42732141006498225,0.005712321400211606,16
33,0.5911224238508184,0.405527569542954,0.00335000660622764,16
34,0.6330039935727344,0.3171545080017888,0.049841498425476805,16
35,0.6364754157057266,0.21831010443138196,0.1452144798628914,16
36,0.6365665557396866,0.17773314305460053,0.1857003012057129,16
37,0.5390676981039682,0.20445109221746743,0.2564812096785644,16
38,0.4388388760960143,0.2928121140500206,0.26834900985396515,16
39,0.45253914042109705,0.3455062674196877,0.2019545921592153,16
40,0.5083861179501534,0.3605834840230778,0.13103039802676875,16
41,0.527796691095972,0.42593734502748126,0.04626596387654669,16
42,0.5115003963285041,0.48119529771618097,0.007304305955314949,16
43,0.5044164949083557,0.454306620631856,0.04127688445978828,16
44,0.48748506917613654,0.44984767440111717,0.06266725642274629,16
45,0.49124843214396796,0.506502603727399,0.0022489641286330686,16
46,0.4738764811307989,0.5248821952155276,0.001241323653673465,16
47,0.48133100319109895,0.5163195640368002,0.002349432772100868,16
48,0.5066275356436245,0.46796288436046074,0.025409579995914755,16
49,0.4617204871092063,0.48224760972960956,0.056031903161184116,16
50,0.3510933527950528,0.45929540341279845,0.18961124379214855,16
1,0.0,0.24,0.76,17
2,0.27394534036750573,0.38091162141104795,0.3451430382214463,17
3,0.5017929024639025,0.4413837186609745,0.05682337887512301,17
4,0.5583839873238209,0.37282287488567667,0.06879313779050245,17
5,0.5948119290949501,0.35048688749304374,0.054701183412006193,17
6,0.535972588992728,0.28388825512926924,0.18013915587800272,17
7,0.5354177962908585,0.19773873349538998,0.26684347021375154,17
8,0.552604570985906,0.15821584390876944,0.2891795851053246,17
9,0.5878775542596975,0.21926931800310087,0.19285312773720167,17
10,0.5585320360983731,0.3220153011509825,0.11945266275064442,17
11,0.5435295542467699,0.37435860032437085,0.0821118454288593,17
12,0.5702741111757664,0.420980982963392,0.00874490586084159,17
13,0.6025391055746714,0.37188152433259136,0.025579370092737252,17
14,0.601588764928028,0.38807387778083324,0.010337357291138716,17
15,0.5607705181907197,0.36635314275259945,0.0728763390566809,17
16,0.5770128519937602,0.30161503431480247,0.12137211369143736,17
17,0.545381970587872,0.3047596057754539,0.14985842363667412,17
18,0.5949078817875998,0.292080330917058,0.11301178729534223,17
19,0.615929899819633,0.2873554961290199,0.09671460405134713,17
20,0.6189381143306468,0.32428522814691246,0.05677665752244071,17
21,0.6356461431838675,0.3526370487811976,0.011716808034934911,17
22,0.664532924716124,0.335467075283876,0.0,17
23,0.6652122089570065,0.331865370717766,0.0029224203252274927,17
24,0.6636785891474666,0.28014094116752597,0.05618046968500745,17
25,0.6753491107260318,0.30317883777089294,0.021472051503075296,17
26,0.6517400380291437,0.2780288000998143,0.070231161871042,17
27,0.5956257864830276,0.26957181717952194,0.1348023963374505,17
28,0.5475087476383146,0.354179114567327,0.09831213779435843,17
29,0.5501657540723436,0.38410841250543837,0.06572583342221805,17
30,0.6128991011890486,0.3246571183032543,0.062443780507697166,17
31,0.6465125593416625,0.3534874406583375,0.0,17
32,0.5717764180450078,0.4234023832583041,0.004821198696688123,17
33,0.5934642506821153,0.4037438740378884,0.002791875279996303,17
34,0.6372269640216682,0.32774201408277875,0.035031021895553016,17
35,0.6431616160461684,0.22893808915779557,0.12790029479603604,17
36,0.6453223716382754,0.18352651745603402,0.17115111090569055,17
37,0.5503284208349489,0.21387611720827152,0.23579546195677956,17
38,0.4539129258958643,0.30083744972633475,0.24524962437780096,17
39,0.46510105359218257,0.354268695255886,0.18063025115193143,17
40,0.5164057464777769,0.3752757470557748,0.10831850646644825,17
41,0.5341317703819999,0.4386906638270211,0.02717756579097902,17
42,0.5132478847787599,0.48334984680953896,0.0034022684117011037,17
43,0.5129468448919458,0.4665004604291928,0.02055269467886145,17
44,0.4970925452715537,0.4622038917769529,0.0407035629514933,17
45,0.4890257651404932,0.5091667272438851,0.0018075076156216507,17
46,0.473497681723047,0.5252435784343197,0.0012587398426333607,17
47,0.4831443951582683,0.5155304495684805,0.0013251552732511662,17
48,0.5137042392964993,0.48318564641735384,0.0031101142861468256,17
49,0.46892319916492187,0.49229706821404345,0.03877973262103468,17
50,0.36370376058574116,0.4704784002846437,0.1658178391296152,17
1,0.0,0.24,0.76,18
2,0.2719697595377688,0.3783495129409193,0.3496807275213119,18
3,0.4957453402819738,0.4413333328163695,0.06292132690165679,18
4,0.5588890820851922,0.37533084585983945,0.06578007205496839,18
5,0.6030811848869556,0.3483496455767329,0.04856916953631146,18
6,0.5412946427627646,0.28066437422916496,0.17804098300807042,18
7,0.5380609409576891,0.19937209302391543,0.26256696601839546,18
8,0.5527664853892823,0.16400759485159036,0.28322591975912736,18
9,0.5852727878038613,0.22224173281091192,0.1924854793852268,18
10,0.5611238712241681,0.3179842859352332,0.12089184284059873,18
11,0.5536499818271781,0.37000320363411937,0.07634681453870257,18
12,0.5772216160790158,0.4135692077330806,0.009209176187903623,18
13,0.6167388942916757,0.3681082291785924,0.015152876529731851,18
14,0.612436547132761,0.380324854311944,0.007238598555295017,18
15,0.5725631400616888,0.3568318436511486,0.07060501628716254,18
16,0.5917239448506141,0.29850212744765925,0.10977392770172667,18
17,0.5668355866393326,0.29656517393653503,0.13659923942413232,18
18,0.6120599119848273,0.28371925449958485,0.10422083351558781,18
19,0.6217631042853957,0.2862888235070785,0.09194807220752577,18
20,0.6231753757486184,0.3248300624320433,0.051994561819338314,18
21,0.6382360157569144,0.35184742592854906,0.009916558314536583,18
22,0.6638818234672833,0.3361181765327167,0.0,18
23,0.6649413901145583,0.33256372702330483,0.002494882862136838,18
24,0.6717884833589707,0.2875067102415456,0.040704806399483706,18
25,0.683809228556185,0.29900817157695697,0.01718259986685805,18
26,0.6637883464587718,0.2746601120863932,0.06155154145483499,18
27,0.6099057884993506,0.2728816902607888,0.11721252123986059,18
28,0.5614860179302388,0.3566266026347313,0.08188737943502994,18
29,0.5574177163406057,0.3925296251446177,0.05005265851477664,18
30,0.6175629276655087,0.34240954785230515,0.04002752448218616,18
31,0.642983672602205,0.357016327397795,0.0,18
32,0.5753586246562039,0.4202492245672491,0.004392150776546977,18
33,0.595576592241142,0.40221145047057105,0.0022119572882869365,18
34,0.6405577106244815,0.3380645537612459,0.021377735614272586,18
35,0.6485647537324902,0.2400679797933571,0.11136726647415268,18
36,0.6527024565105972,0.19111585088170624,0.15618169260769654,18
37,0.5604112048767333,0.2241984871500163,0.21539030797325034,18
38,0.46806406746607987,0.30909390762608574,0.2228420249078344,18
39,0.477038670834452,0.36334267483265253,0.1596186543328954,18
40,0.5239099513628259,0.38989900093797275,0.08619104769920133,18
41,0.5395895848793901,0.4513647377647754,0.009045677355834447,18
42,0.5139583098278497,0.4839845040735838,0.002057186098566477,18
43,0.5206703871999105,0.4780635656466061,0.0012660471534833295,18
44,0.5055398345741337,0.474150406251731,0.020309759174135356,18
45,0.4870909990858092,0.5115622154249417,0.0013467854892490472,18
46,0.4729027067535265,0.5258377996087625,0.001259493637710977,18
47,0.48390428717546274,0.5151903191121288,0.0009053937124084976,18
48,0.51301374184557,0.48698625815443,0.0,18
49,0.4764550107952635,0.5017528173978193,0.021792171806917282,18
50,0.3761852745447212,0.48147909362386754,0.14233563183141115,18
1,0.0,0.24,0.76,19
2,0.26987195063754743,0.3760712713138105,0.35405677804864205,19
3,0.4903572451354536,0.44078572463340504,0.06885703023114131,19
4,0.559471215330572,0.37743839043190686,0.06309039423752116,19
5,0.6100026501776767,0.34685372249171814,0.04314362733060512,19
6,0.546532524024803,0.27749951079072666,0.17596796518447033,19
7,0.540871439414037,0.2008497360196707,0.25827882456629225,19
8,0.5528679827979547,0.16949323086398507,0.2776387863380603,19
9,0.5829224240928597,0.22488376232148996,0.19219381358565038,19
10,0.5636227601437048,0.31419608195847376,0.12218115789782141,19
11,0.5620185710299811,0.36653674188829544,0.07144468708172347,19
12,0.5832215390695455,0.4068574474395109,0.009921013490943542,19
13,0.6293105378573665,0.36489406581116357,0.005795396331469971,19
14,0.6223145272696998,0.37299557667930255,0.004689896050997622,19
15,0.5842336107677134,0.3478336703141244,0.06793271891816222,19
16,0.6055623358408736,0.2953160188835467,0.0991216452755797,19
17,0.5868559072742684,0.28910312689372986,0.12404096583200175,19
18,0.6277470367876784,0.27652180036937274,0.09573116284294886,19
19,0.6272611203480447,0.28521976851502534,0.08751911113692995,19
20,0.6272239036999753,0.3256218945443538,0.04715420175567092,19
21,0.6403751684621074,0.3519202981869323,0.007704533350960274,19
22,0.6621031087274901,0.3378968912725099,0.0,19
23,0.6633368029311125,0.33455671098320067,0.0021064860856868095,19
24,0.677622202297955,0.2957079991985426,0.026669798503502373,19
25,0.6904082507317242,0.29652067454681047,0.013071074721465348,19
26,0.6741053404933074,0.2727611485132755,0.05313351099341712,19
27,0.6221175702922076,0.2779895806491566,0.09989284905863582,19
28,0.5746081081632124,0.35947358139543656,0.06591831044135105,19
29,0.5651756233708299,0.4005870390826282,0.034237337546541846,19
30,0.6224769548040325,0.3589951635129365,0.01852788168303099,19
31,0.6393856801501323,0.3606143198498677,0.0,19
32,0.578012184127524,0.41795182421618443,0.004035991656291593,19
33,0.5973585212307476,0.4010041798058625,0.0016372989633898771,19
34,0.6430592719934336,0.34808607647708445,0.00885465152948195,19
35,0.6527586041615225,0.25159358688674005,0.09564780895173741,19
36,0.658709964325795,0.200324056017947,0.140965979656258,19
37,0.5694334021616854,0.23517939669607385,0.19538720114224079,19
38,0.4813039798089767,0.31757806945496925,0.2011179507360541,19
39,0.48833161847707246,0.37268437328044873,0.13898400824247875,19
40,0.5306687477694455,0.40430963865683844,0.06502161357371605,19
41,0.5396686137602823,0.4587373684763293,0.0015940177633884112,19
42,0.5140998660863667,0.4843298305359937,0.0015703033776395814,19
43,0.5199371859652432,0.4800628140347568,0.0,19
44,0.5124926060646767,0.48552013023915486,0.0019872636961684176,19
45,0.48537723254222387,0.5137652322724761,0.0008575351853000734,19
46,0.47211167008437094,0.5266328025127279,0.0012555274029011354,19
47,0.4839566556845413,0.5152611473697062,0.0007821969457524336,19
48,0.5114455801997604,0.4885544198002396,0.0,19
49,0.4842113407756287,0.5103590258272557,0.005429633397115552,19
50,0.38843954852056406,0.4922965136879227,0.11926393779151327,19
1,0.0,0.24,0.76,20
2,0.2677031126088131,0.3740024924552632,0.35829439493592374,20
3,0.4855488556292116,0.4398512780334644,0.07459986633732402,20
4,0.5600799643691925,0.3792322289169644,0.06068780671384311,20
5,0.6157316774884398,0.3458733105062132,0.03839501200534695,20
6,0.5515997223252667,0.2745026290817715,0.17389764859296186,20
7,0.5438043688328008,0.20219873128484506,0.25399689988235413,20
8,0.552955297953695,0.1746569931743881,0.2723877088719169,20
9,0.5808359799823744,0.22723320148894025,0.1919308185286854,20
10,0.5659910702608889,0.31070952546501757,0.12329940427409353,20
11,0.5688289687281417,0.3637823950850832,0.0673886361867751,20
12,0.5883804415140338,0.40082828508823326,0.010791273397732948,20
13,0.6403250091781261,0.35967499082187393,0.0,20
14,0.6312111184152767,0.36610074104338713,0.0026881405413362036,20
15,0.5955587609895288,0.3394581612967847,0.06498307771368655,20
16,0.6184895340916384,0.2921585887674646,0.08935187714089698,20
17,0.6053126407718324,0.2825227050232537,0.11216465420491384,20
18,0.6418775059326489,0.27055119479524453,0.08757129927210655,20
19,0.6323778670307698,0.2844025780608086,0.08321955490842159,20
20,0.6310161076602231,0.32668865315476414,0.04229523918501277,20
21,0.6421113134161955,0.35270184203466004,0.00518684454914442,20
22,0.6593947887281276,0.3406052112718724,0.0,20
23,0.6605824477655519,0.33766176938370634,0.0017557828507417939,20
24,0.6814076084077625,0.30460404386626244,0.01398834772597507,20
25,0.6951616297547597,0.29562999689111896,0.009208373354121335,20
26,0.6826616042318857,0.2723878012036139,0.0449505945645004,20
27,0.6323369375848615,0.28474990161039593,0.08291316080474254,20
28,0.5867644379239365,0.36289727477686984,0.05033828729919365,20
29,0.5732069377052256,0.4083593936782294,0.01843366861654505,20
30,0.6271948875028757,0.37280511249712434,0.0,20
31,0.6356637219229397,0.36433627807706026,0.0,20
32,0.5798585514724979,0.41641179234646275,0.003729656181039376,20
33,0.5986465046428449,0.4001083422333932,0.001245153123761944,20
34,0.6423375202884306,0.3550278129813304,0.002634666730238988,20
35,0.6557043794093264,0.2633444457111368,0.08095117487953685,20
36,0.6634464286693532,0.210881111266709,0.12567246006393779,20
37,0.5774839050480077,0.2466382697516256,0.17587782520036668,20
38,0.49364238132732985,0.3262824876164818,0.18007513105618833,20
39,0.49899013333346715,0.3822336981259489,0.11877616854058393,20
40,0.5366355382353107,0.41832690055070043,0.04503756121398883,20
41,0.5364272215760144,0.46240722047298655,0.001165557950999041,20
42,0.5139252478472099,0.4847113847707748,0.001363367382015257,20
43,0.5186906217587112,0.48130937824128883,0.0,20
44,0.5118697923282914,0.48813020767170856,0.0,20
45,0.48351156672645007,0.5156877645717858,0.0008006687017642067,20
46,0.47116671515989283,0.5275947520906585,0.0012385327494486287,20
47,0.4835925185823087,0.5157005988200511,0.0007068825976401794,20
48,0.5101559739575274,0.48984402604247257,0.0,20
49,0.4864682076543849,0.5118233450265206,0.001708447319094475,20
50,0.4003929885455094,0.5030506122668684,0.09655639918762202,20
1,0.0,0.24,0.76,21
2,0.26550460990456254,0.37208645998775114,0.36240893010768627,21
3,0.48124768875915624,0.4386218685790508,0.08013044266179298,21
4,0.5606731338815841,0.38078125664521156,0.05854560947320431,21
5,0.620419375315118,0.34529781933561154,0.03428280534927042,21
6,0.5564460601166357,0.2717386289872884,0.17181531089607593,21
7,0.5468165451243199,0.20344239003279524,0.24974106484288489,21
8,0.553067052518592,0.1794922822904717,0.2674406651909363,21
9,0.5790154406940957,0.22932310041215098,0.1916614588937533,21
10,0.5681924289363806,0.30756504107764243,0.12424252998597701,21
11,0.57424250784639,0.3616064946827761,0.06415099747083391,21
12,0.5926553564557343,0.3953080628920002,0.012036580652265483,21
13,0.6476153294471166,0.35238467055288336,0.0,21
14,0.6388281926791043,0.3593050688497144,0.001866738471181295,21
15,0.6063085675752566,0.3317905068127318,0.06190092561201155,21
16,0.6304384915713273,0.2891473482500727,0.08041416017860004,21
17,0.6221040567060772,0.2769440088691145,0.10095193442480832,21
18,0.6543803692871866,0.2658644810256079,0.07975514968720554,21
19,0.6365489251638736,0.28423009728317106,0.07922097755295532,21
20,0.6344635177630992,0.32808636135821917,0.03745012087868166,21
21,0.643482379187239,0.3541159400054519,0.00240168080730907,21
22,0.656008018011574,0.34399198198842595,0.0,21
23,0.6569338329499903,0.3416299694644604,0.0014361975855493037,21
24,0.6833212737607931,0.31406188228794446,0.0026168439512624375,21
25,0.6981160875567588,0.2962512149682359,0.005632697475005277,21
26,0.6893751102569428,0.2736205568170185,0.03700433292603872,21
27,0.6406866323807773,0.2929036442083921,0.06640972341083062,21
28,0.5978439958529412,0.36700080694233617,0.0351551972047226,21
29,0.5802639889654738,0.4149975069592219,0.004738504075304295,21
30,0.6236522527139767,0.37634774728602327,0.0,21
31,0.6316190794627631,0.3683809205372369,0.0,21
32,0.5810832777842527,0.41547262511867056,0.003444097097076715,21
33,0.5994294180472776,0.3995236796906629,0.001046902262059557,21
34,0.6387136035514941,0.35886456872579636,0.0024218277227095464,21
35,0.657384215698177,0.2751666222396534,0.06744916206216967,21
36,0.6669694467502818,0.22257543267336827,0.11045512057634993,21
37,0.5846210089314154,0.25845995574103886,0.1569190353275457,21
38,0.5051010774314897,0.33519429920210886,0.15970462336640145,21
39,0.5090073592883014,0.391943572684303,0.09904906802739555,21
40,0.5419771998903624,0.4317935433043302,0.02622925680530741,21
41,0.5334169217552177,0.4658454413141351,0.0007376369306472119,21
42,0.5136134572891901,0.4851990669479191,0.001187475762890855,21
43,0.5175595080809796,0.4824404919190204,0.0,21
44,0.5103339867319431,0.4896660132680569,0.0,21
45,0.4817059143416561,0.517442657566651,0.0008514280916929184,21
46,0.47010640378522695,0.5286723403533126,0.0012212558614604907,21
47,0.4829320104580074,0.5164034159138828,0.000664573628109788,21
48,0.5090490896929825,0.49095091030701754,0.0,21
49,0.487823944014347,0.5111848691319287,0.0009911868537242352,21
50,0.4121428325344202,0.5135774645898036,0.07427970287577614,21
1,0.0,0.24,0.76,22
2,0.26330853716009534,0.3702798324660498,0.3664116303738548,22
3,0.4773917718634949,0.4371722398427239,0.08543598829378118,22
4,0.5612206833334475,0.382137889032951,0.05664142763360147,22
5,0.6241970819737892,0.34503487211576617,0.03076804591044463,22
6,0.5610302097414367,0.2692531594756283,0.16971663078293503,22
7,0.5498685469022979,0.20460557419182962,0.24552587890587246,22
8,0.5532315211842992,0.18400028443891617,0.26276819437678467,22
9,0.5774594933326059,0.23118443442036196,0.1913560722470321,22
10,0.5702246221625427,0.30477670903903314,0.1249986687984242,22
11,0.5784305177622933,0.3598757977298236,0.06169368450788315,22
12,0.5961067681313951,0.39030406569747306,0.013589166171131872,22
13,0.6539998900666566,0.3460001099333434,0.0,22
14,0.6453629870402341,0.352745623052528,0.001891389907237917,22
15,0.6162869468530172,0.32488223821793505,0.05883081492904774,22
16,0.641364723334552,0.2863699679571679,0.07226530870828013,22
17,0.6371887274165815,0.2724094423284271,0.09040183025499138,22
18,0.6652191607035165,0.26251364010495365,0.07226719919152985,22
19,0.6400787489672983,0.284672231840827,0.07524901919187466,22
20,0.6374613549284982,0.3298808001446202,0.03265784492688162,22
21,0.6434412543597229,0.35484373165356126,0.0017150139867158631,22
22,0.6521623273659602,0.34783767263403975,0.0,22
23,0.6524615930150502,0.34616907001271985,0.0013693369722299065,22
24,0.6801475981087381,0.31985240189126185,0.0,22
25,0.6991517795713524,0.2982548605454266,0.002593359883220958,22
26,0.6942996004357649,0.2764133514334814,0.029287048130753723,22
27,0.6473773093703921,0.3020798180946618,0.05054287253494616,22
28,0.6075153654997842,0.37164446237157367,0.020840172128642087,22
29,0.581037691460792,0.41468460495407145,0.004277703585136572,22
30,0.6206417951332821,0.3793582048667179,0.0,22
31,0.6274042170780763,0.37259578292192375,0.0,22
32,0.5817445618985423,0.41506587860271893,0.003189559498738781,22
33,0.5998760966937848,0.39926295083475244,0.0008609524714627281,22
34,0.6352266809182826,0.3625914735745655,0.0021818455071518916,22
35,0.6579800512606112,0.28696967780961813,0.05505027092977066,22
36,0.6693701319882738,0.2351490677373812,0.09548080027434502,22
37,0.5909049742133067,0.27056217647334985,0.13853284931334348,22
38,0.5157013816452234,0.3443034679972737,0.13999515035750293,22
39,0.5183942646722248,0.40176733144866034,0.07983840387911484,22
40,0.5467961599559086,0.44466396351278253,0.008539876531308888,22
41,0.530666310827502,0.4690199005376593,0.00031378863483866315,22
42,0.5132460089582042,0.48571705121262654,0.0010369398291693033,22
43,0.5165645036722935,0.48343549632770655,0.0,22
44,0.5089006365372475,0.4910993634627525,0.0,22
45,0.48000840333555583,0.519099535164699,0.0008920614997451892,22
46,0.46895740012876863,0.5298343361738608,0.001208263697370593,22
47,0.4820716708693935,0.5172795225255687,0.0006488066050377439,22
48,0.5081620737107743,0.49183792628922574,0.0,22
49,0.48976956786610126,0.5099968294150246,0.00023360271887418183,22
50,0.42375427045928304,0.523950883601088,0.052294845939628985,22
1,0.0,0.24,0.76,23
2,0.26113951574862987,0.3685513405820091,0.3703091436693611,23
3,0.47392416645270374,0.43556336157142245,0.09051247197587381,23
4,0.5617007017834545,0.3833416725578883,0.05495762565865714,23
5,0.6271865407264245,0.3450045382905445,0.02780892098303095,23
6,0.5653272959245453,0.26706654785225264,0.16760615622320202,23
7,0.5529292619225341,0.20570323201719112,0.24136750606027477,23
8,0.553465245732405,0.18818721924348453,0.2583475350241105,23
9,0.5761544430112607,0.23285243072497513,0.19099312626376413,23
10,0.5720650333703746,0.3023471872817786,0.12558777934784676,23
11,0.5815881840592927,0.35847309800939847,0.05993871793130884,23
12,0.5988285003042776,0.3857951048307994,0.015376394864923038,23
13,0.6595246503778113,0.3404753496221887,0.0,23
14,0.6512036138527972,0.34681384434647994,0.0019825418007228257,23
15,0.625436223969464,0.3187242838379902,0.05583949219254586,23
16,0.6512373938551691,0.28388894904947337,0.06487365709535753,23
17,0.6505418278476666,0.26894593736585304,0.0805122347864804,23
18,0.6742644509909169,0.26070962729200103,0.06502592171708205,23
19,0.6426997381373186,0.2859831914168179,0.0713170704458635,23
20,0.6399537659222279,0.3320850793836584,0.027961154694113755,23
21,0.6429891839678283,0.35557208551787806,0.0014387305142936069,23
22,0.6480771032167021,0.3519228967832979,0.0,23
23,0.6475068184034002,0.3510936965411097,0.0013994850554900906,23
24,0.6749262346998999,0.3250737653001001,0.0,23
25,0.698411732236886,0.30144042219880834,0.00014784556430563756,23
26,0.697499485039637,0.2806554525768421,0.021845062383520908,23
27,0.6526398868552937,0.3118438742650107,0.03551623887969557,23
28,0.6158698226490563,0.37675074015298804,0.007379437197955641,23
29,0.5820360000167477,0.4141665890460704,0.0037974109371818887,23
30,0.6181871074375667,0.38181289256243334,0.0,23
31,0.6233242590298098,0.3766757409701902,0.0,23
32,0.5819281033068522,0.41509699624202573,0.0029749004511220867,23
33,0.6000299566063365,0.3992848889611052,0.0006851544325582881,23
34,0.631834898556987,0.36624077030892555,0.0019243311340874092,23
35,0.6576633225627739,0.29868675884414464,0.04364991859308143,23
36,0.6707623685040894,0.2484070269035925,0.08083060459231806,23
37,0.5964089629122307,0.2828387595708602,0.12075227751690915,23
38,0.5254767938803174,0.3535981413027697,0.1209250648169129,23
39,0.5269429325011514,0.41157010542340555,0.06148696207544302,23
40,0.5469128987714954,0.4520012786001412,0.0010858226283633754,23
41,0.5279841661295764,0.47182481308697305,0.00019102078345051288,23
42,0.5128758491566685,0.48622533997907186,0.000898810864259636,23
43,0.5157437494689531,0.48425625053104693,0.0,23
44,0.5076036045058514,0.4923963954941486,0.0,23
45,0.4784991188495854,0.520582087544015,0.0009187936063995705,23
46,0.46777050532131126,0.5310267479199465,0.0012027467587422125,23
47,0.4810968269678822,0.5182478760687191,0.0006552969633987216,23
48,0.5075290878824279,0.4924709121175721,0.0,23
49,0.4921564358984383,0.5078435641015617,0.0,23
50,0.4354357908837137,0.533919233182659,0.030644975933627302,23
1,0.0,0.24,0.76,24
2,0.259017122806219,0.36687796416912616,0.3741049130246548,24
3,0.47079512072353696,0.43384547760902037,0.09535940166744261,24
4,0.5620944156468115,0.384424154794854,0.053481429558334515,24
5,0.6294937708428893,0.3451420801272275,0.02536414902988321,24
6,0.5693258525249784,0.2651837056929406,0.16549044178208105,24
7,0.5559608608426241,0.2067554673058407,0.2372836718515352,24
8,0.5537716386633252,0.19206801580627314,0.2541603455304016,24
9,0.575079092547944,0.2343648764320102,0.1905560310200458,24
10,0.5736999807625516,0.30026143048422,0.12603858875322843,24
11,0.5838796379270816,0.3572904185684649,0.058829943504453475,24
12,0.6008922623408709,0.38175551952202386,0.017352218137105246,24
13,0.6642135355020946,0.3357864644979054,0.0,24
14,0.6560912339796513,0.34126040489150034,0.0026483611288483644,24
15,0.6336649971172575,0.31331752470823876,0.053017478174503696,24
16,0.6600126588713285,0.2817919697444977,0.058195371384173744,24
17,0.6621222834089566,0.2666037574362841,0.07127395915475926,24
18,0.6815299250922369,0.2603969053952997,0.05807316951246344,24
19,0.6447616589169778,0.288060949789296,0.06717739129372624,24
20,0.6419802945301958,0.334653460079635,0.023366245390169238,24
21,0.6424277214579431,0.35641108921305825,0.001161189328998613,24
22,0.6441049795728592,0.35589502042714083,0.0,24
23,0.6424204259265289,0.3561625508094366,0.0014170232640344782,24
24,0.6690763375608881,0.33092366243911187,0.0,24
25,0.6953811101251304,0.3046188898748696,0.0,24
26,0.6989996698211428,0.2862004431069102,0.014799887071947015,24
27,0.6564598339895384,0.3219476742454543,0.02159249176500727,24
28,0.6199902872943123,0.3789019335402144,0.0011077791654733327,24
29,0.5830079781067535,0.4134778388490583,0.003514183044188157,24
30,0.6163093298029577,0.3836906701970423,0.0,24
31,0.6195702337039596,0.3804297662960404,0.0,24
32,0.58176988463931,0.4154308321220836,0.002799283238606398,24
33,0.5999552003467886,0.39952524924382193,0.0005195504093894465,24
34,0.6285315242420563,0.36981358432129596,0.0016548914366477652,24
35,0.6565851053844113,0.31027733055907547,0.03313756405651325,24
36,0.6712628860903931,0.2621676886675567,0.06656942524205023,24
37,0.6011984686233309,0.29523326640300246,0.10356826497366661,24
38,0.5344542309779431,0.36307774565735595,0.10246802336470096,24
39,0.5345329238041591,0.42128013967106626,0.04418693652477468,24
40,0.5439713522157974,0.45528324686765154,0.0007454009165510644,24
41,0.5254027147593584,0.4743112795401452,0.0002860057004964167,24
42,0.5125541913128483,0.4866754716086269,0.0007703370785248076,24
43,0.5151124094368348,0.4848875905631652,0.0,24
44,0.5064579516045037,0.4935420483954963,0.0,24
45,0.47719105245450033,0.5218756227865696,0.0009333247589300431,24
46,0.4665906484830982,0.5322049862438937,0.0012043652730081567,24
47,0.48007754997185814,0.5192468582364328,0.0006755917917090626,24
48,0.5070762872947993,0.49292371270520074,0.0,24
49,0.4949278761390666,0.5050721238609335,0.0,24
50,0.447061076857358,0.5435120714381261,0.009426851704516005,24
1,0.0,0.24,0.76,25
2,0.25695644589971756,0.3652443992232057,0.37779915487707677,25
3,0.4679612766980135,0.432059823521041,0.09997889978094554,25
4,0.5623874018016514,0.3854080998618746,0.05220449833647406,25
5,0.6312057513406549,0.34539638674418816,0.023397861915156914,25
6,0.5730226893004496,0.26359681937515206,0.1633804913243983,25
7,0.5589324687780834,0.20777680831942702,0.23329072290248953,25
8,0.554154794237282,0.19565560076663596,0.25018960499608206,25
9,0.5742202724827383,0.23575068526904575,0.19002904224821593,25
10,0.5751243245287296,0.29849755707586,0.12637811839541035,25
11,0.5854537093090224,0.35625259344208926,0.05829369724888833,25
12,0.6024084228519031,0.3781468322942995,0.01944474485379738,25
13,0.6681062804330499,0.33189371956695013,0.0,25
14,0.6600921540579832,0.3361020107021863,0.003805835239830524,25
15,0.6409201665727111,0.3086525738641878,0.05042725956310107,25
16,0.6676513433731421,0.2801649417419822,0.052183714884875665,25
17,0.6719018064398147,0.2654210308726837,0.06267716268750162,25
18,0.6870389240152555,0.26153224587163204,0.0514288301131125,25
19,0.6459639815259015,0.2911004342426479,0.06293558423145057,25
20,0.6435764016176974,0.33752431509607467,0.018899283286227975,25
21,0.6418878460748508,0.3572251821305247,0.0008869717946244915,25
22,0.6405258907127384,0.35947410928726165,0.0,25
23,0.6374577730021953,0.3611221515891317,0.001420075408673005,25
24,0.6627911634651124,0.33705026078757583,0.00015857574731181767,25
25,0.6912960688742659,0.30870393112573413,0.0,25
26,0.6989355707305057,0.2928719388706073,0.008192490398886976,25
27,0.6588244748656441,0.33224183484104386,0.008933690293312035,25
28,0.6207481038403506,0.3787336432299374,0.0005182529297119709,25
29,0.583848237066321,0.4127519329447744,0.0033998299889045347,25
30,0.6149449700703835,0.3850550299296165,0.0,25
31,0.6162525240920741,0.3837474759079259,0.0,25
32,0.5814022290917381,0.4159400927324211,0.002657678175840783,25
33,0.5997054976082179,0.3999284293533034,0.000366073038478687,25
34,0.6253302268942713,0.373292105185105,0.0013776679206236597,25
35,0.6548861554266541,0.32167898917646964,0.023434855396876286,25
36,0.6710107718137894,0.276230383845721,0.05275884434048955,25
37,0.6053229014945147,0.30769462862620994,0.08698246987927533,25
38,0.5426799317820744,0.3726990434985004,0.08462102471942518,25
39,0.5412840259573695,0.4308425123144336,0.027873461728196935,25
40,0.5414911197903572,0.45813040116699094,0.00037847904265181365,25
41,0.5230663888401511,0.4765479936430698,0.00038561751677906875,25
42,0.5123540082255262,0.4869938796496433,0.0006521121248304618,25
43,0.514683870107511,0.48531612989248896,0.0,25
44,0.5054753667929117,0.4945246332070883,0.0,25
45,0.47604087158552183,0.5230175046731983,0.0009416237412799289,25
46,0.46543885120373063,0.5333492214042287,0.0012119273920406792,25
47,0.4790753786627538,0.5202180004240479,0.0007066209131983969,25
48,0.5068443243857451,0.4931556756142549,0.0,25
49,0.4978486784796906,0.5021513215203094,0.0,25
50,0.4527866836260447,0.5472133163739553,0.0,25
1,0.0,0.24,0.76,26
2,0.25497072084433403,0.36363947740192804,0.38138980175373793,26
3,0.4653842284836997,0.4302389862435037,0.10437678527279654,26
4,0.5625711340858789,0.38631011398016957,0.051118751933951545,26
5,0.6323971911246511,0.34572787036009,0.0218749385152589,26
6,0.5764163185483184,0.2623007694644245,0.16128291198725708,26
7,0.5618169388235097,0.20878537127813568,0.22939768989835463,26
8,0.554606815290665,0.19897137408976595,0.24642181061956903,26
9,0.5735533075307544,0.23702910773227034,0.18941758473697526,26
10,0.5763245841994321,0.2970303070660527,0.12664510873451518,26
11,0.5864720937485718,0.35528837211049197,0.058239534140936244,26
12,0.6034409871500104,0.37495863003090085,0.02160038281908877,26
13,0.6712330761537494,0.3287669238462506,0.0,26
14,0.663231631322027,0.33136478027684824,0.005403588401124759,26
15,0.6471556626906865,0.30471116953683375,0.04813316777247978,26
16,0.6741094457808686,0.2790745820171006,0.046815972202030764,26
17,0.6798708329914205,0.2653986233070966,0.05473054370148289,26
18,0.6908701412078658,0.2639939400475912,0.04513591874454298,26
19,0.6467477464640129,0.2948347031336263,0.058417550402360796,26
20,0.6447861317507502,0.34062052949369487,0.014593338755554963,26
21,0.6414384672153034,0.35793920627827824,0.0006223265064183581,26
22,0.6375366778235322,0.3624633221764678,0.0,26
23,0.6328589528954235,0.3657350416893077,0.0014060054152688073,26
24,0.6563013362726913,0.3433653826254044,0.0003332811019043369,26
25,0.6864093416880462,0.31359065831195376,0.0,26
26,0.6974211082885521,0.3004418944450538,0.002136997266394103,26
27,0.6586427820962015,0.3410479884672393,0.00030922943655914414,26
28,0.6209084869616602,0.37901778646455936,7.372657378040826e-05,26
29,0.5846487233027267,0.41206820587393633,0.0032830708233370087,26
30,0.6140503761105339,0.3859496238894661,0.0,26
31,0.6134280897160586,0.38657191028394144,0.0,26
32,0.5809240903203808,0.41653047691254075,0.002545432767078415,26
33,0.599328746266271,0.40044644286032016,0.00022481087340886496,26
34,0.6222296196803394,0.3766739191740339,0.0010964611456266704,26
35,0.6526785612636128,0.3328616784639594,0.01445976027242779,26
36,0.6701018833383147,0.29045874154998713,0.039439375111698205,26
37,0.608862710437263,0.3201527470570423,0.07098454250569469,26
38,0.5502075739443223,0.38241153454020704,0.06738089151547066,26
39,0.5472850149086985,0.44023836596486315,0.012476619126438326,26
40,0.5393664062512034,0.46063359374879664,0.0,26
41,0.520971242380059,0.4785447208709068,0.00048403674903418903,26
42,0.5122568134895988,0.48719653406381574,0.0005466524465854161,26
43,0.5144754335308475,0.48552456646915254,0.0,26
44,0.504660406545625,0.49533959345437495,0.0,26
45,0.47506621350250305,0.5239902590690431,0.0009435274284539386,26
46,0.4643425690284592,0.5344314222457309,0.0012260087258098018,26
47,0.4781390990706129,0.5211159778834121,0.0007449230459749915,26
48,0.5068340900322655,0.49316590996773446,0.0,26
49,0.5005482564809248,0.4994517435190752,0.0,26
50,0.45400794579214176,0.5459920542078583,0.0,26
1,0.0,0.24,0.76,27
2,0.25306995489486783,0.36205560411928434,0.38487444098584783,27
3,0.4630325491588777,0.42840674944830603,0.10856070139281626,27
4,0.5626438161356104,0.3871415419262391,0.05021464193815045,27
5,0.6331425850445247,0.34610430548019644,0.020753109475278864,27
6,0.5795069381014877,0.26128389940962754,0.15920916248888478,27
7,0.5646006223795419,0.20979835917119832,0.22560101844925978,27
8,0.555126938218661,0.20203699948570963,0.24283606229562937,27
9,0.5730509009836542,0.23822281420498284,0.18872628481136297,27
10,0.5773146385466909,0.29582245853837924,0.1268629029149299,27
11,0.5870594494185151,0.354368358284558,0.05857219229692695,27
12,0.6040340125804551,0.37217847373102186,0.023787513688523054,27
13,0.6736188005570334,0.3263811994429666,0.0,27
14,0.6655394471426217,0.32708116813027505,0.007379384727103255,27
15,0.6523356937831956,0.3014863331827327,0.04617797303407173,27
16,0.6793703373237434,0.27853997870146935,0.04208968397478724,27
17,0.6861237926146396,0.26640844721712637,0.04746776016823401,27
18,0.6932311062155152,0.2675039976518759,0.03926489613260892,27
19,0.6476261945624282,0.2989590102816949,0.05341479515587688,27
20,0.6457223351892662,0.3438002161170753,0.010477448693658464,27
21,0.6411340218699628,0.35849210886147925,0.0003738692685579248,27
22,0.6352414138342676,0.3647585861657324,0.0,27
23,0.6287736479077553,0.36985332659521614,0.0013730254970286127,27
24,0.6497663919218154,0.3497270380054302,0.0005065700727543976,27
25,0.6808905373909638,0.31910946260903617,0.0,27
26,0.6942684206513299,0.3057315793486701,0.0,27
27,0.6539123260219759,0.3457476620116676,0.00034001196635646824,27
28,0.6203564707197519,0.37964352928024814,0.0,27
29,0.5853573009504659,0.41148399419970066,0.003158704849833438,27
30,0.6135322281778488,0.3864677718221512,0.0,27
31,0.6110389771137131,0.38896102288628687,0.0,27
32,0.580372475801461,0.41717052078515243,0.0024570034133865604,27
33,0.5988460427569404,0.4010578175288621,9.613971419747402e-05,27
34,0.6192424039963699,0.3799451756803553,0.0008124203232748317,27
35,0.6500704040079259,0.34379327436306767,0.006136321629006403,27
36,0.6686644300167589,0.3047274422593693,0.026608127723871777,27
37,0.6118367288072232,0.3326176881401134,0.05554558305266344,27
38,0.5569305013331829,0.39215521195101155,0.05091428671580556,27
39,0.5506170189525266,0.4471922679833011,0.002190713064172345,27
40,0.5374189055742237,0.46258109442577633,0.0,27
41,0.519103181167122,0.4803222327520874,0.00057458608079064,27
42,0.5122791783758343,0.48727119456158613,0.00044962706257961615,27
43,0.5144477168361392,0.4855522831638608,0.0,27
44,0.504010712602982,0.495989287397018,0.0,27
45,0.474254007599032,0.524805326517623,0.0009406658833449599,27
46,0.46331062026198183,0.5354421440968569,0.0012472356411612484,27
47,0.47731194574815816,0.5219019587655955,0.0007860954862463077,27
48,0.507035180959261,0.49296481904073897,0.0,27
49,0.5031653861527707,0.49683461384722927,0.0,27
50,0.4553389015538968,0.5446610984461033,0.0,27
1,0.0,0.24,0.76,28
2,0.2512591408840144,0.3604894671035545,0.38825139201243114,28
3,0.4608752971842178,0.4265831664181108,0.1125415363976714,28
4,0.5625992155652467,0.38791138571812367,0.04948939871662961,28
5,0.633501982174684,0.3465023483185987,0.019995669506717273,28
6,0.5823031122953365,0.2605218436229978,0.15717504408166572,28
7,0.567270682919304,0.2108194733877693,0.22190984369292666,28
8,0.5557115688748435,0.20487020996710725,0.23941822115804923,28
9,0.5727017045596947,0.2393443758983611,0.18795391954194418,28
10,0.5781170429236373,0.29483582314565654,0.12704713393070616,28
11,0.5872920014435138,0.35347935604088704,0.05922864251559917,28
12,0.6042268383646626,0.36978605529687286,0.025987106338464516,28
13,0.6753131466060481,0.32468685339395187,0.0,28
14,0.6670653440708613,0.32325987378446647,0.009674782144672267,28
15,0.6564869544441579,0.2989397562267435,0.04457328932909854,28
16,0.6834546658455916,0.2785619146792091,0.03798341947519934,28
17,0.6907814469318047,0.268314150597754,0.04090440247044136,28
18,0.6943601469730915,0.2717531232417671,0.033886729785141456,28
19,0.6486921699512017,0.303374375094448,0.04793345495435031,28
20,0.6464632277677883,0.34697591358239765,0.006560858649814039,28
21,0.6410155239896347,0.3588340934862229,0.0001503825241424006,28
22,0.6338076836792544,0.36619231632074556,0.0,28
23,0.6254152313927075,0.3732668465165001,0.0013179220907924005,28
24,0.6433812209220086,0.3559423485062575,0.0006764305717339436,28
25,0.6748758218859884,0.3251241781140116,0.0,28
26,0.6892315058766315,0.3107684941233685,0.0,28
27,0.6489313526954905,0.35053281829863897,0.000535829005870514,28
28,0.6193477796317601,0.38065222036823987,0.0,28
29,0.5859770094401875,0.4109903463634144,0.0030326441963980932,28
30,0.6132591231765768,0.3867408768234232,0.0,28
31,0.6090792738273392,0.3909207261726608,0.0,28
32,0.5797821456599931,0.4178277826965223,0.0023900716434845926,28
33,0.5982864503623389,0.40171354963766115,0.0,28
34,0.61629892610435,0.3831067189147488,0.0005943549809012127,28
35,0.6461985014643855,0.35338720105268095,0.0004142974829335344,28
36,0.66674203320973,0.3189200983307072,0.014337868459562753,28
37,0.6142805909337519,0.34505892451377723,0.0406604845524709,28
38,0.5626857364628612,0.4018147572248873,0.03549950631225146,28
39,0.5491489950930226,0.44910390396978245,0.0017471009371949342,28
40,0.5355695197530864,0.4644304802469136,0.0,28
41,0.5175032788920321,0.48184902351238307,0.0006476975955848618,28
42,0.5123909899426751,0.48724363338417714,0.0003653766731477881,28
43,0.5145862344562739,0.48541376554372606,0.0,28
44,0.5035544636489406,0.49644553635105937,0.0,28
45,0.47361301414837165,0.5254513736716974,0.0009356121799310261,28
46,0.4623838082464227,0.5363437978385374,0.001272393915039971,28
47,0.4766024806452741,0.522570359000015,0.0008271603547108652,28
48,0.5073643601383426,0.49263563986165737,0.0,28
49,0.5054829507189941,0.4945170492810059,0.0,28
50,0.45661361073964646,0.5433863892603535,0.0,28
1,0.0,0.24,0.76,29
2,0.24953999091104595,0.3589397071942314,0.39152030189472264,29
3,0.4588858427037988,0.42478304652221155,0.11633111077398972,29
4,0.5624426660369414,0.3886241631662426,0.04893317079681603,29
5,0.6335347646213141,0.3469048270562646,0.01956040832242134,29
6,0.5848194207631451,0.2599918894409832,0.1551886897958717,29
7,0.569816191555773,0.21185395754297223,0.21832985090125476,29
8,0.556354951440687,0.20749071173073863,0.23615433682857434,29
9,0.5724846389881655,0.24040630365354593,0.1871090573582886,29
10,0.5787384712199835,0.2940457454950657,0.12721578328495087,29
11,0.5872333673698561,0.35261086500208366,0.06015576762806024,29
12,0.6040878786782987,0.36774045290227264,0.02817166841942864,29
13,0.6763762849622429,0.3236237150377571,0.0,29
14,0.6678639108405691,0.31990686968859183,0.012229219470839103,29
15,0.6596348488409415,0.29703002324433575,0.04333512791472277,29
16,0.6864143010176336,0.27912151521473066,0.03446418376763577,29
17,0.693969544493547,0.270995434909268,0.03503502059718505,29
18,0.6943916981032849,0.2766106518163288,0.02899765008038624,29
19,0.6497819753525337,0.3081196568556368,0.042098367791829516,29
20,0.6469754324097449,0.35015007505181434,0.0028744925384407982,29
21,0.6410333322859008,0.35896666771409924,0.0,29
22,0.6331723238820776,0.36682767611792244,0.0,29
23,0.6227978953393523,0.3759602165541086,0.0012418881065391352,29
24,0.6372612289274101,0.3618945020898675,0.0008442689827223848,29
25,0.6685478297921267,0.3314521702078733,0.0,29
26,0.6835895817247878,0.3164104182752122,0.0,29
27,0.6438589973760276,0.35544682096550717,0.0006941816584652427,29
28,0.618012046196572,0.381987953803428,0.0,29
29,0.586521878793885,0.41056773193334883,0.0029103892727662117,29
30,0.6132394968465217,0.3867605031534783,0.0,29
31,0.6075733958444707,0.3924266041555293,0.0,29
32,0.5792096883464153,0.41844785746254076,0.0023424541910439522,29
33,0.5976950646692399,0.40230493533076006,0.0,29
34,0.6133378234574516,0.38612041090735294,0.0005417656351954792,29
35,0.6398158949495731,0.3600034466419248,0.00018065840850206571,29
36,0.6643415964455933,0.33288799431716015,0.0027704092372465294,29
37,0.6162613942381449,0.3574256171338841,0.026312988627971046,29
38,0.5676180427336114,0.4113336609364529,0.021048296329935712,29
39,0.5478193822800018,0.45087937856168914,0.0013012391583090421,29
40,0.5338073475431309,0.46619265245686914,0.0,29
41,0.5161282354083129,0.4831644975026865,0.0007072670890006516,29
42,0.5125944650535088,0.48711402155893946,0.00029151338755173395,29
43,0.5148909624497395,0.48510903755026047,0.0,29
44,0.5032907057749225,0.4967092942250775,0.0,29
45,0.4731435805203039,0.5259288381400667,0.0009275813396293723,29
46,0.4615480820582716,0.5371478116744723,0.0013041062672560777,29
47,0.4760347089413611,0.5231012553821532,0.0008640356764857415,29
48,0.507802049354166,0.49219795064583405,0.0,29
49,0.5075718865786922,0.49242811342130777,0.0,29
50,0.4579214163994081,0.5420785836005919,0.0,29
1,0.0,0.24,0.76,30
2,0.247911848020838,0.35740682840838617,0.39468132357077584,30
3,0.4570417647278212,0.4230174224060261,0.11994081286615271,30
4,0.5621793570535584,0.3892831012824683,0.04853754166397334,30
5,0.6332881694866794,0.3472987919267899,0.01941303858653065,30
6,0.5870703652756009,0.25967103343249076,0.15325860129190838,30
7,0.5722324989021772,0.21290140677345729,0.21486609432436551,30
8,0.5570489244440776,0.20992141806298042,0.23302965749294197,30
9,0.5723779359266835,0.2414250471889151,0.18619701688440138,30
10,0.5791886167073617,0.29342746942018544,0.1273839138724529,30
11,0.5869464027164598,0.35175201893810787,0.06130157834543232,30
12,0.6036700624362699,0.3660092239374871,0.030320713626243057,30
13,0.6768693520906185,0.3231306479093815,0.0,30
14,0.6679801143796974,0.31702597932456267,0.014993906295739934,30
15,0.6618120706343663,0.29572064426913985,0.042467285096493834,30
16,0.6882798815381679,0.28020179059867917,0.03151832786315295,30
17,0.695785746084334,0.27437282674078645,0.029841427174879587,30
18,0.6933935856280674,0.2820196685446606,0.024586745827271994,30
19,0.6502745238999647,0.3133496180863781,0.036375858013657225,30
20,0.6461373063826864,0.3520625883646345,0.0018001052526790962,30
21,0.6411858861995158,0.3588141138004842,0.0,30
22,0.633397286495413,0.36660271350458695,0.0,30
23,0.6209785242701888,0.3778723862305051,0.001149089499306033,30
24,0.6315415520310859,0.36745300943583536,0.001005438533078773,30
25,0.6620813589889151,0.33791864101108493,0.0,30
26,0.6775285857656301,0.32247141423436987,0.0,30
27,0.6387358066235268,0.3604415449381216,0.0008226484383516142,30
28,0.6163959962484559,0.38360400375154413,0.0,30
29,0.5869967147168831,0.4102132201327806,0.002790065150336307,30
30,0.6133987361920364,0.38660126380796356,0.0,30
31,0.606424509811355,0.393575490188645,0.0,30
32,0.5786772041490666,0.4190134554568665,0.002309340394066828,30
33,0.5971167063681154,0.4028832936318846,0.0,30
34,0.6104687502778702,0.3890450841541186,0.000486165568011232,30
35,0.6335441055478499,0.36633734036415555,0.00011855408799454903,30
36,0.6589905425777205,0.3410094574222795,0.0,30
37,0.6176795630077759,0.3696105485001806,0.012709888492043464,30
38,0.5718343078678262,0.4206906782430737,0.007475013889100102,30
39,0.5465878162515618,0.45255533505895773,0.0008568486894804384,30
40,0.5320959603096164,0.46790403969038363,0.0,30
41,0.5149740701701186,0.4842721810403793,0.0007537487895020734,30
42,0.5129271558206628,0.48684872882117763,0.00022411535815952677,30
43,0.5153625486343976,0.48463745136560243,0.0,30
44,0.503203248215978,0.49679675178402205,0.0,30
45,0.4728582623269806,0.5262260587315026,0.0009156789415167843,30
46,0.4608268552683193,0.5378325025575735,0.0013406421741072316,30
47,0.4756082916918024,0.5234927100291592,0.0008989982790383877,30
48,0.5083696936960549,0.4916303063039451,0.0,30
49,0.5094500992460252,0.49054990075397475,0.0,30
50,0.4589979082182652,0.5410020917817349,0.0,30
1,0.0,0.24,0.76,31
2,0.2463731135853925,0.3558924073118016,0.3977344791028059,31
3,0.4553243484764956,0.42129295080835427,0.12338270071515012,31
4,0.5618130024333191,0.3898903315320515,0.0482966660346294,31
5,0.632806611089836,0.3476746119421687,0.019518776967995255,31
6,0.5890668050253057,0.2595408598365298,0.15139233513816447,31
7,0.5745117880252225,0.21396589078769185,0.21152232118708564,31
8,0.5577815910976253,0.21218005395093298,0.23003835495144176,31
9,0.572367116778449,0.2424055492949852,0.18522733392656582,31
10,0.5795056365553966,0.2929479494744338,0.12754641397016964,31
11,0.5864736866251955,0.35091256290138495,0.06261375047341955,31
12,0.6030058841184127,0.3645651185943713,0.03242899728721599,31
13,0.6768602589834798,0.3231397410165202,0.0,31
14,0.6674717745223039,0.3146108750384972,0.017917350439198898,31
15,0.6630649221806065,0.2949708378671686,0.04196423995222487,31
16,0.6891158294217371,0.28176410780731354,0.029120062770949362,31
17,0.6963695351959555,0.27831481419710646,0.025315650606938078,31
18,0.6915125006684802,0.28782857079445334,0.020658928537066412,31
19,0.6502662018393061,0.31891339893992865,0.030820399220765293,31
20,0.6448078994301266,0.3535308455257296,0.0016612550441437723,31
21,0.6415296923866558,0.3584703076133442,0.0,31
22,0.6344235719149233,0.36557642808507673,0.0,31
23,0.6199597808871655,0.3790003201426264,0.001039898970208064,31
24,0.6262939692635695,0.3725475914570655,0.0011584392793649867,31
25,0.6556850390830468,0.34431496091695324,0.0,31
26,0.671230298166554,0.328769701833446,0.0,31
27,0.6336257952720116,0.36544825588840846,0.0009259488395799709,31
28,0.6145402691690688,0.3854597308309312,0.0,31
29,0.587369888584789,0.4099565358013797,0.0026735756138313027,31
30,0.6136710202771357,0.3863289797228643,0.0,31
31,0.6056223111158652,0.3943776888841348,0.0,31
32,0.5782486077977763,0.41946755277169623,0.0022838394305274567,31
33,0.596551693090237,0.40344830690976297,0.0,31
34,0.6077207232782945,0.39184951165353216,0.0004297650681733267,31
35,0.627485054829819,0.37224842312332646,0.00026652204685456704,31
36,0.6525798273184354,0.34742017268156455,0.0,31
37,0.6183887283330933,0.38136465575198986,0.00024661591491681456,31
38,0.5724290883193213,0.426586303601776,0.0009846080789027156,31
39,0.5452337843654504,0.4541502300790287,0.0006159855555208371,31
40,0.5303581915219967,0.4696418084780033,0.0,31
41,0.5140037888855545,0.4852101130710693,0.0007860980433761489,31
42,0.513371347116635,0.4864662159429373,0.0001624369404276682,31
43,0.51598764415627,0.48401235584373004,0.0,31
44,0.5032701380925557,0.4967298619074443,0.0,31
45,0.4727640365083997,0.5263363114708113,0.0008996520207890102,31
46,0.46025097534002307,0.5383688890980354,0.001380135561941609,31
47,0.4753406254104796,0.5237257688443205,0.0009336057451998503,31
48,0.5091023903849339,0.4908976096150661,0.0,31
49,0.5111734506011785,0.48882654939882153,0.0,31
50,0.4598745922507433,0.5401254077492568,0.0,31
1,0.0,0.24,0.76,32
2,0.24492123688995351,0.3543986714903092,0.40068009161973733,32
3,0.45371553130054504,0.41961553712257926,0.12666893157687575,32
4,0.5613468293066614,0.39044782957509655,0.048205341118242095,32
5,0.6321236670800808,0.3480284222776029,0.01984791064231628,32
6,0.5908263610683696,0.25957764587718724,0.14959599305444315,32
7,0.5766518287199954,0.21505037880469108,0.2082977924753135,32
8,0.5585429888501441,0.21428558336458603,0.22717142778526989,32
9,0.5724349823883775,0.24335943710189908,0.18420558050972338,32
10,0.5797167719192564,0.29258288868057997,0.12770033940016362,32
11,0.5858616798274747,0.35008948271020074,0.06404883746232454,32
12,0.6021351031813107,0.36338128838617595,0.03448360843251336,32
13,0.6763950210037554,0.32360497899624463,0.0,32
14,0.6663702191999243,0.31266532372463207,0.020964457075443588,32
15,0.6634376111440466,0.29474241920832467,0.041819969647628685,32
16,0.688979331846469,0.28376907025046955,0.027251597903061475,32
17,0.695871103435942,0.2826774533337279,0.021451443230330047,32
18,0.6888827519803417,0.29391921549824673,0.01719803252141161,32
19,0.6498833429923012,0.3246793390144769,0.02543731799322191,32
20,0.6434493345966233,0.3550286785797931,0.0015219868235835654,32
21,0.6420143929023735,0.3579856070976265,0.0,32
22,0.6361290230117435,0.36387097698825654,0.0,32
23,0.619803579503996,0.3792908851688159,0.0009055353271880673,32
24,0.6215888425400097,0.3771020779637653,0.0013090794962249963,32
25,0.6495344691147416,0.35046553088525845,0.0,32
26,0.6648688015908797,0.3351311984091203,0.0,32
27,0.6286328278120744,0.37035988738290504,0.0010072848050205474,32
28,0.6125425501336805,0.38745744986631947,0.0,32
29,0.5876820902707593,0.4097581826810314,0.002559727048209226,32
30,0.6140161713720228,0.3859838286279772,0.0,32
31,0.6051392265890788,0.3948607734109212,0.0,32
32,0.5779380704969654,0.4197979086175783,0.0022640208854562416,32
33,0.5960173321139772,0.4039826678860228,0.0,32
34,0.6051266859971419,0.3944944620172755,0.0003788519855825734,32
35,0.6218130795919582,0.37779831665832414,0.0003886037497176642,32
36,0.6462715481811275,0.35372845181887247,0.0,32
37,0.6133992618100689,0.3866007381899311,0.0,32
38,0.569783951384674,0.42933916589772536,0.0008768827176006688,32
39,0.5437062953112917,0.4557444900854556,0.0005492146032527456,32
40,0.5286129313029647,0.4713870686970353,0.0,32
41,0.5132038764951489,0.485990052379182,0.0008060711256691055,32
42,0.5139162442007147,0.4859778522022482,0.00010590359703710472,32
43,0.5167466838470222,0.48325331615297784,0.0,32
44,0.5034447133667247,0.4965552866332753,0.0,32
45,0.4728233609726565,0.5262980817083885,0.0008785573189550311,32
46,0.4597731549576881,0.5388022837883022,0.001424561254009693,32
47,0.4752141740229141,0.5238194945396283,0.0009663314374576496,32
48,0.5099818218372916,0.49001817816270843,0.0,32
49,0.5128377124212832,0.4871622875787168,0.0,32
50,0.46052520657990653,0.5394747934200935,0.0,32
1,0.0,0.24,0.76,33
2,0.24355281796123063,0.35292757724523044,0.40351960479353893,33
3,0.4521989223924102,0.41798858396562555,0.12981249364196423,33
4,0.5607884616772022,0.3909560393644087,0.0482554989583891,33
5,0.631273700401691,0.34835754740930025,0.0203687521890088,33
6,0.592365403772742,0.2597621184375961,0.14787247778966184,33
7,0.578650456363254,0.216152808263892,0.20519673537285404,33
8,0.5593239670369994,0.2162524212195823,0.22442361174341832,33
9,0.5725647186212668,0.24429388739420563,0.18314139398452758,33
10,0.5798321733321322,0.2923177414380894,0.12785008522977837,33
11,0.5851522572781579,0.34928996980403787,0.06555777291780424,33
12,0.6011069915401893,0.36243009600571835,0.03646291245409233,33
13,0.6755428963254171,0.3244571036745829,0.0,33
14,0.6647501952769697,0.3111592385569659,0.02409056616606442,33
15,0.6629794347713163,0.29499315586864117,0.04202740936004257,33
16,0.6879393635632975,0.2861712940051902,0.025889342431512252,33
17,0.694408220680546,0.287366674589003,0.018225104730451025,33
18,0.6856762521008205,0.3000974467888045,0.014226301110374984,33
19,0.6492539771137533,0.3305110597853232,0.020234963100923486,33
20,0.642092256876518,0.3565232736300469,0.0013844694934350699,33
21,0.642606103467529,0.357393896532471,0.0,33
22,0.6384204326165926,0.36157956738340735,0.0,33
23,0.6204297627309537,0.3788178035802086,0.0007524336888376504,33
24,0.6174877666220674,0.38105353896982275,0.0014586944081098618,33
25,0.6437196586753783,0.3562803413246217,0.0,33
26,0.6586043069058098,0.34139569309419016,0.0,33
27,0.6238600873651373,0.3750707604689342,0.0010691521659285108,33
28,0.610498911143035,0.389501088856965,0.0,33
29,0.5879307127407395,0.4096177477936301,0.0024515394656304257,33
30,0.6143933036510534,0.3856066963489466,0.0,33
31,0.604931769061727,0.39506823093827304,0.0,33
32,0.5777456592639508,0.42000434156743127,0.0022499991686179,33
33,0.5955595328385327,0.4044404671614673,0.0,33
34,0.6027376637485888,0.3969299061827076,0.00033243006870353753,33
35,0.6165643960327166,0.38294687306494063,0.0004887309023427489,33
36,0.6401657463637002,0.35983425363629984,0.0,33
37,0.6084318324936753,0.3915681675063247,0.0,33
38,0.5671385676144955,0.43204714638356123,0.0008142860019432208,33
39,0.5421310227741802,0.45738035405591815,0.0004886231699016141,33
40,0.5268959413318974,0.4730596114633539,4.444720474866548e-05,33
41,0.5125498039845885,0.48663331150154127,0.0008168845138702419,33
42,0.5145413569146846,0.48540531242152196,5.333066379342721e-05,33
43,0.517599523120649,0.48240047687935095,0.0,33
44,0.5037080042770596,0.49629199572294036,0.0,33
45,0.47297613056841814,0.5261672441856671,0.0008566252459147883,33
46,0.45937676177807246,0.539151869168707,0.0014713690532205392,33
47,0.47520477405213835,0.5237972998004605,0.0009979261474011292,33
48,0.5109913092742261,0.4890086907257739,0.0,33
49,0.5144490336383457,0.4855509663616543,0.0,33
50,0.46099852584575235,0.5390014741542477,0.0,33
1,0.0,0.24,0.76,34
2,0.24226514315757106,0.35148082349917925,0.40625403334324967,34
3,0.45076135641446885,0.4164134256808732,0.132825217904658,34
4,0.5601458241399321,0.3914140901215637,0.048440085738504224,34
5,0.6302862931334968,0.34865955785660646,0.021054149009896717,34
6,0.5937013803612111,0.26007474058856783,0.14622387905022105,34
7,0.5805075199953966,0.21727310067059108,0.2022193793340123,34
8,0.5601168608020652,0.2180946626943964,0.22178847650353836,34
9,0.5727439019121239,0.24521382057490415,0.18204227751297197,34
10,0.5798657918200136,0.2921371216008562,0.12799708657913017,34
11,0.584367008458484,0.3485223905335704,0.06711060100794558,34
12,0.5999584165068316,0.3616818283662309,0.03835975512693751,34
13,0.6743247878136118,0.3256752121863882,0.0,34
14,0.6626732741664615,0.31006876552843377,0.027257960305104745,34
15,0.661763702348803,0.295676085163651,0.04256021248754599,34
16,0.6860954413063206,0.28890748185398624,0.024997076839693155,34
17,0.6921234699060802,0.2922797113464978,0.015596818747422025,34
18,0.682044411412561,0.30624403363108293,0.011711554956356063,34
19,0.6484258299503509,0.3363226156143953,0.015251554435253778,34
20,0.6407536193182993,0.3579979202155856,0.0012484604661150978,34
21,0.643246093188071,0.356753906811929,0.0,34
22,0.6411370768844249,0.3588629231155751,0.0,34
23,0.6217601548186309,0.37765788672756345,0.0005819584538056533,34
24,0.6140224018289497,0.38437566724269495,0.0016019309283553107,34
25,0.6383232674063756,0.36167673259362443,0.0,34
26,0.6525519249521898,0.34744807504781017,0.0,34
27,0.6193603451335192,0.37952572429526477,0.0011139305712160041,34
28,0.6084473767391682,0.39155262326083184,0.0,34
29,0.5881260509523054,0.40952430274709,0.00234964630060458,34
30,0.6147976511775339,0.38520234882246607,0.0,34
31,0.6049094956391701,0.39509050436082993,0.0,34
32,0.5776889509437264,0.42007571890536444,0.002235330150909154,34
33,0.5951750092664655,0.4048249907335345,0.0,34
34,0.6005479124800177,0.3991608897878563,0.00029119773212599176,34
35,0.6117447703360901,0.38768519837850834,0.0005700312854015621,34
36,0.6343422539001943,0.3656577460998057,0.0,34
37,0.6036784290032094,0.39632157099679055,0.0,34
38,0.5645777003755666,0.4346681185151161,0.0007541811093172424,34
39,0.5405605939342693,0.45900763600691646,0.00043177005881428476,34
40,0.5251788886692578,0.4747111841760944,0.00010992715464780423,34
41,0.5119957264972029,0.4871840528713264,0.0008202206314706917,34
42,0.515216976954562,0.4847781629454064,4.860100031589543e-06,34
43,0.5185354294125524,0.4814645705874476,0.0,34
44,0.5040548389260449,0.49594516107395514,0.0,34
45,0.47318007904150633,0.5259822304940938,0.000837690464399854,34
46,0.4590591284449666,0.5394242457889944,0.0015166257660390592,34
47,0.47527069316920845,0.5236992402868141,0.0010300665439774148,34
48,0.5120835887729982,0.4879164112270018,0.0,34
49,0.5160177988694894,0.4839822011305106,0.0,34
50,0.4612093495744592,0.5387906504255408,0.0,34
1,0.0,0.24,0.76,35
2,0.24105419857028962,0.3500607222475165,0.40888507918219386,35
3,0.4493911983901376,0.4148900614646791,0.13571874014518337,35
4,0.559425989930403,0.39182183497014983,0.048752175099447126,35
5,0.6291882531236939,0.3489349827951302,0.021876764081175948,35
6,0.5948498188551923,0.26049915514016,0.14465102600464774,35
7,0.5822176048989892,0.21840989057550586,0.19937250452550492,35
8,0.5609096586618505,0.2198249978113428,0.2192653435268067,35
9,0.5729658901256913,0.24611881861632973,0.18091529125797895,35
10,0.5798319006970699,0.29203598394575137,0.12813211535717872,35
11,0.583505148408077,0.34780520863017095,0.06868964296175206,35
12,0.5987090160399816,0.3611105562498939,0.04018042771012448,35
13,0.6727390646190444,0.3272609353809556,0.0,35
14,0.6601880173702519,0.30935959775487104,0.03045238487487706,35
15,0.6598583344732477,0.29673238413624586,0.04340928139050643,35
16,0.6835470092850882,0.2919097617784233,0.024543228936488526,35
17,0.6891904470031838,0.2972712637777194,0.013538289219096833,35
18,0.6782164790547258,0.31208981346362835,0.00969370748164583,35
19,0.6475505260947392,0.3419837515838662,0.010465722321394644,35
20,0.6394412746355391,0.35943879076449015,0.0011199345999707289,35
21,0.6439410529895705,0.3560589470104295,0.0,35
22,0.6441430757852552,0.3558569242147448,0.0,35
23,0.6236775762947543,0.37592223447678813,0.0004001892284575814,35
24,0.6112158613734056,0.38704987121267087,0.0017342674139235736,35
25,0.6334394947305281,0.3665605052694719,0.0,35
26,0.6468447016443752,0.35315529835562476,0.0,35
27,0.6152469389378773,0.3836143895242735,0.0011386715378491896,35
28,0.606422606988364,0.39357739301163597,0.0,35
29,0.588274970644982,0.40947509671440935,0.0022499326406086317,35
30,0.6151259871137732,0.3848740128862268,0.0,35
31,0.6049931402724098,0.3950068597275902,0.0,35
32,0.5777690078096274,0.42001422181434306,0.0022167703760295754,35
33,0.5948802828674363,0.4051197171325637,0.0,35
34,0.5985789791374764,0.4011666989394024,0.0002543219231212479,35
35,0.6073641138699423,0.3919998226183957,0.0006360635116620106,35
36,0.6288705188356482,0.37112948116435185,0.0,35
37,0.5991721085218259,0.4008278914781741,0.0,35
38,0.5621185948812388,0.43718283791395685,0.0006985672048043234,35
39,0.5390364253367375,0.460583354863861,0.0003802197994015599,35
40,0.5235586517802676,0.47626977814422755,0.00017157007550483439,35
41,0.5115122797338956,0.48766446920508066,0.0008232510610237664,35
42,0.5159309289079999,0.48406907109200015,0.0,35
43,0.519534930603342,0.480465069396658,0.0,35
44,0.5044739816966113,0.4955260183033887,0.0,35
45,0.47346949014403017,0.5257102237384094,0.0008202861175604648,35
46,0.45887072094265813,0.5395698434069743,0.0015594356503675355,35
47,0.4754606647486377,0.5234815255460625,0.0010578097052997837,35
48,0.5132068026606136,0.4867931973393864,0.0,35
49,0.5175635492078017,0.4824364507921983,0.0,35
50,0.46130654882085786,0.5386934511791422,0.0,35
1,0.0,0.24,0.76,36
2,0.23991778862763646,0.3486681130117537,0.4114140983606098,36
3,0.4480809572917522,0.41341623509588027,0.1385028076123676,36
4,0.5586387088364256,0.39217857117501476,0.04918271998855961,36
5,0.628002652660966,0.3491856874725137,0.022811659866520284,36
6,0.5958290691192502,0.26101684151521254,0.1431540893655373,36
7,0.5837820459780838,0.21956129543437586,0.19665665858754033,36
8,0.5616961142459902,0.2214563266067214,0.2168475591472884,36
9,0.5732230880139968,0.24700985463912029,0.17976705734688292,36
10,0.5797326395586136,0.2920122240832681,0.12825513635811825,36
11,0.5825862994188468,0.34713157792076127,0.07028212266039197,36
12,0.5973629461457486,0.36070677603141965,0.04193027782283176,36
13,0.6708451282221696,0.3291548717778304,0.0,36
14,0.6573593152935815,0.30900952632280765,0.03363115838361086,36
15,0.6573529352247541,0.2981005626902649,0.044546502084980955,36
16,0.680401729277069,0.2951051692829339,0.02449310143999711,36
17,0.6857846292916258,0.30218752168132196,0.012027849027052284,36
18,0.6743156830514307,0.31756942584660647,0.008114891101962785,36
19,0.6467202895485226,0.3474507309484032,0.005828979503074261,36
20,0.6382203931254001,0.3607885099713401,0.0009910969032597694,36
21,0.6446238488661796,0.3553761511338204,0.0,36
22,0.6472954261714539,0.35270457382854614,0.0,36
23,0.6260634377900289,0.3737247078828073,0.00021185432716375185,36
24,0.6090685359518786,0.38907868905462484,0.0018527749934965643,36
25,0.629129133983659,0.370870866016341,0.0,36
26,0.6415538760702314,0.3584461239297686,0.0,36
27,0.611554640863114,0.387298454538769,0.00114690459811706,36
28,0.6044934976183384,0.39550650238166163,0.0,36
29,0.5883725904100234,0.40947214769555834,0.0021552618944182256,36
30,0.6153569210900731,0.3846430789099269,0.0,36
31,0.6050993159035216,0.3949006840964784,0.0,36
32,0.5779835517769607,0.4198262271761799,0.0021902210468593974,36
33,0.5946722085875882,0.4053277914124118,0.0,36
34,0.5968317017483797,0.40294699133124273,0.00022130692037752864,36
35,0.6034173333167226,0.3958923923232671,0.0006902743600102346,36
36,0.62380845208527,0.37619154791473,0.0,36
37,0.5949163104575969,0.40508368954240315,0.0,36
38,0.5598138346662058,0.43954168558812173,0.0006444797456724438,36
39,0.537600953788264,0.4620659180538944,0.000333128157841589,36
40,0.5220506360671532,0.47772054562231536,0.0002288183105314534,36
41,0.5110766845566718,0.48809621021672456,0.0008271052266036749,36
42,0.5166448375782641,0.48335516242173593,0.0,36
43,0.5205358490358518,0.4794641509641482,0.0,36
44,0.5049544592376294,0.4950455407623706,0.0,36
45,0.4737914349950636,0.5254000134231308,0.0008085515818055944,36
46,0.45879944238861037,0.5396038402746219,0.0015967173367676946,36
47,0.47574179651751153,0.5231737999338664,0.0010844035486221593,36
48,0.5143722216188552,0.4856277783811448,0.0,36
49,0.5190233893202154,0.4809766106797846,0.0,36
50,0.4612380397012985,0.5387619602987015,0.0,36
1,0.0,0.24,0.76,37
2,0.23885167001992405,0.34730452797405387,0.4138438020060221,37
3,0.4468207803242753,0.4119911594111728,0.14118806026455188,37
4,0.5577890232395425,0.39248636121667935,0.04972461554377816,37
5,0.626746195631638,0.3494155190496326,0.02383828531872939,37
6,0.596651267934532,0.2616144216386225,0.14173431042684548,37
7,0.5852030602882932,0.22072261889199837,0.19407432081970846,37
8,0.5624673307300652,0.2229984857848034,0.21453418348513142,37
9,0.5735109529310313,0.24789156445572974,0.178597482613239,37
10,0.5795882344143805,0.2920597865094663,0.12835197907615326,37
11,0.5816125398165515,0.3465046226463482,0.07188283753710034,37
12,0.5959477767416758,0.3604538957661939,0.04359832749213033,37
13,0.6687332318077913,0.33104931358315937,0.0002174546090493168,37
14,0.6542728814624146,0.308985748123135,0.036741370414450414,37
15,0.6543595786748683,0.29972602798673303,0.045914393338398696,37
16,0.6767613486323779,0.2984290184509515,0.0248096329166706,37
17,0.6820133959747292,0.30696166680980014,0.011024937215470654,37
18,0.6704117945009953,0.32266492553990084,0.006923279959103856,37
19,0.6455984755110803,0.3527896782343015,0.0016118462546181878,37
20,0.6370825167102534,0.3620623391186776,0.0008551441710690222,37
21,0.6452156243281639,0.35478437567183607,0.0,37
22,0.6503811792374792,0.3496188207625208,0.0,37
23,0.628778152797552,0.37120299187766687,1.8855324781130722e-05,37
24,0.6075522328532473,0.3904908349411531,0.0019569322055995597,37
25,0.6254649570209345,0.3745350429790655,0.0,37
26,0.6367522782339673,0.3632477217660327,0.0,37
27,0.6083581349599061,0.39050488541294914,0.001136979627144763,37
28,0.6027035842287399,0.39729641577126007,0.0,37
29,0.5884459361260104,0.4094891076098535,0.0020649562641361086,37
30,0.6154874133060033,0.3845125866939967,0.0,37
31,0.6051829210341296,0.39481707896587037,0.0,37
32,0.5783318465039421,0.41951436452257396,0.00215378897348395,37
33,0.5945565514434339,0.4054434485565661,0.0,37
34,0.5952953022367498,0.4045121438474638,0.00019255391578643088,37
35,0.5998851313457939,0.39937897311540604,0.0007358955388000465,37
36,0.6191928712308388,0.38080712876916123,0.0,37
37,0.5909853820578667,0.40901461794213334,0.0,37
38,0.5577091117173012,0.44169809469918403,0.0005927935835147724,37
39,0.5362887130470312,0.4634199027709575,0.00029138418201130056,37
40,0.5206959980169873,0.4790249897686534,0.000279012214359331,37
41,0.5106835272741308,0.4884832691847487,0.0008332035411204863,37
42,0.5173351273536837,0.4826648726463163,0.0,37
43,0.5215271743646259,0.4784728256353741,0.0,37
44,0.5054805106086462,0.4945194893913538,0.0,37
45,0.47415703080800436,0.5250426077607274,0.0008003614312682705,37
46,0.4588407796327283,0.5395308382821095,0.00162838208516225,37
47,0.4760921701606984,0.5227972595369264,0.0011105703023752689,37
48,0.5155549667361754,0.4844450332638246,0.0,37
49,0.5205097166229833,0.4794902833770167,0.0,37
50,0.4610996877195755,0.5389003122804246,0.0,37
1,0.0,0.24,0.76,38
2,0.23784975299900613,0.34597244172084374,0.41617780528015014,38
3,0.4456023011364829,0.41061256960681386,0.14378512925670323,38
4,0.5568860721382222,0.39274438502921405,0.050369542832563785,38
5,0.6254393920851827,0.3496238266985249,0.024936781216292392,38
6,0.5973337505801536,0.26227921311233626,0.14038703630751015,38
7,0.5864867442586053,0.22189284014739885,0.1916204155939959,38
8,0.5632185065852895,0.2244609274482808,0.2123205659664297,38
9,0.5738190995148271,0.24876859415874175,0.17741230632643112,38
10,0.57941626062367,0.29216876324814384,0.12841497612818614,38
11,0.5805952000986959,0.34592648844365276,0.07347831145765132,38
12,0.5944879629626001,0.3603275299260968,0.04518450711130312,38
13,0.666468335825127,0.33275355673534274,0.0007781074395302734,38
14,0.6509962264172395,0.3092518563413605,0.03975191724139998,38
15,0.6509733356733926,0.3015629621298294,0.047463702196778035,38
16,0.6727437582518884,0.3018222442787003,0.02543399746941133,38
17,0.6780123054049378,0.3114986992802811,0.010488995314781036,38
18,0.6665115396624809,0.3272736968473664,0.006214763490152708,38
19,0.6425881011778917,0.3561992319243652,0.001212666897743131,38
20,0.6359201814815468,0.3632593548195717,0.0008204636988814462,38
21,0.6456615357628317,0.3543384642371683,0.0,38
22,0.653291674530178,0.346708325469822,0.0,38
23,0.6316631462079717,0.3683368537920283,0.0,38
24,0.6066665701028358,0.3912924581547839,0.0020409717423803264,38
25,0.6224894288453061,0.3775105711546939,0.0,38
26,0.6324945703006983,0.36750542969930167,0.0,38
27,0.6057055348176468,0.3931854824617845,0.001108982720568752,38
28,0.60109615374597,0.39890384625402997,0.0,38
29,0.5885064369831394,0.4095132341734393,0.001980328843421253,38
30,0.6155232970887338,0.38447670291126623,0.0,38
31,0.6052467094416555,0.3947532905583445,0.0,38
32,0.5787882386588423,0.41910162777148896,0.002110133569668715,38
33,0.5945324392694039,0.4054675607305961,0.0,38
34,0.5940152971641011,0.405819140855125,0.0001655619807739428,38
35,0.596809394674278,0.40241698739664067,0.0007736179290813716,38
36,0.6150758507660835,0.3849241492339165,0.0,38
37,0.5873632598555536,0.4126367401444464,0.0,38
38,0.5557951819915807,0.4436575111115515,0.0005473068968677719,38
39,0.5351732420649633,0.4645744123000185,0.00025234563501819185,38
40,0.5195982148387098,0.48008703966480504,0.00031474549648513594,38
41,0.510318097542159,0.48883443337276683,0.000847469085074215,38
42,0.5179873619470928,0.48201263805290717,0.0,38
43,0.5225149927965691,0.4774850072034309,0.0,38
44,0.5060633329789346,0.4939366670210654,0.0,38
45,0.47458877244583886,0.5246172985786007,0.0007939289755604095,38
46,0.4589927914239509,0.539351893243719,0.0016553153323301355,38
47,0.4765031170486654,0.5223616657792352,0.001135217172099523,38
48,0.5167177861153701,0.4832822138846299,0.0,38
49,0.5218148699496534,0.4781851300503466,0.0,38
50,0.46083145820914834,0.5391685417908516,0.0,38
1,0.0,0.24,0.76,39
2,0.236908817025036,0.3446726817323357,0.41841850124262836,39
3,0.4444187985460487,0.409277459099053,0.1463037423548983,39
4,0.5559336570190725,0.39295407891002126,0.051112264070906244,39
5,0.624093197177245,0.34981391989377275,0.026092882928982264,39
6,0.5978959486758486,0.26299729777680375,0.13910675354734764,39
7,0.5876384759297575,0.22306858593159612,0.1892929381386464,39
8,0.5639405803852121,0.2258539966024476,0.2102054230123403,39
9,0.5741390981049481,0.24964076967835297,0.1762201322166989,39
10,0.579231153588951,0.29233442661403997,0.12843441979700898,39
11,0.5795517988515366,0.3454022101678514,0.07504599098061199,39
12,0.5930094160989555,0.3602917383304652,0.046698845570579295,39
13,0.6640979646146375,0.33428228608066163,0.0016197493047008238,39
14,0.6475720073837181,0.30976209780775643,0.04266589480852545,39
15,0.6472500719322757,0.30356687799119425,0.049183050076530066,39
16,0.6684285473773954,0.30523137641158976,0.026340076211014807,39
17,0.673868557719523,0.31574115352205323,0.010390288758423738,39
18,0.6627082994897039,0.33132611290521746,0.005965587605078648,39
19,0.6399119183607452,0.35886837011316347,0.0012197115260912939,39
20,0.6348241473841344,0.36436739212202696,0.0008084604938386475,39
21,0.6459055862842973,0.3540944137157027,0.0,39
22,0.6559222772807282,0.34407772271927184,0.0,39
23,0.6346681621301906,0.3653318378698094,0.0,39
24,0.606368825864433,0.39152450584621307,0.0021066682893539634,39
25,0.6202028553857546,0.3797971446142454,0.0,39
26,0.6288256794364977,0.3711743205635023,0.0,39
27,0.6036204821845839,0.39531592559041573,0.0010635922250004093,39
28,0.5996871294326782,0.4003128705673218,0.0,39
29,0.5885596762517559,0.40954270512563024,0.0018976186226138947,39
30,0.6153845955231123,0.3846154044768877,0.0,39
31,0.6052290999447921,0.3947709000552079,0.0,39
32,0.5792743612294109,0.41866216004376494,0.002063478726824164,39
33,0.5945891970505137,0.4054108029494863,0.0,39
34,0.5929850056275263,0.4068741700089523,0.00014082436352136352,39
35,0.5941973014749661,0.40500034228590703,0.000802356239126889,39
36,0.6114567221049438,0.38854327789505616,0.0,39
37,0.5840816298121635,0.4159183701878365,0.0,39
38,0.5541165361527258,0.4453788066085221,0.0005046572387520931,39
39,0.5342445872683301,0.4655362174611774,0.00021919527049246712,39
40,0.5187565437937842,0.48090656376869767,0.0003368924375181104,39
41,0.5100063490696011,0.4891267509557894,0.0008668999746095363,39
42,0.5185941538376091,0.4814058461623909,0.0,39
43,0.5235236074300822,0.4764763925699178,0.0,39
44,0.5066956172018054,0.49330438279819455,0.0,39
45,0.4750832776141272,0.5241273102884874,0.0007894120973854779,39
46,0.45925917997415994,0.5390653390799506,0.0016754809458895403,39
47,0.4769447012519834,0.5218949648925594,0.0011603338554572555,39
48,0.5178368996389507,0.48216310036104926,0.0,39
49,0.5229412443715244,0.47705875562847555,0.0,39
50,0.4603663279961877,0.5396336720038123,0.0,39
1,0.0,0.24,0.76,40
2,0.2360515756275353,0.34339374955252955,0.42055467481993514,40
3,0.4432735648864326,0.4079787834536377,0.14874765165992976,40
4,0.5549275374479342,0.3931216542443802,0.05195080830768556,40
5,0.6227241580233656,0.34999904330016596,0.027276798676468483,40
6,0.5983993786225081,0.26373207240728097,0.1378685489702109,40
7,0.5886521208328026,0.22423967981371495,0.18710819935348244,40
8,0.5645775541273459,0.2271962834249058,0.2082261624477483,40
9,0.574475787263747,0.2505291987696599,0.17499501396659306,40
10,0.579242014362542,0.2925277541632025,0.12823023147425555,40
11,0.5784481710823748,0.3449877187843076,0.0765641101333176,40
12,0.59149224946927,0.360281213962356,0.048226536568373946,40
13,0.6617271986480857,0.3355605444907079,0.002712256861206408,40
14,0.6441273670372377,0.3104590235525231,0.0454136094102392,40
15,0.6433035098923042,0.30567309878193,0.05102339132576578,40
16,0.6639442146329829,0.3085707034790369,0.027485081887980156,40
17,0.6697196499299872,0.31958493801632176,0.010695412053691011,40
18,0.6591603442227268,0.3346739916852943,0.006165664091978829,40
19,0.6380403833326933,0.3607720708680494,0.0011875457992572835,40
20,0.6338372960436388,0.3653480072502197,0.0008146967061414823,40
21,0.6459281428774144,0.35405985912976184,1.1997992823753467e-05,40
22,0.6582589495676654,0.3417410504323346,0.0,40
23,0.6377199681603655,0.36228003183963453,0.0,40
24,0.6066057440000647,0.3912390059755893,0.002155250024345967,40
25,0.618596520326683,0.381403479673317,0.0,40
26,0.6257757779472892,0.3742242220527108,0.0,40
27,0.6021806314426327,0.3968225774754888,0.0009967910818785009,40
28,0.5985213065755466,0.4014786934244534,0.0,40
29,0.5886104997051365,0.4095706539639291,0.0018188463309344316,40
30,0.6150766194534152,0.3849233805465848,0.0,40
31,0.6051229862229741,0.3948770137770259,0.0,40
32,0.5797181642007032,0.41826120766487423,0.002020628134422553,40
33,0.5947259048668837,0.4052740951331163,0.0,40
34,0.5922211961700801,0.4076634097234646,0.00011539410645533543,40
35,0.5920243696023832,0.40715110580313874,0.0008245245944780155,40
36,0.6083180349242473,0.3916819650757527,0.0,40
37,0.5811744825054065,0.4188255174945935,0.0,40
38,0.5527322937059179,0.44680455388918217,0.0004631524048999136,40
39,0.5335531530044277,0.46625963626653744,0.00018721072903482572,40
40,0.5181182268836341,0.4815278449918805,0.0003539281244854253,40
41,0.5097618632525489,0.48934879104108026,0.0008893457063708365,40
42,0.5191924137488799,0.4808075862511201,0.0,40
43,0.5245275401714989,0.47547245982850106,0.0,40
44,0.5073777636059468,0.4926222363940532,0.0,40
45,0.4756281643964876,0.5235847334942372,0.0007871021092752395,40
46,0.459620607372533,0.5386892732759776,0.0016901193514893276,40
47,0.4774154373783662,0.5213997412535217,0.0011848213681120434,40
48,0.5189066947464407,0.4810933052535593,0.0,40
49,0.5238652718317098,0.47613472816829017,0.0,40
50,0.4595253673320654,0.5404746326679346,0.0,40
1,0.0,0.24,0.76,41
2,0.23526801680434348,0.34213966010556773,0.42259232309008876,41
3,0.44216168089974206,0.4067136736360667,0.15112464546419124,41
4,0.5538758618991165,0.39324500831956666,0.052879129781316814,41
5,0.6213433560741934,0.35017529159086797,0.028481352334938592,41
6,0.5988472788254376,0.2644850678267864,0.13666765334777597,41
7,0.5895340908325182,0.22541037681278087,0.18505553235470096,41
8,0.5651394588590748,0.22849258434949526,0.20636795679142994,41
9,0.5748179586767296,0.2514289899531124,0.173753051370158,41
10,0.579407228431084,0.29275933153749323,0.12783344003142272,41
11,0.5773170665412581,0.34465779137886954,0.07802514207987232,41
12,0.5899503767520815,0.3602797144579212,0.04976990878999732,41
13,0.6593826815229491,0.33661171642358545,0.004005602053465451,41
14,0.6407224315690726,0.31128215439784823,0.047995414033079165,41
15,0.6392457079113755,0.3078111243862077,0.052943167702416805,41
16,0.6593944946533516,0.3117859152207842,0.02881959012586416,41
17,0.665679969702837,0.3229606844917926,0.011359345805370347,41
18,0.656045493443351,0.33715226197273596,0.006802244583913097,41
19,0.6373128496275884,0.36159349215945885,0.0010936582129527639,41
20,0.6330271674705698,0.3661244364946962,0.0008483960347340225,41
21,0.6457094060082312,0.3542034633668988,8.713062486997991e-05,41
22,0.6601342570432931,0.3398657429567069,0.0,41
23,0.6406561387546436,0.35934386124535644,0.0,41
24,0.607317787869462,0.3904992823734582,0.002182929757079788,41
25,0.6176380321258766,0.38236196787412335,0.0,41
26,0.6233615483132577,0.37663845168674226,0.0,41
27,0.6013430598806729,0.39774276060863,0.0009141795106970552,41
28,0.5976081616620301,0.4023918383379699,0.0,41
29,0.5886357193532981,0.40961481155277213,0.0017494690939298119,41
30,0.6146526589231629,0.3853473410768371,0.0,41
31,0.6048800650351635,0.39511993496483655,0.0,41
32,0.5800795968774022,0.41793851024082784,0.0019818928817699755,41
33,0.5949169863550401,0.4050830136449599,0.0,41
34,0.59168092911163,0.4082278562483369,9.121464003314372e-05,41
35,0.5902691646688824,0.40888974407724454,0.0008410912538731052,41
36,0.6056792253035967,0.39432077469640325,0.0,41
37,0.5786408985373617,0.4213569901367873,2.1113258510396804e-06,41
38,0.5516447982881477,0.4479327743196205,0.0004224273922318056,41
39,0.5330972458835703,0.46674575893344594,0.00015699518298373238,41
40,0.5176895971386678,0.4819452424722123,0.00036516038911987847,41
41,0.5095851561761626,0.4894981920429843,0.000916651780853095,41
42,0.5198137508307195,0.48018624916928054,0.0,41
43,0.5255049982336956,0.47449500176630444,0.0,41
44,0.5081014327102001,0.49189856728979986,0.0,41
45,0.4761977270966989,0.5230130110342861,0.0007892618690150677,41
46,0.4600792588634997,0.5382232317960938,0.0016975093404065777,41
47,0.477910977438432,0.520882015309271,0.0012070072522969433,41
48,0.5198828410593045,0.4801171589406955,0.0,41
49,0.5244976655036026,0.47550233449639745,0.0,41
50,0.4583746245221532,0.5416253754778468,0.0,41
1,0.0,0.24,0.76,42
2,0.23454705089823064,0.34091557512294457,0.42453737397882485,42
3,0.4410784402939661,0.4054810667339574,0.15344049297207657,42
4,0.5527882172246222,0.393322522800036,0.053889259975341774,42
5,0.6199629374984507,0.35033925028587076,0.029697812215678576,42
6,0.5992278882906283,0.265260904838437,0.13551120687093465,42
7,0.5902936893050502,0.226584750263422,0.18312156043152777,42
8,0.5656361517140462,0.22974570093412494,0.20461814735182882,42
9,0.5751630052636567,0.2523345460821912,0.1725024486541521,42
10,0.5796781998202161,0.2930365398242108,0.12728526035557314,42
11,0.5761899277501079,0.3443782971011822,0.07943177514870992,42
12,0.5884189722648054,0.36026768708793866,0.0513133406472559,42
13,0.6570729027677363,0.337477279154747,0.005449818077516655,42
14,0.6373934874630087,0.31218896620791803,0.05041754632907325,42
15,0.6351656360893991,0.30992986674707185,0.05490449716352902,42
16,0.6548717341467127,0.3148087352279649,0.03031953062532239,42
17,0.6618496506811273,0.3257963519957998,0.012353997323072852,42
18,0.6534928318188791,0.33863467407124376,0.00787249410987717,42
19,0.6376934311682615,0.361356368879111,0.0009501999526275173,42
20,0.6324265479446407,0.3666656877008371,0.0009077643545222225,42
21,0.645314951811465,0.35451396202849167,0.0001710861600432989,42
22,0.6616250788791557,0.33837492112084433,0.0,42
23,0.6434207408627494,0.35657925913725064,0.0,42
24,0.6084253313834481,0.38938228527178026,0.00219238334477162,42
25,0.6172775887995801,0.38272241120041994,0.0,42
26,0.6215878470961793,0.3784121529038207,0.0,42
27,0.6010830839016971,0.3980967762976614,0.0008201398006415506,42
28,0.5969811167200461,0.40301888327995394,0.0,42
29,0.5886431575989739,0.40966485976617545,0.0016919826348506528,42
30,0.6141448511749146,0.3858551488250854,0.0,42
31,0.6045809379525816,0.3954190620474184,0.0,42
32,0.5804515972033932,0.4176050389487195,0.0019433638478872917,42
33,0.5951895334119506,0.4048104665880494,0.0,42
34,0.5913550339871528,0.4085761503778842,6.881563496297094e-05,42
35,0.5888968472616143,0.4102499515946638,0.0008532011437218934,42
36,0.6035026834105132,0.39649731658948684,0.0,42
37,0.576459882549237,0.4234695762658362,7.054118492683115e-05,42
38,0.5508279053864973,0.4487872923731861,0.00038480224031661736,42
39,0.5328919730300908,0.46698247961762723,0.00012554735228192948,42
40,0.5174669877193233,0.48216101240731707,0.0003719998733596186,42
41,0.5094819998757485,0.4895730873718986,0.0009449127523529222,42
42,0.5203952670792321,0.4796047329207679,0.0,42
43,0.5264273865510716,0.4735726134489284,0.0,42
44,0.5088729122253677,0.4911270877746323,0.0,42
45,0.4768212506721364,0.5223849733284067,0.0007937759994569582,42
46,0.46064510910804546,0.5376564258839834,0.0016984650079711061,42
47,0.47843826770337616,0.5203359366936419,0.0012257956029819717,42
48,0.5207473383583467,0.47925266164165325,0.0,42
49,0.5248719364039237,0.4751280635960763,0.0,42
50,0.4569378574921403,0.5430621425078598,0.0,42
1,0.0,0.24,0.76,43
2,0.23388110440626725,0.3397233806386239,0.4263955149551089,43
3,0.4400211365153104,0.40427793858391936,0.15570092490077025,43
4,0.5516716163566278,0.39335398092215,0.054974402721222226,43
5,0.6185897757276554,0.3504910853865989,0.03091913888574571,43
6,0.5995433484842936,0.26605802211976376,0.13439862939594266,43
7,0.5909393634756053,0.227761803945454,0.18129883257894072,43
8,0.5660791517058779,0.23095877582642618,0.20296207246769596,43
9,0.5755060813191648,0.2532467705219702,0.171247148158865,43
10,0.5800112875047146,0.293375048767059,0.12661366372822636,43
11,0.5750820741707331,0.34413370412809596,0.08078422170117094,43
12,0.5869215781258854,0.3602292560407183,0.05284916583339627,43
13,0.6548156091334992,0.3381822444726995,0.007002146393801256,43
14,0.6341760553955318,0.31313713457685083,0.05268681002761738,43
15,0.6311455969646781,0.3119820168064098,0.05687238622891211,43
16,0.6504704072827499,0.3175929568113293,0.03193663590592083,43
17,0.6583058729913935,0.32806127929041584,0.013632847718190622,43
18,0.6515694157888455,0.3391130807343813,0.009317503476773181,43
19,0.6388945084417055,0.36031910564568786,0.0007863859126066575,43
20,0.6320211403889165,0.36699771085217464,0.000981148758908812,43
21,0.6447707475143042,0.3549704752945419,0.00025877719115391384,43
22,0.66269589846277,0.33730410153723,0.0,43
23,0.6458600633081233,0.3541399366918767,0.0,43
24,0.6098105081110221,0.38800402934603617,0.0021854625429417185,43
25,0.6174702037727562,0.3825297962272438,0.0,43
26,0.6204465665559149,0.3795534334440851,0.0,43
27,0.6013845221298668,0.39789947602013875,0.0007160018499944298,43
28,0.5966425147037077,0.40335748529629234,0.0,43
29,0.5886167982058191,0.4097382547276268,0.0016449470665540478,43
30,0.6134900230390109,0.3865099769609891,0.0,43
31,0.6041934556410727,0.39580654435892726,0.0,43
32,0.5808164693776995,0.41727811017795113,0.0019054204443493816,43
33,0.5955478920013151,0.4044521079986849,0.0,43
34,0.5912473061952803,0.40870572601701854,4.696778770113541e-05,43
35,0.5878860761432685,0.41125363602006715,0.000860287836664364,43
36,0.6017306028245443,0.39826939717545573,0.0,43
37,0.5746632589638712,0.42520200064487756,0.00013474039125127568,43
38,0.5502907229282241,0.44935891073503237,0.0003503663367435128,43
39,0.5329255136274471,0.4669814740093176,9.301236323527862e-05,43
40,0.5174205515913761,0.4822028953778908,0.00037655303073308444,43
41,0.5094466501699673,0.4895802055968009,0.0009731442332318596,43
42,0.5209356334131962,0.47906436658680385,0.0,43
43,0.5272835667971196,0.47271643320288037,0.0,43
44,0.5096874018503224,0.49031259814967765,0.0,43
45,0.4775054808923032,0.5216960810948674,0.0007984380128294166,43
46,0.461292320190873,0.5370116868200063,0.0016959929891207093,43
47,0.47899901927185806,0.5197619691712055,0.001239011556936398,43
48,0.5214859494915718,0.4785140505084282,0.0,43
49,0.5250550520160123,0.4749449479839877,0.0,43
50,0.4552362144773347,0.5447637855226654,0.0,43
1,0.0,0.24,0.76,44
2,0.23326577893841383,0.338563332119096,0.42817088894249017,44
3,0.4389880780495842,0.4031018379712936,0.1579100839791222,44
4,0.5505370369557675,0.3933385993654665,0.056124363678766,44
5,0.6172359734265668,0.3506262433534941,0.0321377832199391,44
6,0.5997977692689472,0.26686547835099855,0.1333367523800542,44
7,0.5914793977019158,0.22894632336667667,0.1795742789314075,44
8,0.5664768158536463,0.2321380225149899,0.2013851616313638,44
9,0.5758391490317344,0.2541763813966672,0.1699844695715984,44
10,0.5803303448516334,0.2938038532240313,0.12586580192433533,44
11,0.574005076187823,0.34391465195296445,0.08208027185921252,44
12,0.5854916756035584,0.3601518812152807,0.054356443181160896,44
13,0.6526268182974551,0.3387462322647602,0.008626949437784748,44
14,0.6310909056476078,0.31409444886635257,0.05481464548603959,44
15,0.6272540781260287,0.31392589615461336,0.058820025719357905,44
16,0.6462616484703707,0.32010738870696426,0.033630962822665034,44
17,0.6551037056454205,0.3297418150352929,0.015154479319286596,44
18,0.6502080148004905,0.3387478711904524,0.011044114009057082,44
19,0.6402651366826366,0.3590772622688308,0.0006576010485325745,44
20,0.6317599898173712,0.3672010886832379,0.0010389214993908324,44
21,0.6440332729399219,0.3556124893171858,0.0003542377428923382,44
22,0.663265310222423,0.33673468977757703,0.0,44
23,0.6478931068849235,0.3521068931150765,0.0,44
24,0.6114157786952306,0.38642375647415544,0.002160464830613995,44
25,0.6181477471178177,0.3818522528821823,0.0,44
26,0.6199039983862744,0.3800960016137256,0.0,44
27,0.602183913716136,0.39720918220938306,0.0006069040744809406,44
28,0.5966019105356168,0.40339808946438316,0.0,44
29,0.5885559213254586,0.4098342182022588,0.001609860472282565,44
30,0.6127071415609522,0.3872928584390478,0.0,44
31,0.6037232954902516,0.3962767045097484,0.0,44
32,0.5811891663090012,0.4169434699727225,0.0018673637182762826,44
33,0.5960023114932768,0.40399768850672324,0.0,44
34,0.5913408673868918,0.4086307499983211,2.8382614787048066e-05,44
35,0.5872470755762482,0.41189201451395424,0.0008609099097975359,44
36,0.600371481961556,0.399628518038444,0.0,44
37,0.5732703855926293,0.4265358631347371,0.00019375127263354663,44
38,0.5500443146763733,0.44963750903130806,0.0003181762923186726,44
39,0.5331817696064908,0.4667568306649534,6.13997285558443e-05,44
40,0.5175472191077248,0.48207467985494296,0.00037810103733221245,44
41,0.5094746893556031,0.48952340048166915,0.001001910162727715,44
42,0.5214403628580362,0.4785596371419638,0.0,44
43,0.5280759371910387,0.47192406280896126,0.0,44
44,0.5105214685990312,0.48947853140096875,0.0,44
45,0.47824769491726643,0.5209502586578225,0.000802046424910996,44
46,0.4620148497337229,0.5362945342653898,0.0016906160008873794,44
47,0.4795943245679266,0.5191590596933343,0.0012466157387390764,44
48,0.5221061141769118,0.4778938858230882,0.0,44
49,0.525076680834011,0.47492331916598896,0.0,44
50,0.4532928396908722,0.5467071603091278,0.0,44
1,0.0,0.24,0.76,45
2,0.2326958786224747,0.33743591760589775,0.4298682037716276,45
3,0.4379774465606343,0.40195046101291393,0.16007209242645176,45
4,0.5493931856659712,0.393277285041863,0.05732952929216584,45
5,0.6159072675521979,0.35074461331241996,0.033348119135382104,45
6,0.5999916768585203,0.2676824037493702,0.13232591939210953,45
7,0.5919200485362442,0.23013714630169851,0.17794280516205724,45
8,0.5668323101301193,0.2332907410369093,0.19987694883297144,45
9,0.5761565864907497,0.2551267167114147,0.16871669679783557,45
10,0.5805900912367443,0.2943363027921246,0.1250736059711311,45
11,0.5729758831273797,0.3437001883549767,0.08332392851764364,45
12,0.5841549552005519,0.3600223670497877,0.05582267774966038,45
13,0.6505362405959481,0.33917766944091315,0.01028608996313879,45
14,0.6281642583757864,0.3150385990094034,0.056797142614810225,45
15,0.62352657661316,0.31574130167022096,0.060732121716619014,45
16,0.6422721576382804,0.32233682994385354,0.035391012417866075,45
17,0.652245270577373,0.3308687921709744,0.01688593725165255,45
18,0.6493503509958252,0.3376746070559991,0.012975041948175725,45
19,0.6412349876517703,0.3581510587015528,0.0006139536466768791,45
20,0.6316219498999499,0.36732186505731945,0.0010561850427306396,45
21,0.6431326130027429,0.3564137790954994,0.00045360790175769106,45
22,0.6633409796438053,0.33665902035619466,0.0,45
23,0.649497702373601,0.35050229762639895,0.0,45
24,0.6131534609078202,0.3847240510804906,0.002122488011689183,45
25,0.619258979675823,0.380741020324177,0.0,45
26,0.619908664311569,0.380091335688431,0.0,45
27,0.6034691575222828,0.39603966737112856,0.0004911751065886372,45
28,0.5968531528647699,0.4031468471352301,0.0,45
29,0.5885261658685782,0.409893023447913,0.0015808106835087932,45
30,0.611815392542562,0.388184607457438,0.0,45
31,0.603195142593531,0.396804857406469,0.0,45
32,0.5815416765257098,0.4166263594456112,0.0018319640286790229,45
33,0.596527491031469,0.40347250896853104,0.0,45
34,0.591643517713409,0.4083464833834495,9.99890314157259e-06,45
35,0.5869595224581804,0.4121844848839388,0.000855992657880833,45
36,0.5993953803605693,0.4006046196394307,0.0,45
37,0.572253188052468,0.4274989639642887,0.0002478479832432323,45
38,0.5500679554092319,0.44964287525578744,0.00028916933498063235,45
39,0.5336661094656092,0.46630610855127863,2.7781983112151742e-05,45
40,0.5178199031842298,0.4818016637521825,0.0003784330635877575,45
41,0.5095423581746051,0.48942563968263014,0.0010320021427647208,45
42,0.5219048560202756,0.4780951439797244,0.0,45
43,0.5287915763320363,0.47120842366796367,0.0,45
44,0.5113481410078068,0.4886518589921932,0.0,45
45,0.47905038067443717,0.520146539474327,0.0008030798512358439,45
46,0.46281421736578465,0.5355043728909993,0.0016814097432160668,45
47,0.4802062489214537,0.5185433521410667,0.0012503989374795799,45
48,0.5226062592267158,0.4773937407732842,0.0,45
49,0.5248318545214399,0.4751681454785601,0.0,45
50,0.4513266987912653,0.5486733012087346,0.0,45
1,0.0,0.24,0.76,46
2,0.23214828803452003,0.3363446157488087,0.43150709621667127,46
3,0.4369157435823523,0.4008333793640857,0.162250877053562,46
4,0.548227029493965,0.39318072447910735,0.0585922460269277,46
5,0.6145568638961726,0.35087217989734554,0.03457095620648187,46
6,0.6001320231550041,0.26853294156714597,0.1313350352778499,46
7,0.5922475958076068,0.2313570990173764,0.17639530517501684,46
8,0.5671821554583442,0.23440196850270767,0.19841587603894817,46
9,0.5764428600114097,0.25609900039479017,0.16745813959380018,46
10,0.5807358399338968,0.2949743766943105,0.12428978337179275,46
11,0.5720511663470965,0.3434338947692735,0.08451493888362999,46
12,0.5830234171217251,0.35975730258822686,0.057219280290048025,46
13,0.6485195965033193,0.33955712159690554,0.011923281899775207,46
14,0.6254855485810225,0.3159525815787123,0.058561869840265235,46
15,0.6200993128413266,0.31736256478415514,0.06253812237451828,46
16,0.6386163189390364,0.3242290825247486,0.037154598536215055,46
17,0.6497980011174189,0.33145945689495987,0.01874254198762121,46
18,0.6489417548332292,0.33609928173037845,0.014958963436392303,46
19,0.641660426947608,0.3576860000916172,0.0006535729607747287,46
20,0.6315026853639054,0.36745855792476256,0.0010387567113320229,46
21,0.6421200780068441,0.3573415131410297,0.0005384088521261932,46
22,0.662936923642899,0.337063076357101,0.0,46
23,0.6505885795792399,0.3494114204207601,0.0,46
24,0.615001676034222,0.38293414004243936,0.0020641839233386805,46
25,0.6206984509559778,0.37930154904402225,0.0,46
26,0.6203983302127235,0.3796016697872765,0.0,46
27,0.6051274984072774,0.394498500167215,0.0003740014255075863,46
28,0.597336695111984,0.40266330488801605,0.0,46
29,0.5885695924409654,0.40987866312383886,0.0015517444351957344,46
30,0.6108373784738617,0.38916262152613834,0.0,46
31,0.602655711963778,0.397344288036222,0.0,46
32,0.5819517600805912,0.4162559616717405,0.0017922782476682553,46
33,0.5970933731507703,0.40290662684922973,0.0,46
34,0.5921251500675226,0.40787484993247736,0.0,46
35,0.5869950681608656,0.41216079186870574,0.0008441399704287034,46
36,0.5987477856627827,0.40125221433721725,0.0,46
37,0.5715844608374115,0.4281200486396092,0.00029549052297928036,46
38,0.5503309464716268,0.4494061643700652,0.0002628891583079662,46
39,0.534335215272001,0.465664784727999,0.0,46
40,0.5182516641004891,0.48137201954809394,0.00037631635141699427,46
41,0.5096944399573183,0.4892477906379221,0.0010577694047595454,46
42,0.5222926039093384,0.4777073960906616,0.0,46
43,0.529383905762902,0.47061609423709805,0.0,46
44,0.5121319641763722,0.4878680358236278,0.0,46
45,0.4798765946510698,0.5193197175329979,0.0008036878159323191,46
46,0.4636949814444138,0.53463889403032,0.001666124525266192,46
47,0.48083585874308193,0.5179167530918717,0.001247388165046437,46
48,0.5229244993426797,0.4770755006573203,0.0,46
49,0.5243237555671667,0.4756762444328333,0.0,46
50,0.44954394549326904,0.550456054506731,0.0,46
1,0.0,0.24,0.76,47
2,0.23146117007411512,0.33532159459643984,0.433217235329445,47
3,0.4351516975885834,0.39985607686710295,0.16499222554431364,47
4,0.5468455411368369,0.3931471597488917,0.060007299114271384,47
5,0.6127024640881339,0.35123623308982543,0.036061302822040675,47
6,0.6002633435632536,0.2696704714079767,0.1300661850287697,47
7,0.5922767412774119,0.23281041531807828,0.1749128434045098,47
8,0.5677797909239947,0.2353050701045536,0.19691513897145174,47
9,0.5766070865303082,0.25708879630687426,0.1663041171628175,47
10,0.5806491116339245,0.2957222340077762,0.12362865435829928,47
11,0.571553053022864,0.34273795179192973,0.0857089951852063,47
12,0.5827576925776564,0.35875690196392884,0.05848540545841474,47
13,0.6461469934734664,0.34046458709242394,0.013388419434109677,47
14,0.6236677830668358,0.3167936256159476,0.059538591317216616,47
15,0.6177860433121104,0.3184005626064109,0.06381339408147868,47
16,0.6358628168350572,0.32555530774558106,0.038581875419361755,47
17,0.6480123490725221,0.3316368823621078,0.020350768565370048,47
18,0.6488134002876069,0.3348069973161578,0.01637960239623526,47
19,0.6415081181761971,0.35774311417231025,0.0007487676514926211,47
20,0.6316465214354218,0.3673738588027493,0.0009796197618289204,47
21,0.6413773199312256,0.3580504963675352,0.0005721837012391817,47
22,0.6619762450356325,0.33802375496436754,0.0,47
23,0.6508770608987985,0.3491229391012015,0.0,47
24,0.6170946587233053,0.3809696180764887,0.0019357232002060187,47
25,0.6220267205519322,0.3779732794480678,0.0,47
26,0.620991496634786,0.37900850336521397,0.0,47
27,0.6068384631908509,0.39290095590219104,0.00026058090695807445,47
28,0.5978970478860772,0.402097970171149,4.9819427737629596e-06,47
29,0.589055271436779,0.4094680997939058,0.001476628769315147,47
30,0.6097460703737848,0.3902539296262152,0.0,47
31,0.6021219174343526,0.3978780825656474,0.0,47
32,0.5827893952874904,0.4155142205900747,0.0016963841224348908,47
33,0.5973845555893267,0.4026154444106733,0.0,47
34,0.5926333973774349,0.4073666026225651,0.0,47
35,0.5874787160015684,0.4117315726362467,0.0007897113621848639,47
36,0.5981182618693989,0.40188173813060113,0.0,47
37,0.5713847305724303,0.42830888420607494,0.0003063852214947316,47
38,0.5507789037053564,0.44897749524079605,0.00024360105384751973,47
39,0.535045097915233,0.464954902084767,0.0,47
40,0.5188145701283137,0.48080697592542704,0.00037845394625929396,47
41,0.5101531212665806,0.4887975250207865,0.0010493537126328722,47
42,0.5224787466575055,0.4775212533424945,0.0,47
43,0.5295508854955802,0.47044911450441984,0.0,47
44,0.5126098626407091,0.48739013735929093,0.0,47
45,0.4807858335509403,0.5184173975334764,0.0007967689155833346,47
46,0.4648971827728378,0.5334692460201076,0.0016335712070545405,47
47,0.48167995613582737,0.5171074834938174,0.0012125603703552201,47
48,0.5227139369059217,0.4772860630940783,0.0,47
49,0.5231507195520149,0.47684928044798514,0.0,47
50,0.4482054939833376,0.5517945060166624,0.0,47
1,0.0,0.24,0.76,48
2,0.23059864428449273,0.3343804108778694,0.43502094483763787,48
3,0.43273659523742236,0.3989800781030811,0.16828332665949652,48
4,0.5452119341469013,0.39321189692874553,0.06157616892435319,48
5,0.610409406102407,0.35178373560590287,0.037806858291690115,48
6,0.6003417184491088,0.27111424108032445,0.12854404047056678,48
7,0.5920783596433206,0.23445180593222545,0.173469834424454,48
8,0.5685959240235593,0.23605760692582628,0.19534646905061442,48
9,0.5766717241258633,0.2580704065453369,0.16525786932879977,48
10,0.5803730281410737,0.29649949976981527,0.12312747208911101,48
11,0.5714616207170633,0.3416377973848549,0.08690058189808181,48
12,0.5832125378423162,0.35719908557864194,0.05958837657904187,48
13,0.6434823159408809,0.3417461983930216,0.014771485666097484,48
14,0.6225863718241786,0.31761968847489225,0.05979393970092911,48
15,0.616490201173128,0.3189438635094794,0.06456593531739258,48
16,0.6339281543476688,0.3263939668722436,0.039677878780087605,48
17,0.6467553099594073,0.3316017975938252,0.02164289244676748,48
18,0.6487684680093578,0.3340505841598222,0.01718094783081997,48
19,0.6410436148989913,0.358098101278349,0.0008582838226596778,48
20,0.6320438686142309,0.367059954565164,0.0008961768206051102,48
21,0.640967658741573,0.35846632724666483,0.0005660140117621504,48
22,0.6607113118431542,0.33928868815684576,0.0,48
23,0.6506578596199969,0.3493421403800031,0.0,48
24,0.6192740921244128,0.3789647589151175,0.0017611489604697494,48
25,0.6231133038382235,0.3768866961617765,0.0,48
26,0.621510869802921,0.37848913019707897,0.0,48
27,0.6083223005463931,0.3915108828406157,0.0001668166129911719,48
28,0.5984700635496887,0.4014654220219021,6.451442840921251e-05,48
29,0.5899081151211686,0.4087287573122192,0.0013631275666122211,48
30,0.6086087180248924,0.39139128197510764,0.0,48
31,0.6016035466723733,0.39839645332762674,0.0,48
32,0.5839477708962115,0.4144959327166621,0.001556296387126399,48
33,0.5974179228625781,0.4025820771374219,0.0,48
34,0.5930879000098451,0.4069120999901549,0.0,48
35,0.5882073974571927,0.411088198897716,0.0007044036450912783,48
36,0.5974149678063668,0.4025850321936332,0.0,48
37,0.5714930325208589,0.4282203202460799,0.0002866472330611547,48
38,0.5513040418965743,0.4484677367646444,0.00022822133878125372,48
39,0.5356794780479149,0.46432052195208506,0.0,48
40,0.519457889263225,0.48016121335113476,0.0003808973856402331,48
41,0.5108542481913404,0.4881326362101145,0.0010131155985451112,48
42,0.5225129190903586,0.4774870809096414,0.0,48
43,0.5293348222376888,0.4706651777623112,0.0,48
44,0.5127708371845932,0.48722916281540685,0.0,48
45,0.4817551687474614,0.517463216381248,0.0007816148712905813,48
46,0.4663717977361419,0.5320422817242824,0.0015859205395757359,48
47,0.48270683751633753,0.5161438990016066,0.0011492634820559067,48
48,0.5220271469376505,0.4779728530623495,0.0,48
49,0.5213763107410598,0.47862368925894017,0.0,48
50,0.4472424102473027,0.5527575897526973,0.0,48
1,0.0,0.24,0.76,49
2,0.2295357726979938,0.3335272827565983,0.4369369445454078,49
3,0.42971240379350556,0.39817952863600664,0.17210806757048774,49
4,0.5432939196141784,0.39339493661792135,0.06331114376790026,49
5,0.6077214958898078,0.3524826720891489,0.039795832021043254,49
6,0.6003384669608611,0.27287263157115466,0.12678890146798422,49
7,0.5917107709410624,0.2362521661254782,0.1720370629334594,49
8,0.5696014019433772,0.2367068296344199,0.19369176842220293,49
9,0.5766546652855771,0.25902211514069495,0.16432321957372797,49
10,0.5799546662351247,0.29723110324881813,0.12281423051605717,49
11,0.5717590314145035,0.3401632909508987,0.08807767763459784,49
12,0.5842544743104469,0.3552290316294032,0.06051649406014992,49
13,0.6405725354572314,0.34328801303094353,0.01613945151182511,49
14,0.6221285947843692,0.3184716473962545,0.059399757819376287,49
15,0.6160954054990796,0.31908648113607657,0.06481811336484383,49
16,0.6327042116649226,0.3268323559325008,0.04046343240257655,49
17,0.6458795661289866,0.331548960170646,0.02257147370036744,49
18,0.6486614800045049,0.3339824192951825,0.017356100700312627,49
19,0.6406320915610608,0.35843243229247934,0.0009354761464598349,49
20,0.6326705410131901,0.36651897770392594,0.000810481282883968,49
21,0.6409186161229984,0.3585553985085942,0.0005259853684074223,49
22,0.6593280557613765,0.34067194423862346,0.0,49
23,0.6500877878443839,0.3499122121556161,0.0,49
24,0.6214380582141206,0.37700805178321395,0.0015538900026654812,49
25,0.6238661286371667,0.37613387136283327,0.0,49
26,0.6218168501308524,0.3781831498691476,0.0,49
27,0.6094241101890725,0.3904770712417613,9.881856916621468e-05,49
28,0.5990077416306174,0.4008687599962938,0.00012349837308878175,49
29,0.5910613405339376,0.4077199845376422,0.0012186749284202603,49
30,0.6074884380056634,0.39251156199433657,0.0,49
31,0.6011386282033585,0.3988613717966415,0.0,49
32,0.5853611192172385,0.41325719979765346,0.0013816809851079914,49
33,0.5972172299332792,0.4027827700667208,0.0,49
34,0.593424632949646,0.406575367050354,0.0,49
35,0.5890227012633926,0.41038154526795206,0.0005957534686553134,49
36,0.5965358389502462,0.4034641610497538,0.0,49
37,0.5717749433329706,0.42798451874970417,0.0002405379173252009,49
38,0.5518248060621997,0.4479603920620503,0.00021480187574995924,49
39,0.5361707063064273,0.46382929369357273,0.0,49
40,0.5201162638128146,0.4794986466136591,0.00038508957352628714,49
41,0.5117636127897277,0.48728467535576087,0.0009517118545114278,49
42,0.5224451988568696,0.4775548011431304,0.0,49
43,0.5287966358279006,0.4712033641720994,0.0,49
44,0.5126452162493249,0.4873547837506751,0.0,49
45,0.48276473024496314,0.5164749446959587,0.0007603250590781929,49
46,0.4680907454221648,0.5303856719660826,0.0015235826117526718,49
47,0.4838884128344203,0.5150505639627944,0.0010610232027853383,49
48,0.520906544302382,0.47909345569761796,0.0,49
49,0.5189991570442843,0.48100084295571566,0.0,49
50,0.44662576198792325,0.5533742380120769,0.0,49
1,0.0,0.24,0.76,50
2,0.22825375807479212,0.33276502400487085,0.43898121792033706,50
3,0.4261143977932129,0.39743762312278313,0.17644797908400395,50
4,0.5410660553746047,0.39370594142695314,0.06522800319844213,50
5,0.6046709605681884,0.3533119270669612,0.04201711236485045,50
6,0.6002297347854878,0.274947752726338,0.12482251248817422,50
7,0.591220611723955,0.2381968464867655,0.17058254178927948,50
8,0.5707723004984103,0.23729250208013788,0.1919351974214518,50
9,0.5765671751496482,0.2599265138494759,0.16350631100087593,50
10,0.5794246699826548,0.2978512098382596,0.12272412017908557,50
11,0.5724210002144909,0.33836201255839743,0.08921698722711163,50
12,0.5857753617393052,0.3529605749756119,0.06126406328508288,50
13,0.6374413221117213,0.3450201369380335,0.01753854095024515,50
14,0.622187381535904,0.31938682126788454,0.05842579719621144,50
15,0.6164841369272337,0.31892154366037634,0.06459431941238997,50
16,0.63208441783556,0.32695877770325255,0.040956804461187435,50
17,0.6452498852090441,0.33164210988208426,0.023108004908871604,50
18,0.6483755740231216,0.33469629313589444,0.016928132840983934,50
19,0.6405004406650264,0.35839019312849946,0.001109366206474116,50
20,0.6335295305462518,0.36572717131518384,0.00074329813856433,50
21,0.6412496793553738,0.3582908373140501,0.0004594833305761048,50
22,0.6579750697110105,0.3420249302889895,0.0,50
23,0.6493279911998117,0.35067200880018834,0.0,50
24,0.6234179645399406,0.3750648663833492,0.0015171690767102342,50
25,0.6242033483018885,0.3757966516981115,0.0,50
26,0.621788238336038,0.378211761663962,0.0,50
27,0.6100593219483316,0.38988487640330943,5.580164835899959e-05,50
28,0.5994464385278053,0.4003735317416303,0.00018002973056435723,50
29,0.5924341497185671,0.40651558153076134,0.0010502687506715458,50
30,0.6064272359227605,0.3935727640772395,0.0,50
31,0.6007111630298003,0.3992888369701997,0.0,50
32,0.5869466347322098,0.41187253111789557,0.0011808341498946717,50
33,0.596798789432513,0.40320121056748703,0.0,50
34,0.5935996601251148,0.4064003398748852,0.0,50
35,0.5898160256649916,0.4097149899506113,0.00046898438439713086,50
36,0.5954120788928111,0.4045879211071889,0.0,50
37,0.572093733796159,0.4277322956026015,0.0001739706012394704,50
38,0.5522548007242968,0.44754334178399546,0.00020185749170775757,50
39,0.5364530174865905,0.4635421952313086,4.7872821009598e-06,50
40,0.5207469798909036,0.47886203347569856,0.00039098663339787176,50
41,0.512860674963175,0.4862724075327579,0.0008669175040670885,50
42,0.5223127201167883,0.4776872798832117,0.0,50
43,0.5279779378122949,0.47202206218770515,0.0,50
44,0.5122617566688047,0.4877382433311953,0.0,50
45,0.48381629611837634,0.5154503712811247,0.0007333326004990148,50
46,0.4700374875779274,0.528515310500126,0.0014472019219465837,50
47,0.48520271747641136,0.5138451775996347,0.0009521049239540336,50
48,0.5194100458539761,0.4805899541460239,0.0,50
49,0.5161410034898416,0.4838589965101584,0.0,50
50,0.44630505751248967,0.5536949424875103,0.0,50
