horizon,stock_weight,bond_weight,t_bill_weight,iteration
1,0.0,0.24,0.76,0
2,0.2718773754896607,0.36346554417863575,0.36465708033170363,0
3,0.5032128116477886,0.4382078048076551,0.058579383544556336,0
4,0.5488898517784012,0.19571696698652602,0.25539318123507276,0
5,0.3247365141676121,0.6011541186455427,0.07410936718684519,0
6,0.7774916482739136,0.06942288520943718,0.15308546651664937,0
7,0.020719162612381013,0.15941647578361526,0.8198643616040038,0
8,0.4349386534599175,0.11942198884900844,0.4456393576910741,0
9,0.16997427586318753,0.42937528575860445,0.4006504383782081,0
10,0.040586814581391566,0.21317487205675778,0.7462383133618506,0
11,0.12492412285604669,0.37062279371460066,0.5044530834293527,0
12,0.7229256241798583,0.05261689203748623,0.2244574837826556,0
13,0.3983357375993903,0.3128473718861997,0.28881689051441,0
14,0.1938127972539651,0.22566525511266122,0.5805219476333736,0
15,0.3678662379582343,0.49077333532754036,0.14136042671422533,0
16,0.15940111630084325,0.3149719051085692,0.5256269785905876,0
17,0.07076364363275196,0.3806565709803316,0.5485797853869165,0
18,0.5974250147507989,0.19673547270155775,0.2058395125476434,0
19,0.47183627934973144,0.4033532263386631,0.12481049431160557,0
20,0.5364963872790031,0.3869474473422472,0.07655616537874971,0
21,0.2429210518721346,0.7555592058445357,0.0015197422833297266,0
22,0.12041467277891361,0.5667937379313318,0.3127915892897546,0
23,0.8478339614950983,0.10360971198362857,0.048556326521273147,0
24,0.09034729574459545,0.8903366490895581,0.01931605516584629,0
25,0.24802710464066371,0.7485316505692452,0.0034412447900912147,0
26,0.31079929525443595,0.04521732993224482,0.6439833748133194,0
27,0.11218194235446007,0.4498805885360968,0.4379374691094431,0
28,0.42574451371727,0.1105670075309971,0.4636884787517328,0
29,0.31634644033111914,0.5613630230401915,0.12229053662868933,0
30,0.4391553919124853,0.35064966238499623,0.21019494570251848,0
31,0.12766638423634044,0.14201856805830085,0.7303150477053587,0
32,0.5984213434168819,0.3591021196863634,0.04247653689675468,0
33,0.05552250959379844,0.295314961650243,0.6491625287559586,0
34,0.5558896204307567,0.1534868070083812,0.29062357256086196,0
35,0.40029312453932275,0.4221387196091429,0.17756815585153427,0
36,0.1969595779454561,0.16121728034707983,0.6418231417074641,0
37,0.3517211991034967,0.13233827284167685,0.5159405280548264,0
38,0.47507774423897314,0.26104574352318805,0.2638765122378388,0
39,0.269641508734716,0.6370964987744543,0.09326199249082973,0
40,0.7708757515696543,0.11292120816112343,0.11620304026922233,0
41,0.5036987924763341,0.09467547980907731,0.4016257277145887,0
42,0.13198463073615355,0.5586317125944379,0.30938365666940854,0
43,0.06612211835200288,0.13056291114848026,0.803314970499517,0
44,0.022381120473967817,0.49932812593378695,0.47829075359224527,0
45,0.07100093684759923,0.12651673635429625,0.8024823267981045,0
46,0.06291971548332459,0.6696966045695659,0.2673836799471095,0
47,0.30198731725649275,0.6254994167660803,0.0725132659774269,0
48,0.0071725943888662005,0.19233364992636168,0.8004937556847721,0
49,0.5040761872098378,0.4602546384025068,0.03566917438765532,0
50,0.41788961816922904,0.08040347986909654,0.5017069019616744,0
1,0.0,0.24,0.76,1
2,0.26985027781830967,0.3623494964270276,0.3678002257546628,1
3,0.49392988898534923,0.43002997057226794,0.07604014044238289,1
4,0.5367316598738648,0.23119067773308555,0.2320776623930496,1
5,0.3825819171354805,0.5180402253698632,0.09937785749465633,1
6,0.7190152626751618,0.11499294934628379,0.1659917879785544,1
7,0.09260209059364097,0.15607982119741634,0.7513180882089426,1
8,0.42697880857115733,0.13036122763261607,0.44265996379622663,1
9,0.2034197038077331,0.3868086105982416,0.40977168559402527,1
10,0.0772729848206548,0.2171925051038622,0.705534510075483,1
11,0.1632740037763921,0.34998004068747507,0.4867459555361328,1
12,0.6654628001481648,0.11632455730018137,0.2182126425516538,1
13,0.40433907406359315,0.29498444947435853,0.3006764764620483,1
14,0.2260750765129566,0.25012797612156124,0.5237969473654822,1
15,0.3740735204068145,0.4721635932944595,0.15376288629872598,1
16,0.17939269314208528,0.33682692069094694,0.4837803861669678,1
17,0.11419519885905503,0.3698387530494811,0.5159660480914638,1
18,0.5654787651686615,0.22996970115365814,0.2045515336776804,1
19,0.4813485109884633,0.3871491657689587,0.131502323242578,1
20,0.5196220931080141,0.41719456970466656,0.06318333718731933,1
21,0.2708245804087363,0.7039028570792965,0.02527256251196719,1
22,0.17594869629962664,0.5407771239939257,0.28327417970644764,1
23,0.7755885459852513,0.20677085073554016,0.01764060327920855,1
24,0.16119148832633168,0.7941777584598659,0.04463075321380239,1
25,0.2654965139283246,0.7043361954970199,0.030167290574655614,1
26,0.3241440152603692,0.08720289200102765,0.5886530927386032,1
27,0.16379049479771174,0.38955345677210323,0.44665604843018497,1
28,0.41926706628769045,0.16358108973669824,0.4171518439756112,1
29,0.35395662936262473,0.508996776799448,0.13704659383792728,1
30,0.4434400088535667,0.3506638827415791,0.20589610840485417,1
31,0.18011180697672272,0.17115448259264487,0.6487337104306324,1
32,0.5497363755662562,0.3831310460573533,0.06713257837639047,1
33,0.13167062752454425,0.2684521956990095,0.5998771767764461,1
34,0.5257587010739264,0.18144738463190907,0.2927939142941645,1
35,0.42257244942775973,0.38745904451142255,0.18996850606081772,1
36,0.2288648250586037,0.18129765122257013,0.5898375237188261,1
37,0.3634843264368254,0.15410936281232157,0.48240631075085305,1
38,0.4719717190848325,0.29315518476624014,0.23487309614892737,1
39,0.3169747685082396,0.5798332616286557,0.10319196986310475,1
40,0.7204509472820662,0.18193061437002186,0.09761843834791198,1
41,0.4864723611853607,0.14621510092929155,0.3673125378853477,1
42,0.15927656409847596,0.5196561244466246,0.32106731145489953,1
43,0.08056157891401113,0.18298880664982908,0.7364496144361597,1
44,0.04033611053874582,0.47337061549315296,0.4862932739681012,1
45,0.08216667316691352,0.18406510971966275,0.7337682171134238,1
46,0.10127175659912309,0.622012643659646,0.27671559974123083,1
47,0.3012890025367077,0.6156781121413581,0.0830328853219342,1
48,0.05943070207023207,0.23516371895369984,0.7054055789760681,1
49,0.4649451709463647,0.4736304066937316,0.06142442235990364,1
50,0.4444009426712063,0.06732664309771168,0.48827241423108214,1
1,0.0,0.24,0.76,2
2,0.2675801087885676,0.36102220835963567,0.3713976828517967,2
3,0.4848976472783443,0.423894100471838,0.09120825224981771,2
4,0.5282195480686002,0.25814855010900506,0.21363190182239478,2
5,0.4298999126578448,0.4564229636654404,0.11367712367671484,2
6,0.6729212113993579,0.1526642784996291,0.174414510101013,2
7,0.1543459276432741,0.15487379817575683,0.690780274180969,2
8,0.40488561809215706,0.14723062906214715,0.4478837528456958,2
9,0.23372674373900862,0.3513675406656235,0.41490571559536793,2
10,0.11382374384648193,0.217743300669531,0.6684329554839871,2
11,0.19783885931616518,0.3344631626074432,0.46769797807639163,2
12,0.623521851812463,0.15816398049614078,0.21831416769139622,2
13,0.40894355889683026,0.28308998371818767,0.30796645738498213,2
14,0.26068211908535527,0.2605014796193108,0.478816401295334,2
15,0.3808239610156085,0.455363349189076,0.16381268979531544,2
16,0.20402692724539168,0.346226798866987,0.4497462738876214,2
17,0.1530711193047486,0.363497177645191,0.4834317030500604,2
18,0.5391156870594073,0.2579542271562485,0.20293008578434424,2
19,0.4873161853090618,0.37826678619228205,0.13441702849865622,2
20,0.5062657780434341,0.4396944926527,0.05403972930386591,2
21,0.3029943720464043,0.6644211817702248,0.03258444618337086,2
22,0.2239584046808211,0.5239895179180684,0.2520520774011106,2
23,0.7170017631295387,0.28299823687046133,0.0,2
24,0.22235551375881504,0.7205876367111748,0.05705684953001022,2
25,0.289478846518628,0.6660701957484542,0.04445095773291785,2
26,0.3335772861514457,0.1332301700743772,0.5331925437741771,2
27,0.21059803350046413,0.34275025893063193,0.44665170756890393,2
28,0.4275926383893689,0.18657014935029106,0.3858372122603401,2
29,0.3881003071087138,0.4661530254627605,0.1457466674285257,2
30,0.4516850320573583,0.3474380164196495,0.20087695152299218,2
31,0.2261211898660311,0.1968835845097733,0.5769952256241956,2
32,0.5286829480329982,0.38845259383340697,0.08286445813359483,2
33,0.19790878227860056,0.2484908707551309,0.5536003469662686,2
34,0.5202635980838788,0.19417371371322217,0.28556268820289904,2
35,0.4435417983726633,0.3587220128854719,0.19773618874186483,2
36,0.259332490744389,0.1983143063553815,0.5423532029002295,2
37,0.37550329016632555,0.1762019800276639,0.44829472980601054,2
38,0.4722190119792392,0.3195240957897401,0.20825689223102067,2
39,0.3571091090453581,0.5392502512735349,0.10364063968110704,2
40,0.6768401967357315,0.24282923759819733,0.08033056566607119,2
41,0.47608041230700016,0.1908805579667554,0.33303902972624444,2
42,0.1842886505851784,0.4907220219648516,0.32498932744997,2
43,0.09588103927758904,0.22669076998260856,0.6774281907398023,2
44,0.057983687900719824,0.4553903183099005,0.48662599378937965,2
45,0.09532412483780037,0.2315345928660811,0.6731412822961185,2
46,0.13628923750006752,0.5835385103034584,0.2801722521964741,2
47,0.30513986093058465,0.6026226492711868,0.09223748979822854,2
48,0.1048387012522338,0.2726735956609435,0.6224877030868228,2
49,0.44066170481480077,0.4772082713038034,0.0821300238813959,2
50,0.4655390777036619,0.057602155423295574,0.4768587668730425,2
1,0.0,0.24,0.76,3
2,0.2650707647977179,0.35958554872567,0.37534368647661204,3
3,0.4762353828293027,0.41910925301889423,0.1046553641518031,3
4,0.5222848202053354,0.27846789158659374,0.19924728820807086,3
5,0.4670630898256111,0.4114319759941493,0.1215049341802395,3
6,0.6370734025861224,0.18142435703022242,0.18150224038365514,3
7,0.2113281782891668,0.1478002569566,0.6408715647542331,3
8,0.38817849034222984,0.15986174737984724,0.4519597622779229,3
9,0.2613586767797101,0.3214766811512321,0.41716464206905784,3
10,0.14981750338488317,0.21565929099421258,0.6345232056209043,3
11,0.23076028337039184,0.31981051068633787,0.44942920594327024,3
12,0.590377039052158,0.18918879646205145,0.22043416448579056,3
13,0.4130733004949801,0.2746075809442376,0.31231911856078237,3
14,0.2960654797199973,0.26144913888939414,0.44248538139060856,3
15,0.3887094816952661,0.43893942835172656,0.17235108995300735,3
16,0.23228572275875736,0.34570073843675053,0.4220135388044921,3
17,0.18866337753873094,0.35936551800204425,0.4519711044592248,3
18,0.5182456540591961,0.2803756024684764,0.20137874347232748,3
19,0.49072563599141983,0.37432859547446473,0.13494576853411544,3
20,0.49653594992611977,0.45513480986657395,0.048329240207306334,3
21,0.33364025087076327,0.6305096282924473,0.03585012083678951,3
22,0.26618373692186936,0.5128799636224363,0.22093629945569437,3
23,0.6698635689992688,0.3301364310007312,0.0,3
24,0.2754769544719108,0.663219439676023,0.06130360585206618,3
25,0.31442427804963824,0.6298835212098316,0.0556922007405302,3
26,0.34430439731971263,0.1731992437736755,0.4824963589066119,3
27,0.25320150828628574,0.306708875936785,0.4400896157769293,3
28,0.4400482921119033,0.20070898995841396,0.3592427179296827,3
29,0.4194314320857375,0.4304396122908329,0.15012895562342968,3
30,0.46298548289794883,0.3420339621675009,0.19498055493455024,3
31,0.2672335876349165,0.2190378430414142,0.5137285693236693,3
32,0.5191485951710489,0.3852918351456696,0.09555956968328144,3
33,0.2556997125481295,0.23434750790994666,0.5099527795419239,3
34,0.5232568329167728,0.20041904524654616,0.276324121836681,3
35,0.4636569320323926,0.33446798040375225,0.20187508756385508,3
36,0.2884663006588526,0.2128304622929644,0.498703237048183,3
37,0.387888760701082,0.19796186817099598,0.414149371127922,3
38,0.4751604822858147,0.34131236375486446,0.1835271539593209,3
39,0.39135250960051854,0.5112080696020269,0.09743942079745449,3
40,0.6405199322893432,0.29484790147079026,0.0646321662398665,3
41,0.47456196069486817,0.22835514799605588,0.297082891309076,3
42,0.20787257021164568,0.4694040379322424,0.3227233918561119,3
43,0.11188026923879169,0.26333903719689716,0.6247806935643112,3
44,0.0757340940342279,0.44304424614933813,0.48122165981643394,3
45,0.11030943434297633,0.27018164875569134,0.6195089169013324,3
46,0.16862447596241553,0.5521331488328082,0.27924237520477624,3
47,0.312581484135906,0.5876670432558315,0.09975147260826245,3
48,0.14551578713372404,0.30445203848157826,0.5500321743846976,3
49,0.43045519327436277,0.4738417673350889,0.0957030393905483,3
50,0.47722255029031296,0.05767777450584239,0.4650996752038446,3
1,0.0,0.24,0.76,4
2,0.2623833438152815,0.3580876576825246,0.3795289985021939,4
3,0.46803903532585495,0.41519376255293733,0.11676720212120767,4
4,0.5181164731120522,0.2938131482661995,0.1880703786217483,4
5,0.494253446976183,0.3794502186178302,0.1262963344059868,4
6,0.6095107085069578,0.2022304139205106,0.18825887757253162,4
7,0.2618802589172073,0.14033145960525226,0.5977882814775404,4
8,0.3767173358039307,0.1684343733382902,0.45484829085777917,4
9,0.2869514042932052,0.2958465704743999,0.4172020252323949,4
10,0.18516204559041297,0.21140093388739234,0.6034370205221947,4
11,0.2637104559019159,0.3026909327883241,0.43359861130976,4
12,0.5636523851120729,0.21272699000525083,0.22362062488267623,4
13,0.41711254143244664,0.2682936323601084,0.314593826207445,4
14,0.32947680009815644,0.25951333420437356,0.41100986569746994,4
15,0.39750768683552684,0.4227255573933937,0.17976675577107948,4
16,0.2611992286656484,0.34137813703060665,0.39742263430374497,4
17,0.22188927417929227,0.35602189235638715,0.4220888334643206,4
18,0.5023773869596099,0.2979166797486055,0.19970593329178465,4
19,0.4924931688387877,0.3735136016398729,0.1339932295213394,4
20,0.4900749419450213,0.46487652374280297,0.0450485343121757,4
21,0.3627748377319955,0.6015024503094198,0.03572271195858471,4
22,0.30385743421663813,0.5047563749407856,0.19138619084257624,4
23,0.6324175098135186,0.36758249018648137,0.0,4
24,0.3219116014536838,0.617372280435341,0.060716118110975215,4
25,0.3401479020359398,0.5955305672636508,0.06432153070040936,4
26,0.3615413142712418,0.19700243259676875,0.44145625313198944,4
27,0.2925672794049212,0.27831491592961866,0.4291178046654601,4
28,0.4552211090169394,0.208821734911521,0.33595715607153964,4
29,0.4484651277035471,0.4001670946696369,0.15136777762681602,4
30,0.47667687716188983,0.33519827450369233,0.18812484833441778,4
31,0.3045308596792424,0.2376906853515679,0.4577784549691897,4
32,0.5169755456793319,0.3771258001181986,0.10589865420246952,4
33,0.30752788180746143,0.22256300401515652,0.4699091141773821,4
34,0.5311117913874321,0.20254038596680335,0.2663478226457645,4
35,0.48314620196859814,0.3137835794221899,0.20307021860921198,4
36,0.3161917538643463,0.22560958139459975,0.458198664741054,4
37,0.40061461062070747,0.2190917633501428,0.38029362602914973,4
38,0.48021550693428966,0.35962017546431574,0.16016431760139455,4
39,0.42084965162616494,0.49239586607103136,0.08675448230280369,4
40,0.6110456786592361,0.3378825773548366,0.05107174398592729,4
41,0.47738755938708766,0.2611515314681304,0.26146090914478193,4
42,0.23042049231756573,0.4539989423444653,0.315580565337969,4
43,0.12853712221376137,0.2940283747542476,0.5774345030319911,4
44,0.09422476735517951,0.43386684673812803,0.4719083859066925,4
45,0.1268446630028443,0.301353654686785,0.5718016823103707,4
46,0.19880951281254255,0.5261476966106216,0.2750427905768359,4
47,0.3228722884946499,0.5718060584514632,0.10532165305388697,4
48,0.18248134846411979,0.3310394498862785,0.48647920164960173,4
49,0.42836659876211775,0.4651469119946698,0.10648648924321252,4
50,0.4831427693846258,0.06353793429170976,0.4533192963236645,4
1,0.0,0.24,0.76,5
2,0.2595616701342407,0.3565631361734598,0.3838751936922995,5
3,0.46034382230664883,0.4118404631402022,0.127815714553149,5
4,0.5150540961831293,0.30553092282604044,0.1794149809908303,5
5,0.5128664114081816,0.35723634254191916,0.12989724604989927,5
6,0.5885038526360389,0.21660984179657886,0.19488630556738226,5
7,0.3059413307276696,0.13426986191654733,0.5597888073557831,5
8,0.37039225057959935,0.17331903185693404,0.4562887175634665,5
9,0.31078974959039496,0.27354523816335957,0.41566501224624547,5
10,0.21966054459617476,0.2054556972307678,0.5748837581730573,5
11,0.295607500563304,0.28519821964448455,0.41919427979221147,5
12,0.5425382153703009,0.22997463710387236,0.22748714752582674,5
13,0.42333507350176514,0.262508175858287,0.31415675063994786,5
14,0.3605297041560534,0.25628860936022246,0.3831816864837242,5
15,0.4072410751273784,0.40666331487783947,0.18609560999478214,5
16,0.2897886698928,0.335385790637957,0.37482553946924296,5
17,0.25327830156558023,0.35278959170373464,0.3939321067306852,5
18,0.49103918665247265,0.31127261143302404,0.19768820191450337,5
19,0.4933159595748548,0.3745126039097166,0.13217143651542856,5
20,0.48655086831439076,0.4701182980863065,0.04333083359930273,5
21,0.3904986370298009,0.576564032667016,0.03293733030318317,5
22,0.3381553277207423,0.4980685790381706,0.1637760932410871,5
23,0.6032084648284199,0.39679153517158006,0.0,5
24,0.36277858118748774,0.5804212345272575,0.056800184285254796,5
25,0.3663180926774477,0.5631554936369156,0.07052641368563672,5
26,0.38135833120487633,0.21288901632342158,0.4057526524717021,5
27,0.3291899733891228,0.2558111828954437,0.4149988437154335,5
28,0.4723845859650244,0.21247979989433496,0.3151356141406406,5
29,0.47550162651684674,0.3741592480031027,0.15033912548005052,5
30,0.49207701207999,0.3275506034856894,0.18037238443432063,5
31,0.3386978344017962,0.2532252127525922,0.4080769528456117,5
32,0.519776553629702,0.36689024195513575,0.11333320441516226,5
33,0.34987379856902595,0.22099801251379958,0.4291281889171745,5
34,0.5420102989059399,0.2023740601146689,0.2556156409793912,5
35,0.502123366137941,0.29603733951970224,0.2018392943423568,5
36,0.34255967753051175,0.23705091973334252,0.4203894027361457,5
37,0.4136941184008514,0.23927455455610586,0.3470313270430428,5
38,0.48695734530137497,0.3751554479005416,0.13788720679808347,5
39,0.4463733836609971,0.4806097804801083,0.07301683585889462,5
40,0.5877668362318506,0.37279034951558443,0.03944281425256502,5
41,0.4820347741175969,0.29079090401688124,0.2271743218655219,5
42,0.25220726855308695,0.4431062214628369,0.30468650998407615,5
43,0.14581118959834563,0.3197016343896616,0.5344871760119928,5
44,0.11328850861293038,0.4272020051742922,0.45950948621277743,5
45,0.14461514325673666,0.32636348015869837,0.529021376584565,5
46,0.22723962545978424,0.5043777813741283,0.2683825931660875,5
47,0.3354299544082643,0.5556639488426613,0.10890609674907437,5
48,0.21693854193276751,0.35217896018857,0.4308824978786625,5
49,0.4312815308146179,0.4542341484672359,0.11448432071814624,5
50,0.4893048981366087,0.067987969604548,0.4427071322588433,5
1,0.0,0.24,0.76,6
2,0.25665420165317504,0.35502337932672645,0.38832241902009856,6
3,0.4531559559663345,0.40885237375083167,0.13799167028283382,6
4,0.512659305907053,0.3146015169834361,0.17273917710951092,6
5,0.5254395686546137,0.3417715934610642,0.13278883788432205,6
6,0.5726876391128135,0.22605095367907185,0.20126140720811464,6
7,0.34407777169122095,0.12974064059045665,0.5261815877183225,6
8,0.3681532475965066,0.175327450639693,0.4565193017638004,6
9,0.33329960138599907,0.2537659948223069,0.4129344037916941,6
10,0.2531607386746638,0.19830684556117625,0.5485324157641599,6
11,0.32552686328189395,0.2691498726220706,0.4053232640960355,6
12,0.5262964057557378,0.24195491335201263,0.2317486808922496,6
13,0.4314058793859634,0.2569947796569804,0.31159934095705616,6
14,0.3892360626759209,0.2524104428765887,0.3583534944474904,6
15,0.41775129377967374,0.39083843826130166,0.19141026795902466,6
16,0.31771579821631357,0.3285036605497082,0.35378054123397823,6
17,0.28336234627492213,0.34897483038220506,0.36766282334287276,6
18,0.4839684872785492,0.32099509426725836,0.1950364184541924,6
19,0.49387298941592495,0.3763387035992742,0.12978830698480087,6
20,0.4857618431726821,0.4718016404868027,0.04243651634051521,6
21,0.4168604971849884,0.555023263652665,0.028116239162346623,6
22,0.36985249834135475,0.4919674291262308,0.1381800725324145,6
23,0.5810026781735229,0.4189973218264771,0.0,6
24,0.39897939683327077,0.5503638524930391,0.05065675067369013,6
25,0.3926207609512295,0.5328690159529947,0.07451022309577571,6
26,0.402746441716776,0.22319481342821632,0.3740587448550077,6
27,0.3632956234449998,0.23818834317045162,0.3985160333845486,6
28,0.4908486878749276,0.2129529265733576,0.29619838555171474,6
29,0.5006484723068869,0.35161209549941774,0.14773943219369534,6
30,0.5087032264676762,0.3194874693051739,0.1718093042271499,6
31,0.3703409609532966,0.26588666383593695,0.36377237521076644,6
32,0.5258578221719512,0.3567067994565944,0.1174353783714544,6
33,0.3851326091958607,0.22580341738135784,0.3890639734227815,6
34,0.5548041397263581,0.20108301784650467,0.2441128424271372,6
35,0.5205751546116626,0.2807984749939912,0.19862637039434622,6
36,0.36764106758769477,0.24745319670804145,0.3849057357042638,6
37,0.4270020446134696,0.25847090441547016,0.31452705097106026,6
38,0.49490238721575697,0.38861326685491654,0.1164843459293265,6
39,0.46858460433483995,0.4739996603201958,0.05741573534496425,6
40,0.5699908168161769,0.4006787972419059,0.02933038594191717,6
41,0.4876800997803761,0.3178805694154459,0.19443933080417802,6
42,0.2731948350036544,0.43603348683360565,0.29077167816273997,6
43,0.163600168337495,0.341226770659382,0.49517306100312297,6
44,0.132317168019805,0.4233907542558058,0.4442920777243892,6
45,0.16368879789951568,0.3456371926130559,0.49067400948742845,6
46,0.254097132786423,0.48610138278174764,0.2598014844318294,6
47,0.34967212803335845,0.539721401370541,0.11060647059610051,6
48,0.2497288959722308,0.3678470184356921,0.3824240855920771,6
49,0.43697400333395514,0.44382623704882135,0.11919975961722357,6
50,0.4941693175649512,0.07817823494280893,0.42765244749223985,6
1,0.0,0.24,0.76,7
2,0.25371112356633513,0.3534740350423252,0.3928148413913396,7
3,0.4464652489882651,0.40610753867180566,0.14742721233992923,7
4,0.5106274087639215,0.32173426358731605,0.1676383276487624,7
5,0.5337122039792154,0.33100049684562693,0.1352872991751577,7
6,0.5610138001933943,0.23182319580748895,0.20716300399911675,7
7,0.3769172562259452,0.12656595752993552,0.4965167862441193,7
8,0.3692466458768916,0.1750934495245149,0.4556599045985935,7
9,0.35478183416474535,0.23595713218321096,0.40926103365204375,7
10,0.28552525531040107,0.19036391079313064,0.5241108338964683,7
11,0.3532467593624704,0.25476040275295503,0.3919928378845747,7
12,0.5142672313987282,0.24959165144211543,0.23614111715915637,7
13,0.43945359796775396,0.25232067701031036,0.3082257250219357,7
14,0.415633982545875,0.24826786766021264,0.33609814979391234,7
15,0.42821191367765155,0.3756611846454423,0.19612690167690616,7
16,0.34482235621916,0.32111823773311854,0.33405940604772144,7
17,0.31228326084276425,0.3445693326155657,0.34314740654167003,7
18,0.4807096750807767,0.3276467789684607,0.19164354595076266,7
19,0.4946037947729739,0.37830865354044474,0.12708755168658137,7
20,0.48744762828583676,0.47071902716498026,0.04183334454918297,7
21,0.44192575661225103,0.5362781129660197,0.021796130421729343,7
22,0.3994674452883278,0.4859786604231964,0.11455389428847584,7
23,0.5647899533399376,0.43521004666006236,0.0,7
24,0.43123742136779586,0.5256639990939944,0.043098579538209725,7
25,0.4187860430090635,0.5047031287034877,0.07651082828744886,7
26,0.42522860511535376,0.22915698423607475,0.34561441064857146,7
27,0.3949326306105153,0.22488897763952914,0.38017839174995555,7
28,0.5099718532169188,0.2114090613205606,0.27861908546252057,7
29,0.5239101940072876,0.3319653693608346,0.14412443663187785,7
30,0.5260259516284074,0.31138562846517115,0.16258841990642148,7
31,0.39982394216904144,0.27614758202811335,0.32402847580284516,7
32,0.5340581989412111,0.3478095720650969,0.11813222899369202,7
33,0.41602764458374053,0.23252133862511237,0.3514510167911471,7
34,0.5684798420549885,0.199637452059772,0.23188270588523952,7
35,0.5384359369198717,0.2678463572400857,0.1937177058400426,7
36,0.3914315708878297,0.2570793381680027,0.3514890909441675,7
37,0.44051868000450267,0.27650356124223235,0.2829777587532651,7
38,0.5036647834692582,0.4006078403184867,0.09572737621225508,7
39,0.4879962505451328,0.47130974567432415,0.04069400378054311,7
40,0.5570874940703693,0.4228271022529656,0.020085403676665115,7
41,0.49410470481691793,0.3426087205856965,0.16328657459738555,7
42,0.293674197497464,0.43165147083447325,0.2746743316680628,7
43,0.1819070670219171,0.3591561210874992,0.4589368118905836,7
44,0.15117981257203095,0.421975222888741,0.42684496453922804,7
45,0.1833867611408807,0.3609564953093372,0.4556567435497821,7
46,0.27956248372593545,0.47068476354884975,0.24975275272521485,7
47,0.3650391430614956,0.5244698802341936,0.11049097670431074,7
48,0.2803516274333396,0.3802457030691936,0.3394026694974669,7
49,0.44460431468358563,0.43458002097098963,0.12081566434542473,7
50,0.5006813384824952,0.08983762131138492,0.40948104020612,7
1,0.0,0.24,0.76,8
2,0.2507542938102583,0.35191588659565815,0.3973298195940836,8
3,0.4402487889569257,0.40352924516001504,0.1562219658830592,8
4,0.508783208759281,0.32742743910548183,0.1637893521352372,8
5,0.5389595015523464,0.32347221087399275,0.13756828757366085,8
6,0.552593343323257,0.23490768927795505,0.2124989673987879,8
7,0.4051034310290549,0.1244987462832911,0.470397822687654,8
8,0.37389462328635603,0.1727783720003057,0.45332700471333826,8
9,0.3754373440725825,0.21972359833931773,0.4048390575880998,8
10,0.31655640247265204,0.1820377121831731,0.5014058853441749,8
11,0.3788698945512454,0.24187568777775684,0.37925441767099777,8
12,0.5058256508676165,0.25371927999982136,0.2404550691325621,8
13,0.44732859578270806,0.2482738481551485,0.30439755606214347,8
14,0.4398400949481853,0.24404152711682553,0.31611837793498904,8
15,0.4399351325434557,0.36057737591989686,0.1994874915366474,8
16,0.3710813420001372,0.3133853561985422,0.3155333018013206,8
17,0.34024297573166296,0.3394020726094609,0.3203549516588761,8
18,0.4807650875911831,0.3317338329289989,0.18750107947981812,8
19,0.49592128562997945,0.37990264459661116,0.12417606977340934,8
20,0.4913881368862542,0.46750357375936596,0.04110828935437977,8
21,0.46576232853008015,0.5198297281782609,0.014407943291658953,8
22,0.4272566987540042,0.48002894731185297,0.09271435393414285,8
23,0.5536945624301589,0.4463054375698411,0.0,8
24,0.46018150311216505,0.505108737573298,0.034709759314537014,8
25,0.44458019286351147,0.4786569574281766,0.07676284970831193,8
26,0.4482237933990808,0.23210912727130328,0.3196670793296159,8
27,0.42403053216988623,0.21570060469011798,0.36026886313999573,8
28,0.5292159004813114,0.20879390925288546,0.26199019026580317,8
29,0.5453906340073669,0.31468087999434674,0.1399284859982864,8
30,0.5436565107415762,0.30346232418510494,0.1528811650733189,8
31,0.42741506856352696,0.2844205951361027,0.28816433630037036,8
32,0.5437235167093575,0.3405375450931066,0.11573893819753595,8
33,0.443685264421109,0.2397704230280388,0.3165443125508522,8
34,0.582575663589587,0.1984668806222297,0.2189574557881833,8
35,0.5556021014460731,0.2570355192140756,0.18736237933985128,8
36,0.41396544231665594,0.2660852611549011,0.319949296528443,8
37,0.45410493281232495,0.2934199528238039,0.2524751143638711,8
38,0.5128027154347213,0.4117067536370894,0.07549053092818925,8
39,0.505054402002117,0.47153053646981286,0.023415061528070102,8
40,0.5484183362112058,0.4404625519845461,0.011119111804248072,8
41,0.5010537046554157,0.36536656101801,0.13357973432657433,8
42,0.31355835114816244,0.4296331215474691,0.2568085273043685,8
43,0.2005508426227433,0.37426057927059514,0.4251885781066615,8
44,0.16984715025019453,0.4224694243116858,0.4076834254381196,8
45,0.2034484511692229,0.37322964275589043,0.4233219060748866,8
46,0.30380774741485617,0.45762027948337514,0.2385719731017687,8
47,0.38117055737279143,0.5101677904283861,0.1086616521988224,8
48,0.30904427916650745,0.3899871882867552,0.30096853254673733,8
49,0.45407537883269156,0.4259644790527729,0.11996014211453554,8
50,0.5094917207017295,0.10150453498340826,0.3890037443148621,8
1,0.0,0.24,0.76,9
2,0.24780070666400894,0.3503530384964717,0.4018462548395194,9
3,0.4344657435344268,0.4010721909896133,0.16446206547595993,9
4,0.5070168457237846,0.33203093557933994,0.16095221869687548,9
5,0.5421299718453232,0.3181608038736713,0.13970922428100552,9
6,0.5467381247004709,0.23608344211422533,0.21717843318530378,9
7,0.4289185182485652,0.12348637834516266,0.4475951034062722,9
8,0.38119939382293805,0.16904432681910042,0.4497562793579615,9
9,0.39551627739098755,0.20474892364612912,0.3997347989628834,9
10,0.34613394301775946,0.17361204437473177,0.4802540126075088,9
11,0.4023146953392511,0.23040164377478037,0.36728366088596853,9
12,0.5004590112443175,0.25502036990720617,0.24452061884847637,9
13,0.4555356025828315,0.24444530085057828,0.3000190965665903,9
14,0.4619893971462295,0.23984785707441492,0.29816274577935564,9
15,0.4520420359475492,0.34604558125082885,0.20191238280162194,9
16,0.3964593011946585,0.3054387473444544,0.29810195146088714,9
17,0.36719569922145073,0.33373554899358265,0.29906875178496667,9
18,0.4836885809447257,0.33369621113880027,0.18261520791647395,9
19,0.4981579888818964,0.38076914720526334,0.12107286391284033,9
20,0.49737582289201043,0.46266657451376103,0.039957602594228536,9
21,0.48842011200464613,0.5052786541752086,0.006301233820145358,9
22,0.45345902280314965,0.47400335627096063,0.07253762092588972,9
23,0.5469694847657423,0.45303051523425775,0.0,9
24,0.48629587774278643,0.4877697105165487,0.02593441174066491,9
25,0.46980663078154816,0.4546938732553016,0.07549949596315025,9
26,0.47132330743681783,0.2330088876258386,0.29566780493734357,9
27,0.4506952907985417,0.21015541964794365,0.3391492895535146,9
28,0.5479339326861074,0.206124273941514,0.24594179337237865,9
29,0.5650193657404587,0.29951989877855023,0.13546073548099102,9
30,0.5611701905952835,0.29601099292371463,0.14281881648100186,9
31,0.4532245714386526,0.29121199710849494,0.2555634314528525,9
32,0.5540837397338936,0.335539369627651,0.1103768906384554,9
33,0.4686986384671782,0.24712952282599251,0.28417183870682927,9
34,0.5965299092423334,0.19810047848227014,0.20536961227539646,9
35,0.5718953671262889,0.24835403576400675,0.1797505971097044,9
36,0.4352568572458173,0.2746230236714688,0.290120119082714,9
37,0.46772077592522576,0.3092046287992438,0.22307459527553042,9
38,0.5222301339875733,0.4219934677368208,0.055776398275605876,9
39,0.5202892626156025,0.4736683518672094,0.006042385517188109,9
40,0.543072416176946,0.4540694722998081,0.0028581115232458876,9
41,0.5086078865586914,0.38606047588346737,0.10533163755784125,9
42,0.33298182401196197,0.4293968153620872,0.23762136062595085,9
43,0.2194907236306129,0.3869612602432331,0.393548016126154,9
44,0.18841768553638602,0.42426171457933287,0.3873205998842811,9
45,0.22370100438252272,0.38310731418497446,0.3931916814325028,9
46,0.32676644474183386,0.4468962876164701,0.22633726764169598,9
47,0.39776969148881425,0.49698127520751534,0.10524903330367041,9
48,0.33569828780046934,0.39817544747944733,0.2661262647200834,9
49,0.4642718131934175,0.4194309980276233,0.11629718877895923,9
50,0.519086058297145,0.1135768801507083,0.36733706155214674,9
1,0.0,0.24,0.76,10
2,0.2448739647787666,0.34878328492197563,0.4063427502992578,10
3,0.42907421944170193,0.39870946020982356,0.17221632034847456,10
4,0.5052633304784374,0.33579364839041503,0.15894302113114755,10
5,0.5438356404311655,0.3143731965128429,0.1417911630559916,10
6,0.5428747189974941,0.23596240083618744,0.2211628801663185,10
7,0.4490662222617928,0.12319560116364617,0.42773817657456104,10
8,0.39008291421168007,0.16454585924244547,0.44537122654587447,10
9,0.41504091018414546,0.19085762897861844,0.3941014608372361,10
10,0.3742310619590128,0.16523853604505911,0.46053040199592815,10
11,0.42370595931819066,0.2201452144982719,0.3561488261835373,10
12,0.4976876776119725,0.2541309765296708,0.24818134585835674,10
13,0.46406238640216724,0.24072231300290645,0.2952153005949263,10
14,0.48219158552056396,0.23578727279588188,0.2820211416835542,10
15,0.4644711140422251,0.3321049691124258,0.2034239168453491,10
16,0.4209382767226338,0.2973963154109267,0.28166540786643957,10
17,0.39319979542189815,0.32764767610950146,0.27915252846860034,10
18,0.4890072635288486,0.33392691809119573,0.17706581837995566,10
19,0.5015653433497668,0.38070879882380065,0.11772585782643258,10
20,0.5050906338284955,0.45658427336271595,0.03832509280878854,10
21,0.507459022772108,0.4895965835420437,0.002944393685848312,10
22,0.47798064210836283,0.46800248444307896,0.05401687344855827,10
23,0.543929752618285,0.456070247381715,0.0,10
24,0.5099853850890906,0.47292321414327493,0.017091400767634435,10
25,0.4942759680688562,0.43279055177445047,0.07293348015669332,10
26,0.4941587835500193,0.2326783659998003,0.2731628504501804,10
27,0.47510211830468807,0.20769076535022726,0.3172071163450847,10
28,0.5655861589388614,0.2042791751984117,0.23013466586272685,10
29,0.582784869751909,0.28637278737531097,0.13084234287278002,10
30,0.5781498851253202,0.2893019588325537,0.1325481560421261,10
31,0.4772347360839806,0.297079529677563,0.2256857342384564,10
32,0.564251568387567,0.3337178501459101,0.10203058146652294,10
33,0.4913756279478967,0.2545102806030594,0.254114091449044,10
34,0.6098526093237889,0.19892164649064864,0.19122574418556243,10
35,0.5870625700999665,0.24186500790575724,0.17107242199427622,10
36,0.4553089337012678,0.28276937607867664,0.26192169022005557,10
37,0.4812726712207029,0.3239486888072516,0.19477863997204548,10
38,0.5313877415668935,0.4316917317377015,0.03692052669540502,10
39,0.5275198485818158,0.47016867186559463,0.0023114795525895904,10
40,0.5368988755692671,0.4604016900746489,0.0026994343560840517,10
41,0.5166253583953082,0.40460109096253494,0.07877355064215685,10
42,0.3522745573209554,0.4300256082954066,0.21769983438363805,10
43,0.2386369916701231,0.39771586140321746,0.36364714692665945,10
44,0.20663056612179206,0.4275126938598779,0.36585674001833,10
45,0.24368507915035947,0.39176164969655836,0.3645532711530821,10
46,0.3484829825792132,0.43834133370013256,0.21317568372065426,10
47,0.41462865838912827,0.48493722967477465,0.10043411193609703,10
48,0.3606739755446179,0.404924912568349,0.2344011118870331,10
49,0.4756952126068587,0.41346813139056543,0.1108366560025758,10
50,0.5287204483816879,0.1260676568066868,0.3452118948116254,10
1,0.0,0.24,0.76,11
2,0.24198825997877998,0.34720783512022163,0.41080390490099844,11
3,0.424034163993188,0.3964248686709938,0.17954096733581826,11
4,0.5034859638291065,0.3388931818435346,0.1576208543273589,11
5,0.54451401164061,0.3116250058985875,0.14386098246080253,11
6,0.5405293548157496,0.2350000880310266,0.2244705571532238,11
7,0.46610348433085436,0.12342596900298805,0.41047054666615757,11
8,0.3995689364150615,0.1598341088360378,0.4405969547489007,11
9,0.4339619155049482,0.17796284043237312,0.3880752440626787,11
10,0.40081698258657444,0.15703321374370044,0.44214980366972517,11
11,0.44318808231710083,0.21089218260665737,0.3459197350762418,11
12,0.4971192875716487,0.2515457116412526,0.2513350007870987,11
13,0.4730613968226372,0.23695222957282713,0.2899863736045357,11
14,0.500539693794221,0.23192655695643952,0.2675337492493395,11
15,0.4766040191707628,0.3190330404187595,0.20436294041047778,11
16,0.4444733400947966,0.2893908562036118,0.2661358037015915,11
17,0.4181953759278764,0.32136435889208204,0.2604402651800415,11
18,0.4963180375137881,0.3327569192945442,0.17092504319166768,11
19,0.506291684264686,0.379626090607345,0.11408222512796906,11
20,0.514191731800166,0.4495714011058106,0.036236867094023406,11
21,0.5242775057324274,0.473838270815996,0.0018842234515766276,11
22,0.5008156014350098,0.46210388612755793,0.03708051243743227,11
23,0.5439434482534647,0.45605655174653525,0.0,11
24,0.5315637130179723,0.4600129322658318,0.008423354716195874,11
25,0.5177896094088782,0.4129985747600536,0.06921181583106822,11
26,0.515899184086686,0.23276311930777194,0.25133769660554206,11
27,0.4974129272974402,0.20780510757026072,0.29478196513229915,11
28,0.581883730109314,0.20368888981792557,0.21442738007276038,11
29,0.5986645577287322,0.27518268767334064,0.12615275459792719,11
30,0.5942750884489028,0.28352476361247075,0.12220014793862649,11
31,0.4994723782578249,0.30242536420666394,0.19810225753551108,11
32,0.5740063686302452,0.33472552894253244,0.09126810242722233,11
33,0.5119408175758022,0.2619520669465762,0.22610711547762158,11
34,0.6220900804388284,0.20123342659409477,0.17667649296707683,11
35,0.6010184727857336,0.2375391344262668,0.16144239278799957,11
36,0.47414633208983353,0.2905990299015624,0.23525463800860402,11
37,0.49464918112006423,0.337736849482965,0.16761396939697082,11
38,0.5402848106500564,0.44068383098814173,0.019031358361801864,11
39,0.5325833536607933,0.4662541105618868,0.0011625357773198397,11
40,0.5335229807325221,0.46409857411800576,0.002378445149472108,11
41,0.5250723358886157,0.4211646936999844,0.053762970411399935,11
42,0.37149927762937673,0.4311280496383186,0.1973726727323047,11
43,0.25800057730974035,0.40673439735255723,0.3352650253377024,11
44,0.22467841665032465,0.4315404824419776,0.34378110090769776,11
45,0.263292646147469,0.3995814197364814,0.33712593411604963,11
46,0.3689898805595353,0.4318298350366728,0.19918028440379187,11
47,0.43149066042507855,0.47422739013812215,0.0942819494367993,11
48,0.38404879221812843,0.4106218369322141,0.20532937084965752,11
49,0.4872560025634176,0.40954337859642287,0.10320061884015952,11
50,0.5387446089832498,0.13850602056210443,0.32274937045464563,11
1,0.0,0.24,0.76,12
2,0.2391606892365446,0.34562427888107994,0.4152150318823755,12
3,0.41932059770397956,0.39420165817049274,0.18647774412552778,12
4,0.5016674979895139,0.3414534167413039,0.15687908526918215,12
5,0.5444583972096004,0.3095862275743956,0.145955375216004,12
6,0.5393261591606668,0.23354950417042356,0.2271243366689096,12
7,0.48049325710773055,0.1240463484579566,0.3954603944343129,12
8,0.40865547065978214,0.15540324592751562,0.4359412834127022,12
9,0.45201119068501305,0.1660820146988865,0.3819067946161005,12
10,0.42583652991112,0.14912594947533592,0.4250375206135441,12
11,0.4609490113923932,0.2024573951596436,0.33659359344796325,12
12,0.4984138800838615,0.24768419703197897,0.25390192288415947,12
13,0.48255992316636886,0.2330461720833409,0.28439390475029025,12
14,0.5171879867196559,0.2282178921642957,0.2545941211160484,12
15,0.490061204903638,0.3060654568347068,0.20387333826165516,12
16,0.46705262374362966,0.28146181659336167,0.2514855596630087,12
17,0.44220130268930524,0.3149298178015078,0.24286887950918695,12
18,0.5051852751334502,0.3304863874016327,0.16432833746491704,12
19,0.5124451681412966,0.37749534317449,0.11005948868421339,12
20,0.5245105586699851,0.4418623144290613,0.0336271269009536,12
21,0.5400433699379925,0.4589950833640392,0.0009615466979682741,12
22,0.5220925169655464,0.4562513454834038,0.021656137551049837,12
23,0.5464049491328284,0.45353146264214617,6.358822502539052e-05,12
24,0.5502747310294367,0.44751798163222595,0.0022072873383373603,12
25,0.5401221906441075,0.395315257468714,0.06456255188717852,12
26,0.5362741068614472,0.2337948445321622,0.22993104860639063,12
27,0.5177782913041283,0.21007754584108176,0.27214416285478993,12
28,0.5964754136723797,0.2048809218984005,0.19864366442921985,12
29,0.6125563939929981,0.2660030108211143,0.12144059518588757,12
30,0.6091596155892924,0.2789006601397019,0.11193972427100568,12
31,0.5199433178692715,0.3075569293429909,0.1724997527877376,12
32,0.5833243590370675,0.3379931395280956,0.0786825014348369,12
33,0.5305560599238645,0.26952467257648827,0.19991926749964728,12
34,0.6330261757135368,0.205133464136737,0.1618403601497262,12
35,0.613620191694156,0.23541277614615289,0.15096703215969107,12
36,0.4917494618803095,0.298188965158735,0.21006157296095546,12
37,0.5076099093191515,0.3506349103051756,0.14175518037567292,12
38,0.5478181352979171,0.44750463153911596,0.004677233162966921,12
39,0.5370427405724147,0.46265453435827175,0.00030272506931350307,12
40,0.5323218472331831,0.4657617783746587,0.0019163743921581933,12
41,0.5339791174064125,0.4357260875227269,0.030294795070860636,12
42,0.39064805685640996,0.4325075212717967,0.1768444218717934,12
43,0.2774118775049356,0.4144980255663211,0.30809009692874323,12
44,0.24270158667802544,0.43588458092421256,0.321413832397762,12
45,0.2825084475470092,0.4067905098840956,0.3107010425688952,12
46,0.38820781907806634,0.42743904651966225,0.1843531344022714,12
47,0.4479821911851808,0.4652735074588737,0.08674430135594552,12
48,0.4057590944108733,0.4158945852771959,0.17834632031193076,12
49,0.49871921798196706,0.40749602929440404,0.0937847527236289,12
50,0.5485136480577962,0.15093537031469137,0.3005509816275123,12
1,0.0,0.24,0.76,13
2,0.23639913679880464,0.34403664499947983,0.4195642182017155,13
3,0.4148977455478295,0.3920353291957663,0.19306692525640418,13
4,0.49980874626355565,0.3435662310778926,0.15662502265855177,13
5,0.5439140999310182,0.30802149876168317,0.1480644013072986,13
6,0.5389520954498239,0.23186020213393643,0.22918770241623965,13
7,0.49253137230724464,0.12499625862342649,0.38247236906932897,13
8,0.4173955020371265,0.151248056530616,0.4313564414322575,13
9,0.4690875566740885,0.15520757540742158,0.3757048679184899,13
10,0.4491298068027878,0.14170594705295986,0.40916424614425223,13
11,0.47713804860317555,0.19471512564876625,0.3281468257480582,13
12,0.5013232354059395,0.24281753696699243,0.2558592276270681,13
13,0.4927605055616604,0.22884521498348476,0.27839427945485484,13
14,0.5323776567865884,0.22457646489866975,0.2430458783147418,13
15,0.5041986452194531,0.2935321650661114,0.20226918971443547,13
16,0.4886636317448805,0.2736645053327942,0.23767186292232534,13
17,0.46522883390058756,0.3083773657433559,0.22639380035605655,13
18,0.5153064873321451,0.32733738467196555,0.15735612799588933,13
19,0.5199898071822429,0.37438161186825225,0.10562858094950489,13
20,0.5357403397372009,0.43370437636985026,0.030555283892948815,13
21,0.5548564052793628,0.44499017186092193,0.0001534228597153131,13
22,0.5419039243059183,0.45045267627983004,0.007643399414251684,13
23,0.5507206388690713,0.44865096216096806,0.0006283989699606418,13
24,0.5648220665676355,0.43337339410388875,0.001804539328475796,13
25,0.5610003736299509,0.37969335059465165,0.05930627577539743,13
26,0.5551510162656589,0.23598711103174053,0.2088618727026006,13
27,0.536373254218697,0.2140440113830792,0.24958273439822382,13
28,0.6091225823811471,0.20811362686865137,0.1827637907502015,13
29,0.6244897842662062,0.25884637822438683,0.11666383750940701,13
30,0.6226278751049287,0.27552918922463737,0.10184293567043395,13
31,0.5387243845649572,0.3126193757586495,0.1486562396763933,13
32,0.5922740941431777,0.3429025533516466,0.06482335250517574,13
33,0.5473420475319066,0.2773043491015099,0.17535360336658345,13
34,0.642497991872729,0.21071315697287585,0.1467888511543951,13
35,0.6247673872292664,0.2353971142054374,0.1398354985652962,13
36,0.5081588616659826,0.3055952923443094,0.18624584598970806,13
37,0.5197674792704915,0.3625152929239988,0.1177172278055097,13
38,0.54903280437767,0.44687868503018313,0.004088510592146877,13
39,0.5405456647232174,0.4594226715894265,3.1663687356076053e-05,13
40,0.5326917988158857,0.46595279185489036,0.0013554093292239555,13
41,0.5433261881361456,0.4483169146266905,0.008356897237163874,13
42,0.40965358965558946,0.43402615661054056,0.15632025373386993,13
43,0.29672199366580876,0.42134494053023014,0.2819330658039611,13
44,0.2602911698231493,0.4410806022494428,0.29862822792740784,13
45,0.30100808942946916,0.41406255705104345,0.28492935351948745,13
46,0.4058867172971819,0.42554682514991976,0.1685664575528984,13
47,0.4637922610716113,0.45834382177483923,0.07786391715354946,13
48,0.4257222585376286,0.4212305469257938,0.1530471945365776,13
49,0.5099152641199916,0.4069369949054424,0.08314774097456606,13
50,0.5576503268204962,0.16351991215091388,0.2788297610285898,13
1,0.0,0.24,0.76,14
2,0.2337258465298358,0.3424433171097436,0.4238308363604207,14
3,0.41074655605798366,0.38991982527828534,0.19933361866373095,14
4,0.49791460803124155,0.3453003585786224,0.15678503339013605,14
5,0.5430362672514879,0.30676973563491655,0.15019399711359555,14
6,0.539184324968018,0.2300883155069757,0.23072735952500625,14
7,0.5025935006594061,0.12618833397838794,0.371218165362206,14
8,0.42579506895837826,0.14738552541851824,0.42681940562310355,14
9,0.4850820891808173,0.14535043154383806,0.3695674792753446,14
10,0.4707495222612942,0.13475119820471998,0.39449927953398584,14
11,0.4919448406812206,0.18754160057680255,0.32051355874197685,14
12,0.5055388389790101,0.2372695854007439,0.257191575620246,14
13,0.5029471227846102,0.2246778196308419,0.27237505758454794,14
14,0.5462096262784767,0.22103458274915436,0.23275579097236895,14
15,0.5181493575445052,0.2818030447288551,0.20004759772663971,14
16,0.5092599178172583,0.2660848562243193,0.22465522595842236,14
17,0.48727857350763476,0.3017871161534638,0.21093431033890137,14
18,0.5263812992736242,0.32350609041594247,0.15011261031043333,14
19,0.5287766389879146,0.3704197367294003,0.10080362428268508,14
20,0.5475473072069397,0.4253605913960446,0.027092101397015733,14
21,0.5686143243593716,0.43138567564062835,0.0,14
22,0.5576809215927064,0.44182787658515227,0.0004912018221412962,14
23,0.556571555268868,0.4422903829320534,0.001138061799078549,14
24,0.5782234249266001,0.4202903982570091,0.0014861768163908495,14
25,0.5803155402161055,0.3661371859501653,0.05354727383372915,14
26,0.5721919875516943,0.2398483239268095,0.1879596885214962,14
27,0.5532822610590624,0.21944342901323163,0.22727430992770595,14
28,0.6198338302123573,0.21332612504590032,0.1668400447417424,14
29,0.6345271291477848,0.2537148208173707,0.11175805003484457,14
30,0.6345459105613994,0.273534852901672,0.09191923653692857,14
31,0.5559025514275552,0.317719040971606,0.1263784076008388,14
32,0.6010174381057206,0.34871977774281737,0.050262784151462014,14
33,0.5624219832105843,0.28532189811709086,0.1522561186723248,14
34,0.6504496499501174,0.21791932621336285,0.1316310238365197,14
35,0.6344466186142029,0.23737945869072602,0.12817392269507105,14
36,0.5233616082540572,0.31288421001443734,0.16375418173150547,14
37,0.5311205306903488,0.3734534809648319,0.0954259883448193,14
38,0.5505085003560365,0.4459942045466741,0.00349729509728941,14
39,0.5434990934021804,0.4565009065978196,0.0,14
40,0.5338515234691199,0.46499055640587655,0.001157920125003542,14
41,0.547362356036131,0.4524304192643024,0.00020722469956657719,14
42,0.4281275820735334,0.43540300043342084,0.13646941749304575,14
43,0.31590275682816593,0.4274026806365566,0.25669456253527745,14
44,0.2773865444831553,0.44705616842666135,0.2755572870901833,14
45,0.31860413052485165,0.42179842544750135,0.25959744402764695,14
46,0.4218876524963122,0.4262958049775023,0.15181654252618548,14
47,0.47879050559085345,0.4534203672723115,0.06778912713683505,14
48,0.4440350786243824,0.426743995003918,0.12922092637169957,14
49,0.5209236408473676,0.40748534169597445,0.07159101745665791,14
50,0.5669335098450748,0.1759628253509961,0.2571036648039291,14
1,0.0,0.24,0.76,15
2,0.23114612804795412,0.34084745476404016,0.42800641718800575,15
3,0.40683691459863974,0.3878530571913584,0.20531002821000194,15
4,0.4959993331926679,0.34670872985921436,0.15729193694811766,15
5,0.5419554429651355,0.3057175283826039,0.15232702865226055,15
6,0.5398428036079036,0.22834577923555244,0.23181141715654396,15
7,0.5109953642313144,0.1275444420892354,0.36146019367945015,15
8,0.43390257979537505,0.14379410470543938,0.42230331549918554,15
9,0.49998071205901506,0.13649239529207488,0.36352689264891,15
10,0.49072391713857666,0.12828579852395008,0.3809902843374733,15
11,0.5054120095141099,0.1809414787020583,0.3136465117838318,15
12,0.5107964520059625,0.23131024972911957,0.25789329826491797,15
13,0.5126173991232682,0.22076123593804758,0.2666213649386842,15
14,0.558735385460669,0.2176673250426847,0.22359728949664626,15
15,0.5311543008679533,0.2711941344388358,0.19765156469321088,15
16,0.5287451391973937,0.2588732186224515,0.21238164218015476,15
17,0.5083208229947612,0.29526871876621735,0.19641045823902142,15
18,0.5381070490920735,0.3191763141386152,0.1427166367693113,15
19,0.5386288816585976,0.36577106542566123,0.0956000529157412,15
20,0.5596489081961827,0.416990146058033,0.02336094574578429,15
21,0.581468886857051,0.418531113142949,0.0,15
22,0.569582628299681,0.43012948719382327,0.00028788450649575026,15
23,0.5634540598722261,0.4348814248831048,0.0016645152446691514,15
24,0.5906157963381542,0.40816943961978225,0.0012147640420635542,15
25,0.5979917644537193,0.35463361110080827,0.04737462444547247,15
26,0.5871651962536955,0.24572278209690712,0.16711202164939742,15
27,0.5685342769398162,0.2261234630821389,0.20534225997804492,15
28,0.6286892234847525,0.2203404215601074,0.15097035495514005,15
29,0.6427725445867205,0.2505583248369731,0.10666913057630639,15
30,0.6448314795471767,0.27292039868000534,0.08224812177281798,15
31,0.5715284914934705,0.32294886426002206,0.10552264424650742,15
32,0.6095234825240131,0.35519354962443084,0.035282967851556046,15
33,0.5758805787104697,0.2936012523120429,0.13051816897748736,15
34,0.6568961619486774,0.22657401355800708,0.11652982449331553,15
35,0.6426825516570499,0.2411930859408011,0.11612436240214899,15
36,0.5373749195821584,0.3200992061272452,0.14252587429059638,15
37,0.5416983065983023,0.3835063493883602,0.07479534401333748,15
38,0.5521379202506914,0.4449467418967286,0.002915337852579969,15
39,0.5459776114956163,0.4540223885043837,0.0,15
40,0.535566423346924,0.4632461763624149,0.001187400290661167,15
41,0.5489032410114546,0.4510239571117187,7.280187682667805e-05,15
42,0.4457145748005015,0.43680379617754445,0.11748162902195408,15
43,0.33476285294833275,0.4329839951347681,0.23225315191689916,15
44,0.29398629051927877,0.453610519493296,0.2524031899874253,15
45,0.3352304057371024,0.4301356448551114,0.2346339494077862,15
46,0.43646578997707614,0.4291132388359398,0.1344209711869841,15
47,0.4928278887918849,0.45057616289052277,0.05659594831759235,15
48,0.460757923226116,0.4325290421345871,0.10671303463929693,15
49,0.5315846592638893,0.40901899554686394,0.059396345189246746,15
50,0.5764544383554684,0.18817360144960624,0.2353719601949254,15
1,0.0,0.24,0.76,16
2,0.22866356337984753,0.3392537575535274,0.4320826790666251,16
3,0.40316084941985914,0.3858253127603557,0.21101383781978522,16
4,0.49407948881423003,0.34782160818887503,0.15809890299689494,16
5,0.5407383350169392,0.30479395163077927,0.1544677133522815,16
6,0.5407889167130803,0.22672139926635845,0.23248968402056128,16
7,0.5180609844328455,0.1290074058786062,0.35293160968854825,16
8,0.4417772664571491,0.14048343755691728,0.4177392959859336,16
9,0.5133276366301341,0.12874987395426746,0.3579224894155984,16
10,0.509051572967225,0.12233006911663663,0.36861835791613834,16
11,0.5176821231928617,0.17482873725447257,0.30748913955266577,16
12,0.5168041739749799,0.22524260426434203,0.25795322176067803,16
13,0.5215579551891297,0.21727955797160187,0.2611624868392684,16
14,0.5699539777179246,0.21451005117712169,0.21553597110495376,16
15,0.5429392934502123,0.26176915391490185,0.19529155263488585,16
16,0.5470575611313544,0.2521334127266887,0.2008090261419569,16
17,0.5282428365190751,0.28900652228129425,0.18275064119963064,16
18,0.5501771454764764,0.3145854254992197,0.13523742902430386,16
19,0.5493331137693817,0.3606244011363753,0.09004248509424306,16
20,0.5717903296672897,0.4087167810893797,0.01949288924333059,16
21,0.5935060879732694,0.4064939120267306,0.0,16
22,0.5809963168889426,0.41887170094418946,0.00013198216686793884,16
23,0.5711261891419744,0.426832645606202,0.0020411652518235734,16
24,0.6020793664314781,0.39694790139333846,0.000972732175183455,16
25,0.6140327476685334,0.34511057888128327,0.04085667345018329,16
26,0.6002494471733847,0.25320358651270997,0.14654696631390535,16
27,0.582182637068077,0.23394815111511277,0.18386921181681018,16
28,0.6358274764166243,0.22878302505657777,0.13538949852679794,16
29,0.6493233024142379,0.24931085059033462,0.10136584699542753,16
30,0.6535573221325807,0.2736115846773466,0.07283109319007275,16
31,0.5856545485008684,0.3283783312967245,0.0859671202024071,16
32,0.6177098540050923,0.3621194722743357,0.02017067372057202,16
33,0.5878500826520954,0.30214391364559057,0.11000600370231406,16
34,0.662105160649994,0.23636328201694415,0.10153155733306182,16
35,0.6495203395586392,0.2466509608465244,0.1038286995948364,16
36,0.5501948228405714,0.327298214272172,0.1225069628872566,16
37,0.5515505032542026,0.3927260469494278,0.05572344979636956,16
38,0.5538730630311518,0.44377522843973133,0.0023517085291168693,16
39,0.5481178732689135,0.4518821267310865,0.0,16
40,0.53757994651357,0.4612036779715524,0.0012163755148776323,16
41,0.5513695300557803,0.44863046994421973,0.0,16
42,0.46215484459147604,0.43871459506371213,0.09913056034481182,16
43,0.3531088566110423,0.4383891212349569,0.20850202215400082,16
44,0.31013094588122914,0.46051379204963094,0.22935526206913992,16
45,0.3508856401672389,0.4390566474903378,0.21005771234242332,16
46,0.4497313895154889,0.433655707131153,0.11661290335335817,16
47,0.5057714501546375,0.4497430073324225,0.04448554251293996,16
48,0.4760379266633696,0.4384904416105571,0.08547163172607325,16
49,0.5419596663444161,0.41123779584314296,0.04680253781244098,16
50,0.5862133302151966,0.2000627673056438,0.21372390247915943,16
1,0.0,0.24,0.76,17
2,0.22628303944765088,0.3376632019739016,0.43605375857844747,17
3,0.3997000282714252,0.38383225607901267,0.2164677156495622,17
4,0.49216478923746526,0.3486705216481739,0.15916468911436088,17
5,0.5394545443903866,0.30394490706567656,0.1566005485439368,17
6,0.5419128772200678,0.22525948594859618,0.23282763683133606,17
7,0.5240106719112002,0.13053871729749242,0.34545061079130734,17
8,0.4493631138160578,0.13748253071119024,0.4131543554727519,17
9,0.5250912795064901,0.12208509655903822,0.35282362393447164,17
10,0.5257622199051601,0.11688829764758739,0.35734948244725245,17
11,0.5288773412054069,0.169153425732827,0.30196923306176615,17
12,0.5233321290050981,0.21927105059701182,0.25739682039789014,17
13,0.5296719916084844,0.21426219529779073,0.25606581309372484,17
14,0.5798589205258853,0.21166594927017718,0.20847513020393754,17
15,0.5531582866962579,0.25361612684546203,0.19322558645828009,17
16,0.5640285838730794,0.24605701924061327,0.18991439688630732,17
17,0.5469494662565326,0.2831455775287109,0.1699049562147565,17
18,0.5623407504280964,0.3099150134743528,0.1277442360975508,17
19,0.5606283862978515,0.35518254941399063,0.08418906428815787,17
20,0.5837417485008247,0.40066166438207357,0.015596587117101712,17
21,0.6047379228842618,0.39526207711573824,0.0,17
22,0.5918876908252624,0.4080983510167509,1.3958157986715403e-05,17
23,0.5793166219259976,0.41838639365375896,0.0022969844202433976,17
24,0.6126852414316012,0.38657075809314206,0.0007440004752567453,17
25,0.6284397966702202,0.3374606428053276,0.03409956052445218,17
26,0.6116546513433893,0.26189809628964156,0.1264472523669692,17
27,0.5943236513754058,0.24275298947723595,0.16292335914735828,17
28,0.6413961923360161,0.23836071135097175,0.12024309631301217,17
29,0.6542288297947858,0.2499063571484785,0.09586481305673569,17
30,0.66079758302386,0.27555166406857895,0.063650752907561,17
31,0.5983271993814383,0.33407387753317386,0.06759892308538784,17
32,0.6254745616655334,0.36938964936261853,0.0051357889718480765,17
33,0.5983868613068846,0.3109320980433431,0.09068104064977234,17
34,0.6661689241434854,0.24704224376912637,0.08678883208738825,17
35,0.6549561944598711,0.25358909687868936,0.09145470866143957,17
36,0.5617874080815873,0.33455499829413765,0.10365759362427501,17
37,0.5606757396705337,0.401172787493438,0.038151472836028266,17
38,0.555595914804383,0.44258235998334594,0.0018217252122710859,17
39,0.5500456458471935,0.4499543541528065,0.0,17
40,0.5399765192630601,0.45879714011747935,0.0012263406194605309,17
41,0.5544342050681378,0.4455657949318622,0.0,17
42,0.4774204378807678,0.44117727949299307,0.0814022826262392,17
43,0.3707993071308783,0.44384627898771395,0.18535441388140778,17
44,0.3257887997346216,0.46770969667993034,0.20650150358544805,17
45,0.3656591847026158,0.448403604589147,0.18593721070823716,17
46,0.4618361511175334,0.43963491311645914,0.09852893576600746,17
47,0.517643683521085,0.4507607457262151,0.031595570752699864,17
48,0.49004546812295036,0.4445388841958072,0.06541564768124242,17
49,0.5520470483761933,0.41408461263761587,0.033868338986190794,17
50,0.5961386765190819,0.2116766765677064,0.19218464691321158,17
1,0.0,0.24,0.76,18
2,0.22400439240822428,0.33607889232195814,0.4399167152698176,18
3,0.3964358881211988,0.3818716606885915,0.2216924511902097,18
4,0.49026386938710576,0.3492835540881676,0.16045257652472666,18
5,0.5381449172715822,0.3031406640791907,0.15871441864922708,18
6,0.5431341338132001,0.2239808408409751,0.2328850253458248,18
7,0.5290278948610307,0.13210466013361596,0.33886744500535326,18
8,0.4565749865001385,0.13482864869761352,0.408596364802248,18
9,0.5353517874115366,0.11641901166925189,0.34822920091921156,18
10,0.5408986203443162,0.111969590182038,0.34713178947364576,18
11,0.5390771810480786,0.16390168146976591,0.29702113748215553,18
12,0.5301898622025157,0.21353255024368206,0.2562775875538022,18
13,0.5369648440047395,0.21169136620683765,0.2513437897884228,18
14,0.5884840553956815,0.2092022812089487,0.2023136633953698,18
15,0.5617576764630664,0.24671499376063566,0.19152732977629794,18
16,0.5795457819497679,0.24078586312570788,0.1796683549245242,18
17,0.5643755124328375,0.2778171074769902,0.15780738009017237,18
18,0.5743271715840876,0.3053459732559481,0.12032685515996427,18
19,0.5722607784442434,0.34965089411732064,0.07808832743843597,18
20,0.5952468080535276,0.3929453620137932,0.011807829932679204,18
21,0.6151814965071235,0.3848185034928765,0.0,18
22,0.6022020925326378,0.3977979074673622,0.0,18
23,0.5877969844543384,0.4097499535866358,0.0024530619590258373,18
24,0.6224531155565561,0.3770269833216692,0.0005199011217746907,18
25,0.6412250335347518,0.33157359689956645,0.027201369565681754,18
26,0.6215926081152756,0.2713603898021872,0.1070470020825372,18
27,0.6049938578218893,0.2524143252450042,0.14259181693310652,18
28,0.6455617973189312,0.24875978265430254,0.1056784200267663,18
29,0.6577144013860845,0.2521825896972175,0.09010300891669798,18
30,0.6665961769476881,0.27870241196918016,0.0547014110831317,18
31,0.609192610927368,0.3399603777712631,0.05084701130136893,18
32,0.6261003705581407,0.36960797909577775,0.0042916503460815325,18
33,0.6072011184741182,0.3197826367953502,0.07301624473053164,18
34,0.6693874020039364,0.2583318789208975,0.07228071907516609,18
35,0.6590952649637973,0.26178047519328074,0.07912425984292193,18
36,0.5721431148446715,0.3419072354603047,0.08594964969502378,18
37,0.5690712353581872,0.40893647244512044,0.02199229219669241,18
38,0.5573267708090319,0.44135586465416227,0.0013173645368058096,18
39,0.5517393143634316,0.4482606856365684,0.0,18
40,0.5425262420399986,0.4562492625256859,0.0012244954343155756,18
41,0.5578030784028769,0.4421969215971231,0.0,18
42,0.49161903800792633,0.4440391519280727,0.06434181006400091,18
43,0.3878341779605426,0.44937226882559095,0.16279355321386652,18
44,0.3409559389813701,0.47511846536807634,0.18392559565055355,18
45,0.3796708729855751,0.45804853398091727,0.16228059303350761,18
46,0.4728565697810704,0.44687453724919024,0.08026889296973938,18
47,0.5284471621803869,0.4535090059292156,0.018043831890397488,18
48,0.502903002923389,0.45066096422150137,0.046436032855109666,18
49,0.561716536791281,0.4174903432820259,0.020793119926693138,18
50,0.6057094161649935,0.22324546590609706,0.17104511792890945,18
1,0.0,0.24,0.76,19
2,0.22182512997315273,0.33450439915655694,0.4436704708702903,19
3,0.3933535405092303,0.3799414219361119,0.22670503755465776,19
4,0.48838411519349906,0.3496852863749375,0.16193059843156338,19
5,0.5368409435069955,0.3023621841651605,0.160796872327844,19
6,0.5443908830104832,0.2228912162631186,0.23271790072639817,19
7,0.5332679668086505,0.13368111964853924,0.33305091354281025,19
8,0.46336554138339014,0.13254076970550754,0.40409368891110237,19
9,0.5442031295141285,0.11166644399244102,0.34413042649343045,19
10,0.5544966594063413,0.10758496912096512,0.3379183714726936,19
11,0.5483567667344749,0.15904588207288758,0.2925973511926375,19
12,0.5372080336090616,0.20813289317044853,0.2546590732204899,19
13,0.543407824459641,0.2096078734874715,0.24698430205288752,19
14,0.5958400058330408,0.20719611075858135,0.1969638834083779,19
15,0.5688631410843885,0.24097433836281568,0.1901625205527958,19
16,0.5935636140087898,0.23638052143002863,0.1700558645611816,19
17,0.5804318632198673,0.2731507455315222,0.14641739124861053,19
18,0.5858662450065433,0.30109136471942444,0.11304239027403229,19
19,0.5838998752721107,0.3442660757941752,0.07183404893371409,19
20,0.6060572538406356,0.3856983261902847,0.008244419969079708,19
21,0.6248109503772715,0.3751890496227285,0.0,19
22,0.6119294768620536,0.38807052313794643,0.0,19
23,0.5963506648313983,0.40111918924276724,0.0025301459258344483,19
24,0.6313747713174325,0.3683281512853069,0.00029707739726064775,19
25,0.6524063373587086,0.32732989262116985,0.020263770020121585,19
26,0.6300344654776616,0.2815746100021407,0.0883909245201977,19
27,0.6142262589322877,0.2628225890410564,0.12295115202665596,19
28,0.648529254210989,0.259687038507613,0.09178370728139806,19
29,0.6600759253993715,0.255893174457683,0.08403090014294545,19
30,0.6710677794332095,0.2829531793069558,0.04597904125983471,19
31,0.6183973098585274,0.34598573102552993,0.035616959115942703,19
32,0.6266867247722925,0.36986501515644243,0.0034482600712650857,19
33,0.6144799088692564,0.32863353967679,0.056886551453953604,19
34,0.6718665688234338,0.27005399860742607,0.058079432569140166,19
35,0.6620765434002733,0.27098909204788957,0.0669343645518371,19
36,0.5812875536017249,0.3493870554191981,0.06932539097907697,19
37,0.5766882318692006,0.4161538903554447,0.007157877775354704,19
38,0.5589857475190109,0.44017672751355386,0.0008375249674352769,19
39,0.553162305499302,0.446837694500698,0.0,19
40,0.5449354140062767,0.45383841669119,0.001226169302533331,19
41,0.5612319085639185,0.43876809143608153,0.0,19
42,0.5047556277156506,0.44732975855607365,0.04791461372827571,19
43,0.4041974740142551,0.4549792209048202,0.14082330508092472,19
44,0.35565400169148415,0.48267606880844977,0.16166992950006603,19
45,0.3929463920714805,0.4679498353503738,0.13910377257814566,19
46,0.4829168610515792,0.45512092102636315,0.06196221792205758,19
47,0.5382049702255334,0.4578279182912492,0.003967111483217434,19
48,0.514657417783481,0.4568430230589463,0.02849955915757274,19
49,0.5706297960742713,0.42108414326962507,0.0082860606561036,19
50,0.6150638575333973,0.23471416297961883,0.15022197948698382,19
1,0.0,0.24,0.76,20
2,0.21974130490365248,0.3329421837857968,0.44731651131055067,20
3,0.3904437668135815,0.3780373826271216,0.23151885055929688,20
4,0.48653725392054126,0.349893091765924,0.16356965431353476,20
5,0.5355594625853165,0.3015981865333406,0.1628423508813429,20
6,0.5456435741986563,0.22198242563316237,0.23237400016818135,20
7,0.536861606255728,0.13525182034859304,0.32788657339567895,20
8,0.4697202786061748,0.13062792073933235,0.3996518006544928,20
9,0.5516894597162232,0.10776433035687957,0.3405462099268972,20
10,0.5665927066792957,0.10373014000195106,0.3296771533187532,20
11,0.5568138338067694,0.1545661387198406,0.28862002747339,20
12,0.544238236969573,0.20315324425591305,0.25260851877451396,20
13,0.5489657841683977,0.20802422531517092,0.24300999051643138,20
14,0.6020133580497341,0.20562873646537333,0.19235790548489257,20
15,0.5747219141813784,0.2362377458843033,0.1890403399343183,20
16,0.6060507376246885,0.23289700539739894,0.16105225697791253,20
17,0.5950810577826852,0.2692232871282997,0.13569565508901515,20
18,0.5967258146141505,0.29732502618142337,0.1059491592044261,20
19,0.5952097421889333,0.33923456253675144,0.06555569527431526,20
20,0.61607598657589,0.3789610335381811,0.004962979885928864,20
21,0.633616590800218,0.36638340919978196,0.0,20
22,0.6209853414653412,0.37901465853465877,0.0,20
23,0.6047859409098588,0.3926719417622543,0.0025421173278868947,20
24,0.6394288869121151,0.36049663611257027,7.447697531465236e-05,20
25,0.6620133540884481,0.3246032420511535,0.013383403860398435,20
26,0.6370928028685299,0.2923110599821282,0.07059613714934193,20
27,0.6220705101076016,0.27386545732326,0.10406403256913838,20
28,0.6504727696290874,0.27095772593470896,0.07856950443620364,20
29,0.6615161316687785,0.26084964051482445,0.077634227816397,20
30,0.6741903811873674,0.28820815705385017,0.03760146175878243,20
31,0.6260348396908948,0.35214830004623815,0.021816860262867055,20
32,0.6271585326647504,0.37022512622812204,0.002616341107127551,20
33,0.6203698910292994,0.3374247496780579,0.042205359292642686,20
34,0.6736626650154289,0.28207319696973315,0.04426413801483792,20
35,0.6640536304133506,0.28096773756580795,0.05497863202084141,20
36,0.5890557768744736,0.356914856011647,0.054029367113879345,20
37,0.5794195036598201,0.41839916366589014,0.002181332674289771,20
38,0.5602946561882559,0.4390507348489307,0.0006546089628133855,20
39,0.55426198797296,0.44573801202704,0.0,20
40,0.5470981143739871,0.45167197277886356,0.0012299128471492948,20
41,0.5645324977180013,0.4354675022819987,0.0,20
42,0.5168274376736133,0.4510981178053868,0.032074444520999945,20
43,0.41994226631685194,0.4606009726428854,0.11945676104026265,20
44,0.36990174489182004,0.49033708910657603,0.13976116600160393,20
45,0.40555354710433345,0.47803980497419657,0.11640664792146999,20
46,0.4918667171230159,0.46406610309397445,0.04406717978300967,20
47,0.542315844727544,0.457684155272456,0.0,20
48,0.5248346141167067,0.462976155432144,0.01218923045114928,20
49,0.5737292514399561,0.4192282832337525,0.0070424653262913806,20
50,0.6236429924960052,0.24638284588257173,0.12997416162142297,20
1,0.0,0.24,0.76,21
2,0.21774638961856685,0.3313946555176732,0.45085895486375993,21
3,0.38769749759485994,0.3761553074146335,0.23614719499050657,21
4,0.48473698984297453,0.34992186907267875,0.16534114108434672,21
5,0.5343198835960448,0.3008404300189778,0.16483968638497742,21
6,0.5468646757632445,0.2212411879217646,0.23189413631499092,21
7,0.5399235830715136,0.1367968965115679,0.32327952041691854,21
8,0.47566295144828974,0.12907489947628814,0.3952621490754222,21
9,0.5579363254176403,0.10461947164610906,0.33744420293625066,21
10,0.5772455034446774,0.10039260125058733,0.32236189530473536,21
11,0.5644860211855027,0.15047512140453714,0.28503885740996016,21
12,0.5511528437658466,0.1986639992038583,0.2501831570302951,21
13,0.5536764644787215,0.20693293476191751,0.23939060075936094,21
14,0.6070527956175508,0.20448084713745152,0.18846635724499772,21
15,0.5796995964001997,0.23232233016875392,0.18797807343104633,21
16,0.6170429613660139,0.23035528965980778,0.15260174897417833,21
17,0.6082829207595108,0.26614764888672143,0.12556943035376772,21
18,0.6067685414562427,0.29414133434053297,0.09909012420322433,21
19,0.6058376479960937,0.3347734106503685,0.05938894135353778,21
20,0.6245560057607821,0.37256886388838195,0.002875130350835975,21
21,0.6414268641378467,0.35857313586215334,0.0,21
22,0.6293136257287144,0.3706863742712856,0.0,21
23,0.6129622554917732,0.38453714621429047,0.0025005982939363403,21
24,0.6466228511335592,0.3533771488664408,0.0,21
25,0.6701240753219233,0.32323359374325045,0.006642330934826246,21
26,0.6429558358969591,0.30326324221713213,0.05378092188590872,21
27,0.6286346680447782,0.28538133397765975,0.08598399797756207,21
28,0.65157697079195,0.2824262241974042,0.06599680501064581,21
29,0.6620753555934464,0.26694039345005405,0.07098425095649952,21
30,0.6760046649984456,0.2943734445540041,0.029621890447550314,21
31,0.6322468758001715,0.3584275845268461,0.009325539672982441,21
32,0.6274959422194514,0.3707025195172799,0.0018015382632687316,21
33,0.6250627499134247,0.34609845222460345,0.028838797861971854,21
34,0.6750438362959705,0.294204064971404,0.030752098732625466,21
35,0.6651542864557289,0.29150762145962517,0.043338092084645896,21
36,0.595473750527366,0.36442102646190666,0.04010522301072739,21
37,0.5799592886065471,0.41825120654059805,0.0017895048528548396,21
38,0.5613195024803888,0.4380631757854767,0.000617321734134535,21
39,0.5550261510369209,0.44496177641774015,1.2072545338970286e-05,21
40,0.5489742505002327,0.44979491825616924,0.0012308312435980184,21
41,0.5675389748355051,0.4324610251644949,0.0,21
42,0.5277138858482344,0.4555597015303781,0.016726412621387465,21
43,0.4348383840052488,0.46656499871350726,0.09859661728124397,21
44,0.38363235997818196,0.4981043767331228,0.1182632632886953,21
45,0.41747786634415623,0.4883100218379343,0.0942121118179094,21
46,0.4997459254591879,0.47347525154791226,0.02677882299289991,21
47,0.5439568485007731,0.4560431514992269,0.0,21
48,0.5308611375691079,0.46620885144982627,0.0029300109810658226,21
49,0.5763656462587594,0.41766061181943837,0.0059737419218022225,21
50,0.6304939745500765,0.2586550066155446,0.11085101883437896,21
1,0.0,0.24,0.76,22
2,0.21583523812407185,0.3298636866157092,0.454301075260219,22
3,0.3851058206043347,0.3742908001830405,0.24060337921262476,22
4,0.48298801799602115,0.3497867243440504,0.16722525765992852,22
5,0.5331358945790681,0.30008356244243495,0.16678054297849698,22
6,0.548028108206461,0.2206588238520532,0.23131306794148582,22
7,0.5425264325112594,0.1383229807528379,0.3191505867359027,22
8,0.4811087680255149,0.1279003759446484,0.39099085602983674,22
9,0.5630381982149997,0.10215728059046553,0.3348045211945348,22
10,0.5865212973683233,0.09756612994547018,0.31591257268620654,22
11,0.5713976828130695,0.1468001298654718,0.28180218732145873,22
12,0.5578320562790071,0.1947145225068957,0.2474534212140972,22
13,0.5575558389154721,0.2063131684979191,0.23613099258660877,22
14,0.6110554651374018,0.20374264835385708,0.1852018865087411,22
15,0.584142978060084,0.22908166146734335,0.18677536047257268,22
16,0.6265855654166211,0.22872056944398567,0.1446938651393932,22
17,0.6200180644742831,0.2639664604553441,0.1160154750703728,22
18,0.6158680331158513,0.29163802664654004,0.09249394023760871,22
19,0.6155471915793842,0.3309975804816052,0.053455227939010586,22
20,0.6310347881739278,0.36621753239414734,0.0027476794319248876,22
21,0.6481362820833722,0.35186371791662785,0.0,22
22,0.6368376259157259,0.3631623740842741,0.0,22
23,0.6207597623367287,0.37682255319858726,0.0024176844646840445,22
24,0.6530355880514125,0.3469644119485875,0.0,22
25,0.6768307211593794,0.32305812137313267,0.00011115746748796562,22
26,0.6477084514205567,0.3143171206433411,0.03797442793610223,22
27,0.6340316385624906,0.29723272189518785,0.06873563954232159,22
28,0.6520364528931853,0.29397413914759973,0.05398940795921492,22
29,0.6619445430913563,0.27395574832998654,0.06409970857865716,22
30,0.6764800063903005,0.30129135104153343,0.02222864256816609,22
31,0.6347886342145637,0.3622834915390665,0.0029278742463698104,22
32,0.6275374274118938,0.37129890819754596,0.0011636643905602595,22
33,0.6287115093209584,0.35462079464579116,0.016667696033250412,22
34,0.6760708660639395,0.30636107405096863,0.017568059885091858,22
35,0.665589835077675,0.3023725368743685,0.03203762804795651,22
36,0.6007047979099269,0.3718578421522964,0.027437359937776684,22
37,0.5805359487177618,0.41807438912251466,0.001389662159723526,22
38,0.5621624904323307,0.43725077706856,0.0005867324991092882,22
39,0.5555236821290864,0.4443890333986612,8.728447225236913e-05,22
40,0.5506305632708904,0.44814527215333555,0.0012241645757740116,22
41,0.5702207359281745,0.42977926407182554,0.0,22
42,0.5373813858062608,0.46081953310129686,0.0017990810924423117,22
43,0.4488205815378559,0.4729586107007978,0.07822080776134632,22
44,0.39681021546695616,0.5059915293780455,0.09719825515499836,22
45,0.4287114740456809,0.49872116385948223,0.07256736209483688,22
46,0.506696194830025,0.483161096438681,0.01014270873129397,22
47,0.544955886701547,0.45504411329845296,0.0,22
48,0.5318741873495794,0.4651496799698106,0.002976132680610033,22
49,0.578315141609813,0.41651115744196526,0.005173700948221727,22
50,0.635128304233585,0.2717698851655182,0.09310181060089671,22
1,0.0,0.24,0.76,23
2,0.21401468169201057,0.3283464332363155,0.45763888507167394,23
3,0.38266033335345306,0.37244103578847726,0.24489863085806968,23
4,0.4812899459777527,0.3495057696488196,0.16920428437342777,23
5,0.5320071142137635,0.2993287089844124,0.16866417680182416,23
6,0.5491224170860328,0.22021653477843378,0.2306610481355334,23
7,0.5447362358746357,0.1398360237672529,0.3154277403581114,23
8,0.48600829857591354,0.1271074011386741,0.3868843002854123,23
9,0.5671010574620048,0.10031713730343553,0.3325818052345597,23
10,0.5945055250509843,0.0952272068623827,0.3102672680866331,23
11,0.5775660800402599,0.14355864958668893,0.27887527037305115,23
12,0.564190653758099,0.191327505934782,0.24448184030711903,23
13,0.5607056368855858,0.206091534469751,0.23320282864466316,23
14,0.6141448073794391,0.2033763812526456,0.1824788113679153,23
15,0.5881497604818468,0.22647044517966142,0.18537979433849183,23
16,0.6347309656754461,0.2279715969825133,0.13729743734204064,23
17,0.6302528528136088,0.2627618306040888,0.10698531658230243,23
18,0.6238377254945622,0.2899354637629324,0.08622681074250543,23
19,0.6241501602750881,0.3280088731012474,0.04784096662366455,23
20,0.6364681733070554,0.3609019339511199,0.00262989274182468,23
21,0.653720708823655,0.34627929117634504,0.0,23
22,0.6435752690130484,0.3564247309869516,0.0,23
23,0.628089691892565,0.36961151043424806,0.002298797673186914,23
24,0.65858006823582,0.34141993176417995,0.0,23
25,0.67993185438107,0.32006814561893004,0.0,23
26,0.6513074249422062,0.32531871798511897,0.023373857072674864,23
27,0.6383710418392987,0.3092869887821596,0.052341969378541686,23
28,0.652001124175567,0.30548511430121517,0.04251376152321784,23
29,0.6612378809586958,0.2817203739492375,0.057041745092066665,23
30,0.6757397236227475,0.3087402979105853,0.015519978466667195,23
31,0.63383003889282,0.3635528519281196,0.0026171091790604395,23
32,0.6272091847986873,0.37207061874474234,0.0007201964565703989,23
33,0.6314305655230957,0.3629663504416636,0.00560308403524068,23
34,0.6767231710788683,0.31848004114080075,0.004796787780330991,23
35,0.6655333204317527,0.31336585743412804,0.021100822134119235,23
36,0.604929917689613,0.37916651135580964,0.01590357095457734,23
37,0.5810752097306636,0.4179323831596296,0.0009924071097067722,23
38,0.5628294520122441,0.43660982706232143,0.0005607209254344658,23
39,0.5557981128025141,0.4440366026816612,0.00016528451582470405,23
40,0.5520724639092791,0.4467339960885481,0.0011935400021728104,23
41,0.5722176150595001,0.4277823849404999,0.0,23
42,0.5396636161220795,0.45962494189498415,0.0007114419829363783,23
43,0.4615756738601646,0.47962262551458323,0.05880170062525214,23
44,0.40943426318648296,0.5140104212471692,0.07655531556634787,23
45,0.4391287620110279,0.5091413098769431,0.05172992811202903,23
46,0.5097207555375839,0.4894807856327118,0.0007984588297043071,23
47,0.5452072767515742,0.4547927232484258,0.0,23
48,0.5325581406400373,0.4644527761123166,0.0029890832476461293,23
49,0.5796906694814226,0.41592424922899357,0.00438508128958387,23
50,0.6379479814116621,0.2854751758855144,0.07657684270282351,23
1,0.0,0.24,0.76,24
2,0.21228002344253183,0.3268444876224399,0.4608754889350283,24
3,0.3803553512396248,0.37060183947551417,0.2490428092848611,24
4,0.4796476885800453,0.3490878013282129,0.17126451009174176,24
5,0.5309229171066601,0.29857704351381564,0.1705000393795243,24
6,0.5501425542883082,0.21990487440856848,0.22995257130312335,24
7,0.5466207397314445,0.14135044410992526,0.3120288161586302,24
8,0.4903658068098269,0.1266861998832214,0.38294799330695173,24
9,0.5701958718383361,0.09902330736510297,0.33078082079656096,24
10,0.601301855794663,0.09328339725707818,0.3054147469482588,24
11,0.5830026281351371,0.14075048957011718,0.2762468822947457,24
12,0.5701756091239172,0.18848192764171495,0.24134246323436787,24
13,0.5633433479657451,0.2061780145193093,0.23047863751494554,24
14,0.6164148247306341,0.2033698134086615,0.18021536186070436,24
15,0.5917784189600459,0.2244758425873476,0.1837457384526065,24
16,0.6414979392130405,0.2281264851964713,0.13037557559048815,24
17,0.6390412070817154,0.26247902250429317,0.09847977041399142,24
18,0.6305880512194361,0.2890699029409884,0.08034204583957555,24
19,0.631570166766853,0.32585442074643717,0.042575412486709874,24
20,0.6408785283337258,0.35660227268520217,0.0025191989810720017,24
21,0.6582247858686272,0.3417752141313728,0.0,24
22,0.64946858181646,0.35053141818353994,0.0,24
23,0.6348504367698268,0.36299686150432753,0.002152701725845696,24
24,0.6632863262401074,0.3367136737598926,0.0,24
25,0.6821897661112447,0.3178102338887553,0.0,24
26,0.65390885489574,0.3360489813962548,0.010042163708005203,24
27,0.6417499023893533,0.32142610860925347,0.036823989001393276,24
28,0.6515665370889073,0.3168909830710393,0.03154247984005337,24
29,0.6601582098876436,0.2900548602328389,0.049786929879517494,24
30,0.6740998623688139,0.3165252424993728,0.009374895131813277,24
31,0.6324420519596615,0.3652451914685194,0.0023127565718190635,24
32,0.6264651907838162,0.3730510237730062,0.00048378544317756456,24
33,0.630164038471522,0.36781573738166473,0.002020224146813243,24
34,0.6742673690954931,0.3257326309045069,0.0,24
35,0.6649603564219035,0.3243389120270272,0.010700731551069265,24
36,0.6083181726435439,0.3863011674205966,0.005380659935859455,24
37,0.5815613102012847,0.4178356316229856,0.0006030581757297537,24
38,0.5633431592899262,0.4361136441476534,0.0005431965624204116,24
39,0.5559889396269765,0.44377713316431766,0.00023392720870585304,24
40,0.5533132641381444,0.44554134636599796,0.0011453894958576294,24
41,0.5735453785664659,0.4264546214335341,0.0,24
42,0.5410550468198887,0.4586714027565419,0.00027355042356941306,24
43,0.47315602395950407,0.4865271002639673,0.04031687577652865,24
44,0.42148590347207704,0.5221508698046697,0.056363226723253224,24
45,0.4485483738791379,0.5194579646943149,0.03199366142654725,24
46,0.5082523426606222,0.4913784848581263,0.0003691724812514563,24
47,0.5446198883153338,0.4553801116846662,0.0,24
48,0.5329525380748789,0.4640876214675854,0.002959840457535723,24
49,0.5804819969851389,0.4159010189815326,0.0036169840333284964,24
50,0.6391922939586451,0.2996488634380312,0.061158842603323736,24
1,0.0,0.24,0.76,25
2,0.21062956423046858,0.32535831714729835,0.4640121186222331,25
3,0.37818208748633525,0.36877318455524355,0.25304472795842115,25
4,0.4780646290954671,0.34854926862515534,0.17338610227937756,25
5,0.529883393526891,0.2978320017498274,0.17228460472328166,25
6,0.5510825045882634,0.21971061699755948,0.22920687841417717,25
7,0.548220257572942,0.14287068495306895,0.308909057473989,25
8,0.4941789102605597,0.12661597397202573,0.37920511576741456,25
9,0.5724654213274271,0.09821254703631095,0.329322031636262,25
10,0.606983464473191,0.09174397719684843,0.3012725583299606,25
11,0.5877216630698535,0.13838720364990742,0.27389113328023906,25
12,0.5757472675393432,0.18616397303249924,0.23808875942815752,25
13,0.5653955747629963,0.20661711791077159,0.22798730732623212,25
14,0.617961704787981,0.20370716979782688,0.17833112541419216,25
15,0.5948429080886687,0.22318229707858658,0.18197479483274473,25
16,0.6469367822188724,0.22915612667801927,0.12390709110310832,25
17,0.6464006766862818,0.2631192909392133,0.09048003237450492,25
18,0.6360711491007819,0.2890460256328606,0.07488282526635753,25
19,0.6377299282940497,0.32455606242678925,0.03771400927916102,25
20,0.6442678975191146,0.3533156394071515,0.0024164630737338877,25
21,0.6616940751793863,0.3383059248206137,0.0,25
22,0.654518788761227,0.34548121123877296,0.0,25
23,0.6409872017094026,0.35702546191405143,0.0019873363765459673,25
24,0.6672023421884976,0.3327976578115024,0.0,25
25,0.6835627871828706,0.31643721281712944,0.0,25
26,0.653532674693446,0.3442955566524137,0.002171768654140316,25
27,0.6441095527005033,0.33356363326758787,0.022326814031908837,25
28,0.6508032870937331,0.32815995488773164,0.021036758018535218,25
29,0.6587998029816319,0.2988418219145487,0.0423583751038194,25
30,0.6717425340949643,0.3245409802963819,0.0037164856086537856,25
31,0.6306381171635373,0.3673399170339493,0.002021965802513348,25
32,0.6253659861437768,0.3742894989370942,0.0003445149191290131,25
33,0.6269841535065961,0.37096557342132885,0.0020502730720750595,25
34,0.6696077823109173,0.33039221768908267,0.0,25
35,0.6637179488130716,0.3350332334480373,0.0012488177388911281,25
36,0.6081190889148889,0.3902091674929158,0.0016717435921953516,25
37,0.5818059130173824,0.4177808750356429,0.0004132119469747453,25
38,0.563756976059372,0.43572336636184855,0.00051965757877942,25
39,0.5561011906769505,0.4436045573868461,0.0002942519362033602,25
40,0.5543304440185963,0.44458351216874853,0.0010860438126551464,25
41,0.5742805736133462,0.42571942638665383,0.0,25
42,0.5418344176059943,0.45816558239400573,0.0,25
43,0.4836165007886889,0.49368307039797055,0.022700428813340556,25
44,0.4329306082390629,0.5304167416576597,0.03665265010327734,25
45,0.4570935586077093,0.5295926787894323,0.013313762602858437,25
46,0.5067499556093433,0.4932500443906567,0.0,25
47,0.5434474903452947,0.4565525096547053,0.0,25
48,0.5330800702127532,0.464020607471064,0.0028993223161828396,25
49,0.580699096403869,0.4164313930205786,0.0028695105755524586,25
50,0.6388465302005101,0.3142916658939657,0.04686180390552423,25
1,0.0,0.24,0.76,26
2,0.209061746629954,0.3238888061446108,0.4670494472254352,26
3,0.376132303096735,0.3669544554394737,0.25691324146379135,26
4,0.47654214862656774,0.3479038866485251,0.17555396472490714,26
5,0.5288882401070754,0.29709591745378916,0.17401584243913548,26
6,0.5519373447004652,0.21962447362788035,0.22843818167165447,26
7,0.5495668520635749,0.14439847424402238,0.30603467369240267,26
8,0.49747956365760265,0.12686013017855313,0.37566030616384427,26
9,0.5740239740619721,0.09782559369322526,0.3281504322448026,26
10,0.6116439046056174,0.09058736897528961,0.297768726419093,26
11,0.5917642130576078,0.13645497642462645,0.2717808105177657,26
12,0.5808803888566644,0.1843480465926926,0.23477156455064302,26
13,0.5669993303439022,0.20735616651212144,0.2256445031439764,26
14,0.6188461468967872,0.2043944654964157,0.1767593876067971,26
15,0.5971732664217114,0.22264395921561833,0.18018277436267024,26
16,0.6511247671237367,0.23099820244517896,0.11787703043108436,26
17,0.652396378445199,0.26461417516285346,0.0829894463919475,26
18,0.6403046352042228,0.28983183731654566,0.06986352747923158,26
19,0.6425975401025009,0.32412027890599404,0.03328218099150504,26
20,0.6466660500030094,0.35101340278386184,0.0023205472131287985,26
21,0.6641760039749481,0.33582399602505186,0.0,26
22,0.6587348654778163,0.34126513452218366,0.0,26
23,0.6464579250078828,0.35173344057340206,0.0018086344187151493,26
24,0.6703536729122527,0.3296463270877473,0.0,26
25,0.6839450421676512,0.3160549578323488,0.0,26
26,0.6492389345061549,0.3487662260454134,0.0019948394484317067,26
27,0.6453610347859787,0.34559252858135914,0.009046436632662136,26
28,0.649788418556188,0.3392577942029207,0.010953787240891355,26
29,0.657245619177808,0.307914276279951,0.03484010454224101,26
30,0.6685566525341773,0.3314433474658227,0.0,26
31,0.628480116993221,0.36973899328428655,0.001780889722492407,26
32,0.6240213759021126,0.3757686087970546,0.00021001530083281095,26
33,0.6237629408276603,0.3741513151296097,0.002085744042730042,26
34,0.6652193866078094,0.33478061339219056,0.0,26
35,0.6596090455606682,0.34039095443933176,0.0,26
36,0.6060049306218215,0.3925234325740523,0.0014716368041262085,26
37,0.5818335517654989,0.41784387272737356,0.0003225755071275538,26
38,0.564113683051728,0.43539844475059664,0.00048787219767532086,26
39,0.5561512582914637,0.44350180316928683,0.00034693853924944174,26
40,0.555127604316188,0.44385431534587194,0.0010180803379400416,26
41,0.5744655570997133,0.42553444290028675,0.0,26
42,0.5419363537750242,0.45806364622497575,0.0,26
43,0.49299928845796187,0.501082807562897,0.005917903979141048,26
44,0.443593922518306,0.5387360520680108,0.017670025413683232,26
45,0.4617869922689361,0.5361808485881019,0.0020321591429619534,26
46,0.5050640779243306,0.4949359220756694,0.0,26
47,0.5418254226438499,0.4581745773561501,0.0,26
48,0.5329367060819843,0.4642467208416255,0.0028165730763902164,26
49,0.5803794510479224,0.41747050607227276,0.0021500428798048032,26
50,0.6373525273964226,0.3291769463900436,0.03347052621353382,26
1,0.0,0.24,0.76,27
2,0.20757547875086155,0.32243498250175384,0.4699895387473846,27
3,0.374193056118241,0.3651465408515491,0.26066040303021,27
4,0.4750926199749529,0.3471666270024804,0.1777407530225667,27
5,0.5279705622954941,0.29636164477717875,0.17566779292732715,27
6,0.5526981543614401,0.2196295015860986,0.2276723440524613,27
7,0.5506759725890886,0.1459281654266689,0.3033958619842425,27
8,0.5003257551118948,0.1273578210166669,0.37231642387143826,27
9,0.5749897348127739,0.09784280369344353,0.3271674614937826,27
10,0.6153093460992718,0.08989599679742329,0.29479465710330494,27
11,0.5951446997947317,0.13495396208095514,0.26990133812431316,27
12,0.5855475114365106,0.18301287278232864,0.23143961578116073,27
13,0.5682295897668007,0.2083541906456425,0.22341621958755678,27
14,0.6191391045936155,0.20541280510895676,0.1754480902974277,27
15,0.5988393430683326,0.2227968428112268,0.17836381412044056,27
16,0.6541457023050967,0.23359028579257113,0.11226401190233215,27
17,0.657080438076269,0.2669114278960888,0.07600813402764217,27
18,0.6433323789788884,0.29137353503573254,0.06529408598537906,27
19,0.6461863289083531,0.32450774600465015,0.029305925086996698,27
20,0.6481495046661114,0.3496214323162941,0.002229063017594457,27
21,0.6657394497522187,0.33426055024778134,0.0,27
22,0.6621188917532119,0.3378811082467881,0.0,27
23,0.6512469149003065,0.34713379244519244,0.0016192926545010589,27
24,0.6727607911374224,0.3272392088625776,0.0,27
25,0.6834827031783481,0.31651729682165186,0.0,27
26,0.6447681737066431,0.3533299954680106,0.00190183082534634,27
27,0.6440902607418654,0.3556609156348672,0.0002488236232674468,27
28,0.648388820242437,0.34994821979575397,0.0016629599618089852,27
29,0.6555327053486067,0.31704774542071446,0.027419549230678797,27
30,0.6636178497178772,0.3363821502821228,0.0,27
31,0.6259596094199029,0.3723312290151174,0.0017091615649796887,27
32,0.622484600421522,0.377437077424669,7.832215380904062e-05,27
33,0.6205760344993219,0.3772979957568313,0.002125969743846823,27
34,0.6611868634540585,0.3388131365459415,0.0,27
35,0.6548687142452343,0.3451312857547657,0.0,27
36,0.6037117920539676,0.3948291133364222,0.0014590946096101898,27
37,0.5817367620549051,0.4180256739626562,0.00023756398243868215,27
38,0.5645130117046171,0.43504212048551,0.0004448678098729064,27
39,0.5561866175517874,0.4434191828446443,0.0003941996035682349,27
40,0.5557442154703225,0.4433149028722223,0.0009408816574552059,27
41,0.5741194465379619,0.4258805534620381,0.0,27
42,0.5412700020477128,0.4587299979522872,0.0,27
43,0.49659409063745513,0.5034059093625449,0.0,27
44,0.4517212175649238,0.5455660687180819,0.0027127137169943305,27
45,0.46110261883227843,0.5372690564103094,0.0016283247574121844,27
46,0.5030505152478766,0.4969494847521234,0.0,27
47,0.5398669493045739,0.4601330506954261,0.0,27
48,0.5325587720797125,0.46472355338168025,0.002717674538607273,27
49,0.579604085626997,0.4189389262042959,0.0014569881687071518,27
50,0.6349158677380837,0.34421083745157505,0.020873294810341135,27
1,0.0,0.24,0.76,28
2,0.20616544219399707,0.3209987961694037,0.4728357616365992,28
3,0.3723569615363238,0.36334967983420857,0.26429335862946773,28
4,0.4737136341377561,0.34634904003638023,0.17993732582586364,28
5,0.5271279903925075,0.2956330273192343,0.17723898228825824,28
6,0.5533655324758906,0.21971581215874225,0.22691865536536715,28
7,0.5515737603963871,0.1474562789989778,0.3009699606046351,28
8,0.5027439789499245,0.12808073048640503,0.3691752905636705,28
9,0.5754542434362669,0.0982264801628864,0.3263192764008467,28
10,0.6180690385172893,0.08964363360995976,0.2922873278727509,28
11,0.5978957050036953,0.13387991448247907,0.2682243805138257,28
12,0.5897281618259718,0.18213687281412838,0.22813496535989986,28
13,0.5690759092170988,0.20959788177187716,0.221326209011024,28
14,0.6189073568900132,0.20675695258402965,0.17433569052595715,28
15,0.5998008243872807,0.2236227601540928,0.17657641545862654,28
16,0.6560398302922961,0.2369220829795444,0.10703808672815954,28
17,0.6605121656019897,0.26996779741425214,0.0695200369837582,28
18,0.6452155153548026,0.29363044419042195,0.06115404045477546,28
19,0.64851143166314,0.32567252741646924,0.025816040920390804,28
20,0.6486375865560194,0.34900890121737116,0.0023535122266094,28
21,0.666392851430774,0.333607148569226,0.0,28
22,0.6646240876934277,0.33537591230657227,0.0,28
23,0.6553024872184952,0.34327434715401717,0.001423165627487677,28
24,0.6744441992933153,0.32555580070668466,0.0,28
25,0.6823074098597086,0.3176925901402914,0.0,28
26,0.6400125586882592,0.3579576156497893,0.0020298256619514787,28
27,0.6383142207558398,0.36138505320616987,0.000300726037990362,28
28,0.6426304035832274,0.3558921628164513,0.0014774336003212651,28
29,0.6535660405803254,0.326074435572377,0.02035952384729761,28
30,0.6589662334625034,0.3410337665374966,0.0,28
31,0.6232569839248505,0.3750816430315886,0.0016613730435608987,28
32,0.6207751952584157,0.37922480474158426,0.0,28
33,0.6174812512066553,0.3803508144585602,0.0021679343347844604,28
34,0.6575459938505848,0.34245400614941524,0.0,28
35,0.6502460880268655,0.34975391197313455,0.0,28
36,0.6014049686815554,0.3971477914335334,0.0014472398849112444,28
37,0.5815086470344702,0.41832811296252465,0.0001632400030051051,28
38,0.5648771254474867,0.4347216963026683,0.00040117824984498007,28
39,0.556269168857403,0.44330523509372977,0.00042559604886727165,28
40,0.5561731332446652,0.44296456512120563,0.0008623016341291478,28
41,0.5733231303145112,0.4266768696854888,0.0,28
42,0.539859760867493,0.460140239132507,0.0,28
43,0.49684900862583004,0.50315099137417,0.0,28
44,0.45218624704655597,0.5451862259425473,0.0026275270108967463,28
45,0.46007402568521605,0.5382854108843836,0.0016405634304003474,28
46,0.5007730729318833,0.49922692706811667,0.0,28
47,0.537645844838987,0.46235415516101297,0.0,28
48,0.5319346081649526,0.4654581885192668,0.0026072033157805707,28
49,0.5783674378065295,0.4208424950797181,0.0007900671137523463,28
50,0.6314314723055503,0.3593983902768464,0.009170137417603245,28
1,0.0,0.24,0.76,29
2,0.2048302621773088,0.319580764847272,0.4755889729754192,29
3,0.3706184898706311,0.3615631874263545,0.2678183227030144,29
4,0.47240238878948615,0.3454623460585164,0.18213526515199746,29
5,0.5263513752794051,0.2949156181177384,0.17873300660285646,29
6,0.553943598485845,0.2198720009566406,0.22618440055751443,29
7,0.5522778012989559,0.14898544002532238,0.29873675867572175,29
8,0.5047537375268469,0.12900993812699968,0.3662363243461534,29
9,0.5754847058906596,0.09893868356588546,0.32557661054345494,29
10,0.6200051797777033,0.08982093390395099,0.29017388631834573,29
11,0.6000365392790337,0.13322399579479205,0.2667394649261743,29
12,0.5934239175563819,0.18167621075205428,0.2248998716915638,29
13,0.5696625510700019,0.21101813320866603,0.21931931572133212,29
14,0.6182053374859224,0.20840988476778585,0.1733847777462917,29
15,0.5999930214315928,0.22512071011450224,0.17488626845390493,29
16,0.6568943239499067,0.24092570192561932,0.10217997412447402,29
17,0.6627681981893282,0.2737192961681554,0.06351250564251643,29
18,0.6460031854253874,0.29654849896135055,0.05744831561326208,29
19,0.6496640180166847,0.32753683021811797,0.022799151765197312,29
20,0.6481730276058125,0.3490683694902306,0.0027586029039568527,29
21,0.6661629216365187,0.3338370783634813,0.0,29
22,0.6662324433173248,0.3337675566826752,0.0,29
23,0.6585937448599481,0.34018186129486816,0.001224393845183691,29
24,0.6754429233062464,0.32455707669375355,0.0,29
25,0.6805227826302775,0.31947721736972245,0.0,29
26,0.6351954591095575,0.36266897529070685,0.0021355655997356005,29
27,0.6325794475835503,0.36705855197594106,0.00036200044050860303,29
28,0.6372034448677149,0.3615258611707336,0.00127069396155155,29
29,0.651481707592562,0.33488905080734344,0.0136292416000946,29
30,0.6546717540930196,0.3453282459069804,0.0,29
31,0.6204429528111738,0.37792043022382543,0.0016366169650007811,29
32,0.6189464908293443,0.3810535091706557,0.0,29
33,0.6145298122604522,0.38326025744760994,0.002209930291937834,29
34,0.6543117395303168,0.34568826046968315,0.0,29
35,0.6458022162170722,0.35419778378292777,0.0,29
36,0.5990942744625845,0.3994658905936069,0.001439834943808671,29
37,0.5811830315842706,0.41872003079618525,9.693761954410185e-05,29
38,0.5652105410968384,0.43443214831521676,0.0003573105879448035,29
39,0.5563842623683023,0.4431717325239554,0.00044400510774228463,29
40,0.556438085794613,0.4427787788308725,0.0007831353745145209,29
41,0.5721546167112141,0.42784538328878585,0.0,29
42,0.5378194428567558,0.46218055714324424,0.0,29
43,0.49669796053997073,0.5033020394600293,0.0,29
44,0.45241334028248403,0.5450479275712662,0.002538732146249778,29
45,0.4589033629499925,0.5394514410831523,0.0016451959668550842,29
46,0.498297304954603,0.501702695045397,0.0,29
47,0.5352371018453661,0.4647628981546339,0.0,29
48,0.531055382451162,0.4664566546473112,0.002487962901526808,29
49,0.5766329210874946,0.42316132531434125,0.00020575359816410455,29
50,0.6263255316871092,0.37367446831289075,0.0,29
1,0.0,0.24,0.76,30
2,0.2035717166523501,0.3181797116118893,0.47824857173576063,30
3,0.3689718904035664,0.3597870972685222,0.2712410123279114,30
4,0.47115175410660093,0.3445181424624376,0.18433010343096146,30
5,0.525631397345294,0.2942136016422183,0.18015500101248771,30
6,0.5544365299243748,0.22008821348423163,0.2254752565913936,30
7,0.5527991711452425,0.15052131054667925,0.29667951830807826,30
8,0.5063615573411092,0.1301332637496544,0.3635051789092364,30
9,0.5751456943995042,0.0999490364097115,0.3249052691907842,30
10,0.6212053116048994,0.09039990295388274,0.2883947854412178,30
11,0.6016063424005542,0.13296691925889606,0.26542673834054975,30
12,0.5966544639360163,0.18156410561921263,0.22178143044477108,30
13,0.5699763513970967,0.21259546157782883,0.2174281870250745,30
14,0.6170942574456861,0.21037017269554315,0.17253556985877072,30
15,0.5994394924877503,0.2272548508640502,0.1733056566481995,30
16,0.6568123861343195,0.24548329961117984,0.09770431425450068,30
17,0.663948547568215,0.2780623733374984,0.05798907909428663,30
18,0.6457751140845939,0.30005982236335643,0.0541650635520497,30
19,0.6497324275648556,0.3300217445292031,0.020245827905941316,30
20,0.6468715401306446,0.34975154068459163,0.003376919184763738,30
21,0.665137186541601,0.33486281345839897,0.0,30
22,0.666982583848814,0.33301741615118596,0.0,30
23,0.6611315995394673,0.3378425693253924,0.001025831135140265,30
24,0.6757972379329261,0.3242027620670739,0.0,30
25,0.678229364189183,0.321770635810817,0.0,30
26,0.6304488225620417,0.3673363244887807,0.0022148529491776148,30
27,0.6269653399184522,0.3726016665159953,0.00043299356555254187,30
28,0.6321417285859141,0.3668101427681451,0.0010481286459407824,30
29,0.649364417713881,0.34339851841493774,0.007237063871181282,30
30,0.6508354800158866,0.34916451998411335,0.0,30
31,0.6175895012700987,0.3807738647421075,0.0016366339877937897,30
32,0.617076202280187,0.382923797719813,0.0,30
33,0.6117695942308072,0.3859777076391064,0.0022526981300863835,30
34,0.6515169487831551,0.34848305121684486,0.0,30
35,0.6416305405584359,0.35836945944156406,0.0,30
36,0.5968030288175561,0.4017565250701324,0.001440446112311533,30
37,0.5807844393229062,0.41917594864141916,3.961203567459659e-05,30
38,0.5655580905417491,0.4341303027169012,0.00031160674134972366,30
39,0.5565638765875867,0.4429859089056548,0.00045021450675852837,30
40,0.5565739527685949,0.44271901428350907,0.0007070329478960358,30
41,0.5707246879075245,0.4292753120924755,0.0,30
42,0.535293695668808,0.464706304331192,0.0,30
43,0.4961821747265615,0.5038178252734384,0.0,30
44,0.45244100510337326,0.5451125911326835,0.002446403763943228,30
45,0.45762791075904913,0.5407277921979426,0.0016442970430082804,30
46,0.49570075727489193,0.5042992427251081,0.0,30
47,0.5327090035808043,0.4672909964191957,0.0,30
48,0.530008930601284,0.4676418720131551,0.0023491973855609416,30
49,0.5742928053329835,0.42570719466701645,0.0,30
50,0.6166757469814592,0.38332425301854084,0.0,30
1,0.0,0.24,0.76,31
2,0.20238519935713412,0.3167964733752149,0.48081832726765095,31
3,0.36741122612156113,0.35802199065885426,0.27456678321958455,31
4,0.4699586825229108,0.34352585794266616,0.1865154595344231,31
5,0.524959205408976,0.29353182433206626,0.18150897025895774,31
6,0.5548474685400567,0.2203580801261229,0.22479445133382037,31
7,0.5531492938351144,0.1520641350017828,0.2947865711631028,31
8,0.5075901175621074,0.13142986113593538,0.3609800213019573,31
9,0.5744851608889965,0.10123057736252933,0.3242842617484742,31
10,0.6217496148180406,0.09135788724019064,0.28689249794176874,31
11,0.6026535768278503,0.1330827802075704,0.2642636429645794,31
12,0.5994365336285522,0.1817577890868515,0.2188056772845963,31
13,0.5699990840246124,0.21432849992739933,0.21567241604798826,31
14,0.6156145336269127,0.21262314122034817,0.17176232515273918,31
15,0.5981523334221015,0.2299853858056498,0.1718622807722487,31
16,0.6558740346062535,0.25049667914211815,0.09362928625162836,31
17,0.6641582124960572,0.28287064542303836,0.05297114208090442,31
18,0.6446126426571795,0.30407581371099845,0.051311543631822,31
19,0.6488999395820841,0.33297632060869287,0.018123739809222994,31
20,0.6450048091520824,0.35094120103610577,0.0040539898118118756,31
21,0.663475007387438,0.33652499261256197,0.0,31
22,0.6669817844333699,0.33301821556663014,0.0,31
23,0.6629449391826057,0.336222734113166,0.0008323267042283367,31
24,0.6755546280164076,0.32444537198359236,0.0,31
25,0.6755426770347095,0.3244573229652905,0.0,31
26,0.6258118103993129,0.3719155519738088,0.0022726376268782933,31
27,0.6215336963014819,0.377955341475305,0.0005109622232130628,31
28,0.6274748266679118,0.3717095350407239,0.000815638291364329,31
29,0.6473323654770677,0.35149575829174806,0.001171876231184199,31
30,0.6474929959878177,0.35250700401218227,0.0,31
31,0.6147733625089691,0.3835703837169635,0.0016562537740674177,31
32,0.6151788045114697,0.38482119548853033,0.0,31
33,0.6092007282652778,0.3885044053213517,0.0022948664133704555,31
34,0.6491199802864958,0.35088001971350424,0.0,31
35,0.6377874161083139,0.3622125838916861,0.0,31
36,0.5945708912422891,0.4039792944475583,0.001449814310152564,31
37,0.5803506525793168,0.41964934742068316,0.0,31
38,0.5660037184851395,0.4337389821910249,0.0002572993238355581,31
39,0.5568027708676746,0.44274897181874007,0.00044825731358533183,31
40,0.5565669695219164,0.44279607273288607,0.0006369577451975084,31
41,0.5690703230801081,0.4309296769198919,0.0,31
42,0.5324040664761461,0.46759593352385387,0.0,31
43,0.4953464947634281,0.5046535052365719,0.0,31
44,0.4522577723654029,0.5453845662524707,0.0023576613821264525,31
45,0.4563222776099073,0.542044225933677,0.0016334964564157506,31
46,0.4930567119827266,0.5069280864374026,1.5201579870782744e-05,31
47,0.5300951779529626,0.46990482204703743,0.0,31
48,0.5287320721961981,0.46905512916409997,0.0022127986397019184,31
49,0.5716249392334722,0.42837506076652776,0.0,31
50,0.6072662054210207,0.3927337945789792,0.0,31
1,0.0,0.24,0.76,32
2,0.20126676715418648,0.3154318912387474,0.48330134160706617,32
3,0.36593237281144014,0.3562674842703512,0.2778001429182087,32
4,0.4688264723205573,0.34249147682853726,0.18868205085090545,32
5,0.5243292301797172,0.29287199139732667,0.1827987784229561,32
6,0.5551753713342454,0.2206741541920849,0.22415047447366968,32
7,0.5533469454173519,0.15360622929618453,0.29304682528646364,32
8,0.5084886683345087,0.13287040970512257,0.3586409219603688,32
9,0.5735461556469073,0.10276057941531813,0.3236932649377746,32
10,0.6217046764729621,0.0926774610822346,0.28561786244480325,32
11,0.6032325484611488,0.13352757415155864,0.26323987738729254,32
12,0.6017899281573482,0.1822120644485716,0.21599800739408018,32
13,0.5697264386143113,0.21619428167261556,0.21407927971307317,32
14,0.613815838539817,0.21514384202661038,0.1710403194335726,32
15,0.5962230987345959,0.2332359075058294,0.1705409937595747,32
16,0.6541729838402158,0.2558679059582092,0.08995911020157499,32
17,0.6635094385355421,0.28803021868152934,0.048460342782928545,32
18,0.6426158137626712,0.3084922312201409,0.048891955017187905,32
19,0.6473491976069461,0.3362608969590659,0.016389905433987995,32
20,0.6428185718778915,0.3525245960430077,0.004656832079100837,32
21,0.66131983346364,0.33868016653636,0.0,32
22,0.6663009668947064,0.3336990331052936,0.0,32
23,0.6640637600716472,0.33528875738943326,0.0006474825389194971,32
24,0.6747762040269782,0.32522379597302176,0.0,32
25,0.6725608630286426,0.3274391369713574,0.0,32
26,0.621392802031084,0.3763004471560005,0.0023067508129154812,32
27,0.6163597572918355,0.38304852849760346,0.0005917142105610895,32
28,0.6231609967638098,0.37614697674969183,0.0006920264864984094,32
29,0.6438027659657524,0.35619723403424763,0.0,32
30,0.6445573348679167,0.35544266513208334,0.0,32
31,0.6120253569443992,0.38628518903237447,0.0016894540232263444,32
32,0.6132824594854082,0.38671754051459184,0.0,32
33,0.6068191657185483,0.3908447760015682,0.0023360582798834795,32
34,0.6470770375493583,0.3529229624506417,0.0,32
35,0.6342847946669302,0.3657152053330698,0.0,32
36,0.5923951337245119,0.40613456548490945,0.001470300790578638,32
37,0.5799114885936668,0.4200885114063332,0.0,32
38,0.5665067400987528,0.43329481514842205,0.0001984447528251554,32
39,0.5570708866603424,0.44248842893091134,0.00044068440874622805,32
40,0.5564487213968574,0.44298028608602114,0.0005709925171214492,32
41,0.567246406475802,0.43275359352419795,0.0,32
42,0.5292913876056926,0.4705641229858119,0.00014448940849548508,32
43,0.49422615690549354,0.5057738430945065,0.0,32
44,0.4518994427660198,0.5458288981703309,0.002271659063649345,32
45,0.4550059098995336,0.5433782049006585,0.0016158851998079315,32
46,0.49043008102920616,0.5094913349911353,7.858397965857893e-05,32
47,0.5274259317520497,0.47257406824795034,0.0,32
48,0.5272617018971848,0.47065418917919666,0.002084108923618544,32
49,0.568779650514691,0.43122034948530896,0.0,32
50,0.5984340311325548,0.4015659688674452,0.0,32
1,0.0,0.24,0.76,33
2,0.20021332687168164,0.31408640847699476,0.48570026465132354,33
3,0.3645304363561381,0.35452470763101457,0.2809448560128473,33
4,0.46774916409190986,0.3414246466260029,0.19082618928208728,33
5,0.5237315285825414,0.2922372390729188,0.18403123234453983,33
6,0.5554236760535848,0.22103181929997318,0.22354450464644204,33
7,0.5534074500011001,0.15514964076585944,0.2914429092330404,33
8,0.5090946727647613,0.134431330327479,0.3564739969077597,33
9,0.5723706353840062,0.10451188184783487,0.3231174827681589,33
10,0.6211399818238972,0.09432978557012726,0.28453023260597554,33
11,0.6033815248816758,0.13427921024394998,0.2623392648743742,33
12,0.6037202979911981,0.18290977997185776,0.21336992203694416,33
13,0.5690778042667314,0.21822033613094763,0.212701859602321,33
14,0.611735286155544,0.21791847488753688,0.17034623895691917,33
15,0.5938412784763852,0.23687485120398694,0.16928387031962783,33
16,0.6518410238153178,0.261458934307913,0.08670004187676916,33
17,0.6621673293095441,0.29337116138006214,0.04446150931039372,33
18,0.6399809159430644,0.3131542851572264,0.04686479889970924,33
19,0.6452193906660065,0.339796570593894,0.014984038740099459,33
20,0.6403766890424742,0.3544821313885873,0.005141179568938448,33
21,0.6587361132184824,0.34126388678151764,0.0,33
22,0.6650260798119988,0.3349739201880012,0.0,33
23,0.6645213522703627,0.3350040451755868,0.0004746025540505183,33
24,0.6735086758097364,0.3264913241902636,0.0,33
25,0.6693708798901928,0.33062912010980716,0.0,33
26,0.6173229424136294,0.38036215045433486,0.0023149071320357484,33
27,0.6115731475777811,0.38774903906655495,0.0006778133556639143,33
28,0.6193796198552111,0.37997158013757854,0.0006488000072104039,33
29,0.6401620922768491,0.35983790772315094,0.0,33
30,0.6420301437647472,0.3579698562352528,0.0,33
31,0.6094077693367825,0.3888597368154886,0.0017324938477288887,33
32,0.6114352718633953,0.3885647281366047,0.0,33
33,0.6046303877924853,0.39299366671362307,0.0023759454938915847,33
34,0.6453444135994075,0.35465558640059247,0.0,33
35,0.6311547495256964,0.3688452504743036,0.0,33
36,0.5902940210767276,0.408202938157851,0.001503040765421404,33
37,0.579494107936187,0.42050589206381295,0.0,33
38,0.5670559785749245,0.4328045175781934,0.00013950384688210526,33
39,0.5574079261513043,0.44216746403686547,0.0004246098118302344,33
40,0.5562520699642898,0.44323712827126727,0.0005108017644429586,33
41,0.5653122490661351,0.4346877509338649,0.0,33
42,0.5260706482419264,0.4736266090519706,0.0003027427061029764,33
43,0.4928839015397781,0.5071160984602219,0.0,33
44,0.4513630337495411,0.5464452545790063,0.002191711671452601,33
45,0.4536763993883556,0.5447288095824785,0.0015947910291659317,33
46,0.4878855856104889,0.5119811577421418,0.00013325664736929532,33
47,0.5247599047800089,0.4752400952199911,0.0,33
48,0.525638921299681,0.47239201651536455,0.0019690621849544065,33
49,0.5658991815184414,0.43410081848155857,0.0,33
50,0.5907008241123377,0.4092991758876623,0.0,33
1,0.0,0.24,0.76,34
2,0.19922286539095854,0.3127593053954845,0.4880178292135569,34
3,0.3632008918184267,0.35279413896856027,0.2840049692130131,34
4,0.46672189230008254,0.34033192114067057,0.1929461865592469,34
5,0.5231619121897005,0.2916280506867514,0.18521003712354805,34
6,0.5555998739571237,0.22142279266239995,0.22297733338047632,34
7,0.5533385582681851,0.1566933492945092,0.2899680924373057,34
8,0.5094293933917107,0.13609560135640209,0.35447500525188724,34
9,0.5709959125228978,0.10645927808898796,0.3225448093881142,34
10,0.6201225882848348,0.09629298730764153,0.2835844244075237,34
11,0.6031320490332341,0.13532927820273907,0.26153867276402676,34
12,0.6052528613358575,0.18380405232576819,0.21094308633837427,34
13,0.568095260305575,0.2203574707878797,0.2115472689065453,34
14,0.6094415149881545,0.22088942174596582,0.16966906326587972,34
15,0.591255589239476,0.24075321088580165,0.16799119987472239,34
16,0.6490205858734551,0.267132932796295,0.08384648133024986,34
17,0.6602853385376269,0.29873979006723733,0.040974871395135726,34
18,0.6368791577110506,0.3179301023486139,0.045190739940335456,34
19,0.6426317069286488,0.3435032512207289,0.013865041850622317,34
20,0.6377242882308447,0.3567742515925313,0.005501460176624007,34
21,0.655796148657187,0.34420385134281295,0.0,34
22,0.6632533418335732,0.3367466581664268,0.0,34
23,0.6643647714903376,0.33531748137710243,0.00031774713255999787,34
24,0.6718311437983018,0.3281688562016982,0.0,34
25,0.6660506594512483,0.3339493405487517,0.0,34
26,0.6136503376810447,0.38405001215304857,0.0022996501659067192,34
27,0.6072430192289766,0.3919886630857851,0.0007683176852382734,34
28,0.6162020544816735,0.38320444996810454,0.000593495550221923,34
29,0.6370310007388092,0.36296899926119075,0.0,34
30,0.639896472857754,0.360103527142246,0.0,34
31,0.6069379713098771,0.3912771202534274,0.0017849084366954315,34
32,0.6096776384959101,0.39032236150408994,0.0,34
33,0.6026487213922771,0.3949390432857234,0.002412235321999523,34
34,0.643864510728635,0.35613548927136496,0.0,34
35,0.6284131366687593,0.3715868633312407,0.0,34
36,0.5882977133742857,0.4101546284779505,0.0015476581477638085,34
37,0.579135453035088,0.42086454696491205,0.0,34
38,0.5676790522294394,0.43223990541232177,8.104235823885864e-05,34
39,0.5578434985885683,0.4417570002254055,0.00039950118602621876,34
40,0.5559979686682225,0.44354381397580633,0.00045821735597117996,34
41,0.5633167858673009,0.43668321413269906,0.0,34
42,0.5227894201524942,0.4767541910657613,0.00045638878174453223,34
43,0.49138983007257875,0.5086101699274213,0.0,34
44,0.4507435733657389,0.547140096990265,0.0021163296439961066,34
45,0.45242390953882083,0.5460090030343893,0.0015670874267899038,34
46,0.4854459942477012,0.514371131623223,0.00018287412907584213,34
47,0.5221255615380992,0.4778744384619008,0.0,34
48,0.5239442899588183,0.47419054645820324,0.0018651635829785018,34
49,0.5630662900391082,0.43693370996089176,0.0,34
50,0.5843289714921717,0.4156710285078282,0.0,34
1,0.0,0.24,0.76,35
2,0.19830464826112915,0.311451319923052,0.4902440318158189,35
3,0.3619357843624076,0.35108489824183264,0.28697931739575977,35
4,0.4657094232603803,0.33923569277994825,0.19505488395967152,35
5,0.5225867654243683,0.2910600010235795,0.1863532335520522,35
6,0.5557134143694702,0.2218416750880949,0.2224449105424349,35
7,0.5531421393904061,0.15823064209445187,0.288627218515142,35
8,0.5094405987930414,0.13789379950164196,0.3526656017053167,35
9,0.569493365508816,0.1085809173185589,0.3219257171726251,35
10,0.6187226144127369,0.09858232097166744,0.2826950646155957,35
11,0.6025237093994207,0.13664437887562292,0.2608319117249564,35
12,0.6064247398997498,0.18484422777518733,0.2087310323250629,35
13,0.5669096171433734,0.22252312795831589,0.2105672548983107,35
14,0.6069894155751506,0.22401019194684804,0.16900039247800133,35
15,0.5885232670296724,0.24481383006870278,0.16666290290162483,35
16,0.6458335933123824,0.27278239026285744,0.08138401642476012,35
17,0.65798222079552,0.3040391562447112,0.03797862295976878,35
18,0.6334326592053164,0.3227332378591159,0.043834102935567665,35
19,0.6397133816302483,0.34731628589630426,0.012970332473447477,35
20,0.6349010944924572,0.35937368225409494,0.00572522325344782,35
21,0.6525509457617228,0.3474490542382772,0.0,35
22,0.6610561384742024,0.3389438615257976,0.0,35
23,0.6636504617977574,0.3361719586219029,0.0001775795803396485,35
24,0.6697963767281061,0.3302036232718939,0.0,35
25,0.6626709021717968,0.3373290978282032,0.0,35
26,0.6103439500882,0.38738743482067733,0.0022686150911226943,35
27,0.6033892998270564,0.39575097792477415,0.0008597222481694922,35
28,0.6136290945293028,0.38584282157023314,0.0005280839004640492,35
29,0.6344305672408307,0.3655694327591693,0.0,35
30,0.6381878582495567,0.3618121417504433,0.0,35
31,0.604669623335524,0.3934863808489089,0.001843995815567101,35
32,0.6080313047328334,0.3919686952671666,0.0,35
33,0.6008918729483955,0.396667833091743,0.0024402939598614504,35
34,0.6425583203611862,0.3574416796388138,0.0,35
35,0.6260596439359616,0.3739403560640384,0.0,35
36,0.58645858548881,0.411942981768715,0.0015984327424749534,35
37,0.5788261818911578,0.42117381810884225,0.0,35
38,0.5683817824257801,0.43159414850193667,2.4069072283250392e-05,35
39,0.5584187644060677,0.44121711856714896,0.00036411702678329494,35
40,0.5557380869220218,0.44384700124032367,0.0004149118376545746,35
41,0.5613556461910683,0.43864435380893174,0.0,35
42,0.5195364170828946,0.4798603157455027,0.0006032671716027505,35
43,0.48978253140677525,0.5102174685932248,0.0,35
44,0.45007125060806796,0.5478845528314569,0.0020441965604751644,35
45,0.4512439010188638,0.5472200536066405,0.0015360453744956981,35
46,0.48313745891957416,0.5166374152712359,0.00022512580918998548,35
47,0.5195335330040851,0.4804664669959149,0.0,35
48,0.5221967558533847,0.47602931108919944,0.0017739330574159107,35
49,0.5603386398510026,0.43966136014899737,0.0,35
50,0.5792327383045843,0.4207672616954158,0.0,35
1,0.0,0.24,0.76,36
2,0.19744645365154084,0.310163946753952,0.49238959959450723,36
3,0.3607358845159552,0.3493970485337589,0.289867066950286,36
4,0.4647267156299115,0.33814133003434443,0.19713195433574404,36
5,0.5220172425181604,0.2905311661075125,0.1874515913743271,36
6,0.555755071116508,0.22227742778048193,0.22196750110301006,36
7,0.5528271563016839,0.1597417555272918,0.2874310881710243,36
8,0.5092155378838439,0.1397967925141997,0.3509876696019564,36
9,0.5678765718247033,0.11089682634598275,0.32122660182931395,36
10,0.6169975004736931,0.10116302106119293,0.28183947846511404,36
11,0.6015974642155915,0.13820197845610616,0.2602005573283024,36
12,0.6072522957303309,0.18601087656367715,0.20673682770599194,36
13,0.5655384530701286,0.22470466129859273,0.20975688563127864,36
14,0.6044277420005773,0.22723613636560022,0.16833612163382253,36
15,0.5857942295719123,0.24895426569766138,0.16525150473042632,36
16,0.6423917228777043,0.27831240822177944,0.07929586890051626,36
17,0.6553631937460513,0.30918076987179216,0.0354560363821565,36
18,0.6297740551646511,0.32747031142082605,0.04275563341452282,36
19,0.6365718096756601,0.35117024783302686,0.012257942491313067,36
20,0.6319793577905973,0.362245842607572,0.0057747996018306935,36
21,0.6490682142383194,0.3509317857616806,0.0,36
22,0.6585150969770704,0.34148490302292955,0.0,36
23,0.6624337987240646,0.3375110172402363,5.5184035699096246e-05,36
24,0.6674561811850415,0.33254381881495854,0.0,36
25,0.6592686380845745,0.3407313619154255,0.0,36
26,0.6073633083593161,0.390408003699435,0.002228687941248919,36
27,0.6000317374590364,0.3990221693334621,0.0009460932075015527,36
28,0.6116220307087881,0.38792118273450354,0.0004567865567083884,36
29,0.6323480550927074,0.3676519449072926,0.0,36
30,0.6368772300374292,0.36312276996257076,0.0,36
31,0.6026364305406593,0.3954571081443011,0.0019064613150396315,36
32,0.6065248573446822,0.3934751426553178,0.0,36
33,0.5993849676488978,0.3981545197705839,0.0024605125805182704,36
34,0.6414553295634797,0.3585446704365203,0.0,36
35,0.6240905054015814,0.3759094945984186,0.0,36
36,0.5848086307210298,0.4135378579826312,0.0016535112963389498,36
37,0.5785969819672578,0.42140301803274216,0.0,36
38,0.5691648812904987,0.4308351187095013,0.0,36
39,0.5590781181204469,0.4405988670938297,0.0003230147857233301,36
40,0.5554516506648621,0.4441677746376455,0.00038057469749236406,36
41,0.5594366771591254,0.4405633228408746,0.0,36
42,0.5163887814749794,0.4828730982801294,0.0007381202448912272,36
43,0.4881032906886576,0.5118967093113425,0.0,36
44,0.44940926248087004,0.5486161024778022,0.001974635041327666,36
45,0.4502079350996354,0.5482938820419799,0.0014981828583846557,36
46,0.48097026488609407,0.5187665062392143,0.0002632288746916567,36
47,0.5169971721663864,0.4830028278336136,0.0,36
48,0.5204435425332404,0.4778601014580955,0.0016963560086640794,36
49,0.5578170330733765,0.4421829669266235,0.0,36
50,0.5754453040950943,0.42455469590490574,0.0,36
1,0.0,0.24,0.76,37
2,0.19668636136162562,0.30889397321144696,0.4944196654269274,37
3,0.35961071459619104,0.3477458348640681,0.2926434505397408,37
4,0.4637314641040152,0.33708531502796635,0.19918322086801843,37
5,0.5214528769112081,0.29004230587772367,0.1885048172110682,37
6,0.5557285249960701,0.22272859595296113,0.2215428790509688,37
7,0.5523998203146726,0.16123283845526132,0.2863673412300661,37
8,0.5087739759260245,0.14178347262277774,0.3494425514511978,37
9,0.5661727691093705,0.1133909313336123,0.32043629955701713,37
10,0.614992347618516,0.10402285305205136,0.28098479932943266,37
11,0.6003898281110526,0.13996995629505382,0.2596402155938936,37
12,0.6077725958649455,0.1872556856876272,0.20497171844742731,37
13,0.564126270193915,0.2268127391200664,0.20906099068601858,37
14,0.6018350600849277,0.23048679640709865,0.16767814350797364,37
15,0.5831323854376559,0.2531052045598538,0.1637624100024903,37
16,0.6388059465240833,0.2836293014270162,0.07756475204890051,37
17,0.6525490437375164,0.31404909036342565,0.033401865899057914,37
18,0.6260363288235989,0.3320588056218958,0.04190486555450523,37
19,0.633326915914015,0.35499859503670717,0.011674489049277814,37
20,0.6290293630446377,0.3653179634792738,0.005652673476088443,37
21,0.6454183189154351,0.3545816810845649,0.0,37
22,0.6556869805122771,0.34431301948772286,0.0,37
23,0.6607705537322609,0.3392294462677391,0.0,37
24,0.6648657652937658,0.33513423470623416,0.0,37
25,0.6559314409807118,0.34406855901928823,0.0,37
26,0.6048423883760474,0.39298479828839034,0.0021728133355622403,37
27,0.5972096024826277,0.4017593963648534,0.0010310011525189178,37
28,0.6101968396395857,0.3894218393845361,0.0003813209758781744,37
29,0.6308104963141073,0.36918950368589265,0.0,37
30,0.6359338341712858,0.3640661658287142,0.0,37
31,0.6008768902080288,0.39715601928143984,0.001967090510531344,37
32,0.6051617564553987,0.3948382435446013,0.0,37
33,0.5981085645174163,0.39941668457962676,0.0024747509029569015,37
34,0.6405503906385719,0.3594496093614281,0.0,37
35,0.6224790718774709,0.37752092812252913,0.0,37
36,0.5833526478276085,0.41493569251263795,0.001711659659753506,37
37,0.5784594169728169,0.4215405830271831,0.0,37
38,0.5700382070207166,0.4299617929792834,0.0,37
39,0.5597951420355273,0.4399244878523011,0.0002803701121716351,37
40,0.5551594792937713,0.44448792672136,0.00035259398486869875,37
41,0.5575756962493897,0.44242430375061026,0.0,37
42,0.5133938874524949,0.48574651307513533,0.0008595994723697431,37
43,0.48640406810299486,0.5135959318970051,0.0,37
44,0.4488002961287369,0.5492927488190451,0.0019069550522179401,37
45,0.44933562519883685,0.5492105109985475,0.0014538638026156958,37
46,0.47894823032125033,0.5207532235253362,0.00029854615341351476,37
47,0.5145317585119333,0.48546824148806667,0.0,37
48,0.5187048386029746,0.47966065409812303,0.00163450729890241,37
49,0.5555680646720643,0.4444319353279357,0.0,37
50,0.5729027773167658,0.42709722268323425,0.0,37
1,0.0,0.24,0.76,38
2,0.19601209520284923,0.30764459569244984,0.4963433091047009,38
3,0.358552166424849,0.34613175326670714,0.295316080308444,38
4,0.4627311798821508,0.3360615313518588,0.20120728876599048,38
5,0.5208905622320752,0.2895919794203253,0.18951745834759953,38
6,0.5556349911583547,0.22319302891173237,0.22117197992991294,38
7,0.551870966711113,0.16270853706649394,0.28542049622239307,38
8,0.5081593587383737,0.14382800759925132,0.348012633662375,38
9,0.5644173746335329,0.11603840215859856,0.3195442232078685,38
10,0.6127669716944781,0.10711619151100908,0.28011683679451277,38
11,0.5989534537012865,0.14189984494953228,0.2591467013491812,38
12,0.6080226144041377,0.1885506279730369,0.20342675762282536,38
13,0.5627621741854812,0.22880753191866446,0.2084302938958543,38
14,0.5992525616032282,0.23374597869047264,0.1670014597062992,38
15,0.5805910987102612,0.25721705206993994,0.1621918492197989,38
16,0.6351609275870088,0.2886635638950493,0.07617550851794186,38
17,0.6496446924839528,0.3185481990361757,0.03180710847987145,38
18,0.6223109120684999,0.33645727300811445,0.04123181492338568,38
19,0.6300674737387135,0.3587560395357745,0.01117648672551197,38
20,0.6261318524379967,0.3685096828931552,0.00535846466884804,38
21,0.6417374850923395,0.3582625149076605,0.0,38
22,0.6526994831313477,0.34730051686865226,0.0,38
23,0.65876281518172,0.34123718481828,0.0,38
24,0.6620815897828142,0.3379184102171858,0.0,38
25,0.6526961945022447,0.3473038054977553,0.0,38
26,0.6028835431227689,0.3950218827203483,0.0020945741568827447,38
27,0.594962374880948,0.40392254367909197,0.001115081439959975,38
28,0.609342835438327,0.3903535588333951,0.000303605728277867,38
29,0.6297954105612634,0.3702045894387366,0.0,38
30,0.6353391660635962,0.3646608339364038,0.0,38
31,0.5994294249623567,0.39854714261710383,0.0020234324205394283,38
32,0.6039883322719062,0.3960116677280938,0.0,38
33,0.5970648756454002,0.40045039995184584,0.002484724402753935,38
34,0.6398359070739724,0.3601640929260276,0.0,38
35,0.6212062093227619,0.37879379067723806,0.0,38
36,0.5821050255607202,0.41612417814878727,0.0017707962904925378,38
37,0.5784197676085293,0.4215802323914707,0.0,38
38,0.5709997785357622,0.4290002214642378,0.0,38
39,0.5605696274724442,0.4391935411397371,0.0002368313878187145,38
40,0.5548761041655005,0.4447923280482817,0.00033156778621779015,38
41,0.5558139365829133,0.44418606341708666,0.0,38
42,0.5106002939513656,0.4884323908455217,0.000967315203112662,38
43,0.48473295538207145,0.5152670446179286,0.0,38
44,0.44833369118223354,0.5498316955283683,0.0018346132893981941,38
45,0.4486266927703594,0.5499664062701178,0.0014069009595227833,38
46,0.477057713548941,0.5226083563014479,0.0003339301496111391,38
47,0.5121673373197461,0.48783266268025394,0.0,38
48,0.5170529748075072,0.4813617626924142,0.0015852625000785658,38
49,0.55364386229684,0.44635613770315996,0.0,38
50,0.5714188400667047,0.4285811599332952,0.0,38
1,0.0,0.24,0.76,39
2,0.19541297022066534,0.306417845009187,0.4981691847701477,39
3,0.35755337851016156,0.34455474261535857,0.2978918788744799,39
4,0.4617299234806266,0.3350664112839065,0.2032036652354669,39
5,0.5203250502172917,0.2891836334091227,0.19049131637358563,39
6,0.5554793691383306,0.22367117281543492,0.22084945804623446,39
7,0.5512451521216616,0.16416767726058568,0.28458717061775274,39
8,0.5073812077550642,0.1459166475254419,0.3467021447194939,39
9,0.5626325747822298,0.11882436068849891,0.3185430645292713,39
10,0.6103603752517722,0.11043143845424275,0.27920818629398503,39
11,0.5973008708802785,0.14400624811106022,0.2586928810086613,39
12,0.6080593732958346,0.18981050479221412,0.2021301219119513,39
13,0.5615431529745487,0.2305938876217198,0.20786295940373148,39
14,0.5967469005403219,0.23697483917297713,0.166278260286701,39
15,0.5782320938184582,0.2612320162526563,0.1605358899288855,39
16,0.6315542669313252,0.2933402056835505,0.07510552738512427,39
17,0.6467373882294403,0.3226316440406925,0.03063096772986723,39
18,0.6187006276797756,0.34058959436844805,0.04070977795177633,39
19,0.6268763462417736,0.36238856192163726,0.010735091836589161,39
20,0.6233389084919644,0.37175665175214084,0.004904439755894774,39
21,0.6380974738624423,0.36186989634311917,3.262979443852121e-05,39
22,0.6496360347756261,0.35036396522437385,0.0,39
23,0.6565052474631335,0.34349475253686645,0.0,39
24,0.6591615878784152,0.34083841212158483,0.0,39
25,0.6496193937373139,0.3503806062626861,0.0,39
26,0.6016318277641706,0.3963837701855633,0.001984402050266121,39
27,0.5933323027963495,0.4054651986997999,0.0012024985038505687,39
28,0.6090827479055404,0.3906956979287969,0.00022155416566271846,39
29,0.6292642763279862,0.3707357236720138,0.0,39
30,0.6350588970875122,0.3649411029124878,0.0,39
31,0.5983068105704225,0.3996197481634435,0.0020734412661340684,39
32,0.6030235493760145,0.39697645062398546,0.0,39
33,0.5962356754759859,0.4012717804889202,0.002492544035093913,39
34,0.6392986822778349,0.36070131772216507,0.0,39
35,0.6202449438974813,0.3797550561025187,0.0,39
36,0.5810746751431303,0.4170976775776978,0.0018276472791719511,39
37,0.5784573519722179,0.4215426480277821,0.0,39
38,0.5720263009552956,0.4279736990447044,0.0,39
39,0.5613965050646043,0.43840972288213154,0.00019377205326420732,39
40,0.5546421502391969,0.4450442499514173,0.00031359980938577836,39
41,0.5541597916015057,0.44584020839849425,0.0,39
42,0.5080573396801484,0.49088272914224745,0.001059931177604112,39
43,0.4831535113108738,0.5168464886891262,0.0,39
44,0.44799942604270854,0.5502399508245703,0.001760623132721184,39
45,0.44805780342896745,0.5505826613517721,0.001359535219260355,39
46,0.4753068852004336,0.5243247079198295,0.00036840687973686376,39
47,0.509924104566636,0.49007589543336405,0.0,39
48,0.5155108405779426,0.48294210748492467,0.0015470519371327263,39
49,0.552038615331904,0.447961384668096,0.0,39
50,0.5709006802578125,0.42909931974218746,0.0,39
1,0.0,0.24,0.76,40
2,0.19488067771124995,0.30521539031593836,0.4999039319728117,40
3,0.35660894173803015,0.34301416553928527,0.3003768927226846,40
4,0.460728263217403,0.33409752316159214,0.20517421362100485,40
5,0.5197505320214957,0.288816326319,0.1914331416595043,40
6,0.5552643547088134,0.2241645724175003,0.2205710728736863,40
7,0.5505293342617272,0.16561466855732865,0.2838559971809441,40
8,0.5064726492454658,0.14802982970525727,0.345497521049277,40
9,0.5608342628826952,0.12172614617019009,0.3174395909471147,40
10,0.6078237508116348,0.11392632588970478,0.2782499232986605,40
11,0.5954753928159131,0.14626431508320065,0.25826029210088625,40
12,0.6079141244875931,0.1910239585211863,0.2010619169912206,40
13,0.560449054584276,0.23219578084919634,0.2073551645665277,40
14,0.5943645713738466,0.2401251927141152,0.16551023591203823,40
15,0.5760735523419904,0.2651186377014867,0.15880780995652288,40
16,0.6280649435742278,0.29759738930454815,0.07433766712122403,40
17,0.6439091869685378,0.326243173553713,0.029847639477749155,40
18,0.6152916811536792,0.34440801422907774,0.0403003046172431,40
19,0.6238338496526915,0.3658455600891434,0.010320590258165119,40
20,0.6206981261047331,0.37500590814662027,0.004295965748646657,40
21,0.6345796375025694,0.3653482029813335,7.215951609707005e-05,40
22,0.6466142527715717,0.3533857472284283,0.0,40
23,0.6540672900097912,0.34593270999020875,0.0,40
24,0.6561537995384038,0.3438462004615962,0.0,40
25,0.646740616186094,0.353259383813906,0.0,40
26,0.6010706861708103,0.39708084849363157,0.0018484653355581582,40
27,0.5923700628666904,0.4063437574208082,0.0012861797125014451,40
28,0.6093930338125992,0.3904681332447683,0.00013883294263244972,40
29,0.629192663611157,0.370807336388843,0.0,40
30,0.6350555174534475,0.36494448254655254,0.0,40
31,0.5974797044473603,0.40040379848757324,0.002116497065066447,40
32,0.6022338327426016,0.39776616725739844,0.0,40
33,0.5955815857834148,0.4019201229244779,0.002498291292107324,40
34,0.6388951646663745,0.3611048353336255,0.0,40
35,0.6195889323571631,0.38041106764283694,0.0,40
36,0.5803067197928076,0.4178162586964772,0.0018770215107152266,40
37,0.5785649374427567,0.4214350625572433,0.0,40
38,0.5730541187473106,0.4269458812526894,0.0,40
39,0.5622344120608306,0.43761313030865656,0.00015245763051285888,40
40,0.5544638579846078,0.4452386284393679,0.0002975135760242553,40
41,0.5526435754288708,0.44735642457112923,0.0,40
42,0.5058035267645914,0.49305730992849056,0.0011391633069180451,40
43,0.481746744238673,0.5182532557613271,0.0,40
44,0.4477974223375043,0.5505113157292617,0.0016912619332339895,40
45,0.44767333910101514,0.5510188322509847,0.0013078286480001644,40
46,0.47370582882452883,0.5258883591552463,0.0004058120202248272,40
47,0.5078545589525398,0.49214544104746016,0.0,40
48,0.5141348918773097,0.4843480818440427,0.0015170262786476374,40
49,0.5507557503750325,0.44924424962496745,0.0,40
50,0.5712113995254142,0.4287886004745859,0.0,40
1,0.0,0.24,0.76,41
2,0.19440523702046422,0.3040395153729397,0.5015552476065961,41
3,0.355714262351814,0.3415093013198574,0.30277643632832857,41
4,0.45973010235301726,0.33315083174244703,0.20711906590453572,41
5,0.5191676766819291,0.288487579556856,0.1923447437612149,41
6,0.5549902705557305,0.22467652747716188,0.22033320196710765,41
7,0.5497288011403649,0.1670517948113014,0.2832194040483337,41
8,0.5054688207784093,0.150148093761347,0.34438308546024377,41
9,0.5590392917973142,0.12471566001514418,0.3162450481875417,41
10,0.6052025920946982,0.11755490299739368,0.27724250490790814,41
11,0.5935313335867193,0.1486256777994109,0.2578429886138698,41
12,0.6076193149607784,0.1921736324439089,0.20020705259531274,41
13,0.5595028551656069,0.23360801617424992,0.20688912866014314,41
14,0.592156661296634,0.2431462032771987,0.16469713542616726,41
15,0.574037038960091,0.26888807184130165,0.1570748891986074,41
16,0.6247561391696197,0.30140192783163233,0.07384193299874797,41
17,0.64123113732127,0.3293486988142647,0.029420163864465276,41
18,0.6121489430340911,0.3478572850693587,0.039993771896550234,41
19,0.6209730012418941,0.36909711636047887,0.009929882397626988,41
20,0.6182733124739415,0.3782128253713133,0.003513862154745251,41
21,0.6312296583653157,0.36867033039483066,0.00010001123985359239,41
22,0.6436683655180485,0.3563316344819515,0.0,41
23,0.6515026402542119,0.3484973597457881,0.0,41
24,0.6531144305796722,0.3468855694203278,0.0,41
25,0.6440782556945405,0.35592174430545953,0.0,41
26,0.6010577037257853,0.3972425925240959,0.0016997037501188528,41
27,0.5920312267594073,0.4066094634571309,0.0013593097834617707,41
28,0.6101909454622662,0.38975103484770746,5.8019690026389625e-05,41
29,0.6295110579656527,0.37048894203434735,0.0,41
30,0.6352797866342714,0.3647202133657286,0.0,41
31,0.5969057694788931,0.4009387809994598,0.002155449521647146,41
32,0.6016407427564585,0.3983592572435415,0.0,41
33,0.5950958286135943,0.40239982061066326,0.0025043507757424033,41
34,0.6386379299855782,0.3613620700144218,0.0,41
35,0.6192101372158014,0.3807898627841986,0.0,41
36,0.5797905562696181,0.41829138342003613,0.0019180603103458038,41
37,0.5787321815303521,0.4212678184696479,0.0,41
38,0.5741244747876074,0.4258755252123926,0.0,41
39,0.5630990159353589,0.43678659516031026,0.00011438890433079774,41
40,0.5543613351697272,0.4453566080406404,0.00028205678963239,41
41,0.5512647901967431,0.4487352098032569,0.0,41
42,0.5037831056871439,0.49500695738962563,0.001209936923230459,41
43,0.48050015964215503,0.519499840357845,0.0,41
44,0.4477574538031824,0.5506203386619279,0.0016222075348897302,41
45,0.44745889866200333,0.5512862847488809,0.0012548165891157481,41
46,0.4722566753031393,0.5272990385598764,0.00044428613698432873,41
47,0.5059401746839617,0.4940598253160383,0.0,41
48,0.5129438588020316,0.4855606211411275,0.0014955200568408378,41
49,0.5498579440569185,0.45014205594308154,0.0,41
50,0.5722419374234885,0.4277580625765114,0.0,41
1,0.0,0.24,0.76,42
2,0.193980118303788,0.30289102706936444,0.5031288546268475,42
3,0.3548638677421024,0.3400394633351479,0.3050966689227498,42
4,0.45873696780677975,0.3322252206417243,0.20903781155149598,42
5,0.5185717759640485,0.2881961833718949,0.19323204066405664,42
6,0.55465820796823,0.22520650996129885,0.2201352820704712,42
7,0.5488585035883957,0.168479523006156,0.2826619734054483,42
8,0.5043982117677256,0.15225842115089636,0.343343367081378,42
9,0.5572506993438945,0.12777271601055162,0.3149765846455539,42
10,0.6025318929310347,0.12128765100403437,0.2761804560649309,42
11,0.5915058650113763,0.15106177826106681,0.25743235672755693,42
12,0.6072025802531212,0.1932528794397449,0.19954454030713387,42
13,0.5586844985384234,0.2348434341036113,0.2064720673579653,42
14,0.5901321342943984,0.24602365236448637,0.16384421334111526,42
15,0.5722068581360291,0.2724689087049313,0.1553242331590396,42
16,0.6216851874296419,0.3047271799054056,0.07358763266495255,42
17,0.6387985195910424,0.33188081992560503,0.02932066048335258,42
18,0.6093523681112731,0.35089306654558566,0.0397545653431412,42
19,0.6183579429692335,0.3721088579417296,0.009533199089036881,42
20,0.6161206809320975,0.3813255214093734,0.002553797658529089,42
21,0.6281059588774819,0.3717771617681645,0.00011687935435361618,42
22,0.6408765299517359,0.35912347004826406,0.0,42
23,0.6488705145652341,0.35112948543476585,0.0,42
24,0.6500966929658698,0.3499033070341302,0.0,42
25,0.6416699592038433,0.3583300407961567,0.0,42
26,0.6016220471464452,0.3968410574422133,0.001536895411341499,42
27,0.5923120433158774,0.40626718392618766,0.0014207727579349516,42
28,0.6114174946440092,0.3885825053559908,0.0,42
29,0.6301625202464672,0.36983747975353276,0.0,42
30,0.6357125109832943,0.3642874890167057,0.0,42
31,0.5965625725625816,0.4012472366213744,0.002190190816043991,42
32,0.601216450462749,0.39878354953725104,0.0,42
33,0.5947716042765868,0.40271962091020413,0.002508774813209047,42
34,0.6385022543546055,0.3614977456453945,0.0,42
35,0.6190649788011151,0.3809350211988849,0.0,42
36,0.5794948185178407,0.41855315181266306,0.001952029669496258,42
37,0.578965251624492,0.42103474837550803,0.0,42
38,0.5752017877146902,0.4247982122853098,0.0,42
39,0.5640420322047812,0.43588447764500915,7.34901502096319e-05,42
40,0.5543520796990647,0.4453790484803118,0.00026887182062346193,42
41,0.5500395636058182,0.4499604363941818,0.0,42
42,0.5019557842460126,0.4967678978792436,0.0012763178747438042,42
43,0.47939836238108385,0.5206016376189162,0.0,42
44,0.4478577475386676,0.550588057710547,0.0015541947507854796,42
45,0.44740102771195966,0.551397760212569,0.001201212075471303,42
46,0.4709685493946771,0.5285482176983012,0.0004832329070216801,42
47,0.5042007292178281,0.4957992707821719,0.0,42
48,0.5119634888300975,0.48655435920098544,0.0014821519689171003,42
49,0.5493692878207092,0.45063071217929085,0.0,42
50,0.5738321318819027,0.4261678681180972,0.0,42
1,0.0,0.24,0.76,43
2,0.19359758906052055,0.3017708710892982,0.5046315398501813,43
3,0.3540538130174322,0.3386039524799173,0.30734223450265047,43
4,0.4577497629480905,0.33131854580465453,0.21093169124725503,43
5,0.517965229971685,0.28793884811136844,0.19409592191694652,43
6,0.5542702500497328,0.22575446489122747,0.21997528505903968,43
7,0.5479265094288727,0.16989679835559507,0.28217669221553227,43
8,0.5032836643293569,0.15435065472503148,0.3423656809456116,43
9,0.5554880730824421,0.1308779024007167,0.3136340245168412,43
10,0.5998500991242491,0.12508518615612915,0.2750647147196217,43
11,0.5894293919083878,0.15355180574173086,0.2570188023498813,43
12,0.6066800573551434,0.19426234733153502,0.19905759531332157,43
13,0.5579048847931177,0.23593881142438325,0.20615630378249902,43
14,0.5883233067748089,0.24871548140828523,0.16296121181690584,43
15,0.5706522682621045,0.27581499900168427,0.15353273273621126,43
16,0.6188905496818521,0.3075522202677894,0.07355723005035852,43
17,0.6366580988733573,0.3338332036935264,0.029508697433116238,43
18,0.6069639872125489,0.35347757690469234,0.03955843588275881,43
19,0.6160435295060811,0.37485542414773504,0.009101046346183861,43
20,0.6142610609529094,0.38430565633926517,0.0014332827078253896,43
21,0.6252502816814278,0.3746260490399703,0.00012366927860185672,43
22,0.6383013792211685,0.3616986207788315,0.0,43
23,0.6462286727860729,0.3537713272139271,0.0,43
24,0.6471343461441029,0.3528656538558971,0.0,43
25,0.639526442329926,0.36047355767007405,0.0,43
26,0.6026814864258476,0.39595293497582396,0.0013655785983284208,43
27,0.5931481024883373,0.40538318995061934,0.001468707561043392,43
28,0.6129888697716954,0.3870111302283046,0.0,43
29,0.6311083106550797,0.36889168934492034,0.0,43
30,0.6363402294756316,0.3636597705243684,0.0,43
31,0.5964387529633207,0.4013403768629956,0.0022208701736836645,43
32,0.6009546799246842,0.3990453200753158,0.0,43
33,0.5945998949924847,0.4028891605245457,0.0025109444829696237,43
34,0.6384639997196785,0.3615360002803215,0.0,43
35,0.6191065861889067,0.3808934138110933,0.0,43
36,0.5793860429575515,0.41863481888340237,0.0019791381590461565,43
37,0.5792482629071194,0.4207517370928806,0.0,43
38,0.5762661134537733,0.4237338865462267,0.0,43
39,0.5650654706446898,0.43490533650083973,2.9192854470450058e-05,43
40,0.5544486849250145,0.44529206598600496,0.0002592490889805066,43
41,0.54901688098495,0.45098311901504995,0.0,43
42,0.5003562190421695,0.4983043236652438,0.0013394572925866655,43
43,0.4784847029511222,0.5215152970488778,0.0,43
44,0.44805559413172147,0.5504528151511883,0.0014915907170902631,43
45,0.44745829965412764,0.5513908991990386,0.0011508011468337465,43
46,0.4698770281132095,0.5296051997880512,0.0005177720987392664,43
47,0.5026511985470759,0.49734880145292415,0.0,43
48,0.5112400095211105,0.48729109253102487,0.0014688979478646447,43
49,0.5492067794524382,0.45079322054756177,0.0,43
50,0.5758896222887578,0.4241103777112421,0.0,43
1,0.0,0.24,0.76,44
2,0.19325288890386377,0.30067850682778896,0.5060686042683472,44
3,0.3532785959420013,0.3372026155121568,0.3095187885458419,44
4,0.4567706873242687,0.33043042343822443,0.21279888923750684,44
5,0.5173529858552612,0.28771091709005375,0.194936097054685,44
6,0.5538305467371549,0.226319276816146,0.21985017644669907,44
7,0.5469443128993926,0.1713024011640859,0.2817532859365215,44
8,0.5021564021861136,0.1564112712608347,0.3414323265530517,44
9,0.5537663939096329,0.13401405582007553,0.3122195502702916,44
10,0.5971810990754413,0.12892079313328314,0.2738981077912756,44
11,0.5873290331833602,0.15607511380007413,0.25659585301656573,44
12,0.6060694616898884,0.19520627832374038,0.19872425998637122,44
13,0.5570872982147476,0.23691818697161598,0.20599451481363645,44
14,0.5867536035427802,0.25120341850485817,0.16204297795236167,44
15,0.5694154897267504,0.2788900466144945,0.1516944636587551,44
16,0.6163966862419733,0.30987691261193984,0.07372640114608686,44
17,0.6348109013546231,0.33524351836183847,0.029945580283538387,44
18,0.6049932959674518,0.355620421972036,0.0393862820605122,44
19,0.6140707303514867,0.37730412231650934,0.008625147332003924,44
20,0.6123630298057418,0.38663573224702014,0.0010012379472381094,44
21,0.6226923686506326,0.37716041344131856,0.0001472179080488356,44
22,0.6359660656565005,0.3640339343434995,0.0,44
23,0.6436248896808145,0.35637511031918545,0.0,44
24,0.6442668185592145,0.3557331814407855,0.0,44
25,0.6376554251981298,0.3623445748018702,0.0,44
26,0.6041572010208479,0.39465256608967847,0.0011902328894736192,44
27,0.5944636346330388,0.4040334680165323,0.0015028973504289667,44
28,0.6148280152538091,0.38517198474619085,0.0,44
29,0.6322650228199699,0.3677349771800301,0.0,44
30,0.637078573109407,0.36292142689059304,0.0,44
31,0.5965491511282034,0.40120906624676905,0.002241782625027555,44
32,0.600855381647551,0.39914461835244897,0.0,44
33,0.5945646325218976,0.40292298885886646,0.002512378619235922,44
34,0.6385214557809619,0.36147854421903813,0.0,44
35,0.6193085815805333,0.38069141841946674,0.0,44
36,0.5794567368384206,0.41854382174509513,0.001999441416484282,44
37,0.5795937204259939,0.4204062795740061,0.0,44
38,0.577307502986243,0.422692497013757,0.0,44
39,0.5661266463972726,0.4338733536027274,0.0,44
40,0.5546523641553576,0.44509679970977745,0.00025083613486498457,44
41,0.5481948046107422,0.4518051953892578,0.0,44
42,0.49902118704736353,0.49958002197410856,0.0013987909785279085,44
43,0.47782338905454314,0.5221766109454569,0.0,44
44,0.4484007690200487,0.5501673666568719,0.0014318643230794015,44
45,0.4476154354471429,0.5512776370148343,0.0011069275380227728,44
46,0.4689686526346937,0.5304843249988389,0.0005470223664674201,44
47,0.5012623171515923,0.4987376828484077,0.0,44
48,0.5107577157619663,0.4877868961876125,0.0014553880504212247,44
49,0.5493608753807651,0.45063912461923494,0.0,44
50,0.5783632457324154,0.42163675426758457,0.0,44
1,0.0,0.24,0.76,45
2,0.19293873036011672,0.29961477731507846,0.5074464923248049,45
3,0.35253238409647736,0.335835523768752,0.31163209213477067,45
4,0.45580246284219217,0.32956001850411853,0.2146375186536893,45
5,0.5167335136562419,0.28751100213605674,0.1957554842077014,45
6,0.5533404104945325,0.22690039876588955,0.21975919073957792,45
7,0.5459234772278557,0.17269341899366614,0.28138310377847814,45
8,0.5010417968405861,0.15842769227665568,0.3405305108827582,45
9,0.5520954319171552,0.13716580258113165,0.3107387655017132,45
10,0.594553361833877,0.13276241686591747,0.27268422130020553,45
11,0.5852468361527906,0.15859896821853942,0.25615419562867,45
12,0.6053883290988971,0.19608259431673508,0.19852907658436786,45
13,0.5561962984193322,0.23779994768331625,0.2060037538973516,45
14,0.5854297130711954,0.2534773598658253,0.16109292706297929,45
15,0.5684541301843541,0.2816970924367137,0.1498487773789322,45
16,0.6142240474630337,0.3117156706536541,0.0740602818833122,45
17,0.6332453685070831,0.3361740488113906,0.030580582681526247,45
18,0.6034232897346333,0.35734931856699365,0.039227391698373026,45
19,0.6124309232669898,0.37943152941231356,0.008137547320696659,45
20,0.6106086908710329,0.38843564585351437,0.0009556632754527672,45
21,0.620441067244459,0.3793780129506411,0.00018091980489987058,45
22,0.6338918397158826,0.3661081602841174,0.0,45
23,0.6411031949477785,0.35889680505222155,0.0,45
24,0.6415470205252547,0.3584529794747453,0.0,45
25,0.6360545551962873,0.3639454448037127,0.0,45
26,0.6058813308482549,0.39309562066367776,0.0010230484880673352,45
27,0.5961690762615697,0.40231087526445175,0.0015200484739785747,45
28,0.6168577911544565,0.3831422088455435,0.0,45
29,0.6335666857594762,0.36643331424052383,0.0,45
30,0.6378983979332963,0.3621016020667037,0.0,45
31,0.5968557034330232,0.4008901683229491,0.002254128244027709,45
32,0.6008955738133039,0.39910442618669606,0.0,45
33,0.5946548122297229,0.40283266163011455,0.0025125261401625076,45
34,0.638664573449393,0.361335426550607,0.0,45
35,0.6196374913228898,0.3803625086771102,0.0,45
36,0.5796617605544782,0.4183223865929874,0.0020158528525344166,45
37,0.5800030868367545,0.4199969131632455,0.0,45
38,0.5783365076808712,0.4216634923191288,0.0,45
39,0.5671717703341012,0.43282822966589884,0.0,45
40,0.5549417751648523,0.44481519533966385,0.00024302949548382635,45
41,0.5475723699052804,0.45242763009471965,0.0,45
42,0.49796152304086405,0.5005847513429349,0.0014537256162010515,45
43,0.4774251885004698,0.5225748114995302,0.0,45
44,0.44888047599882264,0.5497423130593961,0.0013772109417812262,45
45,0.44787998233279874,0.5510521980854517,0.0010678195817495073,45
46,0.46823588030176666,0.5311917178510702,0.0005724018471631176,45
47,0.5000398152139964,0.49996018478600357,0.0,45
48,0.5104685735041767,0.4880902949821901,0.001441131513633176,45
49,0.5497199620670201,0.4502800379329799,0.0,45
50,0.5811553717471796,0.4188446282528203,0.0,45
1,0.0,0.24,0.76,46
2,0.19262321383747597,0.2985903703556874,0.5087864158068367,46
3,0.35177097738477614,0.33451393216795533,0.31371509044726853,46
4,0.4548254989438452,0.3287117571100997,0.21646274394605514,46
5,0.5160926750746548,0.28733683774396385,0.19657048718138131,46
6,0.5527703824240219,0.22751212102076573,0.2197174965552124,46
7,0.5448588890284844,0.17409415083072763,0.2810469601407879,46
8,0.5000676786066113,0.16032890603874855,0.33960341535464017,46
9,0.5505088748789198,0.14027529817822906,0.3092158269428512,46
10,0.5919879465437297,0.13655465948115614,0.2714573939751142,46
11,0.5832794178438584,0.16105138095037858,0.25566920120576303,46
12,0.6045986141323622,0.19690921993489774,0.1984921659327401,46
13,0.5553615750317841,0.23848918537146024,0.20614923959675568,46
14,0.5843096678634015,0.2555563801209726,0.16013395201562586,46
15,0.5677687982889278,0.2841828437312401,0.14804835797983212,46
16,0.612396448677368,0.31307048330443255,0.07453306801819948,46
17,0.6319523162605438,0.3366735930997643,0.031374090639691876,46
18,0.6023418212588311,0.35860222754274307,0.039055951198425864,46
19,0.6111476736558711,0.38119131555944613,0.007661010784682787,46
20,0.609228830528851,0.3898613615137716,0.0009098079573773843,46
21,0.6185724057321076,0.38121697899473106,0.00021061527316135198,46
22,0.6321282863985909,0.36787171360140913,0.0,46
23,0.6387407845581763,0.3612592154418237,0.0,46
24,0.639042952844982,0.360957047155018,0.0,46
25,0.6347220025895335,0.3652779974104665,0.0,46
26,0.6077639080960586,0.39136682428194813,0.0008692676219932416,46
27,0.5981911660424489,0.40029276461814645,0.0015160693394046243,46
28,0.6189398107769318,0.38106018922306817,0.0,46
29,0.6349085454813003,0.36509145451869973,0.0,46
30,0.6386909068089183,0.36130909319108173,0.0,46
31,0.597376420588129,0.4003748376089897,0.0022487418028813155,46
32,0.6010367704249663,0.3989632295750337,0.0,46
33,0.5949168563769883,0.4025833679630134,0.00249977565999826,46
34,0.6387924555289755,0.36120754447102454,0.0,46
35,0.6200364723306013,0.37996352766939867,0.0,46
36,0.5800181202941953,0.4179594551137211,0.0020224245920835715,46
37,0.5804482600994606,0.4195517399005394,0.0,46
38,0.5793054287284688,0.4206945712715312,0.0,46
39,0.5681242086581775,0.4318757913418225,0.0,46
40,0.5552868678857604,0.44447937786790614,0.00023375424633342856,46
41,0.5471246120400127,0.4528753879599873,0.0,46
42,0.49724697532326334,0.5012571321886571,0.0014958924880796125,46
43,0.47728718836810596,0.522712811631894,0.0,46
44,0.44954261805808937,0.5491317809056954,0.0013256010362152626,46
45,0.4483100684723773,0.5506591918645608,0.001030739663061886,46
46,0.46769231214790286,0.5317109637595111,0.0005967240925860429,46
47,0.49900903767514854,0.5009909623248514,0.0,46
48,0.5104415638336436,0.48813810919518097,0.0014203269711754452,46
49,0.550280629415648,0.44971937058435196,0.0,46
50,0.5841490853121002,0.41585091468789975,0.0,46
1,0.0,0.24,0.76,47
2,0.19205194405523413,0.2976935969216358,0.5102544590231302,47
3,0.35061993675915143,0.3333435881470593,0.31603647509378935,47
4,0.4536399410165411,0.32793755542716574,0.21842250355629322,47
5,0.515326467388159,0.2871869783100555,0.19748655430178547,47
6,0.5518342494583659,0.22829321572057582,0.21987253482105829,47
7,0.5436280603614175,0.1757159119111253,0.2806560277274572,47
8,0.5002614957392734,0.16149369320636914,0.3382448110543575,47
9,0.5492075910769342,0.14293297424819562,0.3078594346748702,47
10,0.5895014853103522,0.13998658506323586,0.27051192962641196,47
11,0.5820540960923728,0.16301177412979076,0.25493412977783647,47
12,0.60324003821952,0.19785601984436113,0.19890394193611888,47
13,0.5554849930816657,0.2383502214842285,0.20616478543410585,47
14,0.5831324689933789,0.2573974175984006,0.15947011340822048,47
15,0.5679833128987042,0.28564704816074776,0.14636963894054805,47
16,0.610953991169075,0.3139157170312154,0.07513029179970959,47
17,0.6306659576500597,0.3371036143680615,0.03223042798187875,47
18,0.6021826105520368,0.3590217754901974,0.03879561395776576,47
19,0.6102680785409664,0.38228945254785557,0.007442468911178002,47
20,0.6085698709335333,0.3905704169771968,0.0008597120892698817,47
21,0.6174150690933659,0.3823532859044333,0.00023164500220085316,47
22,0.6308931672972153,0.36910683270278466,0.0,47
23,0.6369027416057464,0.36309725839425355,0.0,47
24,0.6371474584097956,0.3628525415902044,0.0,47
25,0.6336431395848995,0.3663568604151005,0.0,47
26,0.6096690829428646,0.3895936093851785,0.0007373076719568994,47
27,0.6004411797399681,0.398089692138673,0.0014691281213588536,47
28,0.6205958389642489,0.37940416103575114,0.0,47
29,0.635878660307677,0.36412133969232297,0.0,47
30,0.6388868767460207,0.36111312325397926,0.0,47
31,0.5985470122659716,0.39930440144196844,0.0021485862920599397,47
32,0.6011788736271214,0.3988211263728786,0.0,47
33,0.5959036224715036,0.4017120262668953,0.002384351261601081,47
34,0.6383153965479084,0.36168460345209164,0.0,47
35,0.6202061102804206,0.3797938897195794,0.0,47
36,0.5809558159757766,0.41708890761092543,0.001955276413297957,47
37,0.5808110499370928,0.41918895006290724,0.0,47
38,0.5798808302188277,0.42011916978117225,0.0,47
39,0.5688434126429961,0.4311565873570039,0.0,47
40,0.5556876414296718,0.44411422654303023,0.0001981320272980147,47
41,0.546494510762309,0.45350548923769096,0.0,47
42,0.4973238350236575,0.5012192346078321,0.0014569303685103563,47
43,0.4772917666552148,0.5227082333447852,0.0,47
44,0.45061205101496404,0.5481314789924957,0.0012564699925402545,47
45,0.4490617352255193,0.5499356583925957,0.0010026063818850222,47
46,0.4675635470737744,0.5318320624869941,0.0006043904392314392,47
47,0.4981531677066585,0.5018468322933415,0.0,47
48,0.5110175648626926,0.487632800255819,0.0013496348814884263,47
49,0.5508746596484957,0.4491253403515043,0.0,47
50,0.5867551114209153,0.41324488857908476,0.0,47
1,0.0,0.24,0.76,48
2,0.191220783347777,0.2969191501440916,0.5118600665081314,48
3,0.34908926638007887,0.3323094240018829,0.31860130961803823,48
4,0.4522442409591234,0.3272296917356466,0.22052606730523,48
5,0.514417318028705,0.28707333319348277,0.19850934877781218,48
6,0.5505629653701554,0.22922865356234026,0.22020838106750437,48
7,0.5423083035517318,0.1774926249150609,0.28019907153320733,48
8,0.5014788892542487,0.1620470510855582,0.33647405966019317,48
9,0.5481943524131236,0.14511048262026024,0.3066951649666161,48
10,0.5871504931563509,0.14298818662298046,0.2698613202206686,48
11,0.5814622673031997,0.16455592940410638,0.25398180329269393,48
12,0.6014420504914106,0.19886343174411555,0.1996945177644738,48
13,0.5564357376115757,0.23760600061405013,0.20595826177437415,48
14,0.5819124496792312,0.2589482258256551,0.15913932449511375,48
15,0.5688312104155634,0.2863180557950848,0.14485073378935182,48
16,0.6097978583990047,0.31443070934681455,0.07577143225418076,48
17,0.6293058539355515,0.3376038643702959,0.03309028169415262,48
18,0.6026772229820533,0.3588820015685609,0.03844077544938579,48
19,0.6097125252702216,0.38279057848968884,0.00749689624008959,48
20,0.60846664345839,0.3907198470002552,0.0008135095413548399,48
21,0.6168476665252208,0.382910163996977,0.00024216947780214548,48
22,0.6300720791480953,0.36992792085190473,0.0,48
23,0.6355621658770789,0.3644378341229211,0.0,48
24,0.6357979319292884,0.36420206807071165,0.0,48
25,0.6327534262235297,0.3672465737764703,0.0,48
26,0.611420819478328,0.38794726846546423,0.0006319120562077174,48
27,0.60272645385728,0.39588609260980967,0.0013874535329103654,48
28,0.6217811588944387,0.37821884110556125,0.0,48
29,0.6364393733059107,0.3635606266940893,0.0,48
30,0.638560772412963,0.36143922758703695,0.0,48
31,0.6001661753001724,0.3978558087516382,0.001978015948189471,48
32,0.6013318971511722,0.3986681028488278,0.0,48
33,0.5974378357845759,0.40037397182758183,0.0021881923878422915,48
34,0.6373076221748254,0.3626923778251746,0.0,48
35,0.6201242743917443,0.37987572560825567,0.0,48
36,0.5823343243225393,0.41583749919318624,0.0018281764842744685,48
37,0.5811079039388237,0.4188796120497879,1.248401138836952e-05,48
38,0.5801311637828757,0.41986883621712434,0.0,48
39,0.5692961413330597,0.4307038586669403,0.0,48
40,0.5560523343053599,0.44380495378190954,0.00014271191273051986,48
41,0.545662765532271,0.454337234467729,0.0,48
42,0.4979743226231931,0.5006702392480229,0.0013554381287840256,48
43,0.4773946422897963,0.5226053577102037,0.0,48
44,0.4519161399286262,0.5469038456242069,0.001180014447166866,48
45,0.45003792651079266,0.5489822414197356,0.00097983206947172,48
46,0.46775635448239355,0.5316452565856122,0.0005983889319942648,48
47,0.4974425610938787,0.5025574389061214,0.0,48
48,0.5119864920462629,0.48676932850942456,0.0012441794443125431,48
49,0.5514140118848987,0.4485859881151013,0.0,48
50,0.5888089484902452,0.41119105150975466,0.0,48
1,0.0,0.24,0.76,49
2,0.1901257461429727,0.29626153360325214,0.5136127202537751,49
3,0.34719099994930686,0.3313972972826882,0.321411702768005,49
4,0.45063833215845434,0.3265829112832072,0.2227787565583384,49
5,0.5133493933420301,0.28700654990806695,0.19964405674990293,49
6,0.5489866346556793,0.23030423848504808,0.2207091268592726,49
7,0.5409614622476266,0.1793713400643823,0.2796671976879911,49
8,0.5035948745119719,0.16209015263575832,0.33431497285226974,49
9,0.5474630093308951,0.1467924282322528,0.3057445624368521,49
10,0.5849608560738899,0.14552763064232818,0.26951151328378187,49
11,0.5814044332714972,0.1657532149600287,0.25284235176847414,49
12,0.5993077684866743,0.19989174343979313,0.20080048807353254,49
13,0.558096281262335,0.23642674277625372,0.20547697596141126,49
14,0.5806589258338423,0.26018782933147616,0.15915324483468157,49
15,0.5700033435210348,0.286418744399272,0.14357791207969323,49
16,0.6088054152942939,0.31479757615304704,0.07639700855265907,49
17,0.6278186264714728,0.3382752717948955,0.03390610173363168,49
18,0.6036155845516128,0.35840708752148914,0.037977327926898063,49
19,0.6093643681738307,0.3827872680398812,0.007848363786288115,49
20,0.6087724756031574,0.3904532369947226,0.0007742874021199886,49
21,0.6167199933660715,0.3830371734996587,0.00024283313426975983,49
22,0.6295241738143813,0.3704758261856187,0.0,49
23,0.6346612644907375,0.36533873550926255,0.0,49
24,0.6349171449574234,0.36508285504257665,0.0,49
25,0.6319860814098152,0.36801391859018484,0.0,49
26,0.6129220280975107,0.3865253118715653,0.0005526600309239682,49
27,0.6049111754036863,0.39380868595413165,0.001280138642182016,49
28,0.6225030955535025,0.3774969044464975,0.0,49
29,0.636578048234185,0.36342195176581504,0.0,49
30,0.6377656973508791,0.36223430264912093,0.0,49
31,0.6020713392628334,0.3961724119170634,0.0017562488201031679,49
32,0.601501957576852,0.398498042423148,0.0,49
33,0.5993595023672308,0.39870938761242625,0.0019311100203429632,49
34,0.6358392475644681,0.3641607524355319,0.0,49
35,0.6197790846101416,0.38022091538985836,0.0,49
36,0.5840310537638433,0.41431537446443256,0.0016535717717240939,49
37,0.581354458352027,0.4185736428387597,7.189880921326663e-05,49
38,0.5801158391244761,0.41988416087552394,0.0,49
39,0.5695249821611585,0.43047501783884146,0.0,49
40,0.5563301487706603,0.44359569362936474,7.415759997492222e-05,49
41,0.5446184673796605,0.45538153262033954,0.0,49
42,0.49901562183082593,0.4997776600538862,0.0012067181152878859,49
43,0.477547138587749,0.522452861412251,0.0,49
44,0.4533610274361716,0.5455379156754685,0.0011010568883598193,49
45,0.45119605405179,0.5478452347756606,0.0009587111725494202,49
46,0.4682053041183969,0.5312127271186339,0.0005819687629692316,49
47,0.49685392944438833,0.5031460705556117,0.0,49
48,0.5132038238840764,0.4856819116782032,0.001114264437720447,49
49,0.5518390070781738,0.4481609929218262,0.0,49
50,0.5902033401096899,0.4097966598903102,0.0,49
1,0.0,0.24,0.76,50
2,0.18876850365529546,0.2957139545912048,0.5155175417534996,50
3,0.34493746053394675,0.33059534722144956,0.32446719224460363,50
4,0.44882273126034766,0.32599358679781226,0.22518368194184007,50
5,0.512115440171055,0.28698894487978927,0.2008956149491557,50
6,0.5471329508320116,0.23150015866187554,0.22136689050611283,50
7,0.5396340169649083,0.18131785040061216,0.27904813263447953,50
8,0.5065157740474733,0.16170964136709481,0.3317745845854319,50
9,0.5469920534993797,0.14798158030841949,0.3050263661922008,50
10,0.582941518153713,0.14757898435059635,0.26947949749569067,50
11,0.581811352230161,0.16663088382729352,0.2515577639425455,50
12,0.5969139284033373,0.20093844158531932,0.20214763001134334,50
13,0.5603313184056826,0.23497737545762215,0.20469130613669523,50
14,0.5793643477516104,0.26108561135941527,0.15955004088897434,50
15,0.5716142395584172,0.28595852153899654,0.1424272389025863,50
16,0.6078885203679045,0.3151461993696118,0.07696528026248367,50
17,0.6261270425086639,0.3392207449944638,0.03465221249687228,50
18,0.6048064895020852,0.3577716744175091,0.037421836080405724,50
19,0.6091323446913178,0.38236853920864533,0.008499116100036841,50
20,0.6092847382595717,0.3898626927443938,0.0008525689960344751,50
21,0.6168917196479891,0.38287109575811074,0.00023718459390020818,50
22,0.6291296579929766,0.3708703420070234,0.0,50
23,0.6341299204356533,0.3658700795643467,0.0,50
24,0.6344295002365427,0.36557049976345735,0.0,50
25,0.6312880873141251,0.3687119126858749,0.0,50
26,0.6140998747258908,0.3854015238913688,0.0004986013827404379,50
27,0.6068836897924658,0.39195967120202485,0.0011566390055093856,50
28,0.622800284969229,0.377199715030771,0.0,50
29,0.6363045586436058,0.3636954413563942,0.0,50
30,0.6365442195706892,0.3634557804293108,0.0,50
31,0.6041073835290964,0.3943101115145024,0.001582504956401165,50
32,0.6016727762759558,0.3981959470763733,0.00013127664767087488,50
33,0.6013593868433333,0.396624971895641,0.002015641261025658,50
34,0.6339290205786077,0.36607097942139233,0.0,50
35,0.6191666685432415,0.38083333145675846,0.0,50
36,0.5859033819646914,0.4125369082878074,0.0015597097475011923,50
37,0.5815829351114672,0.4182796969176655,0.00013736797086733032,50
38,0.5798847723853293,0.4201152276146707,0.0,50
39,0.5695689417505607,0.4304310582494393,0.0,50
40,0.5564841151409932,0.44351588485900684,0.0,50
41,0.5433526054113055,0.4566473945886945,0.0,50
42,0.5003087825914571,0.4986708356711144,0.0010203817374285218,50
43,0.47767259452017974,0.5223274054798203,0.0,50
44,0.45486823836418605,0.5441099961691073,0.0010217654667067366,50
45,0.4524991915423273,0.5465636117910913,0.0009371966665814302,50
46,0.4688740780520967,0.5305699676508188,0.0005559542970845488,50
47,0.4963680505035583,0.5036319494964416,0.0,50
48,0.5145590030680299,0.48447313354450106,0.0009678633874690146,50
49,0.5521072233818813,0.447830374828636,6.240178948263564e-05,50
50,0.5909034794853861,0.40909652051461387,0.0,50
